square_id,time_interval,internet_traffic
4159,2013-10-31 23:00:00,224.80188
4159,2013-10-31 23:00:00,0.006651706
4159,2013-10-31 23:10:00,183.49942
4159,2013-10-31 23:10:00,0.0055768173
4159,2013-10-31 23:20:00,204.42465
4159,2013-10-31 23:20:00,0.006651706
4159,2013-10-31 23:30:00,211.94601
4159,2013-10-31 23:30:00,0.4213868
4159,2013-10-31 23:30:00,0.006651706
4159,2013-10-31 23:40:00,195.28662
4159,2013-10-31 23:40:00,0.48138633
4159,2013-10-31 23:50:00,211.84729
4159,2013-10-31 23:50:00,0.013303412
4159,2013-11-01 00:00:00,218.1073
4159,2013-11-01 00:00:00,0.006651706
4159,2013-11-01 00:10:00,261.19458
4159,2013-11-01 00:10:00,0.48138633
4159,2013-11-01 00:10:00,0.013303412
4159,2013-11-01 00:20:00,175.92152
4159,2013-11-01 00:20:00,0.0055768173
4159,2013-11-01 00:20:00,0.006651706
4159,2013-11-01 00:30:00,204.93506
4159,2013-11-01 00:40:00,175.94566
4159,2013-11-01 00:40:00,0.013303412
4159,2013-11-01 00:50:00,188.50415
4159,2013-11-01 01:00:00,185.84592
4159,2013-11-01 01:00:00,0.006651706
4159,2013-11-01 01:10:00,0.006651706
4159,2013-11-01 01:10:00,210.15681
4159,2013-11-01 01:10:00,0.006651706
4159,2013-11-01 01:20:00,193.32143
4159,2013-11-01 01:20:00,0.01995512
4159,2013-11-01 01:20:00,0.006651706
4159,2013-11-01 01:30:00,180.63249
4159,2013-11-01 01:30:00,0.4213868
4159,2013-11-01 01:30:00,0.29327068
4159,2013-11-01 01:40:00,193.0342
4159,2013-11-01 01:50:00,179.21008
4159,2013-11-01 02:00:00,178.50423
4159,2013-11-01 02:10:00,213.12753
4159,2013-11-01 02:10:00,0.4213868
4159,2013-11-01 02:10:00,0.006651706
4159,2013-11-01 02:20:00,206.8106
4159,2013-11-01 02:30:00,175.17155
4159,2013-11-01 02:40:00,196.19101
4159,2013-11-01 02:40:00,0.4213868
4159,2013-11-01 02:40:00,0.4213868
4159,2013-11-01 02:50:00,168.97226
4159,2013-11-01 03:00:00,164.46248
4159,2013-11-01 03:10:00,158.98093
4159,2013-11-01 03:10:00,0.4213868
4159,2013-11-01 03:20:00,168.7961
4159,2013-11-01 03:20:00,0.4213868
4159,2013-11-01 03:30:00,149.31512
4159,2013-11-01 03:40:00,168.44705
4159,2013-11-01 03:40:00,0.48138633
4159,2013-11-01 03:50:00,155.03287
4159,2013-11-01 03:50:00,0.4213868
4159,2013-11-01 04:00:00,155.57454
4159,2013-11-01 04:10:00,199.37456
4159,2013-11-01 04:10:00,0.006651706
4159,2013-11-01 04:20:00,147.69048
4159,2013-11-01 04:20:00,0.4213868
4159,2013-11-01 04:30:00,144.1198
4159,2013-11-01 04:30:00,0.006651706
4159,2013-11-01 04:40:00,159.8122
4159,2013-11-01 04:50:00,137.87375
4159,2013-11-01 04:50:00,0.29327068
4159,2013-11-01 05:00:00,136.6943
4159,2013-11-01 05:00:00,0.4213868
4159,2013-11-01 05:10:00,148.21376
4159,2013-11-01 05:20:00,141.27202
4159,2013-11-01 05:20:00,0.006651706
4159,2013-11-01 05:30:00,124.5936
4159,2013-11-01 05:30:00,0.4213868
4159,2013-11-01 05:40:00,165.19193
4159,2013-11-01 05:50:00,122.0555
4159,2013-11-01 06:00:00,125.73431
4159,2013-11-01 06:00:00,0.4213868
4159,2013-11-01 06:10:00,130.9877
4159,2013-11-01 06:20:00,127.05454
4159,2013-11-01 06:30:00,136.49104
4159,2013-11-01 06:40:00,128.3652
4159,2013-11-01 06:40:00,0.4213868
4159,2013-11-01 06:40:00,0.006651706
4159,2013-11-01 06:50:00,122.51451
4159,2013-11-01 06:50:00,0.4213868
4159,2013-11-01 07:00:00,120.360794
4159,2013-11-01 07:00:00,0.4213868
4159,2013-11-01 07:10:00,128.56693
4159,2013-11-01 07:10:00,0.4213868
4159,2013-11-01 07:20:00,147.3943
4159,2013-11-01 07:30:00,133.762
4159,2013-11-01 07:30:00,0.4213868
4159,2013-11-01 07:40:00,0.4213868
4159,2013-11-01 07:40:00,130.94261
4159,2013-11-01 07:40:00,0.4213868
4159,2013-11-01 07:50:00,134.44704
4159,2013-11-01 07:50:00,0.0055768173
4159,2013-11-01 07:50:00,0.4213868
4159,2013-11-01 08:00:00,139.11931
4159,2013-11-01 08:10:00,130.93704
4159,2013-11-01 08:10:00,0.4213868
4159,2013-11-01 08:20:00,0.006651706
4159,2013-11-01 08:20:00,146.47803
4159,2013-11-01 08:20:00,0.7146575
4159,2013-11-01 08:30:00,139.27298
4159,2013-11-01 08:30:00,0.006651706
4159,2013-11-01 08:40:00,153.12152
4159,2013-11-01 08:50:00,148.28574
4159,2013-11-01 08:50:00,0.4213868
4159,2013-11-01 09:00:00,174.57632
4159,2013-11-01 09:00:00,0.8427736
4159,2013-11-01 09:00:00,0.4213868
4159,2013-11-01 09:10:00,219.75519
4159,2013-11-01 09:20:00,136.4388
4159,2013-11-01 09:20:00,0.4213868
4159,2013-11-01 09:20:00,0.006651706
4159,2013-11-01 09:30:00,141.8388
4159,2013-11-01 09:30:00,0.4280385
4159,2013-11-01 09:40:00,142.27487
4159,2013-11-01 09:40:00,0.006651706
4159,2013-11-01 09:40:00,0.4213868
4159,2013-11-01 09:50:00,126.687515
4159,2013-11-01 09:50:00,0.4213868
4159,2013-11-01 09:50:00,0.29327068
4159,2013-11-01 10:00:00,0.015739262
4159,2013-11-01 10:00:00,158.62508
4159,2013-11-01 10:00:00,0.4213868
4159,2013-11-01 10:10:00,0.0055768173
4159,2013-11-01 10:10:00,207.24678
4159,2013-11-01 10:10:00,0.006651706
4159,2013-11-01 10:20:00,177.12836
4159,2013-11-01 10:20:00,0.4213868
4159,2013-11-01 10:20:00,0.4213868
4159,2013-11-01 10:30:00,180.26935
4159,2013-11-01 10:30:00,0.4213868
4159,2013-11-01 10:40:00,184.70203
4159,2013-11-01 10:40:00,0.006651706
4159,2013-11-01 10:50:00,0.8427736
4159,2013-11-01 10:50:00,125.492386
4159,2013-11-01 10:50:00,0.8427736
4159,2013-11-01 10:50:00,0.4213868
4159,2013-11-01 11:00:00,141.97017
4159,2013-11-01 11:00:00,0.006651706
4159,2013-11-01 11:00:00,0.4213868
4159,2013-11-01 11:00:00,0.006651706
4159,2013-11-01 11:10:00,0.006651706
4159,2013-11-01 11:10:00,157.16225
4159,2013-11-01 11:10:00,0.4213868
4159,2013-11-01 11:10:00,0.4280385
4159,2013-11-01 11:20:00,0.006651706
4159,2013-11-01 11:20:00,172.7849
4159,2013-11-01 11:20:00,0.006651706
4159,2013-11-01 11:30:00,194.09378
4159,2013-11-01 11:30:00,0.4213868
4159,2013-11-01 11:40:00,175.64897
4159,2013-11-01 11:50:00,139.46909
4159,2013-11-01 11:50:00,0.006651706
4159,2013-11-01 12:00:00,180.65375
4159,2013-11-01 12:00:00,0.4213868
4159,2013-11-01 12:10:00,0.0055768173
4159,2013-11-01 12:10:00,165.59958
4159,2013-11-01 12:20:00,0.4213868
4159,2013-11-01 12:20:00,157.78966
4159,2013-11-01 12:20:00,0.006651706
4159,2013-11-01 12:30:00,132.07857
4159,2013-11-01 12:30:00,0.4280385
4159,2013-11-01 12:40:00,147.85144
4159,2013-11-01 12:50:00,0.0055768173
4159,2013-11-01 12:50:00,151.09288
4159,2013-11-01 13:00:00,148.90787
4159,2013-11-01 13:00:00,0.006651706
4159,2013-11-01 13:10:00,139.59827
4159,2013-11-01 13:10:00,0.8427736
4159,2013-11-01 13:10:00,0.4213868
4159,2013-11-01 13:20:00,157.93304
4159,2013-11-01 13:30:00,203.506
4159,2013-11-01 13:30:00,0.006651706
4159,2013-11-01 13:40:00,195.37529
4159,2013-11-01 13:40:00,0.4213868
4159,2013-11-01 13:40:00,0.4213868
4159,2013-11-01 13:50:00,0.58654135
4159,2013-11-01 13:50:00,188.85094
4159,2013-11-01 14:00:00,151.51988
4159,2013-11-01 14:00:00,0.006651706
4159,2013-11-01 14:10:00,0.006651706
4159,2013-11-01 14:10:00,203.15964
4159,2013-11-01 14:10:00,0.48138633
4159,2013-11-01 14:10:00,0.4213868
4159,2013-11-01 14:20:00,145.05064
4159,2013-11-01 14:20:00,0.4213868
4159,2013-11-01 14:30:00,0.29327068
4159,2013-11-01 14:30:00,165.30643
4159,2013-11-01 14:40:00,183.69632
4159,2013-11-01 14:40:00,0.4280385
4159,2013-11-01 14:40:00,0.4213868
4159,2013-11-01 14:50:00,184.59526
4159,2013-11-01 15:00:00,0.0055768173
4159,2013-11-01 15:00:00,195.75793
4159,2013-11-01 15:00:00,0.4213868
4159,2013-11-01 15:10:00,176.22647
4159,2013-11-01 15:10:00,0.006651706
4159,2013-11-01 15:10:00,0.006651706
4159,2013-11-01 15:20:00,0.29327068
4159,2013-11-01 15:20:00,192.33368
4159,2013-11-01 15:20:00,0.4213868
4159,2013-11-01 15:30:00,168.1584
4159,2013-11-01 15:40:00,187.02054
4159,2013-11-01 15:40:00,0.006651706
4159,2013-11-01 15:50:00,238.08357
4159,2013-11-01 15:50:00,0.4213868
4159,2013-11-01 16:00:00,232.43587
4159,2013-11-01 16:00:00,0.7213092
4159,2013-11-01 16:10:00,220.27345
4159,2013-11-01 16:10:00,0.006651706
4159,2013-11-01 16:10:00,0.4213868
4159,2013-11-01 16:20:00,0.4213868
4159,2013-11-01 16:20:00,165.53268
4159,2013-11-01 16:20:00,0.4213868
4159,2013-11-01 16:30:00,0.4213868
4159,2013-11-01 16:30:00,0.011153635
4159,2013-11-01 16:30:00,203.51701
4159,2013-11-01 16:30:00,0.48138633
4159,2013-11-01 16:30:00,0.4213868
4159,2013-11-01 16:40:00,0.02230727
4159,2013-11-01 16:40:00,166.38426
4159,2013-11-01 16:40:00,0.006651706
4159,2013-11-01 16:40:00,0.006651706
4159,2013-11-01 16:50:00,0.4213868
4159,2013-11-01 16:50:00,130.76239
4159,2013-11-01 16:50:00,0.013303412
4159,2013-11-01 17:00:00,122.96358
4159,2013-11-01 17:00:00,0.4213868
4159,2013-11-01 17:00:00,0.7146575
4159,2013-11-01 17:00:00,0.006651706
4159,2013-11-01 17:10:00,134.46294
4159,2013-11-01 17:10:00,0.006651706
4159,2013-11-01 17:10:00,0.2999224
4159,2013-11-01 17:20:00,123.587
4159,2013-11-01 17:20:00,0.4280385
4159,2013-11-01 17:30:00,175.69485
4159,2013-11-01 17:30:00,0.4213868
4159,2013-11-01 17:40:00,160.50745
4159,2013-11-01 17:50:00,0.4213868
4159,2013-11-01 17:50:00,147.89517
4159,2013-11-01 17:50:00,0.006651706
4159,2013-11-01 18:00:00,134.69919
4159,2013-11-01 18:00:00,0.4213868
4159,2013-11-01 18:00:00,0.4280385
4159,2013-11-01 18:10:00,140.16911
4159,2013-11-01 18:10:00,0.29327068
4159,2013-11-01 18:20:00,164.84473
4159,2013-11-01 18:20:00,0.013303412
4159,2013-11-01 18:20:00,0.006651706
4159,2013-11-01 18:30:00,147.72122
4159,2013-11-01 18:40:00,176.19936
4159,2013-11-01 18:40:00,0.4213868
4159,2013-11-01 18:40:00,0.2999224
4159,2013-11-01 18:50:00,132.64821
4159,2013-11-01 18:50:00,0.013303412
4159,2013-11-01 18:50:00,0.29327068
4159,2013-11-01 19:00:00,140.68727
4159,2013-11-01 19:00:00,2.4385445
4159,2013-11-01 19:10:00,172.42902
4159,2013-11-01 19:10:00,0.4213868
4159,2013-11-01 19:20:00,145.49692
4159,2013-11-01 19:20:00,0.4213868
4159,2013-11-01 19:20:00,0.006651706
4159,2013-11-01 19:30:00,200.45966
4159,2013-11-01 19:30:00,0.015739262
4159,2013-11-01 19:40:00,139.36142
4159,2013-11-01 19:40:00,0.4213868
4159,2013-11-01 19:50:00,148.12724
4159,2013-11-01 19:50:00,0.006651706
4159,2013-11-01 20:00:00,137.63098
4159,2013-11-01 20:10:00,149.76212
4159,2013-11-01 20:10:00,0.4213868
4159,2013-11-01 20:20:00,138.3986
4159,2013-11-01 20:30:00,151.9266
4159,2013-11-01 20:40:00,168.34367
4159,2013-11-01 20:40:00,0.006651706
4159,2013-11-01 20:50:00,139.62459
4159,2013-11-01 20:50:00,0.4213868
4159,2013-11-01 21:00:00,129.30383
4159,2013-11-01 21:10:00,147.38762
4159,2013-11-01 21:10:00,0.006651706
4159,2013-11-01 21:20:00,141.61346
4159,2013-11-01 21:20:00,0.4213868
4159,2013-11-01 21:20:00,0.4213868
4159,2013-11-01 21:30:00,136.114
4159,2013-11-01 21:40:00,129.52118
4159,2013-11-01 21:40:00,0.4213868
4159,2013-11-01 21:50:00,139.68512
4159,2013-11-01 21:50:00,0.4213868
4159,2013-11-01 21:50:00,0.4213868
4159,2013-11-01 22:00:00,145.98947
4159,2013-11-01 22:10:00,207.30939
4159,2013-11-01 22:10:00,0.4213868
4159,2013-11-01 22:10:00,0.4213868
4159,2013-11-01 22:20:00,161.9064
4159,2013-11-01 22:20:00,0.4213868
4159,2013-11-01 22:30:00,147.60649
4159,2013-11-01 22:40:00,145.56383
4159,2013-11-01 22:50:00,143.41002
4159,2013-11-01 22:50:00,0.4213868
4159,2013-11-01 23:00:00,189.51198
4159,2013-11-01 23:00:00,0.006651706
4159,2013-11-01 23:10:00,144.22232
4159,2013-11-01 23:20:00,166.84653
4159,2013-11-01 23:20:00,0.7146575
4159,2013-11-01 23:30:00,0.006651706
4159,2013-11-01 23:30:00,180.9683
4159,2013-11-01 23:30:00,0.4213868
4159,2013-11-01 23:40:00,164.30121
4159,2013-11-01 23:50:00,0.8427736
4159,2013-11-01 23:50:00,140.34256
4159,2013-11-02 00:00:00,151.29782
4159,2013-11-02 00:00:00,0.8427736
4159,2013-11-02 00:10:00,0.006651706
4159,2013-11-02 00:10:00,146.01675
4159,2013-11-02 00:10:00,0.006651706
4159,2013-11-02 00:20:00,127.6552
4159,2013-11-02 00:30:00,133.58302
4159,2013-11-02 00:30:00,0.4213868
4159,2013-11-02 00:40:00,0.006651706
4159,2013-11-02 00:40:00,115.98233
4159,2013-11-02 00:40:00,0.4213868
4159,2013-11-02 00:40:00,0.015739262
4159,2013-11-02 00:50:00,112.56753
4159,2013-11-02 01:00:00,119.70527
4159,2013-11-02 01:10:00,109.40905
4159,2013-11-02 01:10:00,0.4213868
4159,2013-11-02 01:20:00,107.53997
4159,2013-11-02 01:30:00,112.06507
4159,2013-11-02 01:40:00,105.18471
4159,2013-11-02 01:40:00,0.4213868
4159,2013-11-02 01:40:00,0.29327068
4159,2013-11-02 01:50:00,101.38106
4159,2013-11-02 02:00:00,105.701904
4159,2013-11-02 02:10:00,94.52524
4159,2013-11-02 02:10:00,0.4213868
4159,2013-11-02 02:10:00,0.4213868
4159,2013-11-02 02:20:00,97.65385
4159,2013-11-02 02:30:00,97.14236
4159,2013-11-02 02:40:00,100.729546
4159,2013-11-02 02:50:00,91.87536
4159,2013-11-02 02:50:00,0.4213868
4159,2013-11-02 03:00:00,94.79659
4159,2013-11-02 03:10:00,92.89135
4159,2013-11-02 03:20:00,89.62499
4159,2013-11-02 03:20:00,0.4213868
4159,2013-11-02 03:30:00,95.19556
4159,2013-11-02 03:40:00,89.9528
4159,2013-11-02 03:50:00,88.76512
4159,2013-11-02 03:50:00,0.4213868
4159,2013-11-02 04:00:00,88.494286
4159,2013-11-02 04:10:00,90.42279
4159,2013-11-02 04:20:00,79.849304
4159,2013-11-02 04:20:00,0.4213868
4159,2013-11-02 04:20:00,0.015739262
4159,2013-11-02 04:30:00,81.28852
4159,2013-11-02 04:40:00,91.552505
4159,2013-11-02 04:50:00,88.11791
4159,2013-11-02 05:00:00,88.316444
4159,2013-11-02 05:00:00,0.4213868
4159,2013-11-02 05:00:00,0.015739262
4159,2013-11-02 05:10:00,89.58513
4159,2013-11-02 05:20:00,92.3825
4159,2013-11-02 05:30:00,0.4213868
4159,2013-11-02 05:30:00,88.94757
4159,2013-11-02 05:30:00,0.4213868
4159,2013-11-02 05:40:00,86.61322
4159,2013-11-02 05:50:00,87.313
4159,2013-11-02 06:00:00,86.47029
4159,2013-11-02 06:00:00,0.4213868
4159,2013-11-02 06:10:00,89.41506
4159,2013-11-02 06:10:00,0.49361485
4159,2013-11-02 06:20:00,0.4213868
4159,2013-11-02 06:20:00,0.4213868
4159,2013-11-02 06:20:00,100.23463
4159,2013-11-02 06:20:00,0.015739262
4159,2013-11-02 06:30:00,99.77521
4159,2013-11-02 06:30:00,0.015739262
4159,2013-11-02 06:40:00,116.55275
4159,2013-11-02 06:40:00,0.4213868
4159,2013-11-02 06:50:00,129.55136
4159,2013-11-02 07:00:00,116.05481
4159,2013-11-02 07:00:00,0.4213868
4159,2013-11-02 07:00:00,0.006651706
4159,2013-11-02 07:10:00,115.12303
4159,2013-11-02 07:10:00,0.8106309
4159,2013-11-02 07:10:00,0.4213868
4159,2013-11-02 07:20:00,105.05546
4159,2013-11-02 07:30:00,102.57538
4159,2013-11-02 07:40:00,124.29032
4159,2013-11-02 07:40:00,0.4213868
4159,2013-11-02 07:40:00,0.4213868
4159,2013-11-02 07:50:00,130.57654
4159,2013-11-02 08:00:00,0.4213868
4159,2013-11-02 08:00:00,122.38208
4159,2013-11-02 08:10:00,133.11862
4159,2013-11-02 08:20:00,0.2999224
4159,2013-11-02 08:20:00,226.96756
4159,2013-11-02 08:20:00,0.4213868
4159,2013-11-02 08:30:00,239.0456
4159,2013-11-02 08:30:00,0.4213868
4159,2013-11-02 08:40:00,145.75937
4159,2013-11-02 08:50:00,0.48138633
4159,2013-11-02 08:50:00,131.16942
4159,2013-11-02 08:50:00,0.015739262
4159,2013-11-02 08:50:00,0.4213868
4159,2013-11-02 08:50:00,0.4213868
4159,2013-11-02 08:50:00,0.015739262
4159,2013-11-02 09:00:00,173.00882
4159,2013-11-02 09:00:00,0.4213868
4159,2013-11-02 09:00:00,0.4213868
4159,2013-11-02 09:00:00,0.015739262
4159,2013-11-02 09:10:00,158.88194
4159,2013-11-02 09:10:00,0.015739262
4159,2013-11-02 09:20:00,163.37007
4159,2013-11-02 09:30:00,161.90662
4159,2013-11-02 09:40:00,158.73622
4159,2013-11-02 09:50:00,194.79591
4159,2013-11-02 09:50:00,0.015739262
4159,2013-11-02 09:50:00,0.4213868
4159,2013-11-02 10:00:00,136.2297
4159,2013-11-02 10:00:00,0.4213868
4159,2013-11-02 10:00:00,0.7146575
4159,2013-11-02 10:10:00,144.58429
4159,2013-11-02 10:10:00,0.4213868
4159,2013-11-02 10:10:00,0.2999224
4159,2013-11-02 10:20:00,148.52043
4159,2013-11-02 10:20:00,0.4213868
4159,2013-11-02 10:30:00,152.85301
4159,2013-11-02 10:30:00,0.8427736
4159,2013-11-02 10:30:00,1.2641604
4159,2013-11-02 10:40:00,0.29327068
4159,2013-11-02 10:40:00,154.76302
4159,2013-11-02 10:40:00,0.4213868
4159,2013-11-02 10:40:00,0.4213868
4159,2013-11-02 10:50:00,177.95741
4159,2013-11-02 10:50:00,0.4213868
4159,2013-11-02 11:00:00,161.48305
4159,2013-11-02 11:10:00,168.5214
4159,2013-11-02 11:10:00,0.006651706
4159,2013-11-02 11:20:00,172.88524
4159,2013-11-02 11:20:00,0.4213868
4159,2013-11-02 11:20:00,0.015739262
4159,2013-11-02 11:30:00,0.4213868
4159,2013-11-02 11:30:00,154.37477
4159,2013-11-02 11:30:00,0.4213868
4159,2013-11-02 11:40:00,134.7857
4159,2013-11-02 11:40:00,0.4213868
4159,2013-11-02 11:40:00,0.031478524
4159,2013-11-02 11:50:00,132.7719
4159,2013-11-02 11:50:00,0.4213868
4159,2013-11-02 11:50:00,0.4213868
4159,2013-11-02 12:00:00,119.17168
4159,2013-11-02 12:00:00,0.015739262
4159,2013-11-02 12:10:00,0.015739262
4159,2013-11-02 12:10:00,121.81013
4159,2013-11-02 12:10:00,0.4213868
4159,2013-11-02 12:10:00,0.4213868
4159,2013-11-02 12:20:00,115.72829
4159,2013-11-02 12:20:00,0.015739262
4159,2013-11-02 12:20:00,0.4213868
4159,2013-11-02 12:30:00,126.929565
4159,2013-11-02 12:40:00,112.033295
4159,2013-11-02 12:40:00,0.015739262
4159,2013-11-02 12:40:00,0.4213868
4159,2013-11-02 12:50:00,0.4213868
4159,2013-11-02 12:50:00,0.0055768173
4159,2013-11-02 12:50:00,114.00506
4159,2013-11-02 12:50:00,0.012228523
4159,2013-11-02 12:50:00,0.4213868
4159,2013-11-02 12:50:00,0.4213868
4159,2013-11-02 12:50:00,0.006651706
4159,2013-11-02 12:50:00,0.0055768173
4159,2013-11-02 13:00:00,0.29327068
4159,2013-11-02 13:00:00,122.39761
4159,2013-11-02 13:00:00,0.43712607
4159,2013-11-02 13:10:00,136.41135
4159,2013-11-02 13:20:00,143.22789
4159,2013-11-02 13:20:00,0.4213868
4159,2013-11-02 13:30:00,145.49643
4159,2013-11-02 13:30:00,1.6855472
4159,2013-11-02 13:30:00,0.015739262
4159,2013-11-02 13:40:00,188.2442
4159,2013-11-02 13:40:00,0.7146575
4159,2013-11-02 13:40:00,0.8427736
4159,2013-11-02 13:50:00,0.011153635
4159,2013-11-02 13:50:00,161.31543
4159,2013-11-02 13:50:00,0.4213868
4159,2013-11-02 14:00:00,138.46428
4159,2013-11-02 14:10:00,138.55315
4159,2013-11-02 14:10:00,0.006651706
4159,2013-11-02 14:10:00,0.015739262
4159,2013-11-02 14:20:00,146.46968
4159,2013-11-02 14:20:00,0.015739262
4159,2013-11-02 14:30:00,162.49567
4159,2013-11-02 14:40:00,0.4213868
4159,2013-11-02 14:40:00,196.55954
4159,2013-11-02 14:40:00,0.2999224
4159,2013-11-02 14:50:00,0.4213868
4159,2013-11-02 14:50:00,122.86744
4159,2013-11-02 14:50:00,0.4213868
4159,2013-11-02 14:50:00,0.4213868
4159,2013-11-02 14:50:00,0.015739262
4159,2013-11-02 14:50:00,0.006651706
4159,2013-11-02 15:00:00,182.95656
4159,2013-11-02 15:00:00,0.7146575
4159,2013-11-02 15:00:00,0.4213868
4159,2013-11-02 15:10:00,0.006651706
4159,2013-11-02 15:10:00,166.2259
4159,2013-11-02 15:20:00,146.5621
4159,2013-11-02 15:20:00,0.93425167
4159,2013-11-02 15:30:00,201.02345
4159,2013-11-02 15:40:00,134.369
4159,2013-11-02 15:50:00,134.80098
4159,2013-11-02 15:50:00,0.48138633
4159,2013-11-02 15:50:00,0.015739262
4159,2013-11-02 16:00:00,153.41235
4159,2013-11-02 16:10:00,151.53165
4159,2013-11-02 16:10:00,0.29327068
4159,2013-11-02 16:20:00,0.29327068
4159,2013-11-02 16:20:00,149.334
4159,2013-11-02 16:20:00,0.8427736
4159,2013-11-02 16:30:00,0.4213868
4159,2013-11-02 16:30:00,186.93558
4159,2013-11-02 16:30:00,1.0236675
4159,2013-11-02 16:40:00,163.02687
4159,2013-11-02 16:40:00,0.29327068
4159,2013-11-02 16:50:00,143.5571
4159,2013-11-02 17:00:00,158.37202
4159,2013-11-02 17:00:00,0.4213868
4159,2013-11-02 17:00:00,0.29327068
4159,2013-11-02 17:10:00,164.29034
4159,2013-11-02 17:10:00,0.013303412
4159,2013-11-02 17:20:00,153.56705
4159,2013-11-02 17:20:00,0.0055768173
4159,2013-11-02 17:20:00,0.4213868
4159,2013-11-02 17:20:00,1.1360443
4159,2013-11-02 17:30:00,164.84015
4159,2013-11-02 17:40:00,246.37418
4159,2013-11-02 17:40:00,0.4213868
4159,2013-11-02 17:50:00,159.39148
4159,2013-11-02 17:50:00,0.4213868
4159,2013-11-02 17:50:00,0.4213868
4159,2013-11-02 18:00:00,190.3882
4159,2013-11-02 18:00:00,0.006651706
4159,2013-11-02 18:00:00,0.4213868
4159,2013-11-02 18:00:00,0.90277314
4159,2013-11-02 18:10:00,183.3617
4159,2013-11-02 18:10:00,0.4213868
4159,2013-11-02 18:10:00,0.7146575
4159,2013-11-02 18:20:00,181.03557
4159,2013-11-02 18:20:00,0.4213868
4159,2013-11-02 18:20:00,0.4213868
4159,2013-11-02 18:20:00,0.4213868
4159,2013-11-02 18:30:00,0.4213868
4159,2013-11-02 18:30:00,177.703
4159,2013-11-02 18:30:00,0.006651706
4159,2013-11-02 18:40:00,188.53012
4159,2013-11-02 18:40:00,0.4213868
4159,2013-11-02 18:50:00,185.64436
4159,2013-11-02 19:00:00,0.013303412
4159,2013-11-02 19:00:00,205.44472
4159,2013-11-02 19:00:00,0.031478524
4159,2013-11-02 19:10:00,183.05295
4159,2013-11-02 19:10:00,0.4213868
4159,2013-11-02 19:20:00,162.02225
4159,2013-11-02 19:20:00,0.006651706
4159,2013-11-02 19:20:00,0.006651706
4159,2013-11-02 19:30:00,188.60866
4159,2013-11-02 19:30:00,1.2641604
4159,2013-11-02 19:40:00,174.41646
4159,2013-11-02 19:40:00,0.015739262
4159,2013-11-02 19:40:00,0.8427736
4159,2013-11-02 19:50:00,147.73795
4159,2013-11-02 19:50:00,0.0055768173
4159,2013-11-02 19:50:00,0.29327068
4159,2013-11-02 19:50:00,0.29327068
4159,2013-11-02 20:00:00,175.83391
4159,2013-11-02 20:10:00,145.55556
4159,2013-11-02 20:20:00,0.006651706
4159,2013-11-02 20:20:00,180.53523
4159,2013-11-02 20:20:00,0.29327068
4159,2013-11-02 20:30:00,149.85567
4159,2013-11-02 20:40:00,0.4213868
4159,2013-11-02 20:40:00,160.01526
4159,2013-11-02 20:50:00,153.92587
4159,2013-11-02 21:00:00,0.006651706
4159,2013-11-02 21:00:00,201.56618
4159,2013-11-02 21:10:00,176.84782
4159,2013-11-02 21:10:00,0.4213868
4159,2013-11-02 21:20:00,155.92752
4159,2013-11-02 21:20:00,0.4213868
4159,2013-11-02 21:20:00,0.4213868
4159,2013-11-02 21:30:00,0.4213868
4159,2013-11-02 21:30:00,194.79999
4159,2013-11-02 21:30:00,0.006651706
4159,2013-11-02 21:40:00,0.015739262
4159,2013-11-02 21:40:00,175.50021
4159,2013-11-02 21:50:00,142.69145
4159,2013-11-02 21:50:00,0.4213868
4159,2013-11-02 22:00:00,154.23233
4159,2013-11-02 22:00:00,0.8106309
4159,2013-11-02 22:00:00,0.29327068
4159,2013-11-02 22:00:00,0.006651706
4159,2013-11-02 22:10:00,192.86595
4159,2013-11-02 22:20:00,0.4213868
4159,2013-11-02 22:20:00,0.013303412
4159,2013-11-02 22:20:00,181.89333
4159,2013-11-02 22:30:00,172.95198
4159,2013-11-02 22:30:00,0.4213868
4159,2013-11-02 22:40:00,0.006651706
4159,2013-11-02 22:40:00,187.04663
4159,2013-11-02 22:40:00,0.29327068
4159,2013-11-02 22:50:00,126.910835
4159,2013-11-02 23:00:00,149.6777
4159,2013-11-02 23:00:00,0.29327068
4159,2013-11-02 23:10:00,157.84819
4159,2013-11-02 23:10:00,0.29327068
4159,2013-11-02 23:10:00,0.29327068
4159,2013-11-02 23:20:00,0.29327068
4159,2013-11-02 23:20:00,141.32762
4159,2013-11-02 23:30:00,0.013303412
4159,2013-11-02 23:30:00,177.30144
4159,2013-11-02 23:30:00,0.8494253
4159,2013-11-02 23:40:00,164.61919
4159,2013-11-02 23:40:00,0.29327068
4159,2013-11-02 23:50:00,152.21692
4159,2013-11-02 23:50:00,0.4213868
4159,2013-11-03 00:00:00,181.04521
4159,2013-11-03 00:10:00,172.5707
4159,2013-11-03 00:10:00,0.2999224
4159,2013-11-03 00:20:00,151.84108
4159,2013-11-03 00:20:00,0.4213868
4159,2013-11-03 00:20:00,0.90277314
4159,2013-11-03 00:30:00,250.48335
4159,2013-11-03 00:40:00,0.006651706
4159,2013-11-03 00:40:00,165.9736
4159,2013-11-03 00:50:00,171.21634
4159,2013-11-03 00:50:00,0.29327068
4159,2013-11-03 00:50:00,0.8427736
4159,2013-11-03 01:00:00,167.66037
4159,2013-11-03 01:10:00,152.35843
4159,2013-11-03 01:20:00,154.51852
4159,2013-11-03 01:30:00,168.24246
4159,2013-11-03 01:30:00,0.4213868
4159,2013-11-03 01:40:00,152.68051
4159,2013-11-03 01:50:00,142.17479
4159,2013-11-03 02:00:00,159.42702
4159,2013-11-03 02:00:00,1.1360443
4159,2013-11-03 02:10:00,153.6427
4159,2013-11-03 02:20:00,141.8523
4159,2013-11-03 02:30:00,138.11003
4159,2013-11-03 02:40:00,141.25214
4159,2013-11-03 02:50:00,137.10582
4159,2013-11-03 02:50:00,0.29327068
4159,2013-11-03 03:00:00,136.95444
4159,2013-11-03 03:10:00,132.60817
4159,2013-11-03 03:20:00,122.31549
4159,2013-11-03 03:30:00,128.69495
4159,2013-11-03 03:40:00,116.82861
4159,2013-11-03 03:50:00,123.57646
4159,2013-11-03 04:00:00,125.02015
4159,2013-11-03 04:00:00,0.046561945
4159,2013-11-03 04:10:00,113.1371
4159,2013-11-03 04:10:00,0.006651706
4159,2013-11-03 04:20:00,111.89051
4159,2013-11-03 04:30:00,113.90645
4159,2013-11-03 04:40:00,116.58249
4159,2013-11-03 04:50:00,108.24938
4159,2013-11-03 05:00:00,110.595375
4159,2013-11-03 05:10:00,0.006651706
4159,2013-11-03 05:10:00,115.86251
4159,2013-11-03 05:10:00,0.4213868
4159,2013-11-03 05:20:00,0.4213868
4159,2013-11-03 05:20:00,96.34245
4159,2013-11-03 05:30:00,97.78314
4159,2013-11-03 05:40:00,90.94608
4159,2013-11-03 05:50:00,101.382706
4159,2013-11-03 06:00:00,100.17104
4159,2013-11-03 06:10:00,98.05949
4159,2013-11-03 06:20:00,99.35465
4159,2013-11-03 06:30:00,96.42572
4159,2013-11-03 06:30:00,0.4213868
4159,2013-11-03 06:40:00,95.93254
4159,2013-11-03 06:50:00,94.45428
4159,2013-11-03 07:00:00,93.0411
4159,2013-11-03 07:10:00,97.35428
4159,2013-11-03 07:20:00,102.94406
4159,2013-11-03 07:20:00,0.4213868
4159,2013-11-03 07:20:00,0.015739262
4159,2013-11-03 07:30:00,106.63818
4159,2013-11-03 07:40:00,99.85609
4159,2013-11-03 07:50:00,106.58868
4159,2013-11-03 07:50:00,0.0055768173
4159,2013-11-03 08:00:00,134.53464
4159,2013-11-03 08:10:00,0.006651706
4159,2013-11-03 08:10:00,115.13185
4159,2013-11-03 08:20:00,131.95753
4159,2013-11-03 08:20:00,0.29327068
4159,2013-11-03 08:20:00,0.006651706
4159,2013-11-03 08:30:00,0.013303412
4159,2013-11-03 08:30:00,133.38054
4159,2013-11-03 08:40:00,0.012228523
4159,2013-11-03 08:40:00,116.216705
4159,2013-11-03 08:40:00,0.4213868
4159,2013-11-03 08:50:00,0.006651706
4159,2013-11-03 08:50:00,143.01033
4159,2013-11-03 09:00:00,140.66077
4159,2013-11-03 09:00:00,0.4213868
4159,2013-11-03 09:00:00,0.006651706
4159,2013-11-03 09:10:00,123.13446
4159,2013-11-03 09:20:00,122.62403
4159,2013-11-03 09:30:00,170.75475
4159,2013-11-03 09:30:00,0.90277314
4159,2013-11-03 09:40:00,131.28513
4159,2013-11-03 09:40:00,0.4213868
4159,2013-11-03 09:50:00,189.66516
4159,2013-11-03 09:50:00,0.4213868
4159,2013-11-03 10:00:00,132.38745
4159,2013-11-03 10:00:00,0.4213868
4159,2013-11-03 10:10:00,191.91054
4159,2013-11-03 10:20:00,156.3451
4159,2013-11-03 10:20:00,0.4213868
4159,2013-11-03 10:30:00,134.1345
4159,2013-11-03 10:40:00,0.006651706
4159,2013-11-03 10:40:00,147.44412
4159,2013-11-03 10:50:00,182.08823
4159,2013-11-03 11:00:00,140.75008
4159,2013-11-03 11:00:00,0.29327068
4159,2013-11-03 11:10:00,149.81613
4159,2013-11-03 11:20:00,145.63132
4159,2013-11-03 11:20:00,0.4213868
4159,2013-11-03 11:20:00,0.4213868
4159,2013-11-03 11:30:00,159.05638
4159,2013-11-03 11:30:00,0.4213868
4159,2013-11-03 11:40:00,156.22269
4159,2013-11-03 11:50:00,163.2555
4159,2013-11-03 12:00:00,180.96806
4159,2013-11-03 12:10:00,0.48138633
4159,2013-11-03 12:10:00,171.40437
4159,2013-11-03 12:10:00,0.006651706
4159,2013-11-03 12:20:00,174.91913
4159,2013-11-03 12:20:00,0.006651706
4159,2013-11-03 12:30:00,142.84016
4159,2013-11-03 12:30:00,0.4213868
4159,2013-11-03 12:30:00,0.4213868
4159,2013-11-03 12:40:00,150.59384
4159,2013-11-03 12:50:00,0.006651706
4159,2013-11-03 12:50:00,0.015739262
4159,2013-11-03 12:50:00,0.0055768173
4159,2013-11-03 12:50:00,0.006651706
4159,2013-11-03 12:50:00,160.28426
4159,2013-11-03 12:50:00,0.4213868
4159,2013-11-03 13:00:00,0.013303412
4159,2013-11-03 13:00:00,160.20982
4159,2013-11-03 13:10:00,0.4213868
4159,2013-11-03 13:10:00,163.00151
4159,2013-11-03 13:10:00,0.4213868
4159,2013-11-03 13:20:00,1.2320178
4159,2013-11-03 13:20:00,177.63164
4159,2013-11-03 13:30:00,193.47318
4159,2013-11-03 13:30:00,0.006651706
4159,2013-11-03 13:40:00,174.36893
4159,2013-11-03 13:40:00,0.006651706
4159,2013-11-03 13:40:00,0.4213868
4159,2013-11-03 13:50:00,0.29327068
4159,2013-11-03 13:50:00,179.37596
4159,2013-11-03 13:50:00,0.4213868
4159,2013-11-03 14:00:00,175.35649
4159,2013-11-03 14:00:00,0.4213868
4159,2013-11-03 14:00:00,0.4213868
4159,2013-11-03 14:10:00,158.33112
4159,2013-11-03 14:10:00,0.8494253
4159,2013-11-03 14:10:00,0.4213868
4159,2013-11-03 14:20:00,149.09457
4159,2013-11-03 14:20:00,0.4213868
4159,2013-11-03 14:30:00,166.03886
4159,2013-11-03 14:40:00,136.24294
4159,2013-11-03 14:50:00,190.89482
4159,2013-11-03 15:00:00,0.48138633
4159,2013-11-03 15:00:00,204.50172
4159,2013-11-03 15:10:00,167.92822
4159,2013-11-03 15:20:00,149.47507
4159,2013-11-03 15:30:00,246.93633
4159,2013-11-03 15:30:00,0.006651706
4159,2013-11-03 15:40:00,165.10965
4159,2013-11-03 15:40:00,0.48138633
4159,2013-11-03 15:40:00,0.0055768173
4159,2013-11-03 15:40:00,0.29327068
4159,2013-11-03 15:50:00,176.82808
4159,2013-11-03 15:50:00,0.29327068
4159,2013-11-03 15:50:00,0.4213868
4159,2013-11-03 15:50:00,0.4213868
4159,2013-11-03 16:00:00,195.93268
4159,2013-11-03 16:00:00,0.8427736
4159,2013-11-03 16:10:00,0.7146575
4159,2013-11-03 16:10:00,175.38327
4159,2013-11-03 16:10:00,0.015739262
4159,2013-11-03 16:10:00,0.8427736
4159,2013-11-03 16:20:00,0.29327068
4159,2013-11-03 16:20:00,185.0802
4159,2013-11-03 16:20:00,0.2999224
4159,2013-11-03 16:20:00,0.015739262
4159,2013-11-03 16:30:00,175.04945
4159,2013-11-03 16:30:00,0.29327068
4159,2013-11-03 16:30:00,0.4213868
4159,2013-11-03 16:40:00,176.20474
4159,2013-11-03 16:50:00,178.90587
4159,2013-11-03 16:50:00,0.8427736
4159,2013-11-03 17:00:00,213.25821
4159,2013-11-03 17:00:00,0.4213868
4159,2013-11-03 17:00:00,0.4213868
4159,2013-11-03 17:10:00,177.07327
4159,2013-11-03 17:10:00,0.4213868
4159,2013-11-03 17:20:00,216.6111
4159,2013-11-03 17:20:00,0.4280385
4159,2013-11-03 17:30:00,197.80006
4159,2013-11-03 17:30:00,1.142696
4159,2013-11-03 17:40:00,192.90335
4159,2013-11-03 17:40:00,0.4213868
4159,2013-11-03 17:40:00,0.29327068
4159,2013-11-03 17:50:00,0.006651706
4159,2013-11-03 17:50:00,181.00766
4159,2013-11-03 17:50:00,0.4213868
4159,2013-11-03 18:00:00,201.19289
4159,2013-11-03 18:10:00,0.58654135
4159,2013-11-03 18:10:00,0.4213868
4159,2013-11-03 18:10:00,179.9843
4159,2013-11-03 18:20:00,195.68935
4159,2013-11-03 18:30:00,192.94127
4159,2013-11-03 18:30:00,0.7146575
4159,2013-11-03 18:40:00,219.51553
4159,2013-11-03 18:40:00,0.4213868
4159,2013-11-03 18:40:00,0.4280385
4159,2013-11-03 18:50:00,0.0055768173
4159,2013-11-03 18:50:00,185.34589
4159,2013-11-03 18:50:00,0.006651706
4159,2013-11-03 19:00:00,214.74391
4159,2013-11-03 19:10:00,232.00018
4159,2013-11-03 19:10:00,0.4213868
4159,2013-11-03 19:20:00,187.44336
4159,2013-11-03 19:30:00,205.62563
4159,2013-11-03 19:30:00,0.0055768173
4159,2013-11-03 19:40:00,221.3138
4159,2013-11-03 19:50:00,261.44913
4159,2013-11-03 20:00:00,204.30397
4159,2013-11-03 20:10:00,219.30388
4159,2013-11-03 20:20:00,220.35052
4159,2013-11-03 20:30:00,353.0042
4159,2013-11-03 20:40:00,282.13675
4159,2013-11-03 20:50:00,204.51967
4159,2013-11-03 20:50:00,0.29327068
4159,2013-11-03 21:00:00,204.0484
4159,2013-11-03 21:10:00,234.29352
4159,2013-11-03 21:20:00,183.78174
4159,2013-11-03 21:30:00,226.05057
4159,2013-11-03 21:30:00,0.29327068
4159,2013-11-03 21:40:00,0.4213868
4159,2013-11-03 21:40:00,234.05116
4159,2013-11-03 21:50:00,189.83937
4159,2013-11-03 22:00:00,0.4971256
4159,2013-11-03 22:00:00,196.31067
4159,2013-11-03 22:10:00,204.82484
4159,2013-11-03 22:10:00,0.29327068
4159,2013-11-03 22:20:00,0.4213868
4159,2013-11-03 22:20:00,227.24487
4159,2013-11-03 22:20:00,0.29327068
4159,2013-11-03 22:30:00,228.49005
4159,2013-11-03 22:30:00,0.4213868
4159,2013-11-03 22:40:00,185.03365
4159,2013-11-03 22:50:00,164.7944
4159,2013-11-03 23:00:00,0.4213868
4159,2013-11-03 23:00:00,0.4213868
4159,2013-11-03 23:00:00,198.73653
4159,2013-11-03 23:00:00,0.4213868
4159,2013-11-03 23:10:00,163.94667
4159,2013-11-03 23:20:00,172.67026
4159,2013-11-03 23:20:00,0.29327068
4159,2013-11-03 23:30:00,0.0055768173
4159,2013-11-03 23:30:00,191.31935
4159,2013-11-03 23:40:00,173.0093
4159,2013-11-03 23:40:00,0.4213868
4159,2013-11-03 23:50:00,163.72665
4159,2013-11-04 00:00:00,151.5075
4159,2013-11-04 00:10:00,173.58519
4159,2013-11-04 00:10:00,0.006651706
4159,2013-11-04 00:20:00,149.70766
4159,2013-11-04 00:30:00,154.45564
4159,2013-11-04 00:40:00,146.69983
4159,2013-11-04 00:50:00,146.1208
4159,2013-11-04 01:00:00,147.67741
4159,2013-11-04 01:10:00,0.006651706
4159,2013-11-04 01:10:00,141.65509
4159,2013-11-04 01:20:00,143.90779
4159,2013-11-04 01:20:00,0.29327068
4159,2013-11-04 01:30:00,129.08842
4159,2013-11-04 01:40:00,135.59859
4159,2013-11-04 01:40:00,0.8427736
4159,2013-11-04 01:50:00,127.66844
4159,2013-11-04 02:00:00,126.18672
4159,2013-11-04 02:10:00,134.19356
4159,2013-11-04 02:20:00,134.53227
4159,2013-11-04 02:20:00,0.4213868
4159,2013-11-04 02:30:00,132.51964
4159,2013-11-04 02:40:00,147.23923
4159,2013-11-04 02:50:00,162.47057
4159,2013-11-04 02:50:00,0.4213868
4159,2013-11-04 03:00:00,129.56166
4159,2013-11-04 03:10:00,128.46683
4159,2013-11-04 03:20:00,132.98695
4159,2013-11-04 03:30:00,118.86364
4159,2013-11-04 03:40:00,120.775566
4159,2013-11-04 03:50:00,124.600494
4159,2013-11-04 04:00:00,119.1688
4159,2013-11-04 04:10:00,121.13113
4159,2013-11-04 04:10:00,0.4213868
4159,2013-11-04 04:20:00,126.228325
4159,2013-11-04 04:30:00,124.361626
4159,2013-11-04 04:40:00,123.77182
4159,2013-11-04 04:50:00,128.87485
4159,2013-11-04 05:00:00,136.21407
4159,2013-11-04 05:00:00,0.4213868
4159,2013-11-04 05:10:00,123.552124
4159,2013-11-04 05:10:00,0.4213868
4159,2013-11-04 05:20:00,0.8427736
4159,2013-11-04 05:20:00,138.904
4159,2013-11-04 05:30:00,148.62021
4159,2013-11-04 05:40:00,143.30975
4159,2013-11-04 05:50:00,153.45042
4159,2013-11-04 06:00:00,176.01448
4159,2013-11-04 06:00:00,0.4213868
4159,2013-11-04 06:10:00,0.4213868
4159,2013-11-04 06:10:00,182.88074
4159,2013-11-04 06:10:00,0.4213868
4159,2013-11-04 06:20:00,197.79422
4159,2013-11-04 06:30:00,217.47041
4159,2013-11-04 06:30:00,0.29327068
4159,2013-11-04 06:30:00,0.4213868
4159,2013-11-04 06:40:00,231.00194
4159,2013-11-04 06:40:00,0.4213868
4159,2013-11-04 06:50:00,0.29327068
4159,2013-11-04 06:50:00,265.76288
4159,2013-11-04 06:50:00,0.4213868
4159,2013-11-04 06:50:00,0.4213868
4159,2013-11-04 06:50:00,0.4213868
4159,2013-11-04 07:00:00,382.52304
4159,2013-11-04 07:00:00,0.4213868
4159,2013-11-04 07:00:00,0.4213868
4159,2013-11-04 07:10:00,284.87347
4159,2013-11-04 07:10:00,0.006651706
4159,2013-11-04 07:20:00,419.26315
4159,2013-11-04 07:20:00,1.2641604
4159,2013-11-04 07:20:00,0.7146575
4159,2013-11-04 07:30:00,0.8585129
4159,2013-11-04 07:30:00,0.0055768173
4159,2013-11-04 07:30:00,526.6459
4159,2013-11-04 07:30:00,0.4213868
4159,2013-11-04 07:40:00,0.4213868
4159,2013-11-04 07:40:00,429.96457
4159,2013-11-04 07:40:00,0.4213868
4159,2013-11-04 07:40:00,0.4213868
4159,2013-11-04 07:40:00,0.006651706
4159,2013-11-04 07:50:00,0.8427736
4159,2013-11-04 07:50:00,468.2664
4159,2013-11-04 07:50:00,0.0055768173
4159,2013-11-04 07:50:00,0.4213868
4159,2013-11-04 08:00:00,0.29327068
4159,2013-11-04 08:00:00,482.2879
4159,2013-11-04 08:10:00,339.6234
4159,2013-11-04 08:10:00,0.006651706
4159,2013-11-04 08:20:00,0.015739262
4159,2013-11-04 08:20:00,0.006651706
4159,2013-11-04 08:20:00,425.61444
4159,2013-11-04 08:20:00,0.4280385
4159,2013-11-04 08:30:00,437.9453
4159,2013-11-04 08:30:00,0.4213868
4159,2013-11-04 08:40:00,0.4213868
4159,2013-11-04 08:40:00,414.93137
4159,2013-11-04 08:40:00,0.48138633
4159,2013-11-04 08:40:00,0.4213868
4159,2013-11-04 08:40:00,0.8427736
4159,2013-11-04 08:50:00,456.1579
4159,2013-11-04 08:50:00,0.4213868
4159,2013-11-04 09:00:00,2.0066748
4159,2013-11-04 09:00:00,456.0295
4159,2013-11-04 09:00:00,0.8427736
4159,2013-11-04 09:00:00,0.4213868
4159,2013-11-04 09:00:00,0.006651706
4159,2013-11-04 09:10:00,0.48138633
4159,2013-11-04 09:10:00,1.2320178
4159,2013-11-04 09:10:00,499.5247
4159,2013-11-04 09:20:00,0.015739262
4159,2013-11-04 09:20:00,0.4213868
4159,2013-11-04 09:20:00,584.5786
4159,2013-11-04 09:20:00,0.012228523
4159,2013-11-04 09:20:00,0.006651706
4159,2013-11-04 09:30:00,541.8531
4159,2013-11-04 09:30:00,0.4213868
4159,2013-11-04 09:30:00,0.4213868
4159,2013-11-04 09:40:00,472.56522
4159,2013-11-04 09:40:00,0.031478524
4159,2013-11-04 09:50:00,528.3554
4159,2013-11-04 09:50:00,0.48138633
4159,2013-11-04 10:00:00,533.58264
4159,2013-11-04 10:00:00,0.4213868
4159,2013-11-04 10:10:00,491.23114
4159,2013-11-04 10:10:00,3.8510907
4159,2013-11-04 10:20:00,491.262
4159,2013-11-04 10:20:00,1.444159
4159,2013-11-04 10:30:00,1.2320178
4159,2013-11-04 10:30:00,526.58594
4159,2013-11-04 10:30:00,0.48138633
4159,2013-11-04 10:40:00,0.006651706
4159,2013-11-04 10:40:00,1.2320178
4159,2013-11-04 10:40:00,477.53607
4159,2013-11-04 10:40:00,0.4213868
4159,2013-11-04 10:50:00,1.2320178
4159,2013-11-04 10:50:00,525.6989
4159,2013-11-04 10:50:00,0.96277267
4159,2013-11-04 11:00:00,0.48138633
4159,2013-11-04 11:00:00,639.32184
4159,2013-11-04 11:00:00,0.48803803
4159,2013-11-04 11:10:00,590.62115
4159,2013-11-04 11:10:00,0.4213868
4159,2013-11-04 11:10:00,0.4213868
4159,2013-11-04 11:10:00,0.90277314
4159,2013-11-04 11:20:00,702.4438
4159,2013-11-04 11:20:00,1.3841594
4159,2013-11-04 11:30:00,0.4213868
4159,2013-11-04 11:30:00,1.2320178
4159,2013-11-04 11:30:00,691.6657
4159,2013-11-04 11:30:00,1.3908112
4159,2013-11-04 11:30:00,0.006651706
4159,2013-11-04 11:30:00,1.32416
4159,2013-11-04 11:40:00,0.015739262
4159,2013-11-04 11:40:00,1.2320178
4159,2013-11-04 11:40:00,1.8055463
4159,2013-11-04 11:40:00,620.6285
4159,2013-11-04 11:40:00,0.4213868
4159,2013-11-04 11:40:00,0.4213868
4159,2013-11-04 11:50:00,0.006651706
4159,2013-11-04 11:50:00,618.20123
4159,2013-11-04 11:50:00,0.90277314
4159,2013-11-04 11:50:00,0.015739262
4159,2013-11-04 11:50:00,0.4213868
4159,2013-11-04 12:00:00,0.8106309
4159,2013-11-04 12:00:00,0.4213868
4159,2013-11-04 12:00:00,660.14124
4159,2013-11-04 12:00:00,0.006651706
4159,2013-11-04 12:00:00,0.4213868
4159,2013-11-04 12:00:00,0.4213868
4159,2013-11-04 12:00:00,0.8427736
4159,2013-11-04 12:10:00,0.006651706
4159,2013-11-04 12:10:00,1.2641604
4159,2013-11-04 12:10:00,591.983
4159,2013-11-04 12:10:00,2.7083194
4159,2013-11-04 12:10:00,1.7455467
4159,2013-11-04 12:10:00,0.4213868
4159,2013-11-04 12:20:00,0.4213868
4159,2013-11-04 12:20:00,0.4213868
4159,2013-11-04 12:20:00,681.8648
4159,2013-11-04 12:20:00,0.4213868
4159,2013-11-04 12:20:00,0.4280385
4159,2013-11-04 12:20:00,0.29327068
4159,2013-11-04 12:30:00,629.924
4159,2013-11-04 12:30:00,0.4213868
4159,2013-11-04 12:40:00,592.23065
4159,2013-11-04 12:40:00,0.8106309
4159,2013-11-04 12:40:00,0.4213868
4159,2013-11-04 12:40:00,0.90277314
4159,2013-11-04 12:50:00,1.6534045
4159,2013-11-04 12:50:00,1.3841594
4159,2013-11-04 12:50:00,0.4213868
4159,2013-11-04 12:50:00,0.006651706
4159,2013-11-04 12:50:00,738.04553
4159,2013-11-04 12:50:00,0.90277314
4159,2013-11-04 12:50:00,0.4213868
4159,2013-11-04 12:50:00,0.48138633
4159,2013-11-04 13:00:00,0.8427736
4159,2013-11-04 13:00:00,1.6534045
4159,2013-11-04 13:00:00,758.82245
4159,2013-11-04 13:00:00,0.90277314
4159,2013-11-04 13:00:00,0.006651706
4159,2013-11-04 13:10:00,0.015739262
4159,2013-11-04 13:10:00,2.0426486
4159,2013-11-04 13:10:00,665.9195
4159,2013-11-04 13:10:00,0.4280385
4159,2013-11-04 13:20:00,676.5411
4159,2013-11-04 13:20:00,0.90277314
4159,2013-11-04 13:20:00,0.4213868
4159,2013-11-04 13:20:00,0.29327068
4159,2013-11-04 13:30:00,643.6668
4159,2013-11-04 13:30:00,1.32416
4159,2013-11-04 13:40:00,603.2611
4159,2013-11-04 13:40:00,0.4213868
4159,2013-11-04 13:40:00,0.29327068
4159,2013-11-04 13:40:00,0.006651706
4159,2013-11-04 13:50:00,0.4213868
4159,2013-11-04 13:50:00,0.006651706
4159,2013-11-04 13:50:00,574.7282
4159,2013-11-04 13:50:00,0.4213868
4159,2013-11-04 14:00:00,594.85706
4159,2013-11-04 14:00:00,0.4213868
4159,2013-11-04 14:00:00,0.4213868
4159,2013-11-04 14:10:00,598.20233
4159,2013-11-04 14:20:00,620.86816
4159,2013-11-04 14:30:00,527.2419
4159,2013-11-04 14:30:00,0.90277314
4159,2013-11-04 14:30:00,0.4213868
4159,2013-11-04 14:30:00,0.2999224
4159,2013-11-04 14:40:00,0.006651706
4159,2013-11-04 14:40:00,509.5962
4159,2013-11-04 14:40:00,0.02230727
4159,2013-11-04 14:50:00,0.48138633
4159,2013-11-04 14:50:00,0.4213868
4159,2013-11-04 14:50:00,570.24023
4159,2013-11-04 15:00:00,0.96277267
4159,2013-11-04 15:00:00,610.2018
4159,2013-11-04 15:00:00,0.4213868
4159,2013-11-04 15:00:00,0.4213868
4159,2013-11-04 15:00:00,0.4213868
4159,2013-11-04 15:00:00,0.29327068
4159,2013-11-04 15:00:00,0.4213868
4159,2013-11-04 15:10:00,0.006651706
4159,2013-11-04 15:10:00,0.29327068
4159,2013-11-04 15:10:00,0.0055768173
4159,2013-11-04 15:10:00,706.9571
4159,2013-11-04 15:10:00,0.4213868
4159,2013-11-04 15:20:00,0.0055768173
4159,2013-11-04 15:20:00,570.13745
4159,2013-11-04 15:20:00,0.4346902
4159,2013-11-04 15:30:00,0.015739262
4159,2013-11-04 15:30:00,566.2804
4159,2013-11-04 15:30:00,0.4213868
4159,2013-11-04 15:40:00,0.4213868
4159,2013-11-04 15:40:00,504.2134
4159,2013-11-04 15:40:00,0.90277314
4159,2013-11-04 15:50:00,479.48532
4159,2013-11-04 16:00:00,520.8115
4159,2013-11-04 16:00:00,0.0055768173
4159,2013-11-04 16:00:00,0.4213868
4159,2013-11-04 16:10:00,491.02286
4159,2013-11-04 16:10:00,0.4280385
4159,2013-11-04 16:20:00,0.031478524
4159,2013-11-04 16:20:00,474.41937
4159,2013-11-04 16:20:00,0.0055768173
4159,2013-11-04 16:30:00,0.29327068
4159,2013-11-04 16:30:00,516.1474
4159,2013-11-04 16:30:00,0.012228523
4159,2013-11-04 16:30:00,0.4213868
4159,2013-11-04 16:40:00,564.8068
4159,2013-11-04 16:40:00,0.033460904
4159,2013-11-04 16:40:00,1.2641604
4159,2013-11-04 16:40:00,1.2641604
4159,2013-11-04 16:50:00,0.013303412
4159,2013-11-04 16:50:00,522.6632
4159,2013-11-04 16:50:00,0.02230727
4159,2013-11-04 16:50:00,0.006651706
4159,2013-11-04 16:50:00,0.4213868
4159,2013-11-04 17:00:00,0.006651706
4159,2013-11-04 17:00:00,488.11087
4159,2013-11-04 17:00:00,0.016730452
4159,2013-11-04 17:10:00,0.015739262
4159,2013-11-04 17:10:00,0.48138633
4159,2013-11-04 17:10:00,849.27795
4159,2013-11-04 17:10:00,0.4213868
4159,2013-11-04 17:10:00,0.0055768173
4159,2013-11-04 17:10:00,0.8494253
4159,2013-11-04 17:20:00,515.6596
4159,2013-11-04 17:20:00,0.4213868
4159,2013-11-04 17:20:00,0.012228523
4159,2013-11-04 17:20:00,0.006651706
4159,2013-11-04 17:30:00,422.38586
4159,2013-11-04 17:30:00,0.033460904
4159,2013-11-04 17:30:00,0.4213868
4159,2013-11-04 17:40:00,444.36026
4159,2013-11-04 17:40:00,0.050191354
4159,2013-11-04 17:40:00,0.4213868
4159,2013-11-04 17:50:00,498.57043
4159,2013-11-04 17:50:00,0.8329382
4159,2013-11-04 17:50:00,0.4213868
4159,2013-11-04 17:50:00,0.013303412
4159,2013-11-04 18:00:00,0.4213868
4159,2013-11-04 18:00:00,503.34787
4159,2013-11-04 18:00:00,0.5092704
4159,2013-11-04 18:00:00,0.4213868
4159,2013-11-04 18:00:00,0.4280385
4159,2013-11-04 18:10:00,0.43712607
4159,2013-11-04 18:10:00,632.2356
4159,2013-11-04 18:10:00,0.050191354
4159,2013-11-04 18:10:00,0.4213868
4159,2013-11-04 18:10:00,0.7146575
4159,2013-11-04 18:20:00,0.8427736
4159,2013-11-04 18:20:00,461.33612
4159,2013-11-04 18:20:00,0.8106309
4159,2013-11-04 18:20:00,0.01780534
4159,2013-11-04 18:20:00,0.4213868
4159,2013-11-04 18:20:00,0.4280385
4159,2013-11-04 18:20:00,0.4213868
4159,2013-11-04 18:30:00,386.544
4159,2013-11-04 18:30:00,0.8518184
4159,2013-11-04 18:30:00,0.4213868
4159,2013-11-04 18:30:00,0.4213868
4159,2013-11-04 18:40:00,0.4213868
4159,2013-11-04 18:40:00,360.70728
4159,2013-11-04 18:40:00,0.01780534
4159,2013-11-04 18:40:00,1.429315
4159,2013-11-04 18:50:00,421.24323
4159,2013-11-04 18:50:00,0.012228523
4159,2013-11-04 18:50:00,0.006651706
4159,2013-11-04 19:00:00,414.26642
4159,2013-11-04 19:00:00,0.024457047
4159,2013-11-04 19:00:00,0.006651706
4159,2013-11-04 19:10:00,357.48312
4159,2013-11-04 19:10:00,0.48138633
4159,2013-11-04 19:10:00,0.03561068
4159,2013-11-04 19:10:00,0.4213868
4159,2013-11-04 19:20:00,270.3458
4159,2013-11-04 19:20:00,0.02230727
4159,2013-11-04 19:30:00,0.031478524
4159,2013-11-04 19:30:00,317.05023
4159,2013-11-04 19:30:00,0.90277314
4159,2013-11-04 19:30:00,0.0055768173
4159,2013-11-04 19:30:00,0.4213868
4159,2013-11-04 19:40:00,276.49246
4159,2013-11-04 19:40:00,0.023382157
4159,2013-11-04 19:50:00,337.245
4159,2013-11-04 19:50:00,0.03903772
4159,2013-11-04 19:50:00,0.006651706
4159,2013-11-04 19:50:00,0.4213868
4159,2013-11-04 20:00:00,417.62762
4159,2013-11-04 20:00:00,0.033460904
4159,2013-11-04 20:10:00,0.006651706
4159,2013-11-04 20:10:00,307.69476
4159,2013-11-04 20:10:00,0.4213868
4159,2013-11-04 20:10:00,0.8427736
4159,2013-11-04 20:20:00,240.21893
4159,2013-11-04 20:20:00,0.4213868
4159,2013-11-04 20:30:00,0.4213868
4159,2013-11-04 20:30:00,341.42575
4159,2013-11-04 20:30:00,0.4213868
4159,2013-11-04 20:30:00,0.4213868
4159,2013-11-04 20:40:00,314.84088
4159,2013-11-04 20:40:00,0.006651706
4159,2013-11-04 20:50:00,0.29327068
4159,2013-11-04 20:50:00,386.22485
4159,2013-11-04 21:00:00,348.0483
4159,2013-11-04 21:00:00,0.4213868
4159,2013-11-04 21:10:00,324.6915
4159,2013-11-04 21:10:00,0.045689426
4159,2013-11-04 21:10:00,0.29327068
4159,2013-11-04 21:20:00,278.58243
4159,2013-11-04 21:20:00,0.028958974
4159,2013-11-04 21:20:00,0.29327068
4159,2013-11-04 21:30:00,295.81628
4159,2013-11-04 21:30:00,0.04461454
4159,2013-11-04 21:30:00,0.006651706
4159,2013-11-04 21:30:00,0.4213868
4159,2013-11-04 21:30:00,1.0212315
4159,2013-11-04 21:40:00,333.9831
4159,2013-11-04 21:40:00,0.016730452
4159,2013-11-04 21:50:00,0.006651706
4159,2013-11-04 21:50:00,306.9749
4159,2013-11-04 22:00:00,283.0287
4159,2013-11-04 22:00:00,0.011153635
4159,2013-11-04 22:10:00,228.10223
4159,2013-11-04 22:10:00,0.011153635
4159,2013-11-04 22:10:00,2.4318926
4159,2013-11-04 22:20:00,236.36095
4159,2013-11-04 22:20:00,0.0055768173
4159,2013-11-04 22:20:00,0.006651706
4159,2013-11-04 22:20:00,4.8637853
4159,2013-11-04 22:30:00,276.71045
4159,2013-11-04 22:30:00,0.8106309
4159,2013-11-04 22:30:00,0.29327068
4159,2013-11-04 22:40:00,236.9805
4159,2013-11-04 22:40:00,0.015739262
4159,2013-11-04 22:40:00,0.8106309
4159,2013-11-04 22:40:00,0.58654135
4159,2013-11-04 22:50:00,237.70827
4159,2013-11-04 22:50:00,0.59319305
4159,2013-11-04 22:50:00,0.4213868
4159,2013-11-04 23:00:00,207.47638
4159,2013-11-04 23:00:00,0.01780534
4159,2013-11-04 23:10:00,200.35475
4159,2013-11-04 23:10:00,0.02230727
4159,2013-11-04 23:10:00,0.7146575
4159,2013-11-04 23:20:00,192.6498
4159,2013-11-04 23:20:00,0.03903772
4159,2013-11-04 23:20:00,0.006651706
4159,2013-11-04 23:30:00,215.40152
4159,2013-11-04 23:30:00,0.011153635
4159,2013-11-04 23:40:00,160.51422
4159,2013-11-04 23:40:00,0.48138633
4159,2013-11-04 23:50:00,165.62645
4159,2013-11-04 23:50:00,0.006651706
4159,2013-11-05 00:00:00,176.4851
4159,2013-11-05 00:00:00,0.006651706
4159,2013-11-05 00:10:00,155.0251
4159,2013-11-05 00:20:00,143.60738
4159,2013-11-05 00:30:00,158.77489
4159,2013-11-05 00:30:00,0.006651706
4159,2013-11-05 00:40:00,146.05716
4159,2013-11-05 00:50:00,143.97032
4159,2013-11-05 01:00:00,149.17424
4159,2013-11-05 01:10:00,144.896
4159,2013-11-05 01:20:00,130.8931
4159,2013-11-05 01:30:00,141.0333
4159,2013-11-05 01:40:00,137.17545
4159,2013-11-05 01:40:00,0.006651706
4159,2013-11-05 01:50:00,134.77315
4159,2013-11-05 02:00:00,143.93423
4159,2013-11-05 02:10:00,128.68724
4159,2013-11-05 02:10:00,0.006651706
4159,2013-11-05 02:20:00,121.964226
4159,2013-11-05 02:30:00,147.18793
4159,2013-11-05 02:30:00,0.48138633
4159,2013-11-05 02:30:00,0.4213868
4159,2013-11-05 02:40:00,124.53804
4159,2013-11-05 02:40:00,0.006651706
4159,2013-11-05 02:50:00,121.03723
4159,2013-11-05 03:00:00,134.76688
4159,2013-11-05 03:10:00,118.26111
4159,2013-11-05 03:10:00,0.006651706
4159,2013-11-05 03:20:00,121.85186
4159,2013-11-05 03:30:00,136.82387
4159,2013-11-05 03:40:00,120.00135
4159,2013-11-05 03:40:00,0.48138633
4159,2013-11-05 03:40:00,0.006651706
4159,2013-11-05 03:50:00,125.86823
4159,2013-11-05 04:00:00,139.35818
4159,2013-11-05 04:10:00,132.7937
4159,2013-11-05 04:10:00,0.006651706
4159,2013-11-05 04:20:00,120.84961
4159,2013-11-05 04:30:00,139.06038
4159,2013-11-05 04:40:00,304.20023
4159,2013-11-05 04:50:00,161.46922
4159,2013-11-05 04:50:00,0.006651706
4159,2013-11-05 05:00:00,146.4121
4159,2013-11-05 05:00:00,0.48138633
4159,2013-11-05 05:10:00,137.06723
4159,2013-11-05 05:20:00,140.91168
4159,2013-11-05 05:20:00,0.006651706
4159,2013-11-05 05:30:00,0.4213868
4159,2013-11-05 05:30:00,157.39252
4159,2013-11-05 05:40:00,159.47408
4159,2013-11-05 05:40:00,0.006651706
4159,2013-11-05 05:50:00,159.16408
4159,2013-11-05 05:50:00,0.006651706
4159,2013-11-05 06:00:00,217.18318
4159,2013-11-05 06:00:00,0.006651706
4159,2013-11-05 06:10:00,183.55312
4159,2013-11-05 06:10:00,0.4213868
4159,2013-11-05 06:10:00,0.4213868
4159,2013-11-05 06:20:00,236.30927
4159,2013-11-05 06:20:00,0.4213868
4159,2013-11-05 06:20:00,4.8637853
4159,2013-11-05 06:20:00,0.006651706
4159,2013-11-05 06:30:00,237.07072
4159,2013-11-05 06:30:00,0.006651706
4159,2013-11-05 06:30:00,4.0531545
4159,2013-11-05 06:40:00,0.4213868
4159,2013-11-05 06:40:00,0.006651706
4159,2013-11-05 06:40:00,243.23509
4159,2013-11-05 06:40:00,0.8106309
4159,2013-11-05 06:50:00,0.006651706
4159,2013-11-05 06:50:00,0.015739262
4159,2013-11-05 06:50:00,312.56384
4159,2013-11-05 06:50:00,0.4213868
4159,2013-11-05 06:50:00,0.4213868
4159,2013-11-05 07:00:00,336.659
4159,2013-11-05 07:00:00,0.8427736
4159,2013-11-05 07:10:00,0.015739262
4159,2013-11-05 07:10:00,0.006651706
4159,2013-11-05 07:10:00,294.04642
4159,2013-11-05 07:10:00,0.8106309
4159,2013-11-05 07:10:00,0.4213868
4159,2013-11-05 07:10:00,0.4213868
4159,2013-11-05 07:10:00,0.4213868
4159,2013-11-05 07:20:00,0.006651706
4159,2013-11-05 07:20:00,290.01993
4159,2013-11-05 07:20:00,0.4213868
4159,2013-11-05 07:20:00,0.4213868
4159,2013-11-05 07:20:00,1.6212618
4159,2013-11-05 07:20:00,0.8427736
4159,2013-11-05 07:30:00,355.45175
4159,2013-11-05 07:30:00,0.4213868
4159,2013-11-05 07:30:00,0.4213868
4159,2013-11-05 07:30:00,0.8106309
4159,2013-11-05 07:30:00,0.8427736
4159,2013-11-05 07:40:00,0.006651706
4159,2013-11-05 07:40:00,384.33273
4159,2013-11-05 07:40:00,1.2798997
4159,2013-11-05 07:50:00,0.4213868
4159,2013-11-05 07:50:00,0.4213868
4159,2013-11-05 07:50:00,0.48138633
4159,2013-11-05 07:50:00,0.006651706
4159,2013-11-05 07:50:00,495.69885
4159,2013-11-05 07:50:00,0.006651706
4159,2013-11-05 07:50:00,0.8427736
4159,2013-11-05 07:50:00,0.48138633
4159,2013-11-05 07:50:00,0.42696363
4159,2013-11-05 08:00:00,0.4213868
4159,2013-11-05 08:00:00,0.4213868
4159,2013-11-05 08:00:00,0.4213868
4159,2013-11-05 08:00:00,471.70602
4159,2013-11-05 08:00:00,0.01888023
4159,2013-11-05 08:00:00,0.2999224
4159,2013-11-05 08:00:00,0.8427736
4159,2013-11-05 08:10:00,469.9505
4159,2013-11-05 08:10:00,0.013303412
4159,2013-11-05 08:10:00,0.774657
4159,2013-11-05 08:20:00,0.006651706
4159,2013-11-05 08:20:00,514.8975
4159,2013-11-05 08:20:00,0.8427736
4159,2013-11-05 08:20:00,0.4213868
4159,2013-11-05 08:30:00,0.013303412
4159,2013-11-05 08:30:00,438.64426
4159,2013-11-05 08:30:00,0.006651706
4159,2013-11-05 08:30:00,0.006651706
4159,2013-11-05 08:40:00,2.5561776
4159,2013-11-05 08:40:00,0.013303412
4159,2013-11-05 08:40:00,451.91064
4159,2013-11-05 08:40:00,0.4213868
4159,2013-11-05 08:40:00,0.8106309
4159,2013-11-05 08:50:00,1.2453212
4159,2013-11-05 08:50:00,0.006651706
4159,2013-11-05 08:50:00,435.76672
4159,2013-11-05 08:50:00,0.48138633
4159,2013-11-05 08:50:00,0.006651706
4159,2013-11-05 08:50:00,1.1360443
4159,2013-11-05 09:00:00,0.8106309
4159,2013-11-05 09:00:00,0.48138633
4159,2013-11-05 09:00:00,465.15198
4159,2013-11-05 09:00:00,0.4213868
4159,2013-11-05 09:00:00,0.7146575
4159,2013-11-05 09:10:00,1.2320178
4159,2013-11-05 09:10:00,523.4149
4159,2013-11-05 09:10:00,0.006651706
4159,2013-11-05 09:10:00,0.29327068
4159,2013-11-05 09:20:00,576.43744
4159,2013-11-05 09:20:00,0.015739262
4159,2013-11-05 09:20:00,0.006651706
4159,2013-11-05 09:30:00,1.2320178
4159,2013-11-05 09:30:00,541.02606
4159,2013-11-05 09:30:00,0.015739262
4159,2013-11-05 09:30:00,0.4213868
4159,2013-11-05 09:40:00,530.11084
4159,2013-11-05 09:40:00,0.4213868
4159,2013-11-05 09:40:00,0.4213868
4159,2013-11-05 09:40:00,0.006651706
4159,2013-11-05 09:50:00,0.4213868
4159,2013-11-05 09:50:00,542.82544
4159,2013-11-05 09:50:00,0.4213868
4159,2013-11-05 09:50:00,0.4213868
4159,2013-11-05 10:00:00,493.3008
4159,2013-11-05 10:00:00,0.90277314
4159,2013-11-05 10:00:00,0.4213868
4159,2013-11-05 10:10:00,0.8106309
4159,2013-11-05 10:10:00,491.31363
4159,2013-11-05 10:20:00,571.57574
4159,2013-11-05 10:20:00,0.29327068
4159,2013-11-05 10:20:00,0.48803803
4159,2013-11-05 10:30:00,0.4213868
4159,2013-11-05 10:30:00,534.10913
4159,2013-11-05 10:30:00,0.006651706
4159,2013-11-05 10:30:00,0.4213868
4159,2013-11-05 10:40:00,562.1906
4159,2013-11-05 10:40:00,0.4213868
4159,2013-11-05 10:50:00,0.48138633
4159,2013-11-05 10:50:00,626.4525
4159,2013-11-05 10:50:00,1.2386694
4159,2013-11-05 11:00:00,0.4213868
4159,2013-11-05 11:00:00,671.0404
4159,2013-11-05 11:00:00,1.2320178
4159,2013-11-05 11:00:00,1.142696
4159,2013-11-05 11:10:00,1.2320178
4159,2013-11-05 11:10:00,0.4213868
4159,2013-11-05 11:10:00,622.47943
4159,2013-11-05 11:10:00,0.8427736
4159,2013-11-05 11:10:00,0.4213868
4159,2013-11-05 11:10:00,0.4213868
4159,2013-11-05 11:10:00,0.011153635
4159,2013-11-05 11:20:00,590.12354
4159,2013-11-05 11:20:00,1.2320178
4159,2013-11-05 11:20:00,0.4213868
4159,2013-11-05 11:30:00,1.2320178
4159,2013-11-05 11:30:00,566.31287
4159,2013-11-05 11:40:00,1.2320178
4159,2013-11-05 11:40:00,563.3745
4159,2013-11-05 11:40:00,0.7213092
4159,2013-11-05 11:50:00,0.8427736
4159,2013-11-05 11:50:00,561.3511
4159,2013-11-05 11:50:00,0.8106309
4159,2013-11-05 11:50:00,0.006651706
4159,2013-11-05 12:00:00,1.2320178
4159,2013-11-05 12:00:00,598.8774
4159,2013-11-05 12:00:00,0.4213868
4159,2013-11-05 12:00:00,0.29327068
4159,2013-11-05 12:10:00,1.7455467
4159,2013-11-05 12:10:00,556.0518
4159,2013-11-05 12:10:00,0.015739262
4159,2013-11-05 12:10:00,0.8427736
4159,2013-11-05 12:10:00,1.7455467
4159,2013-11-05 12:10:00,0.90277314
4159,2013-11-05 12:20:00,0.006651706
4159,2013-11-05 12:20:00,1.2320178
4159,2013-11-05 12:20:00,0.015739262
4159,2013-11-05 12:20:00,538.3064
4159,2013-11-05 12:20:00,0.8427736
4159,2013-11-05 12:20:00,0.4213868
4159,2013-11-05 12:30:00,0.8106309
4159,2013-11-05 12:30:00,1.2320178
4159,2013-11-05 12:30:00,524.20355
4159,2013-11-05 12:30:00,0.90942484
4159,2013-11-05 12:40:00,535.1198
4159,2013-11-05 12:40:00,0.90277314
4159,2013-11-05 12:40:00,0.4213868
4159,2013-11-05 12:40:00,0.4213868
4159,2013-11-05 12:40:00,1.3841594
4159,2013-11-05 12:50:00,1.3841594
4159,2013-11-05 12:50:00,605.5384
4159,2013-11-05 12:50:00,0.30900994
4159,2013-11-05 12:50:00,0.48138633
4159,2013-11-05 12:50:00,0.8427736
4159,2013-11-05 12:50:00,1.3841594
4159,2013-11-05 13:00:00,1.6534045
4159,2013-11-05 13:00:00,622.67737
4159,2013-11-05 13:10:00,0.4213868
4159,2013-11-05 13:10:00,609.6622
4159,2013-11-05 13:10:00,1.32416
4159,2013-11-05 13:10:00,0.0055768173
4159,2013-11-05 13:20:00,3.3668087
4159,2013-11-05 13:20:00,0.006651706
4159,2013-11-05 13:20:00,694.99445
4159,2013-11-05 13:20:00,1.2320178
4159,2013-11-05 13:20:00,0.8427736
4159,2013-11-05 13:20:00,0.4280385
4159,2013-11-05 13:20:00,0.72023433
4159,2013-11-05 13:30:00,0.0055768173
4159,2013-11-05 13:30:00,560.85425
4159,2013-11-05 13:30:00,0.4213868
4159,2013-11-05 13:40:00,0.29327068
4159,2013-11-05 13:40:00,0.4213868
4159,2013-11-05 13:40:00,0.8106309
4159,2013-11-05 13:40:00,605.30774
4159,2013-11-05 13:40:00,0.015739262
4159,2013-11-05 13:40:00,0.8427736
4159,2013-11-05 13:50:00,0.8427736
4159,2013-11-05 13:50:00,1.2320178
4159,2013-11-05 13:50:00,524.4246
4159,2013-11-05 14:00:00,2.0426486
4159,2013-11-05 14:00:00,593.45496
4159,2013-11-05 14:00:00,0.4213868
4159,2013-11-05 14:00:00,0.8427736
4159,2013-11-05 14:10:00,558.47986
4159,2013-11-05 14:10:00,0.4213868
4159,2013-11-05 14:10:00,0.8427736
4159,2013-11-05 14:20:00,0.015739262
4159,2013-11-05 14:20:00,481.90448
4159,2013-11-05 14:20:00,0.8106309
4159,2013-11-05 14:20:00,0.006651706
4159,2013-11-05 14:20:00,0.006651706
4159,2013-11-05 14:30:00,501.51883
4159,2013-11-05 14:30:00,1.2320178
4159,2013-11-05 14:30:00,0.8427736
4159,2013-11-05 14:40:00,512.6102
4159,2013-11-05 14:40:00,0.4213868
4159,2013-11-05 14:40:00,0.4213868
4159,2013-11-05 14:50:00,0.4213868
4159,2013-11-05 14:50:00,505.37195
4159,2013-11-05 15:00:00,0.8106309
4159,2013-11-05 15:00:00,631.3287
4159,2013-11-05 15:00:00,0.4213868
4159,2013-11-05 15:10:00,620.4214
4159,2013-11-05 15:10:00,0.7146575
4159,2013-11-05 15:20:00,526.37476
4159,2013-11-05 15:20:00,0.48138633
4159,2013-11-05 15:20:00,0.4213868
4159,2013-11-05 15:20:00,0.14607213
4159,2013-11-05 15:30:00,0.4213868
4159,2013-11-05 15:30:00,501.8915
4159,2013-11-05 15:30:00,0.4213868
4159,2013-11-05 15:40:00,0.4213868
4159,2013-11-05 15:40:00,0.4213868
4159,2013-11-05 15:40:00,578.9291
4159,2013-11-05 15:40:00,0.4213868
4159,2013-11-05 15:40:00,0.4280385
4159,2013-11-05 15:40:00,0.4213868
4159,2013-11-05 15:50:00,522.02893
4159,2013-11-05 15:50:00,0.8106309
4159,2013-11-05 15:50:00,1.6212618
4159,2013-11-05 16:00:00,0.90942484
4159,2013-11-05 16:00:00,1.2320178
4159,2013-11-05 16:00:00,580.50433
4159,2013-11-05 16:10:00,0.48138633
4159,2013-11-05 16:10:00,614.60126
4159,2013-11-05 16:10:00,0.006651706
4159,2013-11-05 16:10:00,0.4213868
4159,2013-11-05 16:20:00,0.4213868
4159,2013-11-05 16:20:00,594.9683
4159,2013-11-05 16:20:00,0.006651706
4159,2013-11-05 16:20:00,0.4213868
4159,2013-11-05 16:30:00,603.5643
4159,2013-11-05 16:30:00,0.4213868
4159,2013-11-05 16:30:00,0.2999224
4159,2013-11-05 16:40:00,0.4213868
4159,2013-11-05 16:40:00,0.29327068
4159,2013-11-05 16:40:00,565.2088
4159,2013-11-05 16:40:00,0.8427736
4159,2013-11-05 16:40:00,1.2641604
4159,2013-11-05 16:40:00,0.015739262
4159,2013-11-05 16:50:00,580.8535
4159,2013-11-05 16:50:00,0.43712607
4159,2013-11-05 16:50:00,0.856077
4159,2013-11-05 16:50:00,0.4213868
4159,2013-11-05 17:00:00,0.90277314
4159,2013-11-05 17:00:00,661.17456
4159,2013-11-05 17:00:00,0.4213868
4159,2013-11-05 17:00:00,0.006651706
4159,2013-11-05 17:10:00,0.4213868
4159,2013-11-05 17:10:00,529.2824
4159,2013-11-05 17:20:00,503.34024
4159,2013-11-05 17:20:00,0.4213868
4159,2013-11-05 17:20:00,0.4213868
4159,2013-11-05 17:30:00,474.3256
4159,2013-11-05 17:30:00,0.006651706
4159,2013-11-05 17:40:00,492.53186
4159,2013-11-05 17:40:00,0.4213868
4159,2013-11-05 17:50:00,531.53754
4159,2013-11-05 17:50:00,0.4213868
4159,2013-11-05 17:50:00,0.58654135
4159,2013-11-05 18:00:00,449.7132
4159,2013-11-05 18:00:00,0.006651706
4159,2013-11-05 18:00:00,0.4213868
4159,2013-11-05 18:10:00,0.4213868
4159,2013-11-05 18:10:00,435.89874
4159,2013-11-05 18:10:00,0.4213868
4159,2013-11-05 18:20:00,383.20874
4159,2013-11-05 18:20:00,1.2641604
4159,2013-11-05 18:30:00,372.97787
4159,2013-11-05 18:30:00,0.0055768173
4159,2013-11-05 18:30:00,0.4280385
4159,2013-11-05 18:40:00,0.015739262
4159,2013-11-05 18:40:00,327.02716
4159,2013-11-05 18:40:00,0.006651706
4159,2013-11-05 18:50:00,323.75204
4159,2013-11-05 19:00:00,1.2641604
4159,2013-11-05 19:00:00,0.0055768173
4159,2013-11-05 19:00:00,353.11298
4159,2013-11-05 19:00:00,0.856077
4159,2013-11-05 19:10:00,298.35736
4159,2013-11-05 19:10:00,0.006651706
4159,2013-11-05 19:10:00,0.006651706
4159,2013-11-05 19:20:00,294.13052
4159,2013-11-05 19:20:00,0.4213868
4159,2013-11-05 19:30:00,288.97067
4159,2013-11-05 19:30:00,0.4213868
4159,2013-11-05 19:40:00,255.20699
4159,2013-11-05 19:40:00,0.006651706
4159,2013-11-05 19:40:00,0.006651706
4159,2013-11-05 19:50:00,271.17548
4159,2013-11-05 19:50:00,0.4213868
4159,2013-11-05 20:00:00,357.64847
4159,2013-11-05 20:00:00,0.006651706
4159,2013-11-05 20:00:00,0.006651706
4159,2013-11-05 20:00:00,0.4280385
4159,2013-11-05 20:10:00,256.4465
4159,2013-11-05 20:10:00,0.8106309
4159,2013-11-05 20:10:00,0.006651706
4159,2013-11-05 20:20:00,280.1673
4159,2013-11-05 20:30:00,321.74365
4159,2013-11-05 20:30:00,0.006651706
4159,2013-11-05 20:30:00,0.4213868
4159,2013-11-05 20:40:00,357.61618
4159,2013-11-05 20:40:00,0.015739262
4159,2013-11-05 20:40:00,0.006651706
4159,2013-11-05 20:50:00,0.006651706
4159,2013-11-05 20:50:00,281.35742
4159,2013-11-05 21:00:00,0.4213868
4159,2013-11-05 21:00:00,260.451
4159,2013-11-05 21:00:00,0.4213868
4159,2013-11-05 21:10:00,0.4213868
4159,2013-11-05 21:10:00,275.35855
4159,2013-11-05 21:10:00,0.48138633
4159,2013-11-05 21:20:00,306.15103
4159,2013-11-05 21:20:00,0.48138633
4159,2013-11-05 21:20:00,0.006651706
4159,2013-11-05 21:30:00,0.015739262
4159,2013-11-05 21:30:00,415.62347
4159,2013-11-05 21:40:00,301.28085
4159,2013-11-05 21:50:00,282.27585
4159,2013-11-05 21:50:00,0.006651706
4159,2013-11-05 22:00:00,0.006651706
4159,2013-11-05 22:00:00,221.28528
4159,2013-11-05 22:00:00,0.8427736
4159,2013-11-05 22:10:00,218.88652
4159,2013-11-05 22:20:00,246.86455
4159,2013-11-05 22:20:00,0.006651706
4159,2013-11-05 22:30:00,287.3697
4159,2013-11-05 22:30:00,0.7146575
4159,2013-11-05 22:40:00,212.10728
4159,2013-11-05 22:40:00,0.006651706
4159,2013-11-05 22:50:00,222.25919
4159,2013-11-05 23:00:00,233.20387
4159,2013-11-05 23:00:00,0.2999224
4159,2013-11-05 23:00:00,0.006651706
4159,2013-11-05 23:10:00,184.39282
4159,2013-11-05 23:10:00,0.48138633
4159,2013-11-05 23:10:00,0.29327068
4159,2013-11-05 23:20:00,207.12863
4159,2013-11-05 23:20:00,0.4213868
4159,2013-11-05 23:20:00,0.006651706
4159,2013-11-05 23:30:00,242.51567
4159,2013-11-05 23:30:00,0.015739262
4159,2013-11-05 23:30:00,0.006651706
4159,2013-11-05 23:30:00,0.4213868
4159,2013-11-05 23:40:00,196.88243
4159,2013-11-05 23:50:00,209.51018
4159,2013-11-06 00:00:00,194.68628
4159,2013-11-06 00:00:00,0.006651706
4159,2013-11-06 00:10:00,172.007
4159,2013-11-06 00:20:00,171.28671
4159,2013-11-06 00:30:00,165.30693
4159,2013-11-06 00:30:00,0.48138633
4159,2013-11-06 00:40:00,156.88635
4159,2013-11-06 00:40:00,0.006651706
4159,2013-11-06 00:50:00,169.49904
4159,2013-11-06 01:00:00,158.76341
4159,2013-11-06 01:10:00,171.57793
4159,2013-11-06 01:10:00,0.006651706
4159,2013-11-06 01:20:00,161.82585
4159,2013-11-06 01:30:00,153.57275
4159,2013-11-06 01:40:00,151.33186
4159,2013-11-06 01:40:00,0.006651706
4159,2013-11-06 01:50:00,136.8913
4159,2013-11-06 01:50:00,0.48138633
4159,2013-11-06 02:00:00,138.84836
4159,2013-11-06 02:10:00,127.39459
4159,2013-11-06 02:10:00,0.006651706
4159,2013-11-06 02:20:00,142.13872
4159,2013-11-06 02:30:00,134.21877
4159,2013-11-06 02:40:00,146.42714
4159,2013-11-06 02:50:00,126.1589
4159,2013-11-06 02:50:00,0.006651706
4159,2013-11-06 03:00:00,123.618965
4159,2013-11-06 03:10:00,120.60908
4159,2013-11-06 03:10:00,0.0055768173
4159,2013-11-06 03:10:00,0.006651706
4159,2013-11-06 03:20:00,121.023895
4159,2013-11-06 03:20:00,0.006651706
4159,2013-11-06 03:30:00,122.79312
4159,2013-11-06 03:40:00,120.606224
4159,2013-11-06 03:50:00,125.07421
4159,2013-11-06 03:50:00,0.006651706
4159,2013-11-06 04:00:00,127.38473
4159,2013-11-06 04:10:00,114.453125
4159,2013-11-06 04:20:00,127.304596
4159,2013-11-06 04:20:00,0.006651706
4159,2013-11-06 04:30:00,133.80571
4159,2013-11-06 04:30:00,0.0055768173
4159,2013-11-06 04:40:00,125.355675
4159,2013-11-06 04:40:00,0.4213868
4159,2013-11-06 04:50:00,131.45529
4159,2013-11-06 04:50:00,0.006651706
4159,2013-11-06 05:00:00,133.19197
4159,2013-11-06 05:10:00,132.20302
4159,2013-11-06 05:10:00,0.015739262
4159,2013-11-06 05:20:00,133.36485
4159,2013-11-06 05:30:00,138.43782
4159,2013-11-06 05:30:00,0.006651706
4159,2013-11-06 05:40:00,162.197
4159,2013-11-06 05:50:00,158.71786
4159,2013-11-06 05:50:00,0.015739262
4159,2013-11-06 06:00:00,168.26564
4159,2013-11-06 06:00:00,0.006651706
4159,2013-11-06 06:10:00,178.10527
4159,2013-11-06 06:20:00,184.73195
4159,2013-11-06 06:30:00,217.34268
4159,2013-11-06 06:30:00,0.006651706
4159,2013-11-06 06:40:00,0.43712607
4159,2013-11-06 06:40:00,247.51309
4159,2013-11-06 06:50:00,0.4213868
4159,2013-11-06 06:50:00,262.97202
4159,2013-11-06 06:50:00,0.8106309
4159,2013-11-06 06:50:00,0.4280385
4159,2013-11-06 06:50:00,0.4213868
4159,2013-11-06 06:50:00,0.8427736
4159,2013-11-06 07:00:00,382.55338
4159,2013-11-06 07:00:00,1.2320178
4159,2013-11-06 07:00:00,0.2999224
4159,2013-11-06 07:00:00,0.4213868
4159,2013-11-06 07:10:00,331.2367
4159,2013-11-06 07:20:00,337.21335
4159,2013-11-06 07:20:00,0.4213868
4159,2013-11-06 07:20:00,0.4213868
4159,2013-11-06 07:30:00,0.4213868
4159,2013-11-06 07:30:00,493.3272
4159,2013-11-06 07:30:00,0.4213868
4159,2013-11-06 07:30:00,0.4213868
4159,2013-11-06 07:30:00,0.8106309
4159,2013-11-06 07:40:00,1.6534045
4159,2013-11-06 07:40:00,0.4213868
4159,2013-11-06 07:40:00,472.404
4159,2013-11-06 07:40:00,0.48138633
4159,2013-11-06 07:40:00,0.006651706
4159,2013-11-06 07:40:00,0.4213868
4159,2013-11-06 07:50:00,0.4213868
4159,2013-11-06 07:50:00,428.69684
4159,2013-11-06 07:50:00,1.2320178
4159,2013-11-06 07:50:00,0.2999224
4159,2013-11-06 08:00:00,1.3841594
4159,2013-11-06 08:00:00,449.3124
4159,2013-11-06 08:00:00,0.48138633
4159,2013-11-06 08:00:00,0.8427736
4159,2013-11-06 08:00:00,0.4213868
4159,2013-11-06 08:10:00,1.8055463
4159,2013-11-06 08:10:00,472.61328
4159,2013-11-06 08:10:00,0.48138633
4159,2013-11-06 08:10:00,0.4346902
4159,2013-11-06 08:10:00,0.4213868
4159,2013-11-06 08:20:00,1.8055463
4159,2013-11-06 08:20:00,482.67032
4159,2013-11-06 08:20:00,0.013303412
4159,2013-11-06 08:30:00,0.8427736
4159,2013-11-06 08:30:00,489.64557
4159,2013-11-06 08:40:00,0.015739262
4159,2013-11-06 08:40:00,0.48138633
4159,2013-11-06 08:40:00,499.78763
4159,2013-11-06 08:40:00,0.4213868
4159,2013-11-06 08:50:00,0.4213868
4159,2013-11-06 08:50:00,509.4453
4159,2013-11-06 08:50:00,2.0426486
4159,2013-11-06 08:50:00,0.006651706
4159,2013-11-06 08:50:00,0.8427736
4159,2013-11-06 09:00:00,0.90277314
4159,2013-11-06 09:00:00,1.6534045
4159,2013-11-06 09:00:00,490.94153
4159,2013-11-06 09:00:00,0.4213868
4159,2013-11-06 09:00:00,0.02239097
4159,2013-11-06 09:00:00,0.4213868
4159,2013-11-06 09:10:00,0.4213868
4159,2013-11-06 09:10:00,2.5883203
4159,2013-11-06 09:10:00,1.6212618
4159,2013-11-06 09:10:00,559.4336
4159,2013-11-06 09:20:00,1.7455467
4159,2013-11-06 09:20:00,691.9245
4159,2013-11-06 09:20:00,0.4213868
4159,2013-11-06 09:30:00,0.4213868
4159,2013-11-06 09:30:00,615.9592
4159,2013-11-06 09:30:00,0.4213868
4159,2013-11-06 09:30:00,0.4213868
4159,2013-11-06 09:40:00,0.4213868
4159,2013-11-06 09:40:00,0.0055768173
4159,2013-11-06 09:40:00,625.7702
4159,2013-11-06 09:40:00,0.58654135
4159,2013-11-06 09:40:00,1.1360443
4159,2013-11-06 09:50:00,0.4213868
4159,2013-11-06 09:50:00,1.2641604
4159,2013-11-06 09:50:00,0.0055768173
4159,2013-11-06 09:50:00,608.77185
4159,2013-11-06 09:50:00,0.8106309
4159,2013-11-06 09:50:00,0.006651706
4159,2013-11-06 10:00:00,0.4213868
4159,2013-11-06 10:00:00,0.48138633
4159,2013-11-06 10:00:00,1.2320178
4159,2013-11-06 10:00:00,612.7101
4159,2013-11-06 10:00:00,0.006651706
4159,2013-11-06 10:00:00,0.4213868
4159,2013-11-06 10:10:00,1.7455467
4159,2013-11-06 10:10:00,2.0426486
4159,2013-11-06 10:10:00,574.2609
4159,2013-11-06 10:20:00,1.32416
4159,2013-11-06 10:20:00,1.2320178
4159,2013-11-06 10:20:00,544.0341
4159,2013-11-06 10:20:00,0.8427736
4159,2013-11-06 10:30:00,0.4213868
4159,2013-11-06 10:30:00,556.0847
4159,2013-11-06 10:30:00,0.48138633
4159,2013-11-06 10:40:00,526.7464
4159,2013-11-06 10:40:00,1.32416
4159,2013-11-06 10:50:00,0.4213868
4159,2013-11-06 10:50:00,0.90277314
4159,2013-11-06 10:50:00,618.09326
4159,2013-11-06 10:50:00,1.2641604
4159,2013-11-06 11:00:00,0.4213868
4159,2013-11-06 11:00:00,789.491
4159,2013-11-06 11:00:00,0.4213868
4159,2013-11-06 11:10:00,731.1018
4159,2013-11-06 11:10:00,0.4213868
4159,2013-11-06 11:10:00,0.8427736
4159,2013-11-06 11:20:00,0.8427736
4159,2013-11-06 11:20:00,0.8427736
4159,2013-11-06 11:20:00,671.4562
4159,2013-11-06 11:20:00,0.8106309
4159,2013-11-06 11:20:00,0.8427736
4159,2013-11-06 11:30:00,0.48138633
4159,2013-11-06 11:30:00,0.4280385
4159,2013-11-06 11:30:00,697.98785
4159,2013-11-06 11:30:00,2.1121204
4159,2013-11-06 11:30:00,0.48138633
4159,2013-11-06 11:40:00,1.2320178
4159,2013-11-06 11:40:00,640.6981
4159,2013-11-06 11:40:00,1.7455467
4159,2013-11-06 11:50:00,603.1938
4159,2013-11-06 11:50:00,1.6212618
4159,2013-11-06 11:50:00,0.006651706
4159,2013-11-06 11:50:00,0.4213868
4159,2013-11-06 11:50:00,0.4213868
4159,2013-11-06 12:00:00,1.2386694
4159,2013-11-06 12:00:00,693.8427
4159,2013-11-06 12:00:00,0.8427736
4159,2013-11-06 12:00:00,0.8427736
4159,2013-11-06 12:10:00,0.013303412
4159,2013-11-06 12:10:00,675.719
4159,2013-11-06 12:10:00,0.006651706
4159,2013-11-06 12:10:00,0.4213868
4159,2013-11-06 12:10:00,0.4213868
4159,2013-11-06 12:20:00,0.4213868
4159,2013-11-06 12:20:00,1.2641604
4159,2013-11-06 12:20:00,716.0495
4159,2013-11-06 12:20:00,1.32416
4159,2013-11-06 12:20:00,0.006651706
4159,2013-11-06 12:20:00,1.142696
4159,2013-11-06 12:20:00,0.48138633
4159,2013-11-06 12:20:00,0.4213868
4159,2013-11-06 12:30:00,0.4280385
4159,2013-11-06 12:30:00,663.86615
4159,2013-11-06 12:30:00,1.2320178
4159,2013-11-06 12:30:00,0.4213868
4159,2013-11-06 12:40:00,1.6534045
4159,2013-11-06 12:40:00,717.5617
4159,2013-11-06 12:40:00,0.4213868
4159,2013-11-06 12:40:00,0.015739262
4159,2013-11-06 12:40:00,0.7146575
4159,2013-11-06 12:40:00,1.32416
4159,2013-11-06 12:40:00,0.4213868
4159,2013-11-06 12:40:00,0.4213868
4159,2013-11-06 12:50:00,1.8655457
4159,2013-11-06 12:50:00,0.8427736
4159,2013-11-06 12:50:00,0.4213868
4159,2013-11-06 12:50:00,0.0055768173
4159,2013-11-06 12:50:00,752.01337
4159,2013-11-06 12:50:00,1.32416
4159,2013-11-06 12:50:00,0.006651706
4159,2013-11-06 12:50:00,0.29327068
4159,2013-11-06 12:50:00,0.4213868
4159,2013-11-06 13:00:00,0.9185124
4159,2013-11-06 13:00:00,1.8655457
4159,2013-11-06 13:00:00,731.4458
4159,2013-11-06 13:00:00,0.4213868
4159,2013-11-06 13:00:00,1.3841594
4159,2013-11-06 13:10:00,0.4213868
4159,2013-11-06 13:10:00,0.48138633
4159,2013-11-06 13:10:00,2.134791
4159,2013-11-06 13:10:00,635.2598
4159,2013-11-06 13:10:00,0.006651706
4159,2013-11-06 13:10:00,0.4213868
4159,2013-11-06 13:20:00,668.7802
4159,2013-11-06 13:20:00,0.006651706
4159,2013-11-06 13:20:00,0.4213868
4159,2013-11-06 13:20:00,0.4213868
4159,2013-11-06 13:30:00,0.4213868
4159,2013-11-06 13:30:00,0.015739262
4159,2013-11-06 13:30:00,625.83575
4159,2013-11-06 13:30:00,0.2999224
4159,2013-11-06 13:40:00,2.0426486
4159,2013-11-06 13:40:00,0.48138633
4159,2013-11-06 13:40:00,640.7714
4159,2013-11-06 13:50:00,0.4213868
4159,2013-11-06 13:50:00,624.1331
4159,2013-11-06 13:50:00,0.006651706
4159,2013-11-06 13:50:00,0.29327068
4159,2013-11-06 13:50:00,0.90277314
4159,2013-11-06 14:00:00,0.4213868
4159,2013-11-06 14:00:00,592.2817
4159,2013-11-06 14:00:00,0.4280385
4159,2013-11-06 14:10:00,0.8106309
4159,2013-11-06 14:10:00,620.13226
4159,2013-11-06 14:20:00,630.74023
4159,2013-11-06 14:30:00,581.8826
4159,2013-11-06 14:30:00,0.006651706
4159,2013-11-06 14:40:00,0.29327068
4159,2013-11-06 14:40:00,607.6425
4159,2013-11-06 14:40:00,0.4213868
4159,2013-11-06 14:40:00,0.4213868
4159,2013-11-06 14:50:00,599.87695
4159,2013-11-06 14:50:00,0.4280385
4159,2013-11-06 15:00:00,0.4213868
4159,2013-11-06 15:00:00,641.68225
4159,2013-11-06 15:00:00,0.015739262
4159,2013-11-06 15:10:00,673.0945
4159,2013-11-06 15:10:00,0.4213868
4159,2013-11-06 15:20:00,646.2072
4159,2013-11-06 15:20:00,0.4213868
4159,2013-11-06 15:20:00,0.015739262
4159,2013-11-06 15:30:00,1.2320178
4159,2013-11-06 15:30:00,559.5465
4159,2013-11-06 15:30:00,0.4213868
4159,2013-11-06 15:30:00,0.015739262
4159,2013-11-06 15:40:00,610.21014
4159,2013-11-06 15:40:00,0.4213868
4159,2013-11-06 15:50:00,607.5735
4159,2013-11-06 16:00:00,514.91266
4159,2013-11-06 16:00:00,0.29327068
4159,2013-11-06 16:00:00,0.48138633
4159,2013-11-06 16:10:00,543.7272
4159,2013-11-06 16:10:00,0.4213868
4159,2013-11-06 16:20:00,579.5475
4159,2013-11-06 16:30:00,0.006651706
4159,2013-11-06 16:30:00,0.43712607
4159,2013-11-06 16:30:00,546.7862
4159,2013-11-06 16:30:00,0.006651706
4159,2013-11-06 16:30:00,0.006651706
4159,2013-11-06 16:40:00,0.29327068
4159,2013-11-06 16:40:00,0.015739262
4159,2013-11-06 16:40:00,623.9639
4159,2013-11-06 16:40:00,0.4213868
4159,2013-11-06 16:40:00,0.29327068
4159,2013-11-06 16:50:00,0.29327068
4159,2013-11-06 16:50:00,601.38983
4159,2013-11-06 17:00:00,526.67737
4159,2013-11-06 17:10:00,559.2224
4159,2013-11-06 17:10:00,1.2320178
4159,2013-11-06 17:10:00,0.4213868
4159,2013-11-06 17:20:00,476.48053
4159,2013-11-06 17:30:00,448.76703
4159,2013-11-06 17:30:00,0.4213868
4159,2013-11-06 17:40:00,0.031478524
4159,2013-11-06 17:40:00,439.39606
4159,2013-11-06 17:40:00,1.2320178
4159,2013-11-06 17:50:00,0.031478524
4159,2013-11-06 17:50:00,399.46652
4159,2013-11-06 17:50:00,0.006651706
4159,2013-11-06 18:00:00,0.031478524
4159,2013-11-06 18:00:00,443.21875
4159,2013-11-06 18:00:00,0.006651706
4159,2013-11-06 18:10:00,0.03903772
4159,2013-11-06 18:10:00,0.4213868
4159,2013-11-06 18:10:00,423.81592
4159,2013-11-06 18:10:00,0.4213868
4159,2013-11-06 18:10:00,0.4213868
4159,2013-11-06 18:20:00,0.0055768173
4159,2013-11-06 18:20:00,396.56342
4159,2013-11-06 18:20:00,0.7146575
4159,2013-11-06 18:20:00,0.29327068
4159,2013-11-06 18:30:00,394.98993
4159,2013-11-06 18:30:00,0.8427736
4159,2013-11-06 18:30:00,0.48138633
4159,2013-11-06 18:40:00,0.2999224
4159,2013-11-06 18:40:00,393.03534
4159,2013-11-06 18:50:00,335.09613
4159,2013-11-06 18:50:00,0.4213868
4159,2013-11-06 18:50:00,0.29327068
4159,2013-11-06 19:00:00,0.4213868
4159,2013-11-06 19:00:00,300.57208
4159,2013-11-06 19:00:00,0.4213868
4159,2013-11-06 19:10:00,0.4213868
4159,2013-11-06 19:10:00,372.57803
4159,2013-11-06 19:20:00,0.015739262
4159,2013-11-06 19:20:00,0.015739262
4159,2013-11-06 19:20:00,342.07437
4159,2013-11-06 19:20:00,0.4213868
4159,2013-11-06 19:30:00,315.13242
4159,2013-11-06 19:30:00,0.4213868
4159,2013-11-06 19:40:00,0.015739262
4159,2013-11-06 19:40:00,341.42188
4159,2013-11-06 19:50:00,395.3067
4159,2013-11-06 19:50:00,0.015739262
4159,2013-11-06 20:00:00,0.4213868
4159,2013-11-06 20:00:00,288.29022
4159,2013-11-06 20:00:00,0.0055768173
4159,2013-11-06 20:00:00,0.4213868
4159,2013-11-06 20:10:00,324.66092
4159,2013-11-06 20:10:00,0.4280385
4159,2013-11-06 20:10:00,0.4213868
4159,2013-11-06 20:20:00,305.40036
4159,2013-11-06 20:30:00,286.2756
4159,2013-11-06 20:30:00,0.4213868
4159,2013-11-06 20:30:00,0.006651706
4159,2013-11-06 20:30:00,0.4213868
4159,2013-11-06 20:40:00,296.80087
4159,2013-11-06 20:40:00,0.4213868
4159,2013-11-06 20:40:00,0.4213868
4159,2013-11-06 20:50:00,333.04236
4159,2013-11-06 20:50:00,0.4213868
4159,2013-11-06 21:00:00,246.31137
4159,2013-11-06 21:10:00,255.42743
4159,2013-11-06 21:10:00,0.4213868
4159,2013-11-06 21:20:00,265.88196
4159,2013-11-06 21:30:00,244.17915
4159,2013-11-06 21:30:00,0.29327068
4159,2013-11-06 21:40:00,305.75214
4159,2013-11-06 21:40:00,0.0055768173
4159,2013-11-06 21:40:00,0.29327068
4159,2013-11-06 21:50:00,0.015739262
4159,2013-11-06 21:50:00,268.02493
4159,2013-11-06 21:50:00,0.4213868
4159,2013-11-06 22:00:00,236.44557
4159,2013-11-06 22:10:00,299.64377
4159,2013-11-06 22:20:00,0.4213868
4159,2013-11-06 22:20:00,236.1308
4159,2013-11-06 22:20:00,0.4213868
4159,2013-11-06 22:30:00,234.01491
4159,2013-11-06 22:30:00,0.4213868
4159,2013-11-06 22:40:00,250.90852
4159,2013-11-06 22:40:00,0.8106309
4159,2013-11-06 22:50:00,248.16324
4159,2013-11-06 22:50:00,0.4213868
4159,2013-11-06 22:50:00,7.295678
4159,2013-11-06 22:50:00,0.29327068
4159,2013-11-06 23:00:00,267.16138
4159,2013-11-06 23:00:00,0.015739262
4159,2013-11-06 23:00:00,0.006651706
4159,2013-11-06 23:00:00,1.6212618
4159,2013-11-06 23:10:00,0.012228523
4159,2013-11-06 23:10:00,284.9747
4159,2013-11-06 23:20:00,255.90225
4159,2013-11-06 23:20:00,0.48138633
4159,2013-11-06 23:20:00,0.4213868
4159,2013-11-06 23:30:00,217.61108
4159,2013-11-06 23:40:00,221.46338
4159,2013-11-06 23:50:00,223.01523
4159,2013-11-07 00:00:00,225.81665
4159,2013-11-07 00:00:00,0.4213868
4159,2013-11-07 00:00:00,0.4213868
4159,2013-11-07 00:00:00,0.2999224
4159,2013-11-07 00:10:00,172.1217
4159,2013-11-07 00:20:00,152.67393
4159,2013-11-07 00:30:00,0.0055768173
4159,2013-11-07 00:30:00,156.88719
4159,2013-11-07 00:30:00,0.4213868
4159,2013-11-07 00:40:00,158.89922
4159,2013-11-07 00:50:00,140.24777
4159,2013-11-07 00:50:00,0.48138633
4159,2013-11-07 01:00:00,146.9141
4159,2013-11-07 01:00:00,0.4213868
4159,2013-11-07 01:10:00,142.99478
4159,2013-11-07 01:20:00,136.1284
4159,2013-11-07 01:30:00,128.38737
4159,2013-11-07 01:40:00,138.38893
4159,2013-11-07 01:40:00,0.4213868
4159,2013-11-07 01:50:00,130.7992
4159,2013-11-07 02:00:00,134.3939
4159,2013-11-07 02:00:00,0.0055768173
4159,2013-11-07 02:10:00,138.62485
4159,2013-11-07 02:10:00,0.4213868
4159,2013-11-07 02:20:00,127.05037
4159,2013-11-07 02:30:00,131.06293
4159,2013-11-07 02:40:00,141.09285
4159,2013-11-07 02:40:00,0.4213868
4159,2013-11-07 02:50:00,130.1656
4159,2013-11-07 03:00:00,123.806
4159,2013-11-07 03:10:00,136.28792
4159,2013-11-07 03:20:00,128.37234
4159,2013-11-07 03:20:00,0.48138633
4159,2013-11-07 03:20:00,0.4213868
4159,2013-11-07 03:30:00,134.82452
4159,2013-11-07 03:40:00,186.03134
4159,2013-11-07 03:50:00,170.57521
4159,2013-11-07 03:50:00,0.4213868
4159,2013-11-07 04:00:00,155.41954
4159,2013-11-07 04:10:00,133.83826
4159,2013-11-07 04:20:00,120.85616
4159,2013-11-07 04:20:00,0.4213868
4159,2013-11-07 04:30:00,123.96192
4159,2013-11-07 04:40:00,130.3259
4159,2013-11-07 04:50:00,121.87882
4159,2013-11-07 04:50:00,0.4213868
4159,2013-11-07 05:00:00,118.88892
4159,2013-11-07 05:10:00,128.82289
4159,2013-11-07 05:10:00,0.48138633
4159,2013-11-07 05:20:00,0.4213868
4159,2013-11-07 05:20:00,127.0162
4159,2013-11-07 05:30:00,131.78085
4159,2013-11-07 05:30:00,0.4213868
4159,2013-11-07 05:40:00,154.63536
4159,2013-11-07 05:40:00,0.4213868
4159,2013-11-07 05:50:00,147.9941
4159,2013-11-07 06:00:00,164.76076
4159,2013-11-07 06:00:00,0.4213868
4159,2013-11-07 06:10:00,200.07999
4159,2013-11-07 06:10:00,0.4213868
4159,2013-11-07 06:20:00,176.17825
4159,2013-11-07 06:20:00,0.4213868
4159,2013-11-07 06:20:00,0.006651706
4159,2013-11-07 06:30:00,0.015739262
4159,2013-11-07 06:30:00,222.14316
4159,2013-11-07 06:30:00,0.29327068
4159,2013-11-07 06:40:00,0.4213868
4159,2013-11-07 06:40:00,227.21092
4159,2013-11-07 06:40:00,0.4213868
4159,2013-11-07 06:50:00,294.3379
4159,2013-11-07 06:50:00,0.8427736
4159,2013-11-07 06:50:00,0.7146575
4159,2013-11-07 06:50:00,5.674416
4159,2013-11-07 06:50:00,0.015739262
4159,2013-11-07 07:00:00,0.006651706
4159,2013-11-07 07:00:00,307.9855
4159,2013-11-07 07:00:00,0.90277314
4159,2013-11-07 07:00:00,0.58654135
4159,2013-11-07 07:00:00,3.6639104
4159,2013-11-07 07:00:00,0.7146575
4159,2013-11-07 07:10:00,307.80246
4159,2013-11-07 07:10:00,0.7146575
4159,2013-11-07 07:10:00,0.4213868
4159,2013-11-07 07:10:00,0.4213868
4159,2013-11-07 07:20:00,1.2641604
4159,2013-11-07 07:20:00,323.712
4159,2013-11-07 07:20:00,0.8427736
4159,2013-11-07 07:20:00,0.7146575
4159,2013-11-07 07:30:00,0.4213868
4159,2013-11-07 07:30:00,347.318
4159,2013-11-07 07:30:00,0.4213868
4159,2013-11-07 07:30:00,1.6212618
4159,2013-11-07 07:30:00,0.015739262
4159,2013-11-07 07:40:00,0.4213868
4159,2013-11-07 07:40:00,430.5402
4159,2013-11-07 07:40:00,1.6212618
4159,2013-11-07 07:40:00,0.7146575
4159,2013-11-07 07:50:00,0.29327068
4159,2013-11-07 07:50:00,1.2320178
4159,2013-11-07 07:50:00,454.24283
4159,2013-11-07 07:50:00,0.006651706
4159,2013-11-07 07:50:00,0.4213868
4159,2013-11-07 08:00:00,405.9122
4159,2013-11-07 08:00:00,0.8585129
4159,2013-11-07 08:00:00,0.0055768173
4159,2013-11-07 08:10:00,450.3851
4159,2013-11-07 08:10:00,0.29327068
4159,2013-11-07 08:20:00,1.2320178
4159,2013-11-07 08:20:00,469.51175
4159,2013-11-07 08:30:00,0.4213868
4159,2013-11-07 08:30:00,433.57474
4159,2013-11-07 08:30:00,0.4213868
4159,2013-11-07 08:30:00,0.4213868
4159,2013-11-07 08:40:00,462.28696
4159,2013-11-07 08:40:00,0.29327068
4159,2013-11-07 08:40:00,1.6855472
4159,2013-11-07 08:50:00,507.5908
4159,2013-11-07 08:50:00,1.8055463
4159,2013-11-07 08:50:00,2.9497077
4159,2013-11-07 08:50:00,0.012228523
4159,2013-11-07 09:00:00,459.35068
4159,2013-11-07 09:00:00,0.8494253
4159,2013-11-07 09:00:00,2.54406
4159,2013-11-07 09:10:00,630.74506
4159,2013-11-07 09:10:00,0.4213868
4159,2013-11-07 09:10:00,2.9563594
4159,2013-11-07 09:20:00,641.32556
4159,2013-11-07 09:20:00,0.90277314
4159,2013-11-07 09:20:00,1.7236774
4159,2013-11-07 09:30:00,602.26843
4159,2013-11-07 09:30:00,0.006651706
4159,2013-11-07 09:30:00,0.8427736
4159,2013-11-07 09:30:00,0.0055768173
4159,2013-11-07 09:30:00,2.106934
4159,2013-11-07 09:40:00,560.57385
4159,2013-11-07 09:40:00,0.006651706
4159,2013-11-07 09:40:00,0.7213092
4159,2013-11-07 09:40:00,0.4213868
4159,2013-11-07 09:50:00,614.23596
4159,2013-11-07 09:50:00,0.4213868
4159,2013-11-07 09:50:00,0.8494253
4159,2013-11-07 10:00:00,0.29327068
4159,2013-11-07 10:00:00,505.50812
4159,2013-11-07 10:00:00,3.3868337
4159,2013-11-07 10:10:00,0.4213868
4159,2013-11-07 10:10:00,501.3905
4159,2013-11-07 10:10:00,0.4213868
4159,2013-11-07 10:10:00,2.5283208
4159,2013-11-07 10:20:00,498.67657
4159,2013-11-07 10:20:00,2.5283208
4159,2013-11-07 10:30:00,530.1281
4159,2013-11-07 10:40:00,0.4213868
4159,2013-11-07 10:40:00,545.0794
4159,2013-11-07 10:40:00,0.4213868
4159,2013-11-07 10:40:00,0.4213868
4159,2013-11-07 10:40:00,0.8427736
4159,2013-11-07 10:50:00,0.43712607
4159,2013-11-07 10:50:00,522.962
4159,2013-11-07 10:50:00,3.8057847
4159,2013-11-07 11:00:00,0.4213868
4159,2013-11-07 11:00:00,644.0965
4159,2013-11-07 11:00:00,3.7924812
4159,2013-11-07 11:00:00,0.4213868
4159,2013-11-07 11:10:00,611.1713
4159,2013-11-07 11:10:00,0.8494253
4159,2013-11-07 11:10:00,1.2641604
4159,2013-11-07 11:20:00,0.047217786
4159,2013-11-07 11:20:00,1.7455467
4159,2013-11-07 11:20:00,763.30493
4159,2013-11-07 11:20:00,0.8172826
4159,2013-11-07 11:30:00,742.3273
4159,2013-11-07 11:30:00,0.006651706
4159,2013-11-07 11:30:00,2.106934
4159,2013-11-07 11:40:00,698.4423
4159,2013-11-07 11:40:00,0.8106309
4159,2013-11-07 11:40:00,0.2999224
4159,2013-11-07 11:40:00,5.1323805
4159,2013-11-07 11:50:00,0.015739262
4159,2013-11-07 11:50:00,784.7323
4159,2013-11-07 11:50:00,0.42696363
4159,2013-11-07 11:50:00,0.4213868
4159,2013-11-07 11:50:00,2.5349724
4159,2013-11-07 11:50:00,0.016730452
4159,2013-11-07 12:00:00,690.51154
4159,2013-11-07 12:00:00,0.7146575
4159,2013-11-07 12:10:00,2.226933
4159,2013-11-07 12:10:00,664.2765
4159,2013-11-07 12:10:00,1.32416
4159,2013-11-07 12:10:00,0.4213868
4159,2013-11-07 12:10:00,0.4213868
4159,2013-11-07 12:20:00,0.015739262
4159,2013-11-07 12:20:00,0.90277314
4159,2013-11-07 12:20:00,634.61334
4159,2013-11-07 12:20:00,0.4213868
4159,2013-11-07 12:20:00,0.012228523
4159,2013-11-07 12:20:00,0.90277314
4159,2013-11-07 12:30:00,0.4213868
4159,2013-11-07 12:30:00,624.9016
4159,2013-11-07 12:30:00,0.011153635
4159,2013-11-07 12:30:00,0.8106309
4159,2013-11-07 12:30:00,0.4213868
4159,2013-11-07 12:40:00,0.4213868
4159,2013-11-07 12:40:00,677.7978
4159,2013-11-07 12:40:00,0.3054992
4159,2013-11-07 12:50:00,0.96277267
4159,2013-11-07 12:50:00,0.0055768173
4159,2013-11-07 12:50:00,639.9481
4159,2013-11-07 12:50:00,1.3841594
4159,2013-11-07 12:50:00,0.4213868
4159,2013-11-07 12:50:00,0.43254045
4159,2013-11-07 12:50:00,0.48138633
4159,2013-11-07 12:50:00,0.48138633
4159,2013-11-07 13:00:00,0.015739262
4159,2013-11-07 13:00:00,706.6058
4159,2013-11-07 13:00:00,0.006651706
4159,2013-11-07 13:00:00,0.8494253
4159,2013-11-07 13:10:00,0.8427736
4159,2013-11-07 13:10:00,0.48138633
4159,2013-11-07 13:10:00,795.0248
4159,2013-11-07 13:20:00,2.9454217
4159,2013-11-07 13:20:00,728.19934
4159,2013-11-07 13:20:00,0.006651706
4159,2013-11-07 13:30:00,0.29327068
4159,2013-11-07 13:30:00,610.7245
4159,2013-11-07 13:30:00,0.8106309
4159,2013-11-07 13:30:00,0.4213868
4159,2013-11-07 13:30:00,0.42696363
4159,2013-11-07 13:30:00,0.90277314
4159,2013-11-07 13:30:00,0.006651706
4159,2013-11-07 13:40:00,1.2386694
4159,2013-11-07 13:40:00,715.7897
4159,2013-11-07 13:40:00,0.006651706
4159,2013-11-07 13:40:00,0.0055768173
4159,2013-11-07 13:50:00,0.006651706
4159,2013-11-07 13:50:00,692.118
4159,2013-11-07 13:50:00,0.4213868
4159,2013-11-07 13:50:00,0.4280385
4159,2013-11-07 14:00:00,0.8106309
4159,2013-11-07 14:00:00,2.226933
4159,2013-11-07 14:00:00,569.4913
4159,2013-11-07 14:00:00,1.2320178
4159,2013-11-07 14:00:00,0.4213868
4159,2013-11-07 14:10:00,0.015739262
4159,2013-11-07 14:10:00,661.8187
4159,2013-11-07 14:10:00,0.4213868
4159,2013-11-07 14:10:00,0.4213868
4159,2013-11-07 14:20:00,0.006651706
4159,2013-11-07 14:20:00,0.48138633
4159,2013-11-07 14:20:00,575.13306
4159,2013-11-07 14:20:00,0.29327068
4159,2013-11-07 14:30:00,1.2320178
4159,2013-11-07 14:30:00,643.501
4159,2013-11-07 14:30:00,1.2320178
4159,2013-11-07 14:30:00,1.2641604
4159,2013-11-07 14:40:00,719.5415
4159,2013-11-07 14:40:00,0.006651706
4159,2013-11-07 14:50:00,0.8483504
4159,2013-11-07 14:50:00,0.90277314
4159,2013-11-07 14:50:00,631.4761
4159,2013-11-07 14:50:00,0.4213868
4159,2013-11-07 14:50:00,0.29327068
4159,2013-11-07 15:00:00,0.4213868
4159,2013-11-07 15:00:00,1.8055463
4159,2013-11-07 15:00:00,0.4213868
4159,2013-11-07 15:00:00,631.37524
4159,2013-11-07 15:00:00,0.29327068
4159,2013-11-07 15:10:00,0.031478524
4159,2013-11-07 15:10:00,2.7083194
4159,2013-11-07 15:10:00,782.93335
4159,2013-11-07 15:10:00,0.90277314
4159,2013-11-07 15:10:00,0.8427736
4159,2013-11-07 15:20:00,0.015739262
4159,2013-11-07 15:20:00,564.6626
4159,2013-11-07 15:20:00,0.006651706
4159,2013-11-07 15:30:00,0.031478524
4159,2013-11-07 15:30:00,522.6213
4159,2013-11-07 15:30:00,0.006651706
4159,2013-11-07 15:40:00,584.4928
4159,2013-11-07 15:40:00,0.015739262
4159,2013-11-07 15:40:00,0.4213868
4159,2013-11-07 15:50:00,0.015739262
4159,2013-11-07 15:50:00,0.4213868
4159,2013-11-07 15:50:00,0.29327068
4159,2013-11-07 15:50:00,531.6193
4159,2013-11-07 15:50:00,0.8427736
4159,2013-11-07 16:00:00,0.015739262
4159,2013-11-07 16:00:00,528.3513
4159,2013-11-07 16:00:00,0.4213868
4159,2013-11-07 16:10:00,2.4640355
4159,2013-11-07 16:10:00,503.10428
4159,2013-11-07 16:10:00,0.8427736
4159,2013-11-07 16:10:00,0.4213868
4159,2013-11-07 16:20:00,490.7284
4159,2013-11-07 16:20:00,0.4213868
4159,2013-11-07 16:20:00,0.2999224
4159,2013-11-07 16:30:00,0.015739262
4159,2013-11-07 16:30:00,563.1698
4159,2013-11-07 16:30:00,0.011153635
4159,2013-11-07 16:40:00,0.015739262
4159,2013-11-07 16:40:00,599.1953
4159,2013-11-07 16:40:00,0.42696363
4159,2013-11-07 16:40:00,0.006651706
4159,2013-11-07 16:40:00,0.4213868
4159,2013-11-07 16:40:00,0.015739262
4159,2013-11-07 16:50:00,0.29327068
4159,2013-11-07 16:50:00,0.4213868
4159,2013-11-07 16:50:00,583.5794
4159,2013-11-07 16:50:00,0.8427736
4159,2013-11-07 16:50:00,0.4213868
4159,2013-11-07 16:50:00,0.8427736
4159,2013-11-07 17:00:00,647.19995
4159,2013-11-07 17:10:00,547.44073
4159,2013-11-07 17:10:00,0.4213868
4159,2013-11-07 17:20:00,0.011153635
4159,2013-11-07 17:20:00,574.37744
4159,2013-11-07 17:20:00,0.4213868
4159,2013-11-07 17:20:00,0.4213868
4159,2013-11-07 17:30:00,428.0555
4159,2013-11-07 17:30:00,0.4213868
4159,2013-11-07 17:30:00,0.4213868
4159,2013-11-07 17:40:00,490.6123
4159,2013-11-07 17:40:00,0.4213868
4159,2013-11-07 17:50:00,0.8106309
4159,2013-11-07 17:50:00,447.91623
4159,2013-11-07 17:50:00,0.4213868
4159,2013-11-07 17:50:00,0.4280385
4159,2013-11-07 18:00:00,0.015739262
4159,2013-11-07 18:00:00,0.4213868
4159,2013-11-07 18:00:00,467.52997
4159,2013-11-07 18:00:00,0.4280385
4159,2013-11-07 18:00:00,0.8427736
4159,2013-11-07 18:10:00,492.6882
4159,2013-11-07 18:10:00,0.8427736
4159,2013-11-07 18:10:00,0.7146575
4159,2013-11-07 18:20:00,451.7339
4159,2013-11-07 18:20:00,0.8106309
4159,2013-11-07 18:20:00,0.48138633
4159,2013-11-07 18:20:00,0.4213868
4159,2013-11-07 18:30:00,0.015739262
4159,2013-11-07 18:30:00,0.8427736
4159,2013-11-07 18:30:00,434.3227
4159,2013-11-07 18:30:00,0.29327068
4159,2013-11-07 18:30:00,0.4213868
4159,2013-11-07 18:40:00,365.2861
4159,2013-11-07 18:40:00,0.4213868
4159,2013-11-07 18:40:00,0.29327068
4159,2013-11-07 18:50:00,0.0055768173
4159,2013-11-07 18:50:00,385.43817
4159,2013-11-07 18:50:00,0.4213868
4159,2013-11-07 19:00:00,0.012228523
4159,2013-11-07 19:00:00,317.65585
4159,2013-11-07 19:00:00,0.4213868
4159,2013-11-07 19:00:00,0.48138633
4159,2013-11-07 19:10:00,393.01117
4159,2013-11-07 19:10:00,0.7146575
4159,2013-11-07 19:20:00,293.05652
4159,2013-11-07 19:20:00,0.015739262
4159,2013-11-07 19:20:00,0.4213868
4159,2013-11-07 19:20:00,0.8427736
4159,2013-11-07 19:30:00,307.0687
4159,2013-11-07 19:30:00,0.0055768173
4159,2013-11-07 19:30:00,0.8427736
4159,2013-11-07 19:30:00,0.4213868
4159,2013-11-07 19:40:00,417.62668
4159,2013-11-07 19:40:00,0.015739262
4159,2013-11-07 19:40:00,0.4213868
4159,2013-11-07 19:40:00,0.4213868
4159,2013-11-07 19:50:00,0.015739262
4159,2013-11-07 19:50:00,0.4213868
4159,2013-11-07 19:50:00,290.35864
4159,2013-11-07 19:50:00,0.015739262
4159,2013-11-07 19:50:00,0.006651706
4159,2013-11-07 20:00:00,285.5693
4159,2013-11-07 20:00:00,0.4213868
4159,2013-11-07 20:10:00,0.031478524
4159,2013-11-07 20:10:00,301.8678
4159,2013-11-07 20:20:00,0.031478524
4159,2013-11-07 20:20:00,268.14087
4159,2013-11-07 20:30:00,0.015739262
4159,2013-11-07 20:30:00,334.35416
4159,2013-11-07 20:30:00,0.8427736
4159,2013-11-07 20:30:00,1.3841594
4159,2013-11-07 20:40:00,265.72757
4159,2013-11-07 20:50:00,294.20477
4159,2013-11-07 20:50:00,0.4213868
4159,2013-11-07 20:50:00,0.4213868
4159,2013-11-07 20:50:00,0.006651706
4159,2013-11-07 21:00:00,234.25215
4159,2013-11-07 21:00:00,0.4213868
4159,2013-11-07 21:00:00,0.4280385
4159,2013-11-07 21:10:00,0.015739262
4159,2013-11-07 21:10:00,264.4402
4159,2013-11-07 21:10:00,0.48138633
4159,2013-11-07 21:20:00,323.31226
4159,2013-11-07 21:20:00,0.4280385
4159,2013-11-07 21:30:00,0.015739262
4159,2013-11-07 21:30:00,278.5749
4159,2013-11-07 21:30:00,0.4213868
4159,2013-11-07 21:40:00,242.05824
4159,2013-11-07 21:40:00,0.4213868
4159,2013-11-07 21:40:00,0.89311546
4159,2013-11-07 21:50:00,250.22041
4159,2013-11-07 22:00:00,251.93571
4159,2013-11-07 22:00:00,0.4213868
4159,2013-11-07 22:10:00,295.82266
4159,2013-11-07 22:20:00,269.4508
4159,2013-11-07 22:20:00,0.0055768173
4159,2013-11-07 22:20:00,0.7146575
4159,2013-11-07 22:30:00,217.44748
4159,2013-11-07 22:30:00,0.48138633
4159,2013-11-07 22:30:00,0.0055768173
4159,2013-11-07 22:30:00,0.8494253
4159,2013-11-07 22:40:00,256.89362
4159,2013-11-07 22:40:00,0.4213868
4159,2013-11-07 22:40:00,0.29327068
4159,2013-11-07 22:50:00,245.97495
4159,2013-11-07 22:50:00,0.012228523
4159,2013-11-07 23:00:00,269.727
4159,2013-11-07 23:10:00,261.1735
4159,2013-11-07 23:10:00,0.4213868
4159,2013-11-07 23:20:00,298.2051
4159,2013-11-07 23:20:00,0.8427736
4159,2013-11-07 23:30:00,206.12915
4159,2013-11-07 23:30:00,0.015739262
4159,2013-11-07 23:40:00,197.57672
4159,2013-11-07 23:40:00,0.4213868
4159,2013-11-07 23:40:00,0.4213868
4159,2013-11-07 23:50:00,185.03569
4159,2013-11-07 23:50:00,0.48138633
4159,2013-11-07 23:50:00,0.29327068
4159,2013-11-08 00:00:00,178.34296
4159,2013-11-08 00:10:00,224.2572
4159,2013-11-08 00:10:00,0.4213868
4159,2013-11-08 00:20:00,169.69174
4159,2013-11-08 00:30:00,163.3964
4159,2013-11-08 00:30:00,0.4213868
4159,2013-11-08 00:40:00,200.15211
4159,2013-11-08 00:50:00,0.29327068
4159,2013-11-08 00:50:00,183.2445
4159,2013-11-08 00:50:00,0.4213868
4159,2013-11-08 00:50:00,0.006651706
4159,2013-11-08 01:00:00,155.76326
4159,2013-11-08 01:00:00,0.48138633
4159,2013-11-08 01:10:00,168.49622
4159,2013-11-08 01:20:00,149.61176
4159,2013-11-08 01:20:00,0.0055768173
4159,2013-11-08 01:20:00,0.4213868
4159,2013-11-08 01:30:00,147.10751
4159,2013-11-08 01:30:00,0.0055768173
4159,2013-11-08 01:40:00,165.42442
4159,2013-11-08 01:50:00,146.27821
4159,2013-11-08 01:50:00,0.4213868
4159,2013-11-08 02:00:00,270.44138
4159,2013-11-08 02:10:00,152.45045
4159,2013-11-08 02:20:00,141.03365
4159,2013-11-08 02:30:00,147.48897
4159,2013-11-08 02:30:00,0.48138633
4159,2013-11-08 02:30:00,0.4213868
4159,2013-11-08 02:40:00,153.99818
4159,2013-11-08 02:50:00,140.96272
4159,2013-11-08 03:00:00,138.3885
4159,2013-11-08 03:00:00,0.4213868
4159,2013-11-08 03:10:00,140.2711
4159,2013-11-08 03:20:00,133.22305
4159,2013-11-08 03:30:00,127.56446
4159,2013-11-08 03:30:00,0.4213868
4159,2013-11-08 03:40:00,144.12581
4159,2013-11-08 03:50:00,135.42436
4159,2013-11-08 03:50:00,0.48138633
4159,2013-11-08 04:00:00,132.58856
4159,2013-11-08 04:10:00,141.27856
4159,2013-11-08 04:10:00,0.4213868
4159,2013-11-08 04:20:00,144.81288
4159,2013-11-08 04:20:00,0.0055768173
4159,2013-11-08 04:20:00,0.006651706
4159,2013-11-08 04:30:00,130.00314
4159,2013-11-08 04:40:00,146.62944
4159,2013-11-08 04:40:00,0.4213868
4159,2013-11-08 04:50:00,0.4213868
4159,2013-11-08 04:50:00,137.30347
4159,2013-11-08 05:00:00,136.51491
4159,2013-11-08 05:10:00,147.17513
4159,2013-11-08 05:10:00,0.4213868
4159,2013-11-08 05:20:00,0.4213868
4159,2013-11-08 05:20:00,143.35968
4159,2013-11-08 05:30:00,133.4251
4159,2013-11-08 05:40:00,168.5506
4159,2013-11-08 05:50:00,160.33429
4159,2013-11-08 05:50:00,0.01888023
4159,2013-11-08 05:50:00,0.006651706
4159,2013-11-08 05:50:00,0.4213868
4159,2013-11-08 06:00:00,182.38051
4159,2013-11-08 06:00:00,0.2999224
4159,2013-11-08 06:10:00,204.78503
4159,2013-11-08 06:10:00,0.4213868
4159,2013-11-08 06:20:00,0.4213868
4159,2013-11-08 06:20:00,210.22209
4159,2013-11-08 06:20:00,0.4213868
4159,2013-11-08 06:30:00,0.015739262
4159,2013-11-08 06:30:00,239.02817
4159,2013-11-08 06:30:00,0.4213868
4159,2013-11-08 06:40:00,0.4213868
4159,2013-11-08 06:40:00,244.10283
4159,2013-11-08 06:40:00,0.006651706
4159,2013-11-08 06:50:00,239.49536
4159,2013-11-08 06:50:00,0.96942437
4159,2013-11-08 06:50:00,0.4280385
4159,2013-11-08 07:00:00,276.98743
4159,2013-11-08 07:00:00,0.48138633
4159,2013-11-08 07:00:00,0.0055768173
4159,2013-11-08 07:00:00,0.4213868
4159,2013-11-08 07:00:00,1.1360443
4159,2013-11-08 07:10:00,312.5962
4159,2013-11-08 07:10:00,0.7213092
4159,2013-11-08 07:20:00,279.13193
4159,2013-11-08 07:20:00,0.4213868
4159,2013-11-08 07:20:00,0.7213092
4159,2013-11-08 07:30:00,373.08514
4159,2013-11-08 07:30:00,0.4213868
4159,2013-11-08 07:40:00,0.8427736
4159,2013-11-08 07:40:00,484.09827
4159,2013-11-08 07:40:00,0.4213868
4159,2013-11-08 07:40:00,0.4213868
4159,2013-11-08 07:50:00,0.29327068
4159,2013-11-08 07:50:00,485.15054
4159,2013-11-08 07:50:00,0.4213868
4159,2013-11-08 08:00:00,1.2320178
4159,2013-11-08 08:00:00,448.05014
4159,2013-11-08 08:00:00,0.42696363
4159,2013-11-08 08:00:00,0.4280385
4159,2013-11-08 08:10:00,481.30307
4159,2013-11-08 08:10:00,0.7146575
4159,2013-11-08 08:10:00,0.8427736
4159,2013-11-08 08:20:00,0.48803803
4159,2013-11-08 08:20:00,0.4213868
4159,2013-11-08 08:20:00,400.55542
4159,2013-11-08 08:20:00,0.015739262
4159,2013-11-08 08:20:00,0.006651706
4159,2013-11-08 08:20:00,0.4213868
4159,2013-11-08 08:30:00,0.8106309
4159,2013-11-08 08:30:00,451.3845
4159,2013-11-08 08:30:00,0.8263702
4159,2013-11-08 08:30:00,0.006651706
4159,2013-11-08 08:30:00,0.29327068
4159,2013-11-08 08:40:00,450.81235
4159,2013-11-08 08:40:00,0.8106309
4159,2013-11-08 08:40:00,0.4213868
4159,2013-11-08 08:50:00,494.3667
4159,2013-11-08 08:50:00,0.4213868
4159,2013-11-08 09:00:00,563.3939
4159,2013-11-08 09:00:00,0.0055768173
4159,2013-11-08 09:00:00,0.013303412
4159,2013-11-08 09:10:00,0.015739262
4159,2013-11-08 09:10:00,0.4213868
4159,2013-11-08 09:10:00,560.2484
4159,2013-11-08 09:10:00,0.48138633
4159,2013-11-08 09:20:00,0.8106309
4159,2013-11-08 09:20:00,590.30865
4159,2013-11-08 09:20:00,0.4213868
4159,2013-11-08 09:20:00,0.4213868
4159,2013-11-08 09:30:00,0.8106309
4159,2013-11-08 09:30:00,0.006651706
4159,2013-11-08 09:30:00,485.60605
4159,2013-11-08 09:30:00,0.90277314
4159,2013-11-08 09:30:00,0.012228523
4159,2013-11-08 09:30:00,0.006651706
4159,2013-11-08 09:40:00,0.48138633
4159,2013-11-08 09:40:00,556.2614
4159,2013-11-08 09:40:00,0.012228523
4159,2013-11-08 09:40:00,0.8106309
4159,2013-11-08 09:50:00,517.599
4159,2013-11-08 09:50:00,0.012228523
4159,2013-11-08 09:50:00,1.2641604
4159,2013-11-08 10:00:00,0.48138633
4159,2013-11-08 10:00:00,554.7642
4159,2013-11-08 10:00:00,0.006651706
4159,2013-11-08 10:00:00,0.0055768173
4159,2013-11-08 10:10:00,536.8329
4159,2013-11-08 10:10:00,0.48138633
4159,2013-11-08 10:10:00,0.4213868
4159,2013-11-08 10:20:00,0.90277314
4159,2013-11-08 10:20:00,539.7504
4159,2013-11-08 10:20:00,0.8106309
4159,2013-11-08 10:20:00,0.013303412
4159,2013-11-08 10:30:00,518.8966
4159,2013-11-08 10:40:00,0.0055768173
4159,2013-11-08 10:40:00,533.1869
4159,2013-11-08 10:40:00,0.006651706
4159,2013-11-08 10:40:00,0.42696363
4159,2013-11-08 10:50:00,0.0055768173
4159,2013-11-08 10:50:00,567.9916
4159,2013-11-08 10:50:00,0.006651706
4159,2013-11-08 11:00:00,612.5589
4159,2013-11-08 11:00:00,0.0055768173
4159,2013-11-08 11:00:00,0.006651706
4159,2013-11-08 11:00:00,0.48138633
4159,2013-11-08 11:10:00,617.05927
4159,2013-11-08 11:10:00,0.8106309
4159,2013-11-08 11:10:00,0.4213868
4159,2013-11-08 11:20:00,0.006651706
4159,2013-11-08 11:20:00,679.8388
4159,2013-11-08 11:20:00,0.012228523
4159,2013-11-08 11:20:00,1.1360443
4159,2013-11-08 11:20:00,0.4280385
4159,2013-11-08 11:30:00,0.90277314
4159,2013-11-08 11:30:00,597.0325
4159,2013-11-08 11:30:00,0.006651706
4159,2013-11-08 11:30:00,0.4213868
4159,2013-11-08 11:40:00,629.0406
4159,2013-11-08 11:40:00,0.006651706
4159,2013-11-08 11:40:00,0.42696363
4159,2013-11-08 11:40:00,0.4213868
4159,2013-11-08 11:50:00,606.26495
4159,2013-11-08 11:50:00,0.006651706
4159,2013-11-08 11:50:00,0.006651706
4159,2013-11-08 11:50:00,0.4213868
4159,2013-11-08 12:00:00,810.1662
4159,2013-11-08 12:00:00,0.0055768173
4159,2013-11-08 12:00:00,0.015739262
4159,2013-11-08 12:10:00,629.0253
4159,2013-11-08 12:10:00,0.4213868
4159,2013-11-08 12:10:00,0.006651706
4159,2013-11-08 12:20:00,0.5128648
4159,2013-11-08 12:20:00,1.2641604
4159,2013-11-08 12:20:00,650.4701
4159,2013-11-08 12:20:00,2.9454217
4159,2013-11-08 12:20:00,0.4213868
4159,2013-11-08 12:20:00,0.90277314
4159,2013-11-08 12:30:00,714.449
4159,2013-11-08 12:30:00,0.006651706
4159,2013-11-08 12:30:00,0.006651706
4159,2013-11-08 12:30:00,0.29327068
4159,2013-11-08 12:30:00,0.4213868
4159,2013-11-08 12:40:00,0.8106309
4159,2013-11-08 12:40:00,0.015739262
4159,2013-11-08 12:40:00,0.4213868
4159,2013-11-08 12:40:00,658.8625
4159,2013-11-08 12:40:00,0.4213868
4159,2013-11-08 12:40:00,0.4213868
4159,2013-11-08 12:50:00,0.8427736
4159,2013-11-08 12:50:00,0.0055768173
4159,2013-11-08 12:50:00,577.19037
4159,2013-11-08 12:50:00,0.90277314
4159,2013-11-08 12:50:00,0.4213868
4159,2013-11-08 12:50:00,0.4213868
4159,2013-11-08 13:00:00,0.8106309
4159,2013-11-08 13:00:00,0.48138633
4159,2013-11-08 13:00:00,0.90277314
4159,2013-11-08 13:00:00,0.4213868
4159,2013-11-08 13:00:00,602.01013
4159,2013-11-08 13:00:00,0.90277314
4159,2013-11-08 13:00:00,0.006651706
4159,2013-11-08 13:00:00,0.4213868
4159,2013-11-08 13:10:00,645.8346
4159,2013-11-08 13:10:00,0.006651706
4159,2013-11-08 13:10:00,0.8494253
4159,2013-11-08 13:20:00,684.3014
4159,2013-11-08 13:20:00,1.1493477
4159,2013-11-08 13:30:00,595.71906
4159,2013-11-08 13:30:00,0.006651706
4159,2013-11-08 13:30:00,0.006651706
4159,2013-11-08 13:40:00,568.1066
4159,2013-11-08 13:50:00,558.10944
4159,2013-11-08 13:50:00,0.4213868
4159,2013-11-08 13:50:00,0.015739262
4159,2013-11-08 14:00:00,0.015739262
4159,2013-11-08 14:00:00,500.67133
4159,2013-11-08 14:00:00,0.4213868
4159,2013-11-08 14:10:00,0.006651706
4159,2013-11-08 14:10:00,550.29565
4159,2013-11-08 14:10:00,0.59319305
4159,2013-11-08 14:10:00,0.4213868
4159,2013-11-08 14:20:00,0.006651706
4159,2013-11-08 14:20:00,476.92612
4159,2013-11-08 14:20:00,0.006651706
4159,2013-11-08 14:20:00,0.4280385
4159,2013-11-08 14:30:00,0.4213868
4159,2013-11-08 14:30:00,0.43712607
4159,2013-11-08 14:30:00,512.7191
4159,2013-11-08 14:30:00,0.012228523
4159,2013-11-08 14:30:00,0.02239097
4159,2013-11-08 14:40:00,0.8427736
4159,2013-11-08 14:40:00,572.7678
4159,2013-11-08 14:40:00,0.29327068
4159,2013-11-08 14:40:00,0.0055768173
4159,2013-11-08 14:50:00,0.8106309
4159,2013-11-08 14:50:00,483.66318
4159,2013-11-08 14:50:00,0.8427736
4159,2013-11-08 15:00:00,0.015739262
4159,2013-11-08 15:00:00,0.4213868
4159,2013-11-08 15:00:00,515.4682
4159,2013-11-08 15:00:00,0.006651706
4159,2013-11-08 15:10:00,503.7283
4159,2013-11-08 15:10:00,0.4213868
4159,2013-11-08 15:10:00,0.4213868
4159,2013-11-08 15:20:00,0.4280385
4159,2013-11-08 15:20:00,1.2320178
4159,2013-11-08 15:20:00,0.48138633
4159,2013-11-08 15:20:00,562.25165
4159,2013-11-08 15:20:00,0.8172826
4159,2013-11-08 15:30:00,486.31104
4159,2013-11-08 15:30:00,0.4213868
4159,2013-11-08 15:30:00,0.006651706
4159,2013-11-08 15:40:00,547.92413
4159,2013-11-08 15:40:00,0.4213868
4159,2013-11-08 15:40:00,0.4213868
4159,2013-11-08 15:50:00,1.2641604
4159,2013-11-08 15:50:00,510.98267
4159,2013-11-08 15:50:00,0.90277314
4159,2013-11-08 16:00:00,0.29327068
4159,2013-11-08 16:00:00,453.09576
4159,2013-11-08 16:10:00,0.4213868
4159,2013-11-08 16:10:00,511.72852
4159,2013-11-08 16:10:00,0.29327068
4159,2013-11-08 16:20:00,470.47327
4159,2013-11-08 16:20:00,0.8106309
4159,2013-11-08 16:20:00,0.006651706
4159,2013-11-08 16:20:00,0.015739262
4159,2013-11-08 16:30:00,0.4213868
4159,2013-11-08 16:30:00,594.5299
4159,2013-11-08 16:40:00,0.4213868
4159,2013-11-08 16:40:00,539.36414
4159,2013-11-08 16:40:00,0.8427736
4159,2013-11-08 16:50:00,0.29327068
4159,2013-11-08 16:50:00,423.51743
4159,2013-11-08 16:50:00,0.006651706
4159,2013-11-08 16:50:00,0.4213868
4159,2013-11-08 17:00:00,426.3382
4159,2013-11-08 17:00:00,0.4213868
4159,2013-11-08 17:00:00,0.8427736
4159,2013-11-08 17:10:00,0.013303412
4159,2013-11-08 17:10:00,395.8062
4159,2013-11-08 17:10:00,0.4213868
4159,2013-11-08 17:10:00,0.4213868
4159,2013-11-08 17:10:00,0.4213868
4159,2013-11-08 17:20:00,0.006651706
4159,2013-11-08 17:20:00,489.6812
4159,2013-11-08 17:20:00,0.8106309
4159,2013-11-08 17:20:00,1.2641604
4159,2013-11-08 17:30:00,0.4213868
4159,2013-11-08 17:30:00,435.50406
4159,2013-11-08 17:30:00,0.8106309
4159,2013-11-08 17:30:00,0.006651706
4159,2013-11-08 17:30:00,0.8427736
4159,2013-11-08 17:40:00,378.5893
4159,2013-11-08 17:40:00,0.8427736
4159,2013-11-08 17:40:00,0.48138633
4159,2013-11-08 17:50:00,0.58654135
4159,2013-11-08 17:50:00,1.6855472
4159,2013-11-08 17:50:00,347.52682
4159,2013-11-08 17:50:00,0.013303412
4159,2013-11-08 17:50:00,1.429315
4159,2013-11-08 18:00:00,0.4213868
4159,2013-11-08 18:00:00,367.76144
4159,2013-11-08 18:00:00,0.006651706
4159,2013-11-08 18:00:00,0.006651706
4159,2013-11-08 18:00:00,1.9788179
4159,2013-11-08 18:10:00,0.013303412
4159,2013-11-08 18:10:00,347.38605
4159,2013-11-08 18:10:00,0.7146575
4159,2013-11-08 18:20:00,356.6053
4159,2013-11-08 18:20:00,0.006651706
4159,2013-11-08 18:20:00,0.4213868
4159,2013-11-08 18:30:00,343.89737
4159,2013-11-08 18:30:00,0.006651706
4159,2013-11-08 18:30:00,0.006651706
4159,2013-11-08 18:40:00,319.32837
4159,2013-11-08 18:40:00,0.4213868
4159,2013-11-08 18:40:00,0.4213868
4159,2013-11-08 18:50:00,294.11035
4159,2013-11-08 18:50:00,0.7146575
4159,2013-11-08 19:00:00,325.45654
4159,2013-11-08 19:00:00,0.015739262
4159,2013-11-08 19:00:00,0.7146575
4159,2013-11-08 19:00:00,0.015739262
4159,2013-11-08 19:10:00,0.4213868
4159,2013-11-08 19:10:00,312.135
4159,2013-11-08 19:10:00,0.006651706
4159,2013-11-08 19:10:00,0.7213092
4159,2013-11-08 19:20:00,293.71777
4159,2013-11-08 19:20:00,0.4213868
4159,2013-11-08 19:30:00,264.97363
4159,2013-11-08 19:30:00,0.015739262
4159,2013-11-08 19:30:00,0.4213868
4159,2013-11-08 19:40:00,0.006651706
4159,2013-11-08 19:40:00,313.27914
4159,2013-11-08 19:40:00,0.0055768173
4159,2013-11-08 19:40:00,0.006651706
4159,2013-11-08 19:50:00,255.38872
4159,2013-11-08 19:50:00,0.8106309
4159,2013-11-08 19:50:00,0.4213868
4159,2013-11-08 19:50:00,1.429315
4159,2013-11-08 20:00:00,241.76396
4159,2013-11-08 20:00:00,0.43712607
4159,2013-11-08 20:00:00,0.4280385
4159,2013-11-08 20:10:00,230.18663
4159,2013-11-08 20:10:00,0.48138633
4159,2013-11-08 20:10:00,0.006651706
4159,2013-11-08 20:10:00,0.4213868
4159,2013-11-08 20:20:00,306.28082
4159,2013-11-08 20:30:00,224.47697
4159,2013-11-08 20:30:00,0.43712607
4159,2013-11-08 20:30:00,0.8427736
4159,2013-11-08 20:40:00,278.27945
4159,2013-11-08 20:40:00,0.8106309
4159,2013-11-08 20:40:00,0.006651706
4159,2013-11-08 20:40:00,0.29327068
4159,2013-11-08 20:50:00,244.84317
4159,2013-11-08 21:00:00,0.006651706
4159,2013-11-08 21:00:00,209.70673
4159,2013-11-08 21:00:00,0.8106309
4159,2013-11-08 21:00:00,0.4213868
4159,2013-11-08 21:10:00,0.006651706
4159,2013-11-08 21:10:00,268.35434
4159,2013-11-08 21:10:00,0.015739262
4159,2013-11-08 21:20:00,0.006651706
4159,2013-11-08 21:20:00,255.2516
4159,2013-11-08 21:20:00,0.48138633
4159,2013-11-08 21:20:00,0.015739262
4159,2013-11-08 21:20:00,0.8106309
4159,2013-11-08 21:20:00,0.006651706
4159,2013-11-08 21:30:00,253.79597
4159,2013-11-08 21:30:00,0.8106309
4159,2013-11-08 21:30:00,0.4213868
4159,2013-11-08 21:30:00,0.4213868
4159,2013-11-08 21:40:00,0.031478524
4159,2013-11-08 21:40:00,211.54794
4159,2013-11-08 21:40:00,0.015739262
4159,2013-11-08 21:50:00,0.015739262
4159,2013-11-08 21:50:00,216.67418
4159,2013-11-08 21:50:00,0.006651706
4159,2013-11-08 22:00:00,0.29327068
4159,2013-11-08 22:00:00,196.97209
4159,2013-11-08 22:00:00,0.015739262
4159,2013-11-08 22:10:00,0.006651706
4159,2013-11-08 22:10:00,203.4489
4159,2013-11-08 22:10:00,0.0055768173
4159,2013-11-08 22:10:00,0.4213868
4159,2013-11-08 22:20:00,211.86781
4159,2013-11-08 22:20:00,0.4213868
4159,2013-11-08 22:20:00,0.006651706
4159,2013-11-08 22:30:00,259.00613
4159,2013-11-08 22:30:00,0.4213868
4159,2013-11-08 22:30:00,0.29327068
4159,2013-11-08 22:40:00,218.24193
4159,2013-11-08 22:40:00,0.4213868
4159,2013-11-08 22:50:00,0.006651706
4159,2013-11-08 22:50:00,221.54187
4159,2013-11-08 22:50:00,0.48138633
4159,2013-11-08 23:00:00,232.7713
4159,2013-11-08 23:00:00,0.006651706
4159,2013-11-08 23:10:00,233.78955
4159,2013-11-08 23:10:00,0.4213868
4159,2013-11-08 23:20:00,224.80118
4159,2013-11-08 23:20:00,0.006651706
4159,2013-11-08 23:20:00,0.015739262
4159,2013-11-08 23:30:00,210.20464
4159,2013-11-08 23:30:00,0.006651706
4159,2013-11-08 23:40:00,258.1606
4159,2013-11-08 23:40:00,0.012228523
4159,2013-11-08 23:40:00,0.4213868
4159,2013-11-08 23:40:00,1.0079281
4159,2013-11-08 23:50:00,194.71724
4159,2013-11-08 23:50:00,0.012228523
4159,2013-11-08 23:50:00,0.015739262
4159,2013-11-09 00:00:00,191.42015
4159,2013-11-09 00:00:00,0.0055768173
4159,2013-11-09 00:00:00,0.006651706
4159,2013-11-09 00:10:00,269.8529
4159,2013-11-09 00:10:00,0.01780534
4159,2013-11-09 00:20:00,216.82814
4159,2013-11-09 00:20:00,0.4213868
4159,2013-11-09 00:30:00,188.97037
4159,2013-11-09 00:40:00,187.69887
4159,2013-11-09 00:40:00,0.006651706
4159,2013-11-09 00:50:00,175.0368
4159,2013-11-09 00:50:00,0.4213868
4159,2013-11-09 00:50:00,0.4213868
4159,2013-11-09 01:00:00,0.29327068
4159,2013-11-09 01:00:00,160.90524
4159,2013-11-09 01:10:00,173.70415
4159,2013-11-09 01:10:00,0.006651706
4159,2013-11-09 01:20:00,161.55167
4159,2013-11-09 01:30:00,183.40565
4159,2013-11-09 01:30:00,0.29327068
4159,2013-11-09 01:40:00,167.43005
4159,2013-11-09 01:40:00,0.006651706
4159,2013-11-09 01:50:00,165.0792
4159,2013-11-09 01:50:00,0.4213868
4159,2013-11-09 02:00:00,163.76082
4159,2013-11-09 02:10:00,168.87473
4159,2013-11-09 02:10:00,0.006651706
4159,2013-11-09 02:20:00,156.97076
4159,2013-11-09 02:20:00,0.48138633
4159,2013-11-09 02:30:00,150.76546
4159,2013-11-09 02:30:00,0.4213868
4159,2013-11-09 02:30:00,0.29327068
4159,2013-11-09 02:40:00,147.07271
4159,2013-11-09 02:40:00,0.4280385
4159,2013-11-09 02:50:00,145.65518
4159,2013-11-09 02:50:00,0.006651706
4159,2013-11-09 02:50:00,0.006651706
4159,2013-11-09 03:00:00,143.50919
4159,2013-11-09 03:00:00,0.4213868
4159,2013-11-09 03:10:00,152.72571
4159,2013-11-09 03:20:00,137.38869
4159,2013-11-09 03:20:00,0.006651706
4159,2013-11-09 03:30:00,138.13362
4159,2013-11-09 03:30:00,0.4213868
4159,2013-11-09 03:40:00,137.88354
4159,2013-11-09 03:40:00,0.2999224
4159,2013-11-09 03:50:00,134.9595
4159,2013-11-09 03:50:00,0.48138633
4159,2013-11-09 03:50:00,0.006651706
4159,2013-11-09 03:50:00,0.29327068
4159,2013-11-09 04:00:00,140.80437
4159,2013-11-09 04:10:00,130.25458
4159,2013-11-09 04:20:00,134.7817
4159,2013-11-09 04:20:00,0.006651706
4159,2013-11-09 04:20:00,0.006651706
4159,2013-11-09 04:30:00,124.67849
4159,2013-11-09 04:30:00,0.48138633
4159,2013-11-09 04:40:00,128.74419
4159,2013-11-09 04:50:00,120.1951
4159,2013-11-09 04:50:00,0.006651706
4159,2013-11-09 05:00:00,122.863045
4159,2013-11-09 05:10:00,128.7664
4159,2013-11-09 05:10:00,0.4213868
4159,2013-11-09 05:20:00,118.67926
4159,2013-11-09 05:30:00,128.71886
4159,2013-11-09 05:30:00,0.006651706
4159,2013-11-09 05:40:00,134.74997
4159,2013-11-09 05:40:00,0.4213868
4159,2013-11-09 05:40:00,0.4213868
4159,2013-11-09 05:50:00,0.015739262
4159,2013-11-09 05:50:00,138.01715
4159,2013-11-09 06:00:00,0.4213868
4159,2013-11-09 06:00:00,147.54543
4159,2013-11-09 06:00:00,0.006651706
4159,2013-11-09 06:10:00,148.70938
4159,2013-11-09 06:20:00,147.99551
4159,2013-11-09 06:20:00,0.4213868
4159,2013-11-09 06:30:00,157.5361
4159,2013-11-09 06:30:00,0.006651706
4159,2013-11-09 06:40:00,149.97464
4159,2013-11-09 06:50:00,0.006651706
4159,2013-11-09 06:50:00,181.19804
4159,2013-11-09 06:50:00,0.0055768173
4159,2013-11-09 07:00:00,193.4947
4159,2013-11-09 07:10:00,206.27817
4159,2013-11-09 07:10:00,0.013303412
4159,2013-11-09 07:10:00,0.006651706
4159,2013-11-09 07:20:00,173.19655
4159,2013-11-09 07:20:00,0.8427736
4159,2013-11-09 07:30:00,183.03873
4159,2013-11-09 07:30:00,0.4213868
4159,2013-11-09 07:40:00,214.19101
4159,2013-11-09 07:40:00,0.006651706
4159,2013-11-09 07:40:00,0.4213868
4159,2013-11-09 07:50:00,202.9609
4159,2013-11-09 08:00:00,187.08678
4159,2013-11-09 08:00:00,0.4213868
4159,2013-11-09 08:10:00,195.05489
4159,2013-11-09 08:10:00,0.48138633
4159,2013-11-09 08:10:00,0.006651706
4159,2013-11-09 08:10:00,0.8427736
4159,2013-11-09 08:20:00,216.12538
4159,2013-11-09 08:20:00,0.4213868
4159,2013-11-09 08:30:00,233.0679
4159,2013-11-09 08:30:00,0.4213868
4159,2013-11-09 08:40:00,0.4213868
4159,2013-11-09 08:40:00,218.46785
4159,2013-11-09 08:40:00,0.29327068
4159,2013-11-09 08:40:00,0.4213868
4159,2013-11-09 08:50:00,261.37262
4159,2013-11-09 08:50:00,0.006651706
4159,2013-11-09 09:00:00,0.006651706
4159,2013-11-09 09:00:00,192.75664
4159,2013-11-09 09:00:00,0.006651706
4159,2013-11-09 09:00:00,0.8106309
4159,2013-11-09 09:00:00,0.8427736
4159,2013-11-09 09:10:00,0.2999224
4159,2013-11-09 09:10:00,253.3532
4159,2013-11-09 09:10:00,0.006651706
4159,2013-11-09 09:20:00,2.4318926
4159,2013-11-09 09:20:00,248.07593
4159,2013-11-09 09:20:00,0.0055768173
4159,2013-11-09 09:20:00,0.4280385
4159,2013-11-09 09:30:00,0.8106309
4159,2013-11-09 09:30:00,236.8726
4159,2013-11-09 09:30:00,0.0055768173
4159,2013-11-09 09:30:00,1.8055463
4159,2013-11-09 09:40:00,250.40184
4159,2013-11-09 09:50:00,219.74779
4159,2013-11-09 09:50:00,0.0055768173
4159,2013-11-09 09:50:00,0.006651706
4159,2013-11-09 09:50:00,0.8427736
4159,2013-11-09 09:50:00,0.4213868
4159,2013-11-09 10:00:00,257.81647
4159,2013-11-09 10:10:00,244.56636
4159,2013-11-09 10:10:00,0.96277267
4159,2013-11-09 10:20:00,0.4213868
4159,2013-11-09 10:20:00,345.254
4159,2013-11-09 10:20:00,0.006651706
4159,2013-11-09 10:30:00,328.1831
4159,2013-11-09 10:30:00,0.006651706
4159,2013-11-09 10:40:00,314.02637
4159,2013-11-09 10:40:00,0.4280385
4159,2013-11-09 10:50:00,291.37842
4159,2013-11-09 10:50:00,0.4213868
4159,2013-11-09 11:00:00,317.29745
4159,2013-11-09 11:00:00,0.015739262
4159,2013-11-09 11:00:00,0.006651706
4159,2013-11-09 11:10:00,295.87106
4159,2013-11-09 11:10:00,0.4213868
4159,2013-11-09 11:10:00,0.29327068
4159,2013-11-09 11:20:00,284.779
4159,2013-11-09 11:20:00,0.015739262
4159,2013-11-09 11:20:00,0.015739262
4159,2013-11-09 11:20:00,0.0055768173
4159,2013-11-09 11:30:00,339.47635
4159,2013-11-09 11:30:00,0.006651706
4159,2013-11-09 11:30:00,0.4213868
4159,2013-11-09 11:40:00,0.29327068
4159,2013-11-09 11:40:00,315.069
4159,2013-11-09 11:40:00,0.006651706
4159,2013-11-09 11:50:00,0.48138633
4159,2013-11-09 11:50:00,350.67358
4159,2013-11-09 11:50:00,0.4213868
4159,2013-11-09 12:00:00,278.33887
4159,2013-11-09 12:00:00,0.015739262
4159,2013-11-09 12:00:00,0.4280385
4159,2013-11-09 12:00:00,0.29327068
4159,2013-11-09 12:10:00,0.015739262
4159,2013-11-09 12:10:00,285.77917
4159,2013-11-09 12:10:00,1.9412845
4159,2013-11-09 12:10:00,0.29327068
4159,2013-11-09 12:20:00,307.2274
4159,2013-11-09 12:20:00,0.015739262
4159,2013-11-09 12:20:00,0.48138633
4159,2013-11-09 12:20:00,0.4280385
4159,2013-11-09 12:30:00,251.43025
4159,2013-11-09 12:30:00,0.4213868
4159,2013-11-09 12:40:00,293.85986
4159,2013-11-09 12:40:00,0.015739262
4159,2013-11-09 12:40:00,0.006651706
4159,2013-11-09 12:50:00,0.0055768173
4159,2013-11-09 12:50:00,250.87479
4159,2013-11-09 12:50:00,0.9185124
4159,2013-11-09 12:50:00,0.006651706
4159,2013-11-09 13:00:00,255.18135
4159,2013-11-09 13:00:00,0.8427736
4159,2013-11-09 13:10:00,0.4213868
4159,2013-11-09 13:10:00,282.56058
4159,2013-11-09 13:10:00,0.8106309
4159,2013-11-09 13:10:00,0.4346902
4159,2013-11-09 13:10:00,0.7146575
4159,2013-11-09 13:20:00,263.25223
4159,2013-11-09 13:20:00,0.006651706
4159,2013-11-09 13:30:00,0.4213868
4159,2013-11-09 13:30:00,258.68454
4159,2013-11-09 13:30:00,0.012228523
4159,2013-11-09 13:30:00,0.8172826
4159,2013-11-09 13:30:00,0.006651706
4159,2013-11-09 13:40:00,253.98907
4159,2013-11-09 13:40:00,0.4280385
4159,2013-11-09 13:50:00,284.84656
4159,2013-11-09 13:50:00,0.8427736
4159,2013-11-09 14:00:00,0.4213868
4159,2013-11-09 14:00:00,285.20074
4159,2013-11-09 14:00:00,0.8106309
4159,2013-11-09 14:00:00,0.015739262
4159,2013-11-09 14:00:00,0.4213868
4159,2013-11-09 14:00:00,0.29327068
4159,2013-11-09 14:10:00,274.55792
4159,2013-11-09 14:10:00,0.29327068
4159,2013-11-09 14:10:00,0.015739262
4159,2013-11-09 14:10:00,0.006651706
4159,2013-11-09 14:20:00,269.91702
4159,2013-11-09 14:20:00,0.06295705
4159,2013-11-09 14:30:00,251.86484
4159,2013-11-09 14:30:00,0.053869493
4159,2013-11-09 14:30:00,0.2999224
4159,2013-11-09 14:30:00,0.006651706
4159,2013-11-09 14:40:00,235.20789
4159,2013-11-09 14:40:00,0.4213868
4159,2013-11-09 14:50:00,0.006651706
4159,2013-11-09 14:50:00,270.07175
4159,2013-11-09 14:50:00,0.0055768173
4159,2013-11-09 14:50:00,0.006651706
4159,2013-11-09 14:50:00,0.4213868
4159,2013-11-09 15:00:00,244.60988
4159,2013-11-09 15:00:00,0.031478524
4159,2013-11-09 15:00:00,0.4213868
4159,2013-11-09 15:10:00,0.29327068
4159,2013-11-09 15:10:00,271.9706
4159,2013-11-09 15:10:00,0.4213868
4159,2013-11-09 15:10:00,1.2641604
4159,2013-11-09 15:20:00,0.29327068
4159,2013-11-09 15:20:00,259.9171
4159,2013-11-09 15:20:00,0.006651706
4159,2013-11-09 15:20:00,0.4213868
4159,2013-11-09 15:30:00,250.15092
4159,2013-11-09 15:40:00,294.19528
4159,2013-11-09 15:40:00,0.012228523
4159,2013-11-09 15:50:00,359.17078
4159,2013-11-09 15:50:00,0.006651706
4159,2013-11-09 16:00:00,300.67993
4159,2013-11-09 16:00:00,2.888318
4159,2013-11-09 16:00:00,0.4213868
4159,2013-11-09 16:10:00,278.44843
4159,2013-11-09 16:10:00,0.4213868
4159,2013-11-09 16:20:00,250.78787
4159,2013-11-09 16:20:00,0.4280385
4159,2013-11-09 16:20:00,1.2641604
4159,2013-11-09 16:30:00,243.13055
4159,2013-11-09 16:30:00,0.8427736
4159,2013-11-09 16:40:00,310.60223
4159,2013-11-09 16:40:00,0.4213868
4159,2013-11-09 16:50:00,0.8427736
4159,2013-11-09 16:50:00,283.18192
4159,2013-11-09 16:50:00,0.4280385
4159,2013-11-09 16:50:00,0.4213868
4159,2013-11-09 17:00:00,292.52136
4159,2013-11-09 17:00:00,0.4213868
4159,2013-11-09 17:00:00,0.7146575
4159,2013-11-09 17:10:00,0.4280385
4159,2013-11-09 17:10:00,263.3056
4159,2013-11-09 17:10:00,0.006651706
4159,2013-11-09 17:20:00,253.99413
4159,2013-11-09 17:20:00,0.015739262
4159,2013-11-09 17:20:00,0.012228523
4159,2013-11-09 17:30:00,343.6105
4159,2013-11-09 17:30:00,0.4280385
4159,2013-11-09 17:30:00,0.29327068
4159,2013-11-09 17:40:00,268.135
4159,2013-11-09 17:40:00,0.006651706
4159,2013-11-09 17:40:00,0.006651706
4159,2013-11-09 17:50:00,280.66455
4159,2013-11-09 17:50:00,0.0055768173
4159,2013-11-09 17:50:00,0.006651706
4159,2013-11-09 17:50:00,0.29327068
4159,2013-11-09 18:00:00,271.39633
4159,2013-11-09 18:00:00,0.4280385
4159,2013-11-09 18:10:00,263.00763
4159,2013-11-09 18:20:00,235.5748
4159,2013-11-09 18:20:00,0.4213868
4159,2013-11-09 18:30:00,240.7525
4159,2013-11-09 18:30:00,0.4280385
4159,2013-11-09 18:30:00,0.8427736
4159,2013-11-09 18:40:00,251.93205
4159,2013-11-09 18:50:00,0.29327068
4159,2013-11-09 18:50:00,224.82082
4159,2013-11-09 19:00:00,232.83057
4159,2013-11-09 19:00:00,0.4213868
4159,2013-11-09 19:00:00,0.8427736
4159,2013-11-09 19:10:00,273.3723
4159,2013-11-09 19:10:00,0.006651706
4159,2013-11-09 19:20:00,0.4213868
4159,2013-11-09 19:20:00,254.99475
4159,2013-11-09 19:20:00,0.006651706
4159,2013-11-09 19:30:00,248.88779
4159,2013-11-09 19:30:00,1.6855472
4159,2013-11-09 19:30:00,0.7146575
4159,2013-11-09 19:40:00,234.28584
4159,2013-11-09 19:40:00,0.011153635
4159,2013-11-09 19:40:00,0.4280385
4159,2013-11-09 19:50:00,248.77351
4159,2013-11-09 19:50:00,0.4213868
4159,2013-11-09 20:00:00,0.006651706
4159,2013-11-09 20:00:00,203.97696
4159,2013-11-09 20:00:00,0.4213868
4159,2013-11-09 20:10:00,223.5133
4159,2013-11-09 20:10:00,0.4213868
4159,2013-11-09 20:10:00,0.4280385
4159,2013-11-09 20:10:00,0.4213868
4159,2013-11-09 20:10:00,0.48138633
4159,2013-11-09 20:20:00,216.01575
4159,2013-11-09 20:20:00,0.29327068
4159,2013-11-09 20:30:00,197.91783
4159,2013-11-09 20:30:00,0.011153635
4159,2013-11-09 20:30:00,0.29327068
4159,2013-11-09 20:40:00,214.83026
4159,2013-11-09 20:40:00,0.7213092
4159,2013-11-09 20:50:00,229.24803
4159,2013-11-09 21:00:00,0.48803803
4159,2013-11-09 21:00:00,211.53175
4159,2013-11-09 21:00:00,0.2999224
4159,2013-11-09 21:10:00,0.4213868
4159,2013-11-09 21:10:00,207.40903
4159,2013-11-09 21:10:00,0.29327068
4159,2013-11-09 21:20:00,0.4213868
4159,2013-11-09 21:20:00,202.7192
4159,2013-11-09 21:20:00,0.4280385
4159,2013-11-09 21:30:00,296.87823
4159,2013-11-09 21:30:00,0.006651706
4159,2013-11-09 21:40:00,261.8096
4159,2013-11-09 21:40:00,0.29327068
4159,2013-11-09 21:50:00,228.43768
4159,2013-11-09 21:50:00,0.006651706
4159,2013-11-09 21:50:00,0.7213092
4159,2013-11-09 21:50:00,0.4213868
4159,2013-11-09 22:00:00,209.98045
4159,2013-11-09 22:00:00,0.006651706
4159,2013-11-09 22:00:00,0.029042674
4159,2013-11-09 22:10:00,240.9228
4159,2013-11-09 22:10:00,0.012228523
4159,2013-11-09 22:10:00,0.4213868
4159,2013-11-09 22:20:00,242.18471
4159,2013-11-09 22:20:00,0.45249555
4159,2013-11-09 22:20:00,0.4213868
4159,2013-11-09 22:30:00,221.96465
4159,2013-11-09 22:30:00,0.4213868
4159,2013-11-09 22:40:00,219.67557
4159,2013-11-09 22:40:00,0.006651706
4159,2013-11-09 22:50:00,247.50711
4159,2013-11-09 22:50:00,0.4213868
4159,2013-11-09 23:00:00,244.83777
4159,2013-11-09 23:00:00,0.4213868
4159,2013-11-09 23:00:00,0.4213868
4159,2013-11-09 23:10:00,233.43968
4159,2013-11-09 23:10:00,0.006651706
4159,2013-11-09 23:20:00,0.006651706
4159,2013-11-09 23:20:00,254.04054
4159,2013-11-09 23:20:00,1.2641604
4159,2013-11-09 23:30:00,221.17241
4159,2013-11-09 23:30:00,0.4213868
4159,2013-11-09 23:40:00,0.4213868
4159,2013-11-09 23:40:00,220.26826
4159,2013-11-09 23:40:00,0.006651706
4159,2013-11-09 23:50:00,0.48138633
4159,2013-11-09 23:50:00,0.015739262
4159,2013-11-09 23:50:00,312.34232
4159,2013-11-09 23:50:00,0.015739262
4159,2013-11-10 00:00:00,270.80984
4159,2013-11-10 00:00:00,0.4213868
4159,2013-11-10 00:00:00,0.4213868
4159,2013-11-10 00:10:00,218.95374
4159,2013-11-10 00:10:00,0.006651706
4159,2013-11-10 00:20:00,255.10968
4159,2013-11-10 00:30:00,232.45425
4159,2013-11-10 00:30:00,0.4213868
4159,2013-11-10 00:40:00,0.006651706
4159,2013-11-10 00:40:00,290.64127
4159,2013-11-10 00:40:00,0.4213868
4159,2013-11-10 00:50:00,0.006651706
4159,2013-11-10 00:50:00,234.87903
4159,2013-11-10 00:50:00,0.006651706
4159,2013-11-10 01:00:00,238.12712
4159,2013-11-10 01:10:00,203.98096
4159,2013-11-10 01:10:00,0.4213868
4159,2013-11-10 01:10:00,0.4213868
4159,2013-11-10 01:20:00,0.8106309
4159,2013-11-10 01:20:00,206.63814
4159,2013-11-10 01:20:00,0.8106309
4159,2013-11-10 01:20:00,0.006651706
4159,2013-11-10 01:30:00,0.8106309
4159,2013-11-10 01:30:00,198.20267
4159,2013-11-10 01:40:00,198.08582
4159,2013-11-10 01:40:00,0.8427736
4159,2013-11-10 01:50:00,218.2015
4159,2013-11-10 01:50:00,0.006651706
4159,2013-11-10 01:50:00,0.29327068
4159,2013-11-10 02:00:00,8.106309
4159,2013-11-10 02:00:00,237.91412
4159,2013-11-10 02:10:00,3.3710945
4159,2013-11-10 02:10:00,159.49901
4159,2013-11-10 02:10:00,0.4213868
4159,2013-11-10 02:10:00,0.4213868
4159,2013-11-10 02:20:00,0.4213868
4159,2013-11-10 02:20:00,222.35495
4159,2013-11-10 02:30:00,3.2425237
4159,2013-11-10 02:30:00,191.3573
4159,2013-11-10 02:30:00,0.006651706
4159,2013-11-10 02:40:00,1.6212618
4159,2013-11-10 02:40:00,188.17734
4159,2013-11-10 02:40:00,0.4213868
4159,2013-11-10 02:50:00,0.8106309
4159,2013-11-10 02:50:00,177.39406
4159,2013-11-10 03:00:00,153.2943
4159,2013-11-10 03:00:00,0.006651706
4159,2013-11-10 03:10:00,0.8717326
4159,2013-11-10 03:10:00,208.41574
4159,2013-11-10 03:10:00,0.4213868
4159,2013-11-10 03:10:00,0.015739262
4159,2013-11-10 03:20:00,145.74693
4159,2013-11-10 03:30:00,148.59938
4159,2013-11-10 03:30:00,0.006651706
4159,2013-11-10 03:40:00,128.3713
4159,2013-11-10 03:50:00,135.57048
4159,2013-11-10 03:50:00,0.4280385
4159,2013-11-10 04:00:00,132.75838
4159,2013-11-10 04:10:00,120.16023
4159,2013-11-10 04:20:00,129.85614
4159,2013-11-10 04:20:00,0.4280385
4159,2013-11-10 04:30:00,132.76265
4159,2013-11-10 04:30:00,0.015739262
4159,2013-11-10 04:40:00,118.54649
4159,2013-11-10 04:50:00,141.80774
4159,2013-11-10 04:50:00,0.4280385
4159,2013-11-10 05:00:00,143.47098
4159,2013-11-10 05:10:00,124.95229
4159,2013-11-10 05:20:00,135.04338
4159,2013-11-10 05:30:00,135.8086
4159,2013-11-10 05:30:00,0.4280385
4159,2013-11-10 05:40:00,122.86539
4159,2013-11-10 05:50:00,124.77336
4159,2013-11-10 06:00:00,133.0094
4159,2013-11-10 06:00:00,0.4280385
4159,2013-11-10 06:10:00,133.46214
4159,2013-11-10 06:20:00,134.33058
4159,2013-11-10 06:30:00,148.37265
4159,2013-11-10 06:30:00,0.006651706
4159,2013-11-10 06:40:00,141.74919
4159,2013-11-10 06:50:00,149.33572
4159,2013-11-10 07:00:00,159.0144
4159,2013-11-10 07:10:00,156.85127
4159,2013-11-10 07:10:00,0.90277314
4159,2013-11-10 07:10:00,0.4280385
4159,2013-11-10 07:20:00,159.45488
4159,2013-11-10 07:30:00,156.05238
4159,2013-11-10 07:30:00,0.031478524
4159,2013-11-10 07:40:00,191.7103
4159,2013-11-10 07:40:00,0.4280385
4159,2013-11-10 07:50:00,165.06749
4159,2013-11-10 07:50:00,0.015739262
4159,2013-11-10 08:00:00,218.38629
4159,2013-11-10 08:10:00,0.4213868
4159,2013-11-10 08:10:00,433.95602
4159,2013-11-10 08:10:00,0.4280385
4159,2013-11-10 08:20:00,222.23724
4159,2013-11-10 08:20:00,0.4213868
4159,2013-11-10 08:20:00,0.4213868
4159,2013-11-10 08:30:00,172.8301
4159,2013-11-10 08:40:00,186.54254
4159,2013-11-10 08:40:00,0.8162077
4159,2013-11-10 08:40:00,0.006651706
4159,2013-11-10 08:40:00,0.4280385
4159,2013-11-10 08:50:00,168.87361
4159,2013-11-10 09:00:00,241.99063
4159,2013-11-10 09:00:00,0.4213868
4159,2013-11-10 09:10:00,319.44473
4159,2013-11-10 09:10:00,0.8106309
4159,2013-11-10 09:10:00,0.4213868
4159,2013-11-10 09:20:00,216.16077
4159,2013-11-10 09:20:00,0.8106309
4159,2013-11-10 09:20:00,0.006651706
4159,2013-11-10 09:30:00,247.4152
4159,2013-11-10 09:30:00,0.8106309
4159,2013-11-10 09:40:00,240.2759
4159,2013-11-10 09:40:00,0.4213868
4159,2013-11-10 09:50:00,218.70865
4159,2013-11-10 09:50:00,0.90942484
4159,2013-11-10 09:50:00,0.006651706
4159,2013-11-10 09:50:00,0.031478524
4159,2013-11-10 10:00:00,228.9139
4159,2013-11-10 10:00:00,0.4213868
4159,2013-11-10 10:10:00,288.6641
4159,2013-11-10 10:20:00,311.8722
4159,2013-11-10 10:20:00,0.006651706
4159,2013-11-10 10:30:00,1.444159
4159,2013-11-10 10:30:00,271.51672
4159,2013-11-10 10:30:00,0.006651706
4159,2013-11-10 10:30:00,0.4213868
4159,2013-11-10 10:30:00,0.48138633
4159,2013-11-10 10:40:00,266.42108
4159,2013-11-10 10:40:00,0.48138633
4159,2013-11-10 10:40:00,0.8427736
4159,2013-11-10 10:50:00,0.015739262
4159,2013-11-10 10:50:00,183.3549
4159,2013-11-10 10:50:00,0.4213868
4159,2013-11-10 11:00:00,1.6212618
4159,2013-11-10 11:00:00,196.24226
4159,2013-11-10 11:00:00,0.006651706
4159,2013-11-10 11:00:00,0.29327068
4159,2013-11-10 11:10:00,204.12712
4159,2013-11-10 11:10:00,0.2999224
4159,2013-11-10 11:20:00,0.48138633
4159,2013-11-10 11:20:00,197.92473
4159,2013-11-10 11:20:00,0.2999224
4159,2013-11-10 11:20:00,0.4213868
4159,2013-11-10 11:30:00,203.42017
4159,2013-11-10 11:30:00,0.8106309
4159,2013-11-10 11:30:00,0.006651706
4159,2013-11-10 11:40:00,0.4213868
4159,2013-11-10 11:40:00,263.23138
4159,2013-11-10 11:40:00,0.006651706
4159,2013-11-10 11:50:00,200.40019
4159,2013-11-10 11:50:00,0.4213868
4159,2013-11-10 11:50:00,0.2999224
4159,2013-11-10 12:00:00,0.015739262
4159,2013-11-10 12:00:00,223.93454
4159,2013-11-10 12:00:00,0.006651706
4159,2013-11-10 12:00:00,0.58654135
4159,2013-11-10 12:10:00,240.73454
4159,2013-11-10 12:20:00,0.4213868
4159,2013-11-10 12:20:00,219.51494
4159,2013-11-10 12:20:00,0.4213868
4159,2013-11-10 12:30:00,0.4213868
4159,2013-11-10 12:30:00,274.01666
4159,2013-11-10 12:30:00,0.012228523
4159,2013-11-10 12:40:00,0.48138633
4159,2013-11-10 12:40:00,0.4213868
4159,2013-11-10 12:40:00,244.86876
4159,2013-11-10 12:40:00,0.006651706
4159,2013-11-10 12:50:00,207.25941
4159,2013-11-10 12:50:00,0.4213868
4159,2013-11-10 12:50:00,0.8427736
4159,2013-11-10 13:00:00,295.3837
4159,2013-11-10 13:00:00,0.0055768173
4159,2013-11-10 13:00:00,0.8427736
4159,2013-11-10 13:10:00,0.29327068
4159,2013-11-10 13:10:00,220.79233
4159,2013-11-10 13:10:00,0.006651706
4159,2013-11-10 13:20:00,218.38103
4159,2013-11-10 13:20:00,0.4213868
4159,2013-11-10 13:30:00,223.12874
4159,2013-11-10 13:30:00,0.29327068
4159,2013-11-10 13:40:00,224.48358
4159,2013-11-10 13:40:00,0.4280385
4159,2013-11-10 13:40:00,0.4213868
4159,2013-11-10 13:50:00,0.29327068
4159,2013-11-10 13:50:00,219.94629
4159,2013-11-10 13:50:00,0.4213868
4159,2013-11-10 14:00:00,211.16261
4159,2013-11-10 14:00:00,0.0055768173
4159,2013-11-10 14:00:00,0.29327068
4159,2013-11-10 14:10:00,194.92865
4159,2013-11-10 14:10:00,0.006651706
4159,2013-11-10 14:20:00,216.11223
4159,2013-11-10 14:20:00,0.2999224
4159,2013-11-10 14:30:00,0.006651706
4159,2013-11-10 14:30:00,223.77907
4159,2013-11-10 14:30:00,0.006651706
4159,2013-11-10 14:30:00,0.006651706
4159,2013-11-10 14:40:00,207.84662
4159,2013-11-10 14:40:00,0.48138633
4159,2013-11-10 14:40:00,0.8106309
4159,2013-11-10 14:40:00,0.4280385
4159,2013-11-10 14:50:00,258.28183
4159,2013-11-10 14:50:00,0.006651706
4159,2013-11-10 15:00:00,181.29088
4159,2013-11-10 15:00:00,0.4213868
4159,2013-11-10 15:10:00,0.4213868
4159,2013-11-10 15:10:00,0.8172826
4159,2013-11-10 15:10:00,236.97969
4159,2013-11-10 15:20:00,250.72237
4159,2013-11-10 15:20:00,0.006651706
4159,2013-11-10 15:20:00,0.006651706
4159,2013-11-10 15:30:00,224.52332
4159,2013-11-10 15:30:00,0.4213868
4159,2013-11-10 15:30:00,0.44377777
4159,2013-11-10 15:40:00,255.7881
4159,2013-11-10 15:40:00,0.015739262
4159,2013-11-10 15:50:00,247.49207
4159,2013-11-10 15:50:00,0.006651706
4159,2013-11-10 15:50:00,0.015739262
4159,2013-11-10 16:00:00,264.88028
4159,2013-11-10 16:10:00,223.45152
4159,2013-11-10 16:10:00,0.4280385
4159,2013-11-10 16:10:00,0.006651706
4159,2013-11-10 16:20:00,247.72888
4159,2013-11-10 16:20:00,0.015739262
4159,2013-11-10 16:20:00,0.006651706
4159,2013-11-10 16:20:00,0.29327068
4159,2013-11-10 16:30:00,243.36954
4159,2013-11-10 16:30:00,0.4213868
4159,2013-11-10 16:30:00,0.8427736
4159,2013-11-10 16:40:00,234.74603
4159,2013-11-10 16:40:00,0.012228523
4159,2013-11-10 16:40:00,0.0055768173
4159,2013-11-10 16:40:00,0.4213868
4159,2013-11-10 16:40:00,0.4213868
4159,2013-11-10 16:50:00,0.29327068
4159,2013-11-10 16:50:00,258.65225
4159,2013-11-10 16:50:00,0.006651706
4159,2013-11-10 16:50:00,0.4213868
4159,2013-11-10 17:00:00,0.006651706
4159,2013-11-10 17:00:00,278.37885
4159,2013-11-10 17:00:00,0.015739262
4159,2013-11-10 17:00:00,0.29327068
4159,2013-11-10 17:10:00,233.09135
4159,2013-11-10 17:10:00,0.3065741
4159,2013-11-10 17:10:00,0.4213868
4159,2013-11-10 17:20:00,0.8427736
4159,2013-11-10 17:20:00,273.86795
4159,2013-11-10 17:20:00,0.4213868
4159,2013-11-10 17:20:00,0.006651706
4159,2013-11-10 17:30:00,266.02087
4159,2013-11-10 17:30:00,0.8494253
4159,2013-11-10 17:30:00,0.29327068
4159,2013-11-10 17:30:00,0.7146575
4159,2013-11-10 17:40:00,0.4213868
4159,2013-11-10 17:40:00,272.70535
4159,2013-11-10 17:40:00,0.006651706
4159,2013-11-10 17:50:00,236.77374
4159,2013-11-10 18:00:00,312.7117
4159,2013-11-10 18:00:00,0.0055768173
4159,2013-11-10 18:00:00,0.8494253
4159,2013-11-10 18:00:00,0.29327068
4159,2013-11-10 18:10:00,0.8172826
4159,2013-11-10 18:10:00,263.3766
4159,2013-11-10 18:10:00,0.4213868
4159,2013-11-10 18:10:00,0.8427736
4159,2013-11-10 18:20:00,233.60023
4159,2013-11-10 18:20:00,0.8427736
4159,2013-11-10 18:20:00,0.4213868
4159,2013-11-10 18:30:00,242.90283
4159,2013-11-10 18:30:00,0.006651706
4159,2013-11-10 18:40:00,270.44156
4159,2013-11-10 18:40:00,0.8427736
4159,2013-11-10 18:40:00,0.29327068
4159,2013-11-10 18:50:00,342.49167
4159,2013-11-10 18:50:00,0.8106309
4159,2013-11-10 19:00:00,259.21964
4159,2013-11-10 19:00:00,0.8427736
4159,2013-11-10 19:00:00,0.29327068
4159,2013-11-10 19:10:00,0.015739262
4159,2013-11-10 19:10:00,236.99057
4159,2013-11-10 19:10:00,0.006651706
4159,2013-11-10 19:10:00,0.006651706
4159,2013-11-10 19:20:00,225.81442
4159,2013-11-10 19:20:00,0.8427736
4159,2013-11-10 19:30:00,226.66403
4159,2013-11-10 19:30:00,0.4213868
4159,2013-11-10 19:40:00,265.12634
4159,2013-11-10 19:40:00,0.006651706
4159,2013-11-10 19:40:00,0.4280385
4159,2013-11-10 19:50:00,0.006651706
4159,2013-11-10 19:50:00,246.62927
4159,2013-11-10 19:50:00,0.0055768173
4159,2013-11-10 19:50:00,0.29327068
4159,2013-11-10 20:00:00,0.028958974
4159,2013-11-10 20:00:00,0.015739262
4159,2013-11-10 20:00:00,250.37265
4159,2013-11-10 20:00:00,0.015739262
4159,2013-11-10 20:00:00,0.4213868
4159,2013-11-10 20:10:00,0.02230727
4159,2013-11-10 20:10:00,241.951
4159,2013-11-10 20:10:00,0.006651706
4159,2013-11-10 20:20:00,201.99338
4159,2013-11-10 20:30:00,244.99188
4159,2013-11-10 20:30:00,0.3065741
4159,2013-11-10 20:40:00,226.19606
4159,2013-11-10 20:40:00,0.006651706
4159,2013-11-10 20:40:00,0.2999224
4159,2013-11-10 20:50:00,0.006651706
4159,2013-11-10 20:50:00,207.66908
4159,2013-11-10 21:00:00,238.67256
4159,2013-11-10 21:00:00,0.4213868
4159,2013-11-10 21:00:00,0.4280385
4159,2013-11-10 21:10:00,242.58266
4159,2013-11-10 21:10:00,0.4213868
4159,2013-11-10 21:20:00,225.49675
4159,2013-11-10 21:20:00,0.006651706
4159,2013-11-10 21:30:00,259.93277
4159,2013-11-10 21:40:00,240.03578
4159,2013-11-10 21:40:00,0.013303412
4159,2013-11-10 21:40:00,0.4213868
4159,2013-11-10 21:50:00,1.5252883
4159,2013-11-10 21:50:00,253.01855
4159,2013-11-10 21:50:00,0.006651706
4159,2013-11-10 22:00:00,263.53305
4159,2013-11-10 22:00:00,0.4213868
4159,2013-11-10 22:10:00,225.2624
4159,2013-11-10 22:20:00,242.42271
4159,2013-11-10 22:20:00,0.006651706
4159,2013-11-10 22:30:00,206.8789
4159,2013-11-10 22:40:00,191.36174
4159,2013-11-10 22:50:00,212.82077
4159,2013-11-10 23:00:00,0.4213868
4159,2013-11-10 23:00:00,192.77248
4159,2013-11-10 23:00:00,0.006651706
4159,2013-11-10 23:10:00,191.66096
4159,2013-11-10 23:20:00,197.62837
4159,2013-11-10 23:30:00,185.53503
4159,2013-11-10 23:30:00,0.4280385
4159,2013-11-10 23:40:00,191.90388
4159,2013-11-10 23:50:00,172.57433
4159,2013-11-11 00:00:00,150.9542
4159,2013-11-11 00:00:00,0.006651706
4159,2013-11-11 00:00:00,0.29327068
4159,2013-11-11 00:10:00,143.55952
4159,2013-11-11 00:10:00,0.016730452
4159,2013-11-11 00:20:00,163.29361
4159,2013-11-11 00:30:00,165.9208
4159,2013-11-11 00:30:00,0.011153635
4159,2013-11-11 00:30:00,0.29327068
4159,2013-11-11 00:40:00,155.89055
4159,2013-11-11 00:40:00,0.006651706
4159,2013-11-11 00:50:00,159.5307
4159,2013-11-11 01:00:00,154.22804
4159,2013-11-11 01:10:00,154.5076
4159,2013-11-11 01:10:00,0.006651706
4159,2013-11-11 01:20:00,150.79097
4159,2013-11-11 01:30:00,135.37045
4159,2013-11-11 01:40:00,142.96866
4159,2013-11-11 01:40:00,0.006651706
4159,2013-11-11 01:50:00,139.35432
4159,2013-11-11 01:50:00,0.013303412
4159,2013-11-11 02:00:00,131.73137
4159,2013-11-11 02:00:00,0.013303412
4159,2013-11-11 02:10:00,131.99098
4159,2013-11-11 02:10:00,0.006651706
4159,2013-11-11 02:10:00,0.03991024
4159,2013-11-11 02:20:00,141.80432
4159,2013-11-11 02:20:00,0.006651706
4159,2013-11-11 02:30:00,122.7284
4159,2013-11-11 02:40:00,138.3229
4159,2013-11-11 02:50:00,131.16759
4159,2013-11-11 02:50:00,0.006651706
4159,2013-11-11 03:00:00,124.16013
4159,2013-11-11 03:10:00,136.87233
4159,2013-11-11 03:20:00,124.99745
4159,2013-11-11 03:20:00,0.006651706
4159,2013-11-11 03:30:00,127.28417
4159,2013-11-11 03:40:00,131.44916
4159,2013-11-11 03:50:00,125.89225
4159,2013-11-11 03:50:00,0.006651706
4159,2013-11-11 04:00:00,122.96976
4159,2013-11-11 04:10:00,123.01532
4159,2013-11-11 04:20:00,125.24078
4159,2013-11-11 04:20:00,0.006651706
4159,2013-11-11 04:30:00,136.97014
4159,2013-11-11 04:40:00,126.44744
4159,2013-11-11 04:50:00,0.4213868
4159,2013-11-11 04:50:00,138.1642
4159,2013-11-11 04:50:00,0.006651706
4159,2013-11-11 05:00:00,130.63753
4159,2013-11-11 05:10:00,138.17679
4159,2013-11-11 05:20:00,146.16582
4159,2013-11-11 05:30:00,154.63228
4159,2013-11-11 05:30:00,0.006651706
4159,2013-11-11 05:40:00,153.61523
4159,2013-11-11 05:50:00,0.4213868
4159,2013-11-11 05:50:00,150.40459
4159,2013-11-11 06:00:00,0.4213868
4159,2013-11-11 06:00:00,148.6532
4159,2013-11-11 06:00:00,0.006651706
4159,2013-11-11 06:10:00,0.4213868
4159,2013-11-11 06:10:00,158.13786
4159,2013-11-11 06:10:00,0.4213868
4159,2013-11-11 06:10:00,0.4213868
4159,2013-11-11 06:20:00,174.33829
4159,2013-11-11 06:20:00,0.4213868
4159,2013-11-11 06:30:00,201.24553
4159,2013-11-11 06:30:00,0.006651706
4159,2013-11-11 06:40:00,236.42227
4159,2013-11-11 06:40:00,0.4213868
4159,2013-11-11 06:50:00,0.013303412
4159,2013-11-11 06:50:00,235.0663
4159,2013-11-11 06:50:00,0.8427736
4159,2013-11-11 07:00:00,263.79608
4159,2013-11-11 07:10:00,1.8055463
4159,2013-11-11 07:10:00,335.56644
4159,2013-11-11 07:10:00,0.006651706
4159,2013-11-11 07:20:00,0.90277314
4159,2013-11-11 07:20:00,329.91956
4159,2013-11-11 07:20:00,0.4213868
4159,2013-11-11 07:20:00,0.4213868
4159,2013-11-11 07:30:00,344.09958
4159,2013-11-11 07:30:00,0.29327068
4159,2013-11-11 07:40:00,0.4213868
4159,2013-11-11 07:40:00,0.4213868
4159,2013-11-11 07:40:00,372.07635
4159,2013-11-11 07:40:00,0.4280385
4159,2013-11-11 07:40:00,0.8494253
4159,2013-11-11 07:50:00,411.36914
4159,2013-11-11 07:50:00,0.4280385
4159,2013-11-11 08:00:00,410.96127
4159,2013-11-11 08:00:00,0.8427736
4159,2013-11-11 08:10:00,422.242
4159,2013-11-11 08:10:00,0.4213868
4159,2013-11-11 08:10:00,0.2999224
4159,2013-11-11 08:10:00,0.2999224
4159,2013-11-11 08:20:00,1.2320178
4159,2013-11-11 08:20:00,427.0086
4159,2013-11-11 08:20:00,0.4213868
4159,2013-11-11 08:20:00,0.4213868
4159,2013-11-11 08:30:00,402.73303
4159,2013-11-11 08:40:00,0.48138633
4159,2013-11-11 08:40:00,466.85132
4159,2013-11-11 08:40:00,0.4213868
4159,2013-11-11 08:50:00,461.4108
4159,2013-11-11 08:50:00,0.006651706
4159,2013-11-11 08:50:00,0.4213868
4159,2013-11-11 08:50:00,0.006651706
4159,2013-11-11 09:00:00,0.90277314
4159,2013-11-11 09:00:00,0.8106309
4159,2013-11-11 09:00:00,520.5588
4159,2013-11-11 09:00:00,0.8427736
4159,2013-11-11 09:00:00,0.8427736
4159,2013-11-11 09:10:00,629.73804
4159,2013-11-11 09:10:00,0.006651706
4159,2013-11-11 09:10:00,0.4213868
4159,2013-11-11 09:20:00,0.4213868
4159,2013-11-11 09:20:00,737.469
4159,2013-11-11 09:20:00,0.0055768173
4159,2013-11-11 09:30:00,552.2948
4159,2013-11-11 09:30:00,0.006651706
4159,2013-11-11 09:40:00,500.17297
4159,2013-11-11 09:50:00,0.4213868
4159,2013-11-11 09:50:00,565.6716
4159,2013-11-11 10:00:00,0.015739262
4159,2013-11-11 10:00:00,503.17215
4159,2013-11-11 10:00:00,0.0055768173
4159,2013-11-11 10:00:00,0.0055768173
4159,2013-11-11 10:10:00,0.015739262
4159,2013-11-11 10:10:00,0.4213868
4159,2013-11-11 10:10:00,527.3143
4159,2013-11-11 10:10:00,0.006651706
4159,2013-11-11 10:20:00,0.015739262
4159,2013-11-11 10:20:00,0.8427736
4159,2013-11-11 10:20:00,537.32587
4159,2013-11-11 10:20:00,1.32416
4159,2013-11-11 10:20:00,0.2999224
4159,2013-11-11 10:30:00,531.9645
4159,2013-11-11 10:40:00,570.5763
4159,2013-11-11 10:40:00,0.7146575
4159,2013-11-11 10:50:00,540.3232
4159,2013-11-11 11:00:00,0.006651706
4159,2013-11-11 11:00:00,1.8055463
4159,2013-11-11 11:00:00,654.0111
4159,2013-11-11 11:10:00,0.015739262
4159,2013-11-11 11:10:00,0.96277267
4159,2013-11-11 11:10:00,678.6252
4159,2013-11-11 11:20:00,0.015739262
4159,2013-11-11 11:20:00,683.4848
4159,2013-11-11 11:20:00,0.006651706
4159,2013-11-11 11:30:00,0.015739262
4159,2013-11-11 11:30:00,2.9454217
4159,2013-11-11 11:30:00,604.4479
4159,2013-11-11 11:30:00,0.29327068
4159,2013-11-11 11:40:00,0.43712607
4159,2013-11-11 11:40:00,0.8427736
4159,2013-11-11 11:40:00,651.0117
4159,2013-11-11 11:50:00,0.015739262
4159,2013-11-11 11:50:00,628.7679
4159,2013-11-11 11:50:00,1.6534045
4159,2013-11-11 12:00:00,0.047217786
4159,2013-11-11 12:00:00,0.0055768173
4159,2013-11-11 12:00:00,1.32416
4159,2013-11-11 12:00:00,601.174
4159,2013-11-11 12:10:00,0.90277314
4159,2013-11-11 12:10:00,0.015739262
4159,2013-11-11 12:10:00,1.2320178
4159,2013-11-11 12:10:00,691.2095
4159,2013-11-11 12:10:00,0.48138633
4159,2013-11-11 12:20:00,0.8427736
4159,2013-11-11 12:20:00,545.9984
4159,2013-11-11 12:20:00,0.4213868
4159,2013-11-11 12:20:00,0.4213868
4159,2013-11-11 12:30:00,679.38043
4159,2013-11-11 12:40:00,0.015739262
4159,2013-11-11 12:40:00,705.9827
4159,2013-11-11 12:50:00,0.48138633
4159,2013-11-11 12:50:00,0.4213868
4159,2013-11-11 12:50:00,630.21625
4159,2013-11-11 13:00:00,2.2869327
4159,2013-11-11 13:00:00,718.894
4159,2013-11-11 13:00:00,0.4213868
4159,2013-11-11 13:00:00,0.4213868
4159,2013-11-11 13:10:00,0.8106309
4159,2013-11-11 13:10:00,0.48138633
4159,2013-11-11 13:10:00,630.1182
4159,2013-11-11 13:10:00,1.3841594
4159,2013-11-11 13:20:00,1.2320178
4159,2013-11-11 13:20:00,645.4596
4159,2013-11-11 13:20:00,0.59319305
4159,2013-11-11 13:30:00,630.6596
4159,2013-11-11 13:30:00,0.4213868
4159,2013-11-11 13:30:00,0.43712607
4159,2013-11-11 13:40:00,709.9516
4159,2013-11-11 13:50:00,0.015739262
4159,2013-11-11 13:50:00,0.4213868
4159,2013-11-11 13:50:00,633.77606
4159,2013-11-11 13:50:00,0.4213868
4159,2013-11-11 13:50:00,0.4213868
4159,2013-11-11 14:00:00,1.2320178
4159,2013-11-11 14:00:00,589.38086
4159,2013-11-11 14:10:00,0.9865233
4159,2013-11-11 14:10:00,617.6751
4159,2013-11-11 14:10:00,0.4213868
4159,2013-11-11 14:10:00,0.4213868
4159,2013-11-11 14:20:00,0.48803803
4159,2013-11-11 14:20:00,577.6135
4159,2013-11-11 14:30:00,0.015739262
4159,2013-11-11 14:30:00,615.9228
4159,2013-11-11 14:30:00,0.4213868
4159,2013-11-11 14:40:00,577.77313
4159,2013-11-11 14:40:00,0.015739262
4159,2013-11-11 14:40:00,0.29327068
4159,2013-11-11 14:50:00,0.015739262
4159,2013-11-11 14:50:00,612.2875
4159,2013-11-11 14:50:00,0.4213868
4159,2013-11-11 15:00:00,735.31866
4159,2013-11-11 15:00:00,0.011153635
4159,2013-11-11 15:00:00,0.90277314
4159,2013-11-11 15:10:00,793.3571
4159,2013-11-11 15:10:00,0.4213868
4159,2013-11-11 15:20:00,646.3417
4159,2013-11-11 15:20:00,0.006651706
4159,2013-11-11 15:30:00,625.97833
4159,2013-11-11 15:40:00,0.015739262
4159,2013-11-11 15:40:00,717.0305
4159,2013-11-11 15:40:00,0.90277314
4159,2013-11-11 15:40:00,0.4280385
4159,2013-11-11 15:50:00,0.006651706
4159,2013-11-11 15:50:00,0.8494253
4159,2013-11-11 15:50:00,588.51965
4159,2013-11-11 15:50:00,1.7455467
4159,2013-11-11 15:50:00,0.58654135
4159,2013-11-11 16:00:00,543.28845
4159,2013-11-11 16:00:00,0.4213868
4159,2013-11-11 16:10:00,0.90834993
4159,2013-11-11 16:10:00,639.9827
4159,2013-11-11 16:10:00,0.4213868
4159,2013-11-11 16:20:00,673.82916
4159,2013-11-11 16:20:00,0.4213868
4159,2013-11-11 16:20:00,1.1360443
4159,2013-11-11 16:30:00,0.90277314
4159,2013-11-11 16:30:00,0.0055768173
4159,2013-11-11 16:30:00,652.2634
4159,2013-11-11 16:40:00,0.29327068
4159,2013-11-11 16:40:00,627.34
4159,2013-11-11 16:40:00,0.0055768173
4159,2013-11-11 16:50:00,614.0183
4159,2013-11-11 16:50:00,0.4213868
4159,2013-11-11 17:00:00,0.29327068
4159,2013-11-11 17:00:00,616.7695
4159,2013-11-11 17:00:00,0.006651706
4159,2013-11-11 17:00:00,2.3359194
4159,2013-11-11 17:00:00,0.4213868
4159,2013-11-11 17:00:00,0.8106309
4159,2013-11-11 17:10:00,639.58
4159,2013-11-11 17:10:00,0.4213868
4159,2013-11-11 17:10:00,1.9145325
4159,2013-11-11 17:20:00,0.4213868
4159,2013-11-11 17:20:00,494.68155
4159,2013-11-11 17:20:00,0.48138633
4159,2013-11-11 17:20:00,0.4213868
4159,2013-11-11 17:30:00,0.006651706
4159,2013-11-11 17:30:00,558.31506
4159,2013-11-11 17:30:00,0.4213868
4159,2013-11-11 17:40:00,484.09128
4159,2013-11-11 17:40:00,0.29327068
4159,2013-11-11 17:40:00,0.59319305
4159,2013-11-11 17:50:00,519.38715
4159,2013-11-11 17:50:00,0.4213868
4159,2013-11-11 17:50:00,0.2999224
4159,2013-11-11 18:00:00,519.0418
4159,2013-11-11 18:00:00,0.4213868
4159,2013-11-11 18:00:00,0.48138633
4159,2013-11-11 18:10:00,0.4213868
4159,2013-11-11 18:10:00,467.61945
4159,2013-11-11 18:10:00,1.2708122
4159,2013-11-11 18:10:00,0.8427736
4159,2013-11-11 18:20:00,0.8427736
4159,2013-11-11 18:20:00,425.20795
4159,2013-11-11 18:20:00,0.006651706
4159,2013-11-11 18:20:00,1.2641604
4159,2013-11-11 18:20:00,0.015739262
4159,2013-11-11 18:30:00,0.29327068
4159,2013-11-11 18:30:00,482.3137
4159,2013-11-11 18:30:00,0.8427736
4159,2013-11-11 18:30:00,0.7213092
4159,2013-11-11 18:40:00,459.90326
4159,2013-11-11 18:40:00,0.29327068
4159,2013-11-11 18:50:00,397.59854
4159,2013-11-11 18:50:00,0.4213868
4159,2013-11-11 19:00:00,355.8326
4159,2013-11-11 19:00:00,0.4213868
4159,2013-11-11 19:00:00,0.4213868
4159,2013-11-11 19:00:00,0.4213868
4159,2013-11-11 19:00:00,0.8427736
4159,2013-11-11 19:10:00,337.1554
4159,2013-11-11 19:10:00,0.48138633
4159,2013-11-11 19:10:00,0.4213868
4159,2013-11-11 19:10:00,0.4213868
4159,2013-11-11 19:10:00,0.48138633
4159,2013-11-11 19:20:00,0.015739262
4159,2013-11-11 19:20:00,338.30725
4159,2013-11-11 19:20:00,0.4213868
4159,2013-11-11 19:20:00,0.7146575
4159,2013-11-11 19:20:00,0.4213868
4159,2013-11-11 19:30:00,309.52374
4159,2013-11-11 19:40:00,0.4213868
4159,2013-11-11 19:40:00,348.2576
4159,2013-11-11 19:40:00,0.4213868
4159,2013-11-11 19:40:00,0.4213868
4159,2013-11-11 19:50:00,436.88763
4159,2013-11-11 19:50:00,0.29327068
4159,2013-11-11 20:00:00,343.6332
4159,2013-11-11 20:00:00,0.4213868
4159,2013-11-11 20:00:00,0.006651706
4159,2013-11-11 20:10:00,0.006651706
4159,2013-11-11 20:10:00,316.98996
4159,2013-11-11 20:20:00,317.82507
4159,2013-11-11 20:30:00,0.006651706
4159,2013-11-11 20:30:00,316.56265
4159,2013-11-11 20:40:00,348.7867
4159,2013-11-11 20:40:00,0.4213868
4159,2013-11-11 20:40:00,0.006651706
4159,2013-11-11 20:50:00,344.39655
4159,2013-11-11 20:50:00,0.29327068
4159,2013-11-11 21:00:00,306.56268
4159,2013-11-11 21:00:00,0.015739262
4159,2013-11-11 21:00:00,0.4213868
4159,2013-11-11 21:00:00,0.006651706
4159,2013-11-11 21:00:00,0.29327068
4159,2013-11-11 21:10:00,343.41687
4159,2013-11-11 21:10:00,0.4213868
4159,2013-11-11 21:20:00,314.65814
4159,2013-11-11 21:30:00,283.2249
4159,2013-11-11 21:30:00,1.6212618
4159,2013-11-11 21:40:00,0.4213868
4159,2013-11-11 21:40:00,254.01093
4159,2013-11-11 21:40:00,0.006651706
4159,2013-11-11 21:50:00,247.91367
4159,2013-11-11 22:00:00,323.9561
4159,2013-11-11 22:10:00,253.61774
4159,2013-11-11 22:10:00,0.015739262
4159,2013-11-11 22:20:00,0.48138633
4159,2013-11-11 22:20:00,224.79584
4159,2013-11-11 22:30:00,278.4613
4159,2013-11-11 22:40:00,294.83475
4159,2013-11-11 22:50:00,0.031478524
4159,2013-11-11 22:50:00,238.35756
4159,2013-11-11 22:50:00,0.4213868
4159,2013-11-11 22:50:00,0.4213868
4159,2013-11-11 23:00:00,1.2641604
4159,2013-11-11 23:00:00,223.20515
4159,2013-11-11 23:00:00,0.4213868
4159,2013-11-11 23:10:00,0.4213868
4159,2013-11-11 23:10:00,228.51872
4159,2013-11-11 23:10:00,0.006651706
4159,2013-11-11 23:20:00,234.6768
4159,2013-11-11 23:30:00,196.51392
4159,2013-11-11 23:30:00,0.48138633
4159,2013-11-11 23:40:00,194.87381
4159,2013-11-11 23:40:00,0.4213868
4159,2013-11-11 23:50:00,207.38058
4159,2013-11-12 00:00:00,182.36711
4159,2013-11-12 00:00:00,0.8427736
4159,2013-11-12 00:10:00,186.21626
4159,2013-11-12 00:20:00,172.61652
4159,2013-11-12 00:30:00,173.61989
4159,2013-11-12 00:30:00,0.29327068
4159,2013-11-12 00:40:00,183.5058
4159,2013-11-12 00:40:00,0.29327068
4159,2013-11-12 00:50:00,182.6635
4159,2013-11-12 00:50:00,0.29327068
4159,2013-11-12 01:00:00,179.32166
4159,2013-11-12 01:10:00,173.00229
4159,2013-11-12 01:20:00,156.95589
4159,2013-11-12 01:30:00,183.59734
4159,2013-11-12 01:40:00,169.60576
4159,2013-11-12 01:50:00,163.21364
4159,2013-11-12 02:00:00,179.93417
4159,2013-11-12 02:10:00,181.75323
4159,2013-11-12 02:20:00,154.62991
4159,2013-11-12 02:30:00,152.97266
4159,2013-11-12 02:40:00,160.80669
4159,2013-11-12 02:50:00,147.11339
4159,2013-11-12 03:00:00,156.19667
4159,2013-11-12 03:10:00,153.70284
4159,2013-11-12 03:20:00,145.03322
4159,2013-11-12 03:20:00,0.48138633
4159,2013-11-12 03:30:00,150.30296
4159,2013-11-12 03:30:00,0.4213868
4159,2013-11-12 03:40:00,153.06744
4159,2013-11-12 03:50:00,135.04286
4159,2013-11-12 04:00:00,143.80609
4159,2013-11-12 04:10:00,148.77795
4159,2013-11-12 04:20:00,141.54855
4159,2013-11-12 04:30:00,146.43889
4159,2013-11-12 04:40:00,152.11363
4159,2013-11-12 04:40:00,0.48138633
4159,2013-11-12 04:40:00,0.031478524
4159,2013-11-12 04:50:00,142.64284
4159,2013-11-12 05:00:00,144.20549
4159,2013-11-12 05:10:00,149.79512
4159,2013-11-12 05:20:00,0.4213868
4159,2013-11-12 05:20:00,144.94772
4159,2013-11-12 05:30:00,151.57654
4159,2013-11-12 05:40:00,153.46922
4159,2013-11-12 05:50:00,0.015739262
4159,2013-11-12 05:50:00,150.47964
4159,2013-11-12 06:00:00,185.81296
4159,2013-11-12 06:10:00,211.8859
4159,2013-11-12 06:10:00,0.4213868
4159,2013-11-12 06:10:00,0.4280385
4159,2013-11-12 06:20:00,0.4213868
4159,2013-11-12 06:20:00,176.58093
4159,2013-11-12 06:20:00,0.015739262
4159,2013-11-12 06:20:00,0.4280385
4159,2013-11-12 06:30:00,0.8427736
4159,2013-11-12 06:30:00,207.21637
4159,2013-11-12 06:40:00,0.4213868
4159,2013-11-12 06:40:00,228.708
4159,2013-11-12 06:50:00,0.013303412
4159,2013-11-12 06:50:00,282.01843
4159,2013-11-12 06:50:00,0.4213868
4159,2013-11-12 06:50:00,0.4213868
4159,2013-11-12 07:00:00,324.24243
4159,2013-11-12 07:00:00,0.015739262
4159,2013-11-12 07:10:00,358.1028
4159,2013-11-12 07:10:00,0.7146575
4159,2013-11-12 07:10:00,0.0055768173
4159,2013-11-12 07:20:00,339.1185
4159,2013-11-12 07:20:00,0.4213868
4159,2013-11-12 07:30:00,402.92963
4159,2013-11-12 07:30:00,0.8427736
4159,2013-11-12 07:40:00,0.7146575
4159,2013-11-12 07:40:00,452.6028
4159,2013-11-12 07:40:00,0.4213868
4159,2013-11-12 07:40:00,0.8427736
4159,2013-11-12 07:40:00,0.90277314
4159,2013-11-12 07:50:00,523.2416
4159,2013-11-12 07:50:00,0.4213868
4159,2013-11-12 08:00:00,0.013303412
4159,2013-11-12 08:00:00,458.4883
4159,2013-11-12 08:00:00,2.4640355
4159,2013-11-12 08:10:00,0.48138633
4159,2013-11-12 08:10:00,465.807
4159,2013-11-12 08:10:00,0.006651706
4159,2013-11-12 08:10:00,0.015739262
4159,2013-11-12 08:10:00,0.856077
4159,2013-11-12 08:10:00,0.0055768173
4159,2013-11-12 08:20:00,1.2320178
4159,2013-11-12 08:20:00,523.104
4159,2013-11-12 08:30:00,0.015739262
4159,2013-11-12 08:30:00,600.38086
4159,2013-11-12 08:30:00,0.006651706
4159,2013-11-12 08:30:00,0.2999224
4159,2013-11-12 08:40:00,0.015739262
4159,2013-11-12 08:40:00,581.5014
4159,2013-11-12 08:40:00,0.4213868
4159,2013-11-12 08:50:00,639.1845
4159,2013-11-12 09:00:00,0.29327068
4159,2013-11-12 09:00:00,573.275
4159,2013-11-12 09:00:00,0.006651706
4159,2013-11-12 09:10:00,0.4213868
4159,2013-11-12 09:10:00,599.05347
4159,2013-11-12 09:10:00,0.006651706
4159,2013-11-12 09:20:00,713.85693
4159,2013-11-12 09:20:00,0.4213868
4159,2013-11-12 09:20:00,0.29327068
4159,2013-11-12 09:30:00,0.29327068
4159,2013-11-12 09:30:00,0.4213868
4159,2013-11-12 09:30:00,639.5698
4159,2013-11-12 09:30:00,0.006651706
4159,2013-11-12 09:40:00,1.4359667
4159,2013-11-12 09:40:00,620.2031
4159,2013-11-12 09:50:00,0.90277314
4159,2013-11-12 09:50:00,677.84064
4159,2013-11-12 09:50:00,0.015739262
4159,2013-11-12 10:00:00,0.29327068
4159,2013-11-12 10:00:00,593.6579
4159,2013-11-12 10:10:00,598.77484
4159,2013-11-12 10:10:00,0.006651706
4159,2013-11-12 10:10:00,0.4213868
4159,2013-11-12 10:20:00,643.6543
4159,2013-11-12 10:20:00,1.6534045
4159,2013-11-12 10:30:00,666.48816
4159,2013-11-12 10:40:00,688.50354
4159,2013-11-12 10:40:00,0.48803803
4159,2013-11-12 10:50:00,680.2591
4159,2013-11-12 10:50:00,0.006651706
4159,2013-11-12 10:50:00,0.8106309
4159,2013-11-12 11:00:00,0.4213868
4159,2013-11-12 11:00:00,720.56824
4159,2013-11-12 11:00:00,0.29327068
4159,2013-11-12 11:10:00,0.4213868
4159,2013-11-12 11:10:00,669.84546
4159,2013-11-12 11:10:00,0.4213868
4159,2013-11-12 11:10:00,0.29327068
4159,2013-11-12 11:20:00,677.7223
4159,2013-11-12 11:20:00,0.96277267
4159,2013-11-12 11:20:00,0.4213868
4159,2013-11-12 11:20:00,0.4213868
4159,2013-11-12 11:20:00,0.4213868
4159,2013-11-12 11:30:00,659.5175
4159,2013-11-12 11:30:00,0.006651706
4159,2013-11-12 11:30:00,0.006651706
4159,2013-11-12 11:40:00,0.015739262
4159,2013-11-12 11:40:00,668.01215
4159,2013-11-12 11:40:00,0.48138633
4159,2013-11-12 11:50:00,1.3841594
4159,2013-11-12 11:50:00,672.2304
4159,2013-11-12 11:50:00,1.2641604
4159,2013-11-12 11:50:00,0.015739262
4159,2013-11-12 12:00:00,744.79034
4159,2013-11-12 12:00:00,0.006651706
4159,2013-11-12 12:10:00,721.54504
4159,2013-11-12 12:10:00,0.8427736
4159,2013-11-12 12:10:00,0.015739262
4159,2013-11-12 12:20:00,666.59265
4159,2013-11-12 12:20:00,3.2746663
4159,2013-11-12 12:20:00,0.0055768173
4159,2013-11-12 12:20:00,0.4213868
4159,2013-11-12 12:20:00,0.013303412
4159,2013-11-12 12:30:00,648.9031
4159,2013-11-12 12:30:00,0.015739262
4159,2013-11-12 12:30:00,0.006651706
4159,2013-11-12 12:30:00,0.4213868
4159,2013-11-12 12:40:00,0.4213868
4159,2013-11-12 12:40:00,0.45286533
4159,2013-11-12 12:40:00,632.9973
4159,2013-11-12 12:40:00,2.134791
4159,2013-11-12 12:40:00,0.012228523
4159,2013-11-12 12:50:00,0.015739262
4159,2013-11-12 12:50:00,0.4213868
4159,2013-11-12 12:50:00,0.4213868
4159,2013-11-12 12:50:00,581.1891
4159,2013-11-12 12:50:00,0.0055768173
4159,2013-11-12 13:00:00,0.48138633
4159,2013-11-12 13:00:00,676.006
4159,2013-11-12 13:00:00,0.4213868
4159,2013-11-12 13:00:00,0.4213868
4159,2013-11-12 13:10:00,0.4213868
4159,2013-11-12 13:10:00,0.4213868
4159,2013-11-12 13:10:00,698.5939
4159,2013-11-12 13:10:00,0.48138633
4159,2013-11-12 13:10:00,0.006651706
4159,2013-11-12 13:10:00,0.4213868
4159,2013-11-12 13:20:00,1.2641604
4159,2013-11-12 13:20:00,741.2411
4159,2013-11-12 13:20:00,0.006651706
4159,2013-11-12 13:20:00,0.006651706
4159,2013-11-12 13:30:00,0.8106309
4159,2013-11-12 13:30:00,1.8655457
4159,2013-11-12 13:30:00,687.90497
4159,2013-11-12 13:40:00,5.1752505
4159,2013-11-12 13:40:00,640.2035
4159,2013-11-12 13:50:00,0.4213868
4159,2013-11-12 13:50:00,635.6989
4159,2013-11-12 14:00:00,0.031478524
4159,2013-11-12 14:00:00,0.48138633
4159,2013-11-12 14:00:00,606.9689
4159,2013-11-12 14:00:00,0.29327068
4159,2013-11-12 14:10:00,588.1479
4159,2013-11-12 14:10:00,0.4213868
4159,2013-11-12 14:20:00,587.6215
4159,2013-11-12 14:30:00,0.015739262
4159,2013-11-12 14:30:00,677.0184
4159,2013-11-12 14:40:00,0.4213868
4159,2013-11-12 14:40:00,649.2322
4159,2013-11-12 14:40:00,0.4213868
4159,2013-11-12 14:40:00,0.8106309
4159,2013-11-12 14:40:00,0.0055768173
4159,2013-11-12 14:50:00,586.0585
4159,2013-11-12 14:50:00,0.8106309
4159,2013-11-12 14:50:00,0.015739262
4159,2013-11-12 14:50:00,0.4213868
4159,2013-11-12 15:00:00,0.006651706
4159,2013-11-12 15:00:00,0.006651706
4159,2013-11-12 15:00:00,683.893
4159,2013-11-12 15:00:00,0.48138633
4159,2013-11-12 15:10:00,0.07869631
4159,2013-11-12 15:10:00,0.8106309
4159,2013-11-12 15:10:00,736.36597
4159,2013-11-12 15:10:00,0.8106309
4159,2013-11-12 15:20:00,708.6265
4159,2013-11-12 15:20:00,0.8427736
4159,2013-11-12 15:30:00,603.15137
4159,2013-11-12 15:40:00,0.42696363
4159,2013-11-12 15:40:00,722.6978
4159,2013-11-12 15:40:00,0.015739262
4159,2013-11-12 15:50:00,683.0627
4159,2013-11-12 15:50:00,1.1360443
4159,2013-11-12 15:50:00,0.90277314
4159,2013-11-12 16:00:00,0.015739262
4159,2013-11-12 16:00:00,0.4213868
4159,2013-11-12 16:00:00,569.0551
4159,2013-11-12 16:00:00,0.006651706
4159,2013-11-12 16:00:00,0.7146575
4159,2013-11-12 16:00:00,0.015739262
4159,2013-11-12 16:10:00,755.0926
4159,2013-11-12 16:10:00,0.48138633
4159,2013-11-12 16:20:00,0.48138633
4159,2013-11-12 16:20:00,656.7762
4159,2013-11-12 16:20:00,0.02131608
4159,2013-11-12 16:30:00,572.5718
4159,2013-11-12 16:40:00,646.4639
4159,2013-11-12 16:40:00,4.8637853
4159,2013-11-12 16:40:00,0.4280385
4159,2013-11-12 16:40:00,0.4213868
4159,2013-11-12 16:50:00,1.8055463
4159,2013-11-12 16:50:00,640.18256
4159,2013-11-12 16:50:00,0.4213868
4159,2013-11-12 16:50:00,0.4213868
4159,2013-11-12 17:00:00,0.015739262
4159,2013-11-12 17:00:00,0.4213868
4159,2013-11-12 17:00:00,609.0756
4159,2013-11-12 17:00:00,0.4213868
4159,2013-11-12 17:10:00,1.3841594
4159,2013-11-12 17:10:00,611.34985
4159,2013-11-12 17:10:00,0.42696363
4159,2013-11-12 17:10:00,0.006651706
4159,2013-11-12 17:20:00,0.48138633
4159,2013-11-12 17:20:00,2.524035
4159,2013-11-12 17:20:00,557.4836
4159,2013-11-12 17:20:00,0.006651706
4159,2013-11-12 17:30:00,1.3841594
4159,2013-11-12 17:30:00,570.4874
4159,2013-11-12 17:30:00,0.0055768173
4159,2013-11-12 17:30:00,0.006651706
4159,2013-11-12 17:40:00,0.8427736
4159,2013-11-12 17:40:00,515.0958
4159,2013-11-12 17:40:00,0.90277314
4159,2013-11-12 17:40:00,0.006651706
4159,2013-11-12 17:40:00,2.9415905
4159,2013-11-12 17:50:00,0.015739262
4159,2013-11-12 17:50:00,519.28986
4159,2013-11-12 17:50:00,0.4213868
4159,2013-11-12 17:50:00,1.32416
4159,2013-11-12 18:00:00,0.90277314
4159,2013-11-12 18:00:00,0.4213868
4159,2013-11-12 18:00:00,457.78506
4159,2013-11-12 18:00:00,0.29327068
4159,2013-11-12 18:00:00,0.90277314
4159,2013-11-12 18:10:00,0.4213868
4159,2013-11-12 18:10:00,0.8106309
4159,2013-11-12 18:10:00,474.44525
4159,2013-11-12 18:10:00,0.4280385
4159,2013-11-12 18:10:00,0.29327068
4159,2013-11-12 18:10:00,0.0055768173
4159,2013-11-12 18:20:00,447.00336
4159,2013-11-12 18:20:00,0.006651706
4159,2013-11-12 18:30:00,0.90834993
4159,2013-11-12 18:30:00,414.8005
4159,2013-11-12 18:40:00,0.4213868
4159,2013-11-12 18:40:00,0.90277314
4159,2013-11-12 18:40:00,469.3369
4159,2013-11-12 18:50:00,1.8655457
4159,2013-11-12 18:50:00,526.9811
4159,2013-11-12 18:50:00,0.07807544
4159,2013-11-12 18:50:00,0.006651706
4159,2013-11-12 18:50:00,0.2999224
4159,2013-11-12 19:00:00,1.8055463
4159,2013-11-12 19:00:00,449.6419
4159,2013-11-12 19:00:00,0.03453579
4159,2013-11-12 19:00:00,1.2641604
4159,2013-11-12 19:10:00,362.463
4159,2013-11-12 19:10:00,0.006651706
4159,2013-11-12 19:10:00,0.4213868
4159,2013-11-12 19:10:00,0.4213868
4159,2013-11-12 19:10:00,0.0055768173
4159,2013-11-12 19:20:00,357.12296
4159,2013-11-12 19:20:00,0.006651706
4159,2013-11-12 19:20:00,0.29327068
4159,2013-11-12 19:30:00,0.4213868
4159,2013-11-12 19:30:00,358.28424
4159,2013-11-12 19:30:00,0.4213868
4159,2013-11-12 19:30:00,0.006651706
4159,2013-11-12 19:40:00,0.8427736
4159,2013-11-12 19:40:00,404.33005
4159,2013-11-12 19:50:00,349.88757
4159,2013-11-12 19:50:00,0.0055768173
4159,2013-11-12 19:50:00,0.006651706
4159,2013-11-12 19:50:00,0.006651706
4159,2013-11-12 20:00:00,0.015739262
4159,2013-11-12 20:00:00,308.7882
4159,2013-11-12 20:00:00,0.4213868
4159,2013-11-12 20:00:00,0.006651706
4159,2013-11-12 20:00:00,0.4213868
4159,2013-11-12 20:10:00,0.031478524
4159,2013-11-12 20:10:00,319.96844
4159,2013-11-12 20:10:00,0.0055768173
4159,2013-11-12 20:20:00,318.39856
4159,2013-11-12 20:20:00,0.4280385
4159,2013-11-12 20:30:00,307.70792
4159,2013-11-12 20:30:00,0.006651706
4159,2013-11-12 20:30:00,0.4280385
4159,2013-11-12 20:30:00,0.29327068
4159,2013-11-12 20:40:00,305.48544
4159,2013-11-12 20:40:00,0.4213868
4159,2013-11-12 20:40:00,0.29327068
4159,2013-11-12 20:50:00,327.26895
4159,2013-11-12 20:50:00,0.006651706
4159,2013-11-12 21:00:00,332.31052
4159,2013-11-12 21:00:00,0.006651706
4159,2013-11-12 21:00:00,0.006651706
4159,2013-11-12 21:00:00,0.4213868
4159,2013-11-12 21:10:00,340.52332
4159,2013-11-12 21:10:00,0.4213868
4159,2013-11-12 21:10:00,0.0055768173
4159,2013-11-12 21:20:00,266.73807
4159,2013-11-12 21:20:00,0.015739262
4159,2013-11-12 21:20:00,0.006651706
4159,2013-11-12 21:30:00,261.48303
4159,2013-11-12 21:30:00,0.006651706
4159,2013-11-12 21:30:00,0.006651706
4159,2013-11-12 21:40:00,0.015739262
4159,2013-11-12 21:40:00,273.2083
4159,2013-11-12 21:40:00,0.4213868
4159,2013-11-12 21:40:00,0.006651706
4159,2013-11-12 21:50:00,260.506
4159,2013-11-12 22:00:00,259.38754
4159,2013-11-12 22:00:00,0.29327068
4159,2013-11-12 22:00:00,0.013303412
4159,2013-11-12 22:00:00,0.4213868
4159,2013-11-12 22:10:00,228.20723
4159,2013-11-12 22:20:00,221.31586
4159,2013-11-12 22:20:00,0.4213868
4159,2013-11-12 22:30:00,0.031478524
4159,2013-11-12 22:30:00,247.3294
4159,2013-11-12 22:30:00,0.006651706
4159,2013-11-12 22:30:00,0.006651706
4159,2013-11-12 22:40:00,204.23846
4159,2013-11-12 22:40:00,0.006651706
4159,2013-11-12 22:50:00,219.8318
4159,2013-11-12 22:50:00,0.4213868
4159,2013-11-12 22:50:00,0.29327068
4159,2013-11-12 23:00:00,217.47432
4159,2013-11-12 23:00:00,0.4213868
4159,2013-11-12 23:10:00,212.05328
4159,2013-11-12 23:10:00,0.006651706
4159,2013-11-12 23:20:00,180.79755
4159,2013-11-12 23:20:00,0.4213868
4159,2013-11-12 23:20:00,0.015739262
4159,2013-11-12 23:30:00,190.93605
4159,2013-11-12 23:40:00,180.5116
4159,2013-11-12 23:40:00,0.013303412
4159,2013-11-12 23:40:00,0.4213868
4159,2013-11-12 23:50:00,183.20078
4159,2013-11-12 23:50:00,0.4213868
4159,2013-11-13 00:00:00,176.04681
4159,2013-11-13 00:10:00,184.0053
4159,2013-11-13 00:20:00,185.1919
4159,2013-11-13 00:20:00,0.006651706
4159,2013-11-13 00:30:00,180.71716
4159,2013-11-13 00:30:00,0.4213868
4159,2013-11-13 00:40:00,187.80847
4159,2013-11-13 00:40:00,0.006651706
4159,2013-11-13 00:50:00,164.37895
4159,2013-11-13 00:50:00,0.006651706
4159,2013-11-13 01:00:00,187.75284
4159,2013-11-13 01:00:00,0.4213868
4159,2013-11-13 01:10:00,267.9158
4159,2013-11-13 01:20:00,153.43805
4159,2013-11-13 01:20:00,0.006651706
4159,2013-11-13 01:30:00,155.86736
4159,2013-11-13 01:30:00,0.4213868
4159,2013-11-13 01:40:00,0.0055768173
4159,2013-11-13 01:40:00,145.70937
4159,2013-11-13 01:50:00,156.80624
4159,2013-11-13 02:00:00,150.59709
4159,2013-11-13 02:00:00,0.006651706
4159,2013-11-13 02:10:00,156.40755
4159,2013-11-13 02:10:00,0.4213868
4159,2013-11-13 02:20:00,139.9218
4159,2013-11-13 02:30:00,135.9094
4159,2013-11-13 02:30:00,0.006651706
4159,2013-11-13 02:40:00,140.13062
4159,2013-11-13 02:40:00,0.4213868
4159,2013-11-13 02:50:00,133.04156
4159,2013-11-13 03:00:00,126.34127
4159,2013-11-13 03:00:00,0.006651706
4159,2013-11-13 03:10:00,131.45222
4159,2013-11-13 03:10:00,0.4213868
4159,2013-11-13 03:20:00,124.3814
4159,2013-11-13 03:30:00,131.40091
4159,2013-11-13 03:40:00,139.65924
4159,2013-11-13 03:40:00,0.48138633
4159,2013-11-13 03:40:00,0.006651706
4159,2013-11-13 03:50:00,125.966255
4159,2013-11-13 03:50:00,0.4213868
4159,2013-11-13 04:00:00,132.78673
4159,2013-11-13 04:00:00,0.8106309
4159,2013-11-13 04:00:00,0.006651706
4159,2013-11-13 04:10:00,135.38087
4159,2013-11-13 04:20:00,125.83849
4159,2013-11-13 04:20:00,0.4213868
4159,2013-11-13 04:30:00,125.64763
4159,2013-11-13 04:30:00,0.006651706
4159,2013-11-13 04:40:00,134.34239
4159,2013-11-13 04:50:00,128.41139
4159,2013-11-13 04:50:00,0.4213868
4159,2013-11-13 05:00:00,137.40681
4159,2013-11-13 05:10:00,154.44191
4159,2013-11-13 05:10:00,0.006651706
4159,2013-11-13 05:20:00,134.30792
4159,2013-11-13 05:30:00,0.4213868
4159,2013-11-13 05:30:00,154.25206
4159,2013-11-13 05:30:00,0.4213868
4159,2013-11-13 05:40:00,163.58229
4159,2013-11-13 05:40:00,0.006651706
4159,2013-11-13 05:40:00,0.4213868
4159,2013-11-13 05:50:00,150.05058
4159,2013-11-13 06:00:00,165.3795
4159,2013-11-13 06:00:00,0.4213868
4159,2013-11-13 06:10:00,175.9101
4159,2013-11-13 06:10:00,0.006651706
4159,2013-11-13 06:20:00,181.60413
4159,2013-11-13 06:20:00,0.48138633
4159,2013-11-13 06:20:00,1.2641604
4159,2013-11-13 06:30:00,203.79666
4159,2013-11-13 06:30:00,0.29327068
4159,2013-11-13 06:40:00,0.4213868
4159,2013-11-13 06:40:00,0.015739262
4159,2013-11-13 06:40:00,223.54225
4159,2013-11-13 06:50:00,0.013303412
4159,2013-11-13 06:50:00,231.82889
4159,2013-11-13 06:50:00,0.4280385
4159,2013-11-13 07:00:00,340.45993
4159,2013-11-13 07:00:00,0.4213868
4159,2013-11-13 07:10:00,280.83334
4159,2013-11-13 07:10:00,0.4213868
4159,2013-11-13 07:20:00,333.98422
4159,2013-11-13 07:20:00,0.4280385
4159,2013-11-13 07:20:00,0.4213868
4159,2013-11-13 07:30:00,0.4213868
4159,2013-11-13 07:30:00,387.48743
4159,2013-11-13 07:30:00,0.58654135
4159,2013-11-13 07:30:00,0.4213868
4159,2013-11-13 07:40:00,0.4213868
4159,2013-11-13 07:40:00,0.4213868
4159,2013-11-13 07:40:00,467.74115
4159,2013-11-13 07:40:00,0.48138633
4159,2013-11-13 07:40:00,0.4213868
4159,2013-11-13 07:40:00,0.8427736
4159,2013-11-13 07:50:00,390.36557
4159,2013-11-13 07:50:00,0.013303412
4159,2013-11-13 08:00:00,0.015739262
4159,2013-11-13 08:00:00,0.4213868
4159,2013-11-13 08:00:00,462.71423
4159,2013-11-13 08:00:00,0.006651706
4159,2013-11-13 08:00:00,0.2999224
4159,2013-11-13 08:10:00,0.4213868
4159,2013-11-13 08:10:00,458.96997
4159,2013-11-13 08:10:00,0.4213868
4159,2013-11-13 08:20:00,0.48138633
4159,2013-11-13 08:20:00,449.67603
4159,2013-11-13 08:20:00,0.0055768173
4159,2013-11-13 08:20:00,0.006651706
4159,2013-11-13 08:30:00,3.037564
4159,2013-11-13 08:30:00,470.77066
4159,2013-11-13 08:40:00,527.2929
4159,2013-11-13 08:40:00,0.006651706
4159,2013-11-13 08:40:00,0.4280385
4159,2013-11-13 08:50:00,498.8203
4159,2013-11-13 08:50:00,0.48138633
4159,2013-11-13 08:50:00,0.0055768173
4159,2013-11-13 08:50:00,0.4213868
4159,2013-11-13 09:00:00,1.8055463
4159,2013-11-13 09:00:00,578.30695
4159,2013-11-13 09:00:00,0.4213868
4159,2013-11-13 09:10:00,0.015739262
4159,2013-11-13 09:10:00,654.4391
4159,2013-11-13 09:10:00,0.4213868
4159,2013-11-13 09:20:00,0.90277314
4159,2013-11-13 09:20:00,682.3068
4159,2013-11-13 09:20:00,0.7213092
4159,2013-11-13 09:30:00,0.015739262
4159,2013-11-13 09:30:00,660.1333
4159,2013-11-13 09:30:00,0.4213868
4159,2013-11-13 09:30:00,0.8427736
4159,2013-11-13 09:40:00,0.90942484
4159,2013-11-13 09:40:00,594.7881
4159,2013-11-13 09:40:00,0.011153635
4159,2013-11-13 09:40:00,0.4213868
4159,2013-11-13 09:50:00,0.29327068
4159,2013-11-13 09:50:00,533.25464
4159,2013-11-13 09:50:00,0.0055768173
4159,2013-11-13 10:00:00,570.4313
4159,2013-11-13 10:10:00,526.11914
4159,2013-11-13 10:10:00,0.012228523
4159,2013-11-13 10:10:00,0.4213868
4159,2013-11-13 10:20:00,1.8055463
4159,2013-11-13 10:20:00,563.359
4159,2013-11-13 10:20:00,0.4213868
4159,2013-11-13 10:30:00,0.90277314
4159,2013-11-13 10:30:00,549.5298
4159,2013-11-13 10:30:00,0.006651706
4159,2013-11-13 10:40:00,545.1901
4159,2013-11-13 10:40:00,0.4213868
4159,2013-11-13 10:40:00,1.2798997
4159,2013-11-13 10:50:00,0.90277314
4159,2013-11-13 10:50:00,686.23785
4159,2013-11-13 10:50:00,1.6174306
4159,2013-11-13 11:00:00,742.7804
4159,2013-11-13 11:00:00,0.013303412
4159,2013-11-13 11:00:00,0.90277314
4159,2013-11-13 11:10:00,777.57324
4159,2013-11-13 11:10:00,0.0055768173
4159,2013-11-13 11:10:00,0.29327068
4159,2013-11-13 11:20:00,0.4213868
4159,2013-11-13 11:20:00,701.6553
4159,2013-11-13 11:30:00,655.4042
4159,2013-11-13 11:30:00,0.8427736
4159,2013-11-13 11:30:00,0.4213868
4159,2013-11-13 11:40:00,0.90277314
4159,2013-11-13 11:40:00,665.39874
4159,2013-11-13 11:40:00,0.8427736
4159,2013-11-13 11:50:00,628.515
4159,2013-11-13 11:50:00,0.4213868
4159,2013-11-13 12:00:00,2.524035
4159,2013-11-13 12:00:00,715.55786
4159,2013-11-13 12:00:00,0.7146575
4159,2013-11-13 12:10:00,0.4213868
4159,2013-11-13 12:10:00,0.4213868
4159,2013-11-13 12:10:00,665.20056
4159,2013-11-13 12:10:00,0.4213868
4159,2013-11-13 12:20:00,0.4213868
4159,2013-11-13 12:20:00,684.1314
4159,2013-11-13 12:20:00,2.102648
4159,2013-11-13 12:30:00,0.48138633
4159,2013-11-13 12:30:00,672.1974
4159,2013-11-13 12:40:00,0.4213868
4159,2013-11-13 12:40:00,1.7455467
4159,2013-11-13 12:40:00,692.32446
4159,2013-11-13 12:40:00,0.024457047
4159,2013-11-13 12:40:00,0.48138633
4159,2013-11-13 12:40:00,0.8106309
4159,2013-11-13 12:50:00,0.4213868
4159,2013-11-13 12:50:00,0.4213868
4159,2013-11-13 12:50:00,0.4213868
4159,2013-11-13 12:50:00,0.4213868
4159,2013-11-13 12:50:00,684.3457
4159,2013-11-13 12:50:00,0.4213868
4159,2013-11-13 12:50:00,1.2320178
4159,2013-11-13 12:50:00,0.006651706
4159,2013-11-13 13:00:00,0.4213868
4159,2013-11-13 13:00:00,0.8106309
4159,2013-11-13 13:00:00,0.48138633
4159,2013-11-13 13:00:00,699.70917
4159,2013-11-13 13:00:00,0.4213868
4159,2013-11-13 13:10:00,2.768319
4159,2013-11-13 13:10:00,697.2794
4159,2013-11-13 13:10:00,0.006651706
4159,2013-11-13 13:20:00,0.90277314
4159,2013-11-13 13:20:00,711.10474
4159,2013-11-13 13:20:00,0.4971256
4159,2013-11-13 13:20:00,0.006651706
4159,2013-11-13 13:20:00,0.4213868
4159,2013-11-13 13:30:00,0.4213868
4159,2013-11-13 13:30:00,0.006651706
4159,2013-11-13 13:30:00,1.2320178
4159,2013-11-13 13:30:00,0.48138633
4159,2013-11-13 13:30:00,815.3778
4159,2013-11-13 13:30:00,0.90277314
4159,2013-11-13 13:30:00,0.2999224
4159,2013-11-13 13:40:00,0.48138633
4159,2013-11-13 13:40:00,3.426808
4159,2013-11-13 13:40:00,577.2965
4159,2013-11-13 13:40:00,0.8106309
4159,2013-11-13 13:40:00,0.006651706
4159,2013-11-13 13:50:00,566.13354
4159,2013-11-13 13:50:00,0.2999224
4159,2013-11-13 14:00:00,0.90277314
4159,2013-11-13 14:00:00,608.4654
4159,2013-11-13 14:10:00,662.47656
4159,2013-11-13 14:20:00,0.4213868
4159,2013-11-13 14:20:00,0.011153635
4159,2013-11-13 14:20:00,555.2043
4159,2013-11-13 14:20:00,0.4213868
4159,2013-11-13 14:30:00,709.1184
4159,2013-11-13 14:30:00,0.8427736
4159,2013-11-13 14:40:00,602.176
4159,2013-11-13 14:40:00,0.29327068
4159,2013-11-13 14:50:00,642.386
4159,2013-11-13 14:50:00,0.006651706
4159,2013-11-13 14:50:00,0.4213868
4159,2013-11-13 14:50:00,0.8106309
4159,2013-11-13 15:00:00,1.8055463
4159,2013-11-13 15:00:00,0.4213868
4159,2013-11-13 15:00:00,674.28186
4159,2013-11-13 15:00:00,0.4213868
4159,2013-11-13 15:10:00,730.9162
4159,2013-11-13 15:10:00,0.4213868
4159,2013-11-13 15:10:00,0.4213868
4159,2013-11-13 15:20:00,0.29327068
4159,2013-11-13 15:20:00,721.4064
4159,2013-11-13 15:20:00,0.006651706
4159,2013-11-13 15:20:00,0.8106309
4159,2013-11-13 15:30:00,765.3854
4159,2013-11-13 15:30:00,0.4213868
4159,2013-11-13 15:40:00,0.4213868
4159,2013-11-13 15:40:00,660.35504
4159,2013-11-13 15:40:00,0.4280385
4159,2013-11-13 15:40:00,0.4213868
4159,2013-11-13 15:40:00,0.4213868
4159,2013-11-13 15:50:00,597.2596
4159,2013-11-13 15:50:00,0.006651706
4159,2013-11-13 16:00:00,574.7852
4159,2013-11-13 16:10:00,584.98834
4159,2013-11-13 16:10:00,0.4213868
4159,2013-11-13 16:10:00,0.4213868
4159,2013-11-13 16:20:00,606.4208
4159,2013-11-13 16:20:00,0.4213868
4159,2013-11-13 16:30:00,0.29327068
4159,2013-11-13 16:30:00,589.2645
4159,2013-11-13 16:30:00,0.4213868
4159,2013-11-13 16:30:00,0.8427736
4159,2013-11-13 16:40:00,0.015739262
4159,2013-11-13 16:40:00,636.7589
4159,2013-11-13 16:40:00,0.006651706
4159,2013-11-13 16:50:00,553.6238
4159,2013-11-13 17:00:00,537.2643
4159,2013-11-13 17:10:00,505.3662
4159,2013-11-13 17:10:00,0.48138633
4159,2013-11-13 17:10:00,0.4213868
4159,2013-11-13 17:10:00,0.006651706
4159,2013-11-13 17:20:00,0.8106309
4159,2013-11-13 17:20:00,525.7226
4159,2013-11-13 17:20:00,0.011153635
4159,2013-11-13 17:30:00,523.64374
4159,2013-11-13 17:30:00,0.29327068
4159,2013-11-13 17:40:00,461.17102
4159,2013-11-13 17:40:00,0.7146575
4159,2013-11-13 17:50:00,469.50848
4159,2013-11-13 18:00:00,0.4213868
4159,2013-11-13 18:00:00,473.6032
4159,2013-11-13 18:00:00,0.91607654
4159,2013-11-13 18:10:00,499.76266
4159,2013-11-13 18:10:00,0.8693804
4159,2013-11-13 18:10:00,0.4213868
4159,2013-11-13 18:20:00,0.0055768173
4159,2013-11-13 18:20:00,462.37238
4159,2013-11-13 18:20:00,0.4213868
4159,2013-11-13 18:30:00,0.58654135
4159,2013-11-13 18:30:00,1.2641604
4159,2013-11-13 18:30:00,435.53055
4159,2013-11-13 18:30:00,0.4213868
4159,2013-11-13 18:40:00,0.0055768173
4159,2013-11-13 18:40:00,0.006651706
4159,2013-11-13 18:40:00,467.12592
4159,2013-11-13 18:40:00,0.015739262
4159,2013-11-13 18:40:00,0.8427736
4159,2013-11-13 18:50:00,378.49576
4159,2013-11-13 18:50:00,0.006651706
4159,2013-11-13 18:50:00,0.29327068
4159,2013-11-13 19:00:00,384.39423
4159,2013-11-13 19:00:00,0.48803803
4159,2013-11-13 19:10:00,0.4213868
4159,2013-11-13 19:10:00,375.03937
4159,2013-11-13 19:10:00,0.90277314
4159,2013-11-13 19:10:00,0.8106309
4159,2013-11-13 19:20:00,314.25217
4159,2013-11-13 19:20:00,0.4213868
4159,2013-11-13 19:20:00,0.02239097
4159,2013-11-13 19:20:00,0.013303412
4159,2013-11-13 19:30:00,277.01532
4159,2013-11-13 19:30:00,0.015739262
4159,2013-11-13 19:40:00,0.015739262
4159,2013-11-13 19:40:00,292.10242
4159,2013-11-13 19:50:00,288.16315
4159,2013-11-13 19:50:00,0.015739262
4159,2013-11-13 19:50:00,0.006651706
4159,2013-11-13 19:50:00,0.4213868
4159,2013-11-13 20:00:00,278.76385
4159,2013-11-13 20:00:00,0.2999224
4159,2013-11-13 20:10:00,349.39856
4159,2013-11-13 20:10:00,0.015739262
4159,2013-11-13 20:20:00,334.0245
4159,2013-11-13 20:30:00,296.95206
4159,2013-11-13 20:30:00,0.006651706
4159,2013-11-13 20:40:00,271.1929
4159,2013-11-13 20:40:00,0.015739262
4159,2013-11-13 20:50:00,261.05872
4159,2013-11-13 20:50:00,0.4213868
4159,2013-11-13 21:00:00,250.28136
4159,2013-11-13 21:00:00,0.02239097
4159,2013-11-13 21:00:00,0.29327068
4159,2013-11-13 21:10:00,244.79012
4159,2013-11-13 21:20:00,322.19516
4159,2013-11-13 21:20:00,0.42696363
4159,2013-11-13 21:20:00,0.4213868
4159,2013-11-13 21:30:00,266.83765
4159,2013-11-13 21:30:00,0.02239097
4159,2013-11-13 21:30:00,0.8427736
4159,2013-11-13 21:40:00,285.02567
4159,2013-11-13 21:40:00,0.48138633
4159,2013-11-13 21:50:00,0.015739262
4159,2013-11-13 21:50:00,372.64755
4159,2013-11-13 21:50:00,0.015739262
4159,2013-11-13 21:50:00,0.006651706
4159,2013-11-13 22:00:00,247.67374
4159,2013-11-13 22:00:00,0.4213868
4159,2013-11-13 22:10:00,239.9979
4159,2013-11-13 22:10:00,0.006651706
4159,2013-11-13 22:10:00,0.4213868
4159,2013-11-13 22:20:00,0.4280385
4159,2013-11-13 22:20:00,224.6862
4159,2013-11-13 22:20:00,0.015739262
4159,2013-11-13 22:30:00,220.57066
4159,2013-11-13 22:30:00,0.43712607
4159,2013-11-13 22:40:00,0.006651706
4159,2013-11-13 22:40:00,223.75946
4159,2013-11-13 22:40:00,0.006651706
4159,2013-11-13 22:50:00,268.88107
4159,2013-11-13 23:00:00,234.84029
4159,2013-11-13 23:10:00,237.32051
4159,2013-11-13 23:10:00,0.006651706
4159,2013-11-13 23:20:00,0.48138633
4159,2013-11-13 23:20:00,200.5295
4159,2013-11-13 23:30:00,285.2214
4159,2013-11-13 23:40:00,388.65182
4159,2013-11-13 23:40:00,0.006651706
4159,2013-11-13 23:50:00,193.41696
4159,2013-11-14 00:00:00,0.006651706
4159,2013-11-14 00:00:00,237.7848
4159,2013-11-14 00:00:00,0.4213868
4159,2013-11-14 00:10:00,182.46501
4159,2013-11-14 00:20:00,191.58778
4159,2013-11-14 00:20:00,0.006651706
4159,2013-11-14 00:30:00,193.47571
4159,2013-11-14 00:30:00,0.006651706
4159,2013-11-14 00:40:00,230.77008
4159,2013-11-14 00:50:00,248.79283
4159,2013-11-14 00:50:00,0.006651706
4159,2013-11-14 01:00:00,224.11452
4159,2013-11-14 01:10:00,147.61824
4159,2013-11-14 01:10:00,0.90277314
4159,2013-11-14 01:20:00,0.29327068
4159,2013-11-14 01:20:00,164.95355
4159,2013-11-14 01:20:00,0.006651706
4159,2013-11-14 01:30:00,161.91818
4159,2013-11-14 01:40:00,0.0055768173
4159,2013-11-14 01:40:00,151.47176
4159,2013-11-14 01:50:00,151.24513
4159,2013-11-14 01:50:00,0.015739262
4159,2013-11-14 02:00:00,134.44699
4159,2013-11-14 02:00:00,0.006651706
4159,2013-11-14 02:10:00,135.15039
4159,2013-11-14 02:20:00,148.3628
4159,2013-11-14 02:30:00,147.77496
4159,2013-11-14 02:30:00,0.006651706
4159,2013-11-14 02:40:00,144.49638
4159,2013-11-14 02:50:00,162.27963
4159,2013-11-14 03:00:00,149.0094
4159,2013-11-14 03:00:00,0.006651706
4159,2013-11-14 03:10:00,127.70335
4159,2013-11-14 03:20:00,169.65071
4159,2013-11-14 03:30:00,124.06522
4159,2013-11-14 03:40:00,128.66046
4159,2013-11-14 03:40:00,0.006651706
4159,2013-11-14 03:50:00,133.36163
4159,2013-11-14 04:00:00,132.4222
4159,2013-11-14 04:00:00,0.006651706
4159,2013-11-14 04:10:00,133.4133
4159,2013-11-14 04:20:00,135.24214
4159,2013-11-14 04:30:00,122.97155
4159,2013-11-14 04:40:00,215.00131
4159,2013-11-14 04:40:00,0.006651706
4159,2013-11-14 04:50:00,161.59032
4159,2013-11-14 05:00:00,124.53806
4159,2013-11-14 05:10:00,131.41132
4159,2013-11-14 05:10:00,0.006651706
4159,2013-11-14 05:20:00,135.01665
4159,2013-11-14 05:20:00,0.4213868
4159,2013-11-14 05:30:00,129.953
4159,2013-11-14 05:30:00,0.4280385
4159,2013-11-14 05:40:00,140.45041
4159,2013-11-14 05:40:00,0.006651706
4159,2013-11-14 05:50:00,146.90425
4159,2013-11-14 06:00:00,176.36168
4159,2013-11-14 06:00:00,0.4213868
4159,2013-11-14 06:10:00,161.32295
4159,2013-11-14 06:10:00,0.4213868
4159,2013-11-14 06:20:00,186.50949
4159,2013-11-14 06:20:00,0.4280385
4159,2013-11-14 06:20:00,0.015739262
4159,2013-11-14 06:30:00,222.45694
4159,2013-11-14 06:40:00,0.013303412
4159,2013-11-14 06:40:00,0.4213868
4159,2013-11-14 06:40:00,252.57098
4159,2013-11-14 06:40:00,0.015739262
4159,2013-11-14 06:50:00,224.89857
4159,2013-11-14 06:50:00,0.031478524
4159,2013-11-14 06:50:00,0.006651706
4159,2013-11-14 06:50:00,1.1360443
4159,2013-11-14 07:00:00,267.06967
4159,2013-11-14 07:00:00,0.4213868
4159,2013-11-14 07:10:00,319.51956
4159,2013-11-14 07:10:00,0.29327068
4159,2013-11-14 07:20:00,320.6818
4159,2013-11-14 07:20:00,0.006651706
4159,2013-11-14 07:30:00,364.79764
4159,2013-11-14 07:30:00,0.011153635
4159,2013-11-14 07:30:00,0.4280385
4159,2013-11-14 07:40:00,0.4213868
4159,2013-11-14 07:40:00,0.4213868
4159,2013-11-14 07:40:00,426.64163
4159,2013-11-14 07:50:00,0.015739262
4159,2013-11-14 07:50:00,436.701
4159,2013-11-14 07:50:00,0.015739262
4159,2013-11-14 07:50:00,0.4213868
4159,2013-11-14 07:50:00,1.5574311
4159,2013-11-14 08:00:00,468.67712
4159,2013-11-14 08:00:00,0.0055768173
4159,2013-11-14 08:00:00,0.0055768173
4159,2013-11-14 08:00:00,0.4280385
4159,2013-11-14 08:00:00,0.4213868
4159,2013-11-14 08:10:00,0.8106309
4159,2013-11-14 08:10:00,464.52258
4159,2013-11-14 08:10:00,0.4213868
4159,2013-11-14 08:20:00,489.0715
4159,2013-11-14 08:20:00,0.4213868
4159,2013-11-14 08:30:00,0.015739262
4159,2013-11-14 08:30:00,448.74445
4159,2013-11-14 08:30:00,0.0055768173
4159,2013-11-14 08:30:00,0.4213868
4159,2013-11-14 08:30:00,0.4213868
4159,2013-11-14 08:40:00,0.015739262
4159,2013-11-14 08:40:00,471.03265
4159,2013-11-14 08:40:00,0.0055768173
4159,2013-11-14 08:40:00,0.015739262
4159,2013-11-14 08:40:00,0.006651706
4159,2013-11-14 08:40:00,0.4213868
4159,2013-11-14 08:40:00,1.2386694
4159,2013-11-14 08:50:00,0.013303412
4159,2013-11-14 08:50:00,494.16272
4159,2013-11-14 08:50:00,0.006651706
4159,2013-11-14 09:00:00,523.3298
4159,2013-11-14 09:00:00,0.0055768173
4159,2013-11-14 09:00:00,0.0055768173
4159,2013-11-14 09:00:00,0.4213868
4159,2013-11-14 09:10:00,0.006651706
4159,2013-11-14 09:10:00,0.013303412
4159,2013-11-14 09:10:00,540.7548
4159,2013-11-14 09:20:00,596.59924
4159,2013-11-14 09:20:00,0.4213868
4159,2013-11-14 09:20:00,0.006651706
4159,2013-11-14 09:30:00,643.6412
4159,2013-11-14 09:30:00,0.015739262
4159,2013-11-14 09:40:00,646.14874
4159,2013-11-14 09:50:00,584.353
4159,2013-11-14 09:50:00,0.015739262
4159,2013-11-14 10:00:00,0.006651706
4159,2013-11-14 10:00:00,559.8998
4159,2013-11-14 10:00:00,0.02239097
4159,2013-11-14 10:10:00,0.006651706
4159,2013-11-14 10:10:00,510.8772
4159,2013-11-14 10:10:00,0.015739262
4159,2013-11-14 10:10:00,0.4213868
4159,2013-11-14 10:10:00,0.006651706
4159,2013-11-14 10:20:00,0.006651706
4159,2013-11-14 10:20:00,535.7184
4159,2013-11-14 10:20:00,0.43712607
4159,2013-11-14 10:20:00,0.7213092
4159,2013-11-14 10:20:00,0.8427736
4159,2013-11-14 10:30:00,0.4213868
4159,2013-11-14 10:30:00,533.0779
4159,2013-11-14 10:30:00,0.006651706
4159,2013-11-14 10:30:00,0.8585129
4159,2013-11-14 10:30:00,0.4213868
4159,2013-11-14 10:40:00,581.96796
4159,2013-11-14 10:40:00,0.4213868
4159,2013-11-14 10:40:00,1.2320178
4159,2013-11-14 10:50:00,565.0399
4159,2013-11-14 10:50:00,0.015739262
4159,2013-11-14 11:00:00,634.03925
4159,2013-11-14 11:00:00,0.7146575
4159,2013-11-14 11:00:00,0.4213868
4159,2013-11-14 11:00:00,0.8106309
4159,2013-11-14 11:10:00,0.8172826
4159,2013-11-14 11:10:00,723.46844
4159,2013-11-14 11:10:00,0.006651706
4159,2013-11-14 11:20:00,0.4213868
4159,2013-11-14 11:20:00,695.3871
4159,2013-11-14 11:30:00,0.4213868
4159,2013-11-14 11:30:00,672.91565
4159,2013-11-14 11:30:00,0.02131608
4159,2013-11-14 11:30:00,0.006651706
4159,2013-11-14 11:40:00,777.94226
4159,2013-11-14 11:40:00,0.4213868
4159,2013-11-14 11:40:00,0.4213868
4159,2013-11-14 11:50:00,794.18396
4159,2013-11-14 11:50:00,0.006651706
4159,2013-11-14 12:00:00,731.65686
4159,2013-11-14 12:00:00,0.02239097
4159,2013-11-14 12:00:00,0.8427736
4159,2013-11-14 12:10:00,801.0343
4159,2013-11-14 12:10:00,0.4213868
4159,2013-11-14 12:20:00,0.006651706
4159,2013-11-14 12:20:00,628.51337
4159,2013-11-14 12:20:00,0.011153635
4159,2013-11-14 12:30:00,617.2255
4159,2013-11-14 12:30:00,0.0055768173
4159,2013-11-14 12:30:00,0.4213868
4159,2013-11-14 12:30:00,0.8106309
4159,2013-11-14 12:40:00,0.011153635
4159,2013-11-14 12:40:00,642.846
4159,2013-11-14 12:40:00,0.015739262
4159,2013-11-14 12:50:00,0.4213868
4159,2013-11-14 12:50:00,633.28973
4159,2013-11-14 13:00:00,0.4213868
4159,2013-11-14 13:00:00,0.0055768173
4159,2013-11-14 13:00:00,664.5431
4159,2013-11-14 13:00:00,1.6212618
4159,2013-11-14 13:10:00,0.8106309
4159,2013-11-14 13:10:00,0.027884087
4159,2013-11-14 13:10:00,679.612
4159,2013-11-14 13:10:00,0.015739262
4159,2013-11-14 13:10:00,0.4213868
4159,2013-11-14 13:20:00,0.0055768173
4159,2013-11-14 13:20:00,682.071
4159,2013-11-14 13:20:00,0.4213868
4159,2013-11-14 13:20:00,0.015739262
4159,2013-11-14 13:20:00,0.031478524
4159,2013-11-14 13:30:00,715.86285
4159,2013-11-14 13:30:00,1.2320178
4159,2013-11-14 13:40:00,0.015739262
4159,2013-11-14 13:40:00,668.5065
4159,2013-11-14 13:40:00,0.43712607
4159,2013-11-14 13:50:00,0.015739262
4159,2013-11-14 13:50:00,576.0256
4159,2013-11-14 14:00:00,584.8167
4159,2013-11-14 14:00:00,0.031478524
4159,2013-11-14 14:10:00,647.07556
4159,2013-11-14 14:10:00,0.015739262
4159,2013-11-14 14:10:00,0.29327068
4159,2013-11-14 14:20:00,555.5754
4159,2013-11-14 14:30:00,533.69934
4159,2013-11-14 14:40:00,546.10364
4159,2013-11-14 14:40:00,0.02239097
4159,2013-11-14 14:50:00,0.0055768173
4159,2013-11-14 14:50:00,615.5529
4159,2013-11-14 14:50:00,0.8106309
4159,2013-11-14 14:50:00,0.4213868
4159,2013-11-14 15:00:00,0.29327068
4159,2013-11-14 15:00:00,630.3162
4159,2013-11-14 15:00:00,0.4213868
4159,2013-11-14 15:00:00,0.4213868
4159,2013-11-14 15:00:00,0.4213868
4159,2013-11-14 15:10:00,0.006651706
4159,2013-11-14 15:10:00,669.237
4159,2013-11-14 15:20:00,0.8106309
4159,2013-11-14 15:20:00,624.40045
4159,2013-11-14 15:20:00,0.011153635
4159,2013-11-14 15:20:00,0.015739262
4159,2013-11-14 15:30:00,0.4213868
4159,2013-11-14 15:30:00,605.33014
4159,2013-11-14 15:30:00,0.013303412
4159,2013-11-14 15:40:00,665.019
4159,2013-11-14 15:40:00,0.48138633
4159,2013-11-14 15:40:00,0.4213868
4159,2013-11-14 15:40:00,0.015739262
4159,2013-11-14 15:40:00,0.29327068
4159,2013-11-14 15:50:00,547.2232
4159,2013-11-14 15:50:00,1.444159
4159,2013-11-14 15:50:00,0.015739262
4159,2013-11-14 15:50:00,0.006651706
4159,2013-11-14 16:00:00,566.877
4159,2013-11-14 16:00:00,0.8106309
4159,2013-11-14 16:00:00,0.4213868
4159,2013-11-14 16:10:00,589.9175
4159,2013-11-14 16:10:00,0.90277314
4159,2013-11-14 16:10:00,0.015739262
4159,2013-11-14 16:10:00,0.29327068
4159,2013-11-14 16:10:00,0.006651706
4159,2013-11-14 16:20:00,0.015739262
4159,2013-11-14 16:20:00,0.8106309
4159,2013-11-14 16:20:00,586.4573
4159,2013-11-14 16:20:00,0.48138633
4159,2013-11-14 16:20:00,0.0055768173
4159,2013-11-14 16:20:00,0.4280385
4159,2013-11-14 16:20:00,1.7292373
4159,2013-11-14 16:30:00,0.015739262
4159,2013-11-14 16:30:00,0.8106309
4159,2013-11-14 16:30:00,550.4738
4159,2013-11-14 16:30:00,0.43361533
4159,2013-11-14 16:30:00,0.8427736
4159,2013-11-14 16:30:00,0.0055768173
4159,2013-11-14 16:40:00,0.29327068
4159,2013-11-14 16:40:00,588.07294
4159,2013-11-14 16:40:00,0.8585129
4159,2013-11-14 16:40:00,0.4213868
4159,2013-11-14 16:50:00,668.84454
4159,2013-11-14 16:50:00,0.006651706
4159,2013-11-14 16:50:00,0.4280385
4159,2013-11-14 17:00:00,0.012228523
4159,2013-11-14 17:00:00,580.3662
4159,2013-11-14 17:00:00,0.8106309
4159,2013-11-14 17:00:00,0.4213868
4159,2013-11-14 17:00:00,0.4213868
4159,2013-11-14 17:10:00,1.6212618
4159,2013-11-14 17:10:00,546.85864
4159,2013-11-14 17:10:00,0.006651706
4159,2013-11-14 17:10:00,0.4213868
4159,2013-11-14 17:10:00,0.7146575
4159,2013-11-14 17:20:00,502.5803
4159,2013-11-14 17:20:00,0.015739262
4159,2013-11-14 17:20:00,0.8427736
4159,2013-11-14 17:30:00,0.4213868
4159,2013-11-14 17:30:00,500.9617
4159,2013-11-14 17:30:00,1.6212618
4159,2013-11-14 17:30:00,0.4213868
4159,2013-11-14 17:40:00,1.2320178
4159,2013-11-14 17:40:00,0.8106309
4159,2013-11-14 17:40:00,546.0585
4159,2013-11-14 17:50:00,505.53394
4159,2013-11-14 17:50:00,0.03991024
4159,2013-11-14 17:50:00,0.43712607
4159,2013-11-14 18:00:00,503.96014
4159,2013-11-14 18:00:00,0.006651706
4159,2013-11-14 18:10:00,0.8427736
4159,2013-11-14 18:10:00,551.5483
4159,2013-11-14 18:10:00,0.015739262
4159,2013-11-14 18:10:00,0.8427736
4159,2013-11-14 18:10:00,0.29327068
4159,2013-11-14 18:20:00,0.0055768173
4159,2013-11-14 18:20:00,510.34143
4159,2013-11-14 18:20:00,0.4213868
4159,2013-11-14 18:20:00,0.4213868
4159,2013-11-14 18:30:00,0.8106309
4159,2013-11-14 18:30:00,453.1676
4159,2013-11-14 18:30:00,1.6174306
4159,2013-11-14 18:40:00,0.015739262
4159,2013-11-14 18:40:00,491.65424
4159,2013-11-14 18:40:00,0.006651706
4159,2013-11-14 18:40:00,0.012228523
4159,2013-11-14 18:50:00,2.0426486
4159,2013-11-14 18:50:00,390.89563
4159,2013-11-14 18:50:00,0.015739262
4159,2013-11-14 18:50:00,0.8427736
4159,2013-11-14 18:50:00,1.2641604
4159,2013-11-14 19:00:00,0.015739262
4159,2013-11-14 19:00:00,351.0171
4159,2013-11-14 19:00:00,0.4213868
4159,2013-11-14 19:00:00,1.713404
4159,2013-11-14 19:10:00,331.81906
4159,2013-11-14 19:10:00,0.006651706
4159,2013-11-14 19:20:00,334.20062
4159,2013-11-14 19:20:00,0.4213868
4159,2013-11-14 19:20:00,0.4213868
4159,2013-11-14 19:20:00,0.011153635
4159,2013-11-14 19:30:00,0.0055768173
4159,2013-11-14 19:30:00,308.88452
4159,2013-11-14 19:30:00,1.4517059
4159,2013-11-14 19:30:00,0.016730452
4159,2013-11-14 19:40:00,297.92358
4159,2013-11-14 19:40:00,0.006651706
4159,2013-11-14 19:50:00,329.92923
4159,2013-11-14 20:00:00,300.983
4159,2013-11-14 20:00:00,0.4280385
4159,2013-11-14 20:10:00,0.0055768173
4159,2013-11-14 20:10:00,340.3262
4159,2013-11-14 20:10:00,0.006651706
4159,2013-11-14 20:10:00,0.7146575
4159,2013-11-14 20:10:00,0.0055768173
4159,2013-11-14 20:20:00,306.85754
4159,2013-11-14 20:30:00,351.81326
4159,2013-11-14 20:30:00,0.58654135
4159,2013-11-14 20:40:00,359.22293
4159,2013-11-14 20:40:00,0.0055768173
4159,2013-11-14 20:40:00,0.4280385
4159,2013-11-14 20:50:00,0.96277267
4159,2013-11-14 20:50:00,340.25143
4159,2013-11-14 20:50:00,0.29327068
4159,2013-11-14 21:00:00,1.3841594
4159,2013-11-14 21:00:00,361.0983
4159,2013-11-14 21:00:00,0.29327068
4159,2013-11-14 21:00:00,0.0055768173
4159,2013-11-14 21:10:00,0.4213868
4159,2013-11-14 21:10:00,509.6219
4159,2013-11-14 21:20:00,325.773
4159,2013-11-14 21:20:00,0.006651706
4159,2013-11-14 21:30:00,309.60873
4159,2013-11-14 21:30:00,0.015739262
4159,2013-11-14 21:30:00,0.2999224
4159,2013-11-14 21:40:00,305.25635
4159,2013-11-14 21:40:00,0.013303412
4159,2013-11-14 21:50:00,243.65913
4159,2013-11-14 21:50:00,0.006651706
4159,2013-11-14 22:00:00,259.25784
4159,2013-11-14 22:00:00,0.2999224
4159,2013-11-14 22:10:00,281.0744
4159,2013-11-14 22:10:00,0.4213868
4159,2013-11-14 22:20:00,289.15884
4159,2013-11-14 22:20:00,0.006651706
4159,2013-11-14 22:30:00,412.5074
4159,2013-11-14 22:40:00,307.47668
4159,2013-11-14 22:50:00,0.4213868
4159,2013-11-14 22:50:00,300.82462
4159,2013-11-14 22:50:00,0.015739262
4159,2013-11-14 22:50:00,0.4280385
4159,2013-11-14 23:00:00,218.87613
4159,2013-11-14 23:00:00,0.006651706
4159,2013-11-14 23:00:00,0.29327068
4159,2013-11-14 23:10:00,218.42484
4159,2013-11-14 23:10:00,0.4213868
4159,2013-11-14 23:20:00,223.33234
4159,2013-11-14 23:20:00,0.29327068
4159,2013-11-14 23:30:00,221.61963
4159,2013-11-14 23:40:00,200.79901
4159,2013-11-14 23:40:00,0.8427736
4159,2013-11-14 23:50:00,188.31459
4159,2013-11-15 00:00:00,187.71562
4159,2013-11-15 00:10:00,178.4444
4159,2013-11-15 00:20:00,169.00076
4159,2013-11-15 00:30:00,176.64478
4159,2013-11-15 00:40:00,155.81001
4159,2013-11-15 00:40:00,0.4213868
4159,2013-11-15 00:50:00,148.5958
4159,2013-11-15 01:00:00,174.19371
4159,2013-11-15 01:00:00,0.006651706
4159,2013-11-15 01:10:00,148.31944
4159,2013-11-15 01:20:00,147.17458
4159,2013-11-15 01:30:00,162.1821
4159,2013-11-15 01:30:00,0.006651706
4159,2013-11-15 01:40:00,0.0055768173
4159,2013-11-15 01:40:00,144.71202
4159,2013-11-15 01:40:00,0.006651706
4159,2013-11-15 01:50:00,148.89624
4159,2013-11-15 02:00:00,157.36069
4159,2013-11-15 02:10:00,141.3246
4159,2013-11-15 02:10:00,0.006651706
4159,2013-11-15 02:20:00,171.1289
4159,2013-11-15 02:30:00,165.95116
4159,2013-11-15 02:40:00,144.01656
4159,2013-11-15 02:40:00,0.006651706
4159,2013-11-15 02:50:00,141.11705
4159,2013-11-15 03:00:00,142.65353
4159,2013-11-15 03:10:00,0.4213868
4159,2013-11-15 03:10:00,150.73842
4159,2013-11-15 03:10:00,0.006651706
4159,2013-11-15 03:20:00,138.78987
4159,2013-11-15 03:30:00,144.475
4159,2013-11-15 03:40:00,141.1758
4159,2013-11-15 03:50:00,138.09047
4159,2013-11-15 03:50:00,0.006651706
4159,2013-11-15 03:50:00,0.4280385
4159,2013-11-15 04:00:00,151.6403
4159,2013-11-15 04:10:00,142.21834
4159,2013-11-15 04:20:00,133.54187
4159,2013-11-15 04:20:00,0.006651706
4159,2013-11-15 04:30:00,143.677
4159,2013-11-15 04:40:00,126.75202
4159,2013-11-15 04:50:00,145.16135
4159,2013-11-15 04:50:00,0.006651706
4159,2013-11-15 05:00:00,0.006651706
4159,2013-11-15 05:00:00,169.56454
4159,2013-11-15 05:10:00,127.97103
4159,2013-11-15 05:20:00,153.5699
4159,2013-11-15 05:20:00,0.015739262
4159,2013-11-15 05:30:00,148.21172
4159,2013-11-15 05:30:00,0.006651706
4159,2013-11-15 05:40:00,139.90161
4159,2013-11-15 05:50:00,156.16797
4159,2013-11-15 06:00:00,167.74022
4159,2013-11-15 06:00:00,0.006651706
4159,2013-11-15 06:10:00,174.90005
4159,2013-11-15 06:20:00,0.006651706
4159,2013-11-15 06:20:00,221.42485
4159,2013-11-15 06:30:00,281.3566
4159,2013-11-15 06:30:00,0.4213868
4159,2013-11-15 06:40:00,204.95135
4159,2013-11-15 06:40:00,0.29327068
4159,2013-11-15 06:50:00,0.006651706
4159,2013-11-15 06:50:00,239.50371
4159,2013-11-15 06:50:00,0.4213868
4159,2013-11-15 07:00:00,0.4213868
4159,2013-11-15 07:00:00,243.79578
4159,2013-11-15 07:00:00,0.8427736
4159,2013-11-15 07:10:00,276.5594
4159,2013-11-15 07:20:00,296.77777
4159,2013-11-15 07:30:00,0.4213868
4159,2013-11-15 07:30:00,321.87903
4159,2013-11-15 07:30:00,0.4213868
4159,2013-11-15 07:30:00,1.2641604
4159,2013-11-15 07:30:00,0.0055768173
4159,2013-11-15 07:40:00,0.43712607
4159,2013-11-15 07:40:00,0.4213868
4159,2013-11-15 07:40:00,511.9615
4159,2013-11-15 07:40:00,0.4213868
4159,2013-11-15 07:50:00,398.8005
4159,2013-11-15 07:50:00,0.006651706
4159,2013-11-15 07:50:00,0.4213868
4159,2013-11-15 08:00:00,484.4541
4159,2013-11-15 08:00:00,0.7146575
4159,2013-11-15 08:10:00,0.015739262
4159,2013-11-15 08:10:00,447.7306
4159,2013-11-15 08:10:00,0.006651706
4159,2013-11-15 08:20:00,0.48138633
4159,2013-11-15 08:20:00,446.31216
4159,2013-11-15 08:30:00,0.006651706
4159,2013-11-15 08:30:00,437.06995
4159,2013-11-15 08:30:00,0.4213868
4159,2013-11-15 08:40:00,445.91904
4159,2013-11-15 08:40:00,0.4213868
4159,2013-11-15 08:50:00,431.23035
4159,2013-11-15 09:00:00,0.29327068
4159,2013-11-15 09:00:00,531.4053
4159,2013-11-15 09:10:00,0.3065741
4159,2013-11-15 09:10:00,585.3474
4159,2013-11-15 09:10:00,0.4213868
4159,2013-11-15 09:10:00,0.006651706
4159,2013-11-15 09:10:00,0.4213868
4159,2013-11-15 09:20:00,557.6228
4159,2013-11-15 09:20:00,0.006651706
4159,2013-11-15 09:20:00,0.4213868
4159,2013-11-15 09:30:00,0.4213868
4159,2013-11-15 09:30:00,0.4213868
4159,2013-11-15 09:30:00,583.522
4159,2013-11-15 09:30:00,0.4213868
4159,2013-11-15 09:40:00,564.03217
4159,2013-11-15 09:40:00,0.4213868
4159,2013-11-15 09:40:00,0.8427736
4159,2013-11-15 09:40:00,0.8106309
4159,2013-11-15 09:50:00,561.94165
4159,2013-11-15 10:00:00,536.6261
4159,2013-11-15 10:00:00,0.0055768173
4159,2013-11-15 10:10:00,583.30914
4159,2013-11-15 10:10:00,0.4213868
4159,2013-11-15 10:20:00,662.6385
4159,2013-11-15 10:20:00,2.64832
4159,2013-11-15 10:30:00,0.4213868
4159,2013-11-15 10:30:00,502.4325
4159,2013-11-15 10:30:00,0.7146575
4159,2013-11-15 10:30:00,0.9185124
4159,2013-11-15 10:40:00,0.4213868
4159,2013-11-15 10:40:00,580.415
4159,2013-11-15 10:50:00,572.7098
4159,2013-11-15 10:50:00,0.4213868
4159,2013-11-15 10:50:00,0.006651706
4159,2013-11-15 11:00:00,0.29327068
4159,2013-11-15 11:00:00,628.91156
4159,2013-11-15 11:00:00,0.43712607
4159,2013-11-15 11:10:00,0.29327068
4159,2013-11-15 11:10:00,576.3071
4159,2013-11-15 11:20:00,611.2297
4159,2013-11-15 11:20:00,0.006651706
4159,2013-11-15 11:30:00,665.3066
4159,2013-11-15 11:30:00,0.3247492
4159,2013-11-15 11:30:00,0.0055768173
4159,2013-11-15 11:40:00,0.015739262
4159,2013-11-15 11:40:00,596.48267
4159,2013-11-15 11:40:00,0.006651706
4159,2013-11-15 11:50:00,581.2487
4159,2013-11-15 12:00:00,0.4213868
4159,2013-11-15 12:00:00,658.1677
4159,2013-11-15 12:10:00,673.5316
4159,2013-11-15 12:10:00,0.006651706
4159,2013-11-15 12:20:00,0.015739262
4159,2013-11-15 12:20:00,607.04974
4159,2013-11-15 12:30:00,610.1978
4159,2013-11-15 12:30:00,0.4213868
4159,2013-11-15 12:30:00,0.4280385
4159,2013-11-15 12:40:00,0.031478524
4159,2013-11-15 12:40:00,0.4213868
4159,2013-11-15 12:40:00,715.139
4159,2013-11-15 12:40:00,0.4213868
4159,2013-11-15 12:50:00,0.015739262
4159,2013-11-15 12:50:00,2.134791
4159,2013-11-15 12:50:00,580.38135
4159,2013-11-15 12:50:00,0.29327068
4159,2013-11-15 13:00:00,637.2022
4159,2013-11-15 13:00:00,0.48138633
4159,2013-11-15 13:00:00,0.4213868
4159,2013-11-15 13:10:00,0.015739262
4159,2013-11-15 13:10:00,0.4213868
4159,2013-11-15 13:10:00,0.006651706
4159,2013-11-15 13:10:00,594.39355
4159,2013-11-15 13:20:00,571.23553
4159,2013-11-15 13:20:00,0.006651706
4159,2013-11-15 13:30:00,0.8106309
4159,2013-11-15 13:30:00,576.8219
4159,2013-11-15 13:30:00,0.8427736
4159,2013-11-15 13:40:00,0.031478524
4159,2013-11-15 13:40:00,575.22144
4159,2013-11-15 13:40:00,0.43712607
4159,2013-11-15 13:50:00,581.3561
4159,2013-11-15 13:50:00,1.6534045
4159,2013-11-15 13:50:00,0.4213868
4159,2013-11-15 14:00:00,580.7945
4159,2013-11-15 14:00:00,0.48138633
4159,2013-11-15 14:00:00,0.4213868
4159,2013-11-15 14:10:00,501.58328
4159,2013-11-15 14:10:00,0.4213868
4159,2013-11-15 14:10:00,0.8427736
4159,2013-11-15 14:10:00,0.006651706
4159,2013-11-15 14:20:00,0.015739262
4159,2013-11-15 14:20:00,472.06674
4159,2013-11-15 14:20:00,0.006651706
4159,2013-11-15 14:30:00,518.03766
4159,2013-11-15 14:30:00,0.4213868
4159,2013-11-15 14:30:00,0.29327068
4159,2013-11-15 14:40:00,519.9429
4159,2013-11-15 14:40:00,0.8427736
4159,2013-11-15 14:40:00,0.29327068
4159,2013-11-15 14:50:00,0.006651706
4159,2013-11-15 14:50:00,494.5772
4159,2013-11-15 15:00:00,540.4073
4159,2013-11-15 15:00:00,0.015739262
4159,2013-11-15 15:00:00,0.4213868
4159,2013-11-15 15:10:00,527.37506
4159,2013-11-15 15:10:00,0.29327068
4159,2013-11-15 15:20:00,468.15222
4159,2013-11-15 15:20:00,0.4280385
4159,2013-11-15 15:30:00,498.6305
4159,2013-11-15 15:30:00,0.8494253
4159,2013-11-15 15:40:00,0.015739262
4159,2013-11-15 15:40:00,484.61325
4159,2013-11-15 15:50:00,0.015739262
4159,2013-11-15 15:50:00,492.12427
4159,2013-11-15 15:50:00,0.4280385
4159,2013-11-15 15:50:00,0.8494253
4159,2013-11-15 16:00:00,0.29327068
4159,2013-11-15 16:00:00,581.0134
4159,2013-11-15 16:00:00,1.2320178
4159,2013-11-15 16:00:00,0.8427736
4159,2013-11-15 16:00:00,0.4213868
4159,2013-11-15 16:10:00,0.48138633
4159,2013-11-15 16:10:00,501.99072
4159,2013-11-15 16:10:00,0.4280385
4159,2013-11-15 16:10:00,1.2641604
4159,2013-11-15 16:20:00,465.1863
4159,2013-11-15 16:30:00,491.77725
4159,2013-11-15 16:30:00,0.015739262
4159,2013-11-15 16:30:00,0.29327068
4159,2013-11-15 16:40:00,0.29327068
4159,2013-11-15 16:40:00,489.40887
4159,2013-11-15 16:40:00,0.4280385
4159,2013-11-15 16:40:00,0.7146575
4159,2013-11-15 16:50:00,582.8007
4159,2013-11-15 16:50:00,0.2999224
4159,2013-11-15 17:00:00,449.1046
4159,2013-11-15 17:00:00,0.015739262
4159,2013-11-15 17:00:00,0.8494253
4159,2013-11-15 17:10:00,702.6888
4159,2013-11-15 17:10:00,0.015739262
4159,2013-11-15 17:20:00,0.006651706
4159,2013-11-15 17:20:00,426.49774
4159,2013-11-15 17:20:00,0.29327068
4159,2013-11-15 17:20:00,0.006651706
4159,2013-11-15 17:30:00,357.37415
4159,2013-11-15 17:30:00,0.015739262
4159,2013-11-15 17:30:00,0.015739262
4159,2013-11-15 17:30:00,0.8427736
4159,2013-11-15 17:40:00,0.29327068
4159,2013-11-15 17:40:00,446.23618
4159,2013-11-15 17:40:00,0.015739262
4159,2013-11-15 17:40:00,0.8427736
4159,2013-11-15 17:50:00,381.32727
4159,2013-11-15 17:50:00,0.006651706
4159,2013-11-15 18:00:00,0.015739262
4159,2013-11-15 18:00:00,357.6971
4159,2013-11-15 18:00:00,0.4213868
4159,2013-11-15 18:10:00,322.03418
4159,2013-11-15 18:10:00,0.006651706
4159,2013-11-15 18:10:00,0.006651706
4159,2013-11-15 18:20:00,313.41156
4159,2013-11-15 18:20:00,1.6855472
4159,2013-11-15 18:30:00,0.0055768173
4159,2013-11-15 18:30:00,0.8427736
4159,2013-11-15 18:30:00,341.77695
4159,2013-11-15 18:30:00,0.006651706
4159,2013-11-15 18:40:00,316.0197
4159,2013-11-15 18:40:00,0.7146575
4159,2013-11-15 18:40:00,0.7213092
4159,2013-11-15 18:50:00,461.94684
4159,2013-11-15 18:50:00,0.7146575
4159,2013-11-15 19:00:00,0.8172826
4159,2013-11-15 19:00:00,358.18127
4159,2013-11-15 19:00:00,0.006651706
4159,2013-11-15 19:00:00,1.2641604
4159,2013-11-15 19:10:00,0.0055768173
4159,2013-11-15 19:10:00,265.9026
4159,2013-11-15 19:10:00,0.4213868
4159,2013-11-15 19:20:00,0.047217786
4159,2013-11-15 19:20:00,0.4213868
4159,2013-11-15 19:20:00,326.31287
4159,2013-11-15 19:20:00,0.8494253
4159,2013-11-15 19:30:00,0.047217786
4159,2013-11-15 19:30:00,275.56863
4159,2013-11-15 19:30:00,0.8106309
4159,2013-11-15 19:30:00,0.006651706
4159,2013-11-15 19:30:00,0.4280385
4159,2013-11-15 19:40:00,0.015739262
4159,2013-11-15 19:40:00,244.47296
4159,2013-11-15 19:40:00,0.015739262
4159,2013-11-15 19:50:00,280.0572
4159,2013-11-15 20:00:00,475.20233
4159,2013-11-15 20:00:00,0.015739262
4159,2013-11-15 20:00:00,0.006651706
4159,2013-11-15 20:00:00,0.8427736
4159,2013-11-15 20:10:00,364.488
4159,2013-11-15 20:10:00,0.006651706
4159,2013-11-15 20:10:00,0.2999224
4159,2013-11-15 20:20:00,0.006651706
4159,2013-11-15 20:20:00,273.56622
4159,2013-11-15 20:20:00,0.0055768173
4159,2013-11-15 20:20:00,0.006651706
4159,2013-11-15 20:30:00,0.015739262
4159,2013-11-15 20:30:00,232.49559
4159,2013-11-15 20:30:00,0.015739262
4159,2013-11-15 20:30:00,0.8427736
4159,2013-11-15 20:40:00,0.4213868
4159,2013-11-15 20:40:00,235.29314
4159,2013-11-15 20:40:00,0.006651706
4159,2013-11-15 20:40:00,0.29327068
4159,2013-11-15 20:50:00,0.8427736
4159,2013-11-15 20:50:00,245.28043
4159,2013-11-15 20:50:00,0.015739262
4159,2013-11-15 20:50:00,0.006651706
4159,2013-11-15 21:00:00,236.23978
4159,2013-11-15 21:00:00,0.006651706
4159,2013-11-15 21:10:00,252.83586
4159,2013-11-15 21:10:00,0.006651706
4159,2013-11-15 21:10:00,0.4213868
4159,2013-11-15 21:20:00,328.44556
4159,2013-11-15 21:30:00,288.57578
4159,2013-11-15 21:40:00,0.0055768173
4159,2013-11-15 21:40:00,276.2741
4159,2013-11-15 21:40:00,0.006651706
4159,2013-11-15 21:40:00,0.006651706
4159,2013-11-15 21:50:00,308.69348
4159,2013-11-15 22:00:00,0.0055768173
4159,2013-11-15 22:00:00,0.29327068
4159,2013-11-15 22:00:00,248.72182
4159,2013-11-15 22:10:00,221.96503
4159,2013-11-15 22:10:00,0.4213868
4159,2013-11-15 22:20:00,0.48138633
4159,2013-11-15 22:20:00,244.36685
4159,2013-11-15 22:20:00,0.4280385
4159,2013-11-15 22:20:00,0.4213868
4159,2013-11-15 22:30:00,242.77493
4159,2013-11-15 22:30:00,0.29327068
4159,2013-11-15 22:40:00,0.015739262
4159,2013-11-15 22:40:00,184.58215
4159,2013-11-15 22:50:00,190.67001
4159,2013-11-15 22:50:00,0.4280385
4159,2013-11-15 23:00:00,199.71082
4159,2013-11-15 23:10:00,170.62192
4159,2013-11-15 23:20:00,267.47958
4159,2013-11-15 23:20:00,0.006651706
4159,2013-11-15 23:30:00,0.29327068
4159,2013-11-15 23:30:00,192.23921
4159,2013-11-15 23:40:00,154.68071
4159,2013-11-15 23:40:00,0.0055768173
4159,2013-11-15 23:50:00,190.94876
4159,2013-11-15 23:50:00,0.8427736
4159,2013-11-16 00:00:00,190.4655
4159,2013-11-16 00:00:00,0.006651706
4159,2013-11-16 00:00:00,0.8427736
4159,2013-11-16 00:10:00,0.013303412
4159,2013-11-16 00:10:00,186.16585
4159,2013-11-16 00:10:00,0.29327068
4159,2013-11-16 00:20:00,179.90938
4159,2013-11-16 00:30:00,173.0089
4159,2013-11-16 00:30:00,0.006651706
4159,2013-11-16 00:40:00,156.76562
4159,2013-11-16 00:50:00,165.53893
4159,2013-11-16 01:00:00,0.4213868
4159,2013-11-16 01:00:00,160.63878
4159,2013-11-16 01:00:00,0.2999224
4159,2013-11-16 01:10:00,0.4213868
4159,2013-11-16 01:10:00,150.35654
4159,2013-11-16 01:20:00,155.33078
4159,2013-11-16 01:20:00,0.4213868
4159,2013-11-16 01:30:00,152.77223
4159,2013-11-16 01:30:00,0.7146575
4159,2013-11-16 01:40:00,0.0055768173
4159,2013-11-16 01:40:00,132.4585
4159,2013-11-16 01:40:00,0.006651706
4159,2013-11-16 01:50:00,165.33736
4159,2013-11-16 02:00:00,0.4213868
4159,2013-11-16 02:00:00,147.26308
4159,2013-11-16 02:10:00,122.56296
4159,2013-11-16 02:10:00,0.006651706
4159,2013-11-16 02:10:00,0.4213868
4159,2013-11-16 02:20:00,0.0055768173
4159,2013-11-16 02:20:00,0.29327068
4159,2013-11-16 02:20:00,157.379
4159,2013-11-16 02:30:00,175.71825
4159,2013-11-16 02:40:00,140.35776
4159,2013-11-16 02:40:00,0.006651706
4159,2013-11-16 02:50:00,148.44307
4159,2013-11-16 03:00:00,0.0055768173
4159,2013-11-16 03:00:00,133.4978
4159,2013-11-16 03:10:00,125.11332
4159,2013-11-16 03:10:00,0.006651706
4159,2013-11-16 03:10:00,0.4213868
4159,2013-11-16 03:20:00,146.45543
4159,2013-11-16 03:20:00,0.29327068
4159,2013-11-16 03:30:00,0.011153635
4159,2013-11-16 03:30:00,126.76365
4159,2013-11-16 03:40:00,125.427246
4159,2013-11-16 03:40:00,0.006651706
4159,2013-11-16 03:50:00,138.32399
4159,2013-11-16 04:00:00,128.13133
4159,2013-11-16 04:10:00,133.60492
4159,2013-11-16 04:10:00,0.006651706
4159,2013-11-16 04:10:00,0.006651706
4159,2013-11-16 04:20:00,125.87884
4159,2013-11-16 04:30:00,119.38615
4159,2013-11-16 04:30:00,0.0055768173
4159,2013-11-16 04:30:00,0.29327068
4159,2013-11-16 04:40:00,110.80617
4159,2013-11-16 04:50:00,111.67365
4159,2013-11-16 04:50:00,0.006651706
4159,2013-11-16 05:00:00,120.108604
4159,2013-11-16 05:10:00,0.4213868
4159,2013-11-16 05:10:00,115.069595
4159,2013-11-16 05:20:00,110.415405
4159,2013-11-16 05:20:00,0.8172826
4159,2013-11-16 05:20:00,0.006651706
4159,2013-11-16 05:30:00,122.010086
4159,2013-11-16 05:40:00,113.798775
4159,2013-11-16 05:50:00,0.0055768173
4159,2013-11-16 05:50:00,125.46381
4159,2013-11-16 05:50:00,0.006651706
4159,2013-11-16 06:00:00,118.65521
4159,2013-11-16 06:10:00,125.14901
4159,2013-11-16 06:10:00,0.015739262
4159,2013-11-16 06:20:00,132.73062
4159,2013-11-16 06:20:00,0.0055768173
4159,2013-11-16 06:30:00,164.5138
4159,2013-11-16 06:30:00,0.006651706
4159,2013-11-16 06:40:00,145.80142
4159,2013-11-16 06:40:00,0.015739262
4159,2013-11-16 06:50:00,176.7048
4159,2013-11-16 06:50:00,0.015739262
4159,2013-11-16 06:50:00,0.4213868
4159,2013-11-16 07:00:00,163.36304
4159,2013-11-16 07:00:00,0.006651706
4159,2013-11-16 07:00:00,0.3065741
4159,2013-11-16 07:10:00,164.7315
4159,2013-11-16 07:10:00,0.006651706
4159,2013-11-16 07:10:00,0.8427736
4159,2013-11-16 07:20:00,169.93758
4159,2013-11-16 07:30:00,196.698
4159,2013-11-16 07:40:00,223.07295
4159,2013-11-16 07:40:00,0.006651706
4159,2013-11-16 07:40:00,0.8427736
4159,2013-11-16 07:50:00,228.4573
4159,2013-11-16 07:50:00,0.006651706
4159,2013-11-16 07:50:00,0.015739262
4159,2013-11-16 07:50:00,0.4213868
4159,2013-11-16 08:00:00,209.1925
4159,2013-11-16 08:00:00,0.4280385
4159,2013-11-16 08:10:00,279.9021
4159,2013-11-16 08:10:00,0.006651706
4159,2013-11-16 08:20:00,0.29327068
4159,2013-11-16 08:20:00,208.9655
4159,2013-11-16 08:30:00,199.25298
4159,2013-11-16 08:30:00,0.8106309
4159,2013-11-16 08:30:00,0.015739262
4159,2013-11-16 08:40:00,0.48138633
4159,2013-11-16 08:40:00,193.98634
4159,2013-11-16 08:40:00,0.015739262
4159,2013-11-16 08:40:00,0.006651706
4159,2013-11-16 08:40:00,0.4213868
4159,2013-11-16 08:50:00,229.81297
4159,2013-11-16 09:00:00,0.006651706
4159,2013-11-16 09:00:00,248.11339
4159,2013-11-16 09:10:00,0.29327068
4159,2013-11-16 09:10:00,223.1374
4159,2013-11-16 09:10:00,0.0055768173
4159,2013-11-16 09:10:00,0.4213868
4159,2013-11-16 09:20:00,267.97116
4159,2013-11-16 09:20:00,0.0055768173
4159,2013-11-16 09:20:00,0.006651706
4159,2013-11-16 09:30:00,284.46637
4159,2013-11-16 09:30:00,0.006651706
4159,2013-11-16 09:30:00,0.015739262
4159,2013-11-16 09:30:00,0.90277314
4159,2013-11-16 09:40:00,0.006651706
4159,2013-11-16 09:40:00,314.67783
4159,2013-11-16 09:40:00,0.90277314
4159,2013-11-16 09:40:00,0.8106309
4159,2013-11-16 09:50:00,0.012228523
4159,2013-11-16 09:50:00,0.4213868
4159,2013-11-16 09:50:00,251.2767
4159,2013-11-16 09:50:00,1.2708122
4159,2013-11-16 10:00:00,247.11006
4159,2013-11-16 10:00:00,1.32416
4159,2013-11-16 10:10:00,265.30182
4159,2013-11-16 10:20:00,283.7226
4159,2013-11-16 10:20:00,0.006651706
4159,2013-11-16 10:30:00,244.5966
4159,2013-11-16 10:40:00,226.67645
4159,2013-11-16 10:40:00,0.015739262
4159,2013-11-16 10:50:00,0.4213868
4159,2013-11-16 10:50:00,0.49919167
4159,2013-11-16 10:50:00,246.72078
4159,2013-11-16 10:50:00,0.0055768173
4159,2013-11-16 10:50:00,0.4213868
4159,2013-11-16 10:50:00,0.4280385
4159,2013-11-16 11:00:00,0.012228523
4159,2013-11-16 11:00:00,255.19592
4159,2013-11-16 11:00:00,0.4213868
4159,2013-11-16 11:00:00,0.006651706
4159,2013-11-16 11:00:00,0.4213868
4159,2013-11-16 11:10:00,291.8613
4159,2013-11-16 11:20:00,281.32666
4159,2013-11-16 11:20:00,0.29327068
4159,2013-11-16 11:30:00,0.8427736
4159,2013-11-16 11:30:00,213.08934
4159,2013-11-16 11:30:00,0.0055768173
4159,2013-11-16 11:30:00,0.015739262
4159,2013-11-16 11:30:00,0.006651706
4159,2013-11-16 11:30:00,2.233585
4159,2013-11-16 11:40:00,252.9628
4159,2013-11-16 11:40:00,0.015739262
4159,2013-11-16 11:40:00,0.015739262
4159,2013-11-16 11:40:00,1.32416
4159,2013-11-16 11:40:00,0.8106309
4159,2013-11-16 11:50:00,0.4213868
4159,2013-11-16 11:50:00,263.20108
4159,2013-11-16 11:50:00,0.4213868
4159,2013-11-16 11:50:00,0.4213868
4159,2013-11-16 12:00:00,0.006651706
4159,2013-11-16 12:00:00,336.47076
4159,2013-11-16 12:00:00,0.006651706
4159,2013-11-16 12:00:00,1.2798997
4159,2013-11-16 12:10:00,250.83194
4159,2013-11-16 12:10:00,1.32416
4159,2013-11-16 12:20:00,0.4213868
4159,2013-11-16 12:20:00,0.0055768173
4159,2013-11-16 12:20:00,258.77045
4159,2013-11-16 12:20:00,0.42696363
4159,2013-11-16 12:20:00,0.015739262
4159,2013-11-16 12:30:00,264.1187
4159,2013-11-16 12:30:00,0.006651706
4159,2013-11-16 12:40:00,266.53726
4159,2013-11-16 12:40:00,0.4213868
4159,2013-11-16 12:50:00,281.89978
4159,2013-11-16 12:50:00,0.015739262
4159,2013-11-16 13:00:00,272.3992
4159,2013-11-16 13:00:00,0.8427736
4159,2013-11-16 13:10:00,299.5816
4159,2013-11-16 13:10:00,0.8494253
4159,2013-11-16 13:10:00,0.7146575
4159,2013-11-16 13:20:00,0.4213868
4159,2013-11-16 13:20:00,345.38806
4159,2013-11-16 13:20:00,0.015739262
4159,2013-11-16 13:20:00,1.142696
4159,2013-11-16 13:30:00,0.2999224
4159,2013-11-16 13:30:00,0.006651706
4159,2013-11-16 13:30:00,308.98373
4159,2013-11-16 13:40:00,0.4213868
4159,2013-11-16 13:40:00,248.40303
4159,2013-11-16 13:40:00,0.006651706
4159,2013-11-16 13:40:00,0.4213868
4159,2013-11-16 13:50:00,256.03363
4159,2013-11-16 13:50:00,0.4213868
4159,2013-11-16 14:00:00,303.78934
4159,2013-11-16 14:00:00,0.015739262
4159,2013-11-16 14:00:00,0.8494253
4159,2013-11-16 14:10:00,251.52118
4159,2013-11-16 14:10:00,0.8106309
4159,2013-11-16 14:10:00,0.4280385
4159,2013-11-16 14:20:00,0.29327068
4159,2013-11-16 14:20:00,332.28778
4159,2013-11-16 14:20:00,0.4213868
4159,2013-11-16 14:30:00,259.61322
4159,2013-11-16 14:30:00,0.015739262
4159,2013-11-16 14:30:00,0.8427736
4159,2013-11-16 14:40:00,0.7213092
4159,2013-11-16 14:40:00,255.33217
4159,2013-11-16 14:40:00,0.4213868
4159,2013-11-16 14:50:00,284.786
4159,2013-11-16 14:50:00,0.006651706
4159,2013-11-16 15:00:00,311.6348
4159,2013-11-16 15:00:00,0.43712607
4159,2013-11-16 15:10:00,299.86148
4159,2013-11-16 15:10:00,0.8427736
4159,2013-11-16 15:20:00,317.6888
4159,2013-11-16 15:20:00,0.7213092
4159,2013-11-16 15:20:00,0.01780534
4159,2013-11-16 15:20:00,0.4213868
4159,2013-11-16 15:30:00,304.77115
4159,2013-11-16 15:30:00,0.43712607
4159,2013-11-16 15:40:00,284.6486
4159,2013-11-16 15:40:00,0.8427736
4159,2013-11-16 15:50:00,0.015739262
4159,2013-11-16 15:50:00,271.01852
4159,2013-11-16 15:50:00,0.4213868
4159,2013-11-16 15:50:00,0.006651706
4159,2013-11-16 16:00:00,310.34497
4159,2013-11-16 16:00:00,0.4213868
4159,2013-11-16 16:10:00,320.1292
4159,2013-11-16 16:10:00,0.8172826
4159,2013-11-16 16:10:00,0.015739262
4159,2013-11-16 16:10:00,0.4213868
4159,2013-11-16 16:20:00,321.58316
4159,2013-11-16 16:20:00,0.006651706
4159,2013-11-16 16:20:00,0.013303412
4159,2013-11-16 16:30:00,294.32727
4159,2013-11-16 16:30:00,0.006651706
4159,2013-11-16 16:30:00,0.29327068
4159,2013-11-16 16:40:00,345.7829
4159,2013-11-16 16:40:00,0.4280385
4159,2013-11-16 16:50:00,281.465
4159,2013-11-16 16:50:00,0.8427736
4159,2013-11-16 16:50:00,0.006651706
4159,2013-11-16 17:00:00,0.006651706
4159,2013-11-16 17:00:00,344.185
4159,2013-11-16 17:00:00,0.3065741
4159,2013-11-16 17:00:00,0.006651706
4159,2013-11-16 17:10:00,246.5354
4159,2013-11-16 17:10:00,0.015739262
4159,2013-11-16 17:10:00,0.006651706
4159,2013-11-16 17:10:00,0.58654135
4159,2013-11-16 17:20:00,268.16034
4159,2013-11-16 17:20:00,0.015739262
4159,2013-11-16 17:30:00,0.2999224
4159,2013-11-16 17:30:00,395.88544
4159,2013-11-16 17:30:00,0.006651706
4159,2013-11-16 17:30:00,0.29327068
4159,2013-11-16 17:40:00,234.77138
4159,2013-11-16 17:40:00,0.006651706
4159,2013-11-16 17:40:00,0.0055768173
4159,2013-11-16 17:40:00,0.4213868
4159,2013-11-16 17:50:00,0.8427736
4159,2013-11-16 17:50:00,250.63152
4159,2013-11-16 17:50:00,0.006651706
4159,2013-11-16 17:50:00,0.4213868
4159,2013-11-16 18:00:00,0.4213868
4159,2013-11-16 18:00:00,257.2624
4159,2013-11-16 18:00:00,0.015739262
4159,2013-11-16 18:00:00,0.4213868
4159,2013-11-16 18:10:00,224.58797
4159,2013-11-16 18:10:00,0.015739262
4159,2013-11-16 18:10:00,0.4213868
4159,2013-11-16 18:20:00,233.49022
4159,2013-11-16 18:30:00,212.93677
4159,2013-11-16 18:30:00,0.006651706
4159,2013-11-16 18:40:00,0.4213868
4159,2013-11-16 18:40:00,266.3596
4159,2013-11-16 18:40:00,0.30900994
4159,2013-11-16 18:40:00,0.29327068
4159,2013-11-16 18:50:00,211.71817
4159,2013-11-16 18:50:00,0.047217786
4159,2013-11-16 18:50:00,0.29327068
4159,2013-11-16 18:50:00,0.0055768173
4159,2013-11-16 18:50:00,0.3065741
4159,2013-11-16 19:00:00,221.44943
4159,2013-11-16 19:00:00,0.015739262
4159,2013-11-16 19:00:00,0.006651706
4159,2013-11-16 19:00:00,0.0055768173
4159,2013-11-16 19:00:00,0.8427736
4159,2013-11-16 19:10:00,230.25282
4159,2013-11-16 19:10:00,0.006651706
4159,2013-11-16 19:20:00,249.65164
4159,2013-11-16 19:20:00,0.006651706
4159,2013-11-16 19:20:00,0.29327068
4159,2013-11-16 19:30:00,227.53151
4159,2013-11-16 19:30:00,0.006651706
4159,2013-11-16 19:30:00,0.4213868
4159,2013-11-16 19:40:00,239.76512
4159,2013-11-16 19:40:00,0.0055768173
4159,2013-11-16 19:50:00,211.32628
4159,2013-11-16 19:50:00,0.0055768173
4159,2013-11-16 19:50:00,0.015739262
4159,2013-11-16 19:50:00,0.4213868
4159,2013-11-16 20:00:00,0.4213868
4159,2013-11-16 20:00:00,262.42566
4159,2013-11-16 20:10:00,279.43234
4159,2013-11-16 20:10:00,0.006651706
4159,2013-11-16 20:10:00,0.4213868
4159,2013-11-16 20:20:00,0.006651706
4159,2013-11-16 20:20:00,225.25664
4159,2013-11-16 20:30:00,219.9572
4159,2013-11-16 20:30:00,0.015739262
4159,2013-11-16 20:40:00,199.14865
4159,2013-11-16 20:40:00,0.006651706
4159,2013-11-16 20:50:00,219.53883
4159,2013-11-16 20:50:00,0.006651706
4159,2013-11-16 20:50:00,0.006651706
4159,2013-11-16 20:50:00,0.4213868
4159,2013-11-16 21:00:00,208.62323
4159,2013-11-16 21:00:00,0.4213868
4159,2013-11-16 21:00:00,0.006651706
4159,2013-11-16 21:00:00,0.4213868
4159,2013-11-16 21:10:00,196.68668
4159,2013-11-16 21:10:00,0.4213868
4159,2013-11-16 21:10:00,0.006651706
4159,2013-11-16 21:20:00,215.44504
4159,2013-11-16 21:30:00,215.22116
4159,2013-11-16 21:30:00,0.4213868
4159,2013-11-16 21:30:00,0.015739262
4159,2013-11-16 21:40:00,209.55515
4159,2013-11-16 21:40:00,0.006651706
4159,2013-11-16 21:50:00,194.25699
4159,2013-11-16 21:50:00,0.006651706
4159,2013-11-16 22:00:00,0.006651706
4159,2013-11-16 22:00:00,218.34782
4159,2013-11-16 22:00:00,0.006651706
4159,2013-11-16 22:00:00,0.4280385
4159,2013-11-16 22:10:00,0.48138633
4159,2013-11-16 22:10:00,243.9015
4159,2013-11-16 22:10:00,1.142696
4159,2013-11-16 22:20:00,220.92781
4159,2013-11-16 22:20:00,0.006651706
4159,2013-11-16 22:30:00,237.18187
4159,2013-11-16 22:30:00,0.7146575
4159,2013-11-16 22:40:00,209.81519
4159,2013-11-16 22:40:00,0.02239097
4159,2013-11-16 22:40:00,0.006651706
4159,2013-11-16 22:50:00,0.015739262
4159,2013-11-16 22:50:00,216.99008
4159,2013-11-16 22:50:00,0.0055768173
4159,2013-11-16 22:50:00,1.2026955
4159,2013-11-16 22:50:00,0.44377777
4159,2013-11-16 23:00:00,260.44604
4159,2013-11-16 23:10:00,224.76685
4159,2013-11-16 23:10:00,0.006651706
4159,2013-11-16 23:10:00,0.02239097
4159,2013-11-16 23:20:00,251.36253
4159,2013-11-16 23:30:00,207.62946
4159,2013-11-16 23:30:00,0.4213868
4159,2013-11-16 23:30:00,0.29327068
4159,2013-11-16 23:40:00,235.91469
4159,2013-11-16 23:40:00,0.006651706
4159,2013-11-16 23:50:00,237.03746
4159,2013-11-17 00:00:00,383.8282
4159,2013-11-17 00:00:00,0.29327068
4159,2013-11-17 00:10:00,239.87993
4159,2013-11-17 00:10:00,0.015739262
4159,2013-11-17 00:10:00,0.4280385
4159,2013-11-17 00:20:00,229.75203
4159,2013-11-17 00:20:00,0.006651706
4159,2013-11-17 00:30:00,1.2386694
4159,2013-11-17 00:30:00,222.17453
4159,2013-11-17 00:30:00,0.48138633
4159,2013-11-17 00:40:00,1.2641604
4159,2013-11-17 00:40:00,219.17293
4159,2013-11-17 00:40:00,0.015739262
4159,2013-11-17 00:40:00,0.4213868
4159,2013-11-17 00:40:00,0.2999224
4159,2013-11-17 00:50:00,236.40076
4159,2013-11-17 00:50:00,0.02239097
4159,2013-11-17 00:50:00,0.006651706
4159,2013-11-17 01:00:00,221.47281
4159,2013-11-17 01:00:00,0.7146575
4159,2013-11-17 01:10:00,216.64235
4159,2013-11-17 01:20:00,225.56361
4159,2013-11-17 01:20:00,0.006651706
4159,2013-11-17 01:30:00,224.56877
4159,2013-11-17 01:30:00,0.4213868
4159,2013-11-17 01:30:00,0.4213868
4159,2013-11-17 01:40:00,0.0055768173
4159,2013-11-17 01:40:00,245.99878
4159,2013-11-17 01:40:00,0.013303412
4159,2013-11-17 01:50:00,239.80333
4159,2013-11-17 01:50:00,0.02239097
4159,2013-11-17 02:00:00,233.05453
4159,2013-11-17 02:10:00,222.6495
4159,2013-11-17 02:10:00,0.006651706
4159,2013-11-17 02:10:00,0.4213868
4159,2013-11-17 02:10:00,0.2999224
4159,2013-11-17 02:20:00,214.50337
4159,2013-11-17 02:20:00,0.006651706
4159,2013-11-17 02:30:00,211.0536
4159,2013-11-17 02:30:00,0.02239097
4159,2013-11-17 02:30:00,0.3065741
4159,2013-11-17 02:40:00,195.08276
4159,2013-11-17 02:40:00,0.0055768173
4159,2013-11-17 02:40:00,0.7146575
4159,2013-11-17 02:50:00,0.4213868
4159,2013-11-17 02:50:00,208.7569
4159,2013-11-17 03:00:00,212.4646
4159,2013-11-17 03:00:00,0.02239097
4159,2013-11-17 03:00:00,0.4213868
4159,2013-11-17 03:10:00,182.8723
4159,2013-11-17 03:20:00,187.24577
4159,2013-11-17 03:30:00,225.4297
4159,2013-11-17 03:30:00,0.006651706
4159,2013-11-17 03:30:00,0.7146575
4159,2013-11-17 03:40:00,159.8305
4159,2013-11-17 03:40:00,0.29327068
4159,2013-11-17 03:50:00,161.92485
4159,2013-11-17 03:50:00,0.4213868
4159,2013-11-17 04:00:00,153.30164
4159,2013-11-17 04:10:00,156.1178
4159,2013-11-17 04:10:00,0.02239097
4159,2013-11-17 04:20:00,131.16489
4159,2013-11-17 04:30:00,162.29866
4159,2013-11-17 04:30:00,0.015739262
4159,2013-11-17 04:40:00,145.61424
4159,2013-11-17 04:40:00,0.006651706
4159,2013-11-17 04:50:00,125.368225
4159,2013-11-17 04:50:00,0.4213868
4159,2013-11-17 05:00:00,143.26437
4159,2013-11-17 05:10:00,150.4094
4159,2013-11-17 05:10:00,0.02239097
4159,2013-11-17 05:10:00,0.006651706
4159,2013-11-17 05:20:00,0.4213868
4159,2013-11-17 05:20:00,105.56298
4159,2013-11-17 05:30:00,117.593414
4159,2013-11-17 05:40:00,107.407585
4159,2013-11-17 05:40:00,0.015739262
4159,2013-11-17 05:50:00,105.77273
4159,2013-11-17 05:50:00,0.013303412
4159,2013-11-17 06:00:00,114.40997
4159,2013-11-17 06:10:00,108.34468
4159,2013-11-17 06:10:00,0.015739262
4159,2013-11-17 06:20:00,108.79271
4159,2013-11-17 06:30:00,125.53821
4159,2013-11-17 06:30:00,0.0055768173
4159,2013-11-17 06:30:00,0.006651706
4159,2013-11-17 06:40:00,114.96464
4159,2013-11-17 06:50:00,112.78842
4159,2013-11-17 06:50:00,0.015739262
4159,2013-11-17 06:50:00,0.015739262
4159,2013-11-17 07:00:00,129.47403
4159,2013-11-17 07:00:00,0.006651706
4159,2013-11-17 07:10:00,117.57657
4159,2013-11-17 07:10:00,0.006651706
4159,2013-11-17 07:20:00,116.70629
4159,2013-11-17 07:20:00,0.015739262
4159,2013-11-17 07:30:00,141.69685
4159,2013-11-17 07:30:00,0.006651706
4159,2013-11-17 07:40:00,123.38894
4159,2013-11-17 07:50:00,122.15398
4159,2013-11-17 07:50:00,0.015739262
4159,2013-11-17 08:00:00,131.31819
4159,2013-11-17 08:10:00,137.77753
4159,2013-11-17 08:10:00,0.006651706
4159,2013-11-17 08:20:00,0.012228523
4159,2013-11-17 08:20:00,131.00516
4159,2013-11-17 08:30:00,177.78
4159,2013-11-17 08:30:00,0.4213868
4159,2013-11-17 08:40:00,160.56592
4159,2013-11-17 08:40:00,0.006651706
4159,2013-11-17 08:50:00,131.77817
4159,2013-11-17 09:00:00,148.73482
4159,2013-11-17 09:10:00,164.97714
4159,2013-11-17 09:10:00,0.006651706
4159,2013-11-17 09:10:00,0.0055768173
4159,2013-11-17 09:20:00,181.45103
4159,2013-11-17 09:30:00,184.49565
4159,2013-11-17 09:30:00,0.015739262
4159,2013-11-17 09:40:00,0.4213868
4159,2013-11-17 09:40:00,157.39671
4159,2013-11-17 09:50:00,0.006651706
4159,2013-11-17 09:50:00,173.22481
4159,2013-11-17 09:50:00,0.006651706
4159,2013-11-17 10:00:00,166.80547
4159,2013-11-17 10:00:00,0.4213868
4159,2013-11-17 10:10:00,0.006651706
4159,2013-11-17 10:10:00,177.60855
4159,2013-11-17 10:20:00,0.4213868
4159,2013-11-17 10:20:00,185.82465
4159,2013-11-17 10:20:00,0.015739262
4159,2013-11-17 10:20:00,0.006651706
4159,2013-11-17 10:20:00,0.006651706
4159,2013-11-17 10:30:00,198.67165
4159,2013-11-17 10:30:00,0.4280385
4159,2013-11-17 10:40:00,0.4213868
4159,2013-11-17 10:40:00,195.65416
4159,2013-11-17 10:40:00,0.4213868
4159,2013-11-17 10:50:00,206.26498
4159,2013-11-17 10:50:00,0.006651706
4159,2013-11-17 10:50:00,0.8427736
4159,2013-11-17 11:00:00,208.77289
4159,2013-11-17 11:10:00,238.79857
4159,2013-11-17 11:10:00,0.43712607
4159,2013-11-17 11:20:00,187.93315
4159,2013-11-17 11:20:00,0.015739262
4159,2013-11-17 11:20:00,0.006651706
4159,2013-11-17 11:20:00,0.4213868
4159,2013-11-17 11:30:00,171.712
4159,2013-11-17 11:40:00,171.95802
4159,2013-11-17 11:40:00,0.29327068
4159,2013-11-17 11:50:00,193.8259
4159,2013-11-17 12:00:00,192.4003
4159,2013-11-17 12:00:00,0.006651706
4159,2013-11-17 12:10:00,188.03387
4159,2013-11-17 12:10:00,0.006651706
4159,2013-11-17 12:20:00,193.86324
4159,2013-11-17 12:20:00,0.006651706
4159,2013-11-17 12:30:00,0.4213868
4159,2013-11-17 12:30:00,233.20552
4159,2013-11-17 12:30:00,0.4280385
4159,2013-11-17 12:40:00,248.76205
4159,2013-11-17 12:50:00,191.31987
4159,2013-11-17 12:50:00,0.015739262
4159,2013-11-17 12:50:00,0.7146575
4159,2013-11-17 12:50:00,0.006651706
4159,2013-11-17 13:00:00,190.86487
4159,2013-11-17 13:00:00,0.006651706
4159,2013-11-17 13:10:00,178.31381
4159,2013-11-17 13:10:00,1.5319401
4159,2013-11-17 13:10:00,0.4213868
4159,2013-11-17 13:10:00,0.006651706
4159,2013-11-17 13:20:00,0.7146575
4159,2013-11-17 13:20:00,182.16078
4159,2013-11-17 13:20:00,0.4213868
4159,2013-11-17 13:30:00,205.51657
4159,2013-11-17 13:40:00,0.8427736
4159,2013-11-17 13:40:00,216.26677
4159,2013-11-17 13:40:00,0.006651706
4159,2013-11-17 13:50:00,239.45004
4159,2013-11-17 13:50:00,0.30900994
4159,2013-11-17 14:00:00,244.67087
4159,2013-11-17 14:00:00,0.4213868
4159,2013-11-17 14:10:00,0.006651706
4159,2013-11-17 14:10:00,239.303
4159,2013-11-17 14:10:00,0.006651706
4159,2013-11-17 14:10:00,0.4213868
4159,2013-11-17 14:20:00,0.015739262
4159,2013-11-17 14:20:00,248.39995
4159,2013-11-17 14:20:00,0.015739262
4159,2013-11-17 14:30:00,247.75087
4159,2013-11-17 14:40:00,231.66988
4159,2013-11-17 14:40:00,0.4280385
4159,2013-11-17 14:40:00,0.4213868
4159,2013-11-17 14:50:00,0.8483504
4159,2013-11-17 14:50:00,230.45557
4159,2013-11-17 14:50:00,0.29327068
4159,2013-11-17 15:00:00,0.4213868
4159,2013-11-17 15:00:00,200.65645
4159,2013-11-17 15:00:00,0.006651706
4159,2013-11-17 15:00:00,0.006651706
4159,2013-11-17 15:10:00,226.0947
4159,2013-11-17 15:10:00,0.4213868
4159,2013-11-17 15:20:00,204.20789
4159,2013-11-17 15:30:00,236.38924
4159,2013-11-17 15:30:00,0.02239097
4159,2013-11-17 15:30:00,0.006651706
4159,2013-11-17 15:40:00,311.2042
4159,2013-11-17 15:40:00,0.29327068
4159,2013-11-17 15:50:00,281.12613
4159,2013-11-17 15:50:00,0.0055768173
4159,2013-11-17 16:00:00,205.6579
4159,2013-11-17 16:10:00,220.6508
4159,2013-11-17 16:10:00,0.006651706
4159,2013-11-17 16:20:00,266.51962
4159,2013-11-17 16:20:00,0.4213868
4159,2013-11-17 16:30:00,190.49657
4159,2013-11-17 16:30:00,0.29327068
4159,2013-11-17 16:40:00,216.24179
4159,2013-11-17 16:40:00,0.006651706
4159,2013-11-17 16:50:00,0.4213868
4159,2013-11-17 16:50:00,199.39197
4159,2013-11-17 16:50:00,0.8427736
4159,2013-11-17 17:00:00,211.76178
4159,2013-11-17 17:10:00,205.91939
4159,2013-11-17 17:10:00,0.006651706
4159,2013-11-17 17:10:00,0.006651706
4159,2013-11-17 17:20:00,190.36986
4159,2013-11-17 17:30:00,0.8494253
4159,2013-11-17 17:30:00,207.16827
4159,2013-11-17 17:30:00,0.48138633
4159,2013-11-17 17:30:00,0.29327068
4159,2013-11-17 17:40:00,0.006651706
4159,2013-11-17 17:40:00,213.46068
4159,2013-11-17 17:50:00,0.026606824
4159,2013-11-17 17:50:00,213.6859
4159,2013-11-17 17:50:00,0.4346902
4159,2013-11-17 17:50:00,1.1360443
4159,2013-11-17 18:00:00,0.0055768173
4159,2013-11-17 18:00:00,215.23483
4159,2013-11-17 18:00:00,0.29327068
4159,2013-11-17 18:10:00,0.2999224
4159,2013-11-17 18:10:00,0.4213868
4159,2013-11-17 18:10:00,274.56262
4159,2013-11-17 18:10:00,0.015739262
4159,2013-11-17 18:10:00,0.2999224
4159,2013-11-17 18:20:00,239.36534
4159,2013-11-17 18:20:00,0.8427736
4159,2013-11-17 18:30:00,299.97415
4159,2013-11-17 18:30:00,0.006651706
4159,2013-11-17 18:40:00,235.78699
4159,2013-11-17 18:40:00,0.006651706
4159,2013-11-17 18:50:00,227.31075
4159,2013-11-17 19:00:00,0.4213868
4159,2013-11-17 19:00:00,304.3907
4159,2013-11-17 19:00:00,0.006651706
4159,2013-11-17 19:10:00,230.41068
4159,2013-11-17 19:10:00,0.48138633
4159,2013-11-17 19:10:00,0.4213868
4159,2013-11-17 19:20:00,243.42015
4159,2013-11-17 19:30:00,0.006651706
4159,2013-11-17 19:30:00,258.48486
4159,2013-11-17 19:30:00,0.006651706
4159,2013-11-17 19:30:00,0.4280385
4159,2013-11-17 19:40:00,292.30435
4159,2013-11-17 19:50:00,0.0055768173
4159,2013-11-17 19:50:00,245.53537
4159,2013-11-17 19:50:00,0.006651706
4159,2013-11-17 20:00:00,228.04172
4159,2013-11-17 20:00:00,0.8427736
4159,2013-11-17 20:10:00,218.0111
4159,2013-11-17 20:10:00,0.006651706
4159,2013-11-17 20:20:00,229.62224
4159,2013-11-17 20:20:00,0.29327068
4159,2013-11-17 20:30:00,262.68222
4159,2013-11-17 20:30:00,0.29327068
4159,2013-11-17 20:40:00,350.11426
4159,2013-11-17 20:40:00,0.006651706
4159,2013-11-17 20:40:00,0.4280385
4159,2013-11-17 20:50:00,380.43665
4159,2013-11-17 21:00:00,243.14612
4159,2013-11-17 21:10:00,209.83546
4159,2013-11-17 21:10:00,0.006651706
4159,2013-11-17 21:10:00,0.8427736
4159,2013-11-17 21:20:00,206.74411
4159,2013-11-17 21:30:00,221.45297
4159,2013-11-17 21:30:00,0.015739262
4159,2013-11-17 21:30:00,0.4213868
4159,2013-11-17 21:40:00,215.4297
4159,2013-11-17 21:40:00,0.006651706
4159,2013-11-17 21:40:00,0.4213868
4159,2013-11-17 21:50:00,209.0278
4159,2013-11-17 22:00:00,200.70306
4159,2013-11-17 22:00:00,0.0055768173
4159,2013-11-17 22:00:00,0.015739262
4159,2013-11-17 22:00:00,0.015739262
4159,2013-11-17 22:00:00,0.4213868
4159,2013-11-17 22:10:00,0.4213868
4159,2013-11-17 22:10:00,192.11868
4159,2013-11-17 22:20:00,192.66382
4159,2013-11-17 22:20:00,0.006651706
4159,2013-11-17 22:30:00,199.71835
4159,2013-11-17 22:40:00,211.66705
4159,2013-11-17 22:40:00,0.4213868
4159,2013-11-17 22:50:00,187.912
4159,2013-11-17 22:50:00,0.006651706
4159,2013-11-17 23:00:00,160.68994
4159,2013-11-17 23:10:00,193.32954
4159,2013-11-17 23:10:00,2.0747912
4159,2013-11-17 23:20:00,154.52261
4159,2013-11-17 23:20:00,0.006651706
4159,2013-11-17 23:20:00,0.8106309
4159,2013-11-17 23:20:00,0.006651706
4159,2013-11-17 23:30:00,223.10376
4159,2013-11-17 23:30:00,1.6212618
4159,2013-11-17 23:30:00,0.006651706
4159,2013-11-17 23:40:00,227.35887
4159,2013-11-17 23:40:00,0.015739262
4159,2013-11-17 23:40:00,0.59319305
4159,2013-11-17 23:50:00,163.39326
4159,2013-11-17 23:50:00,0.006651706
4159,2013-11-17 23:50:00,0.48138633
4159,2013-11-18 00:00:00,152.0696
4159,2013-11-18 00:00:00,0.006651706
4159,2013-11-18 00:10:00,176.61534
4159,2013-11-18 00:10:00,0.8106309
4159,2013-11-18 00:20:00,0.8106309
4159,2013-11-18 00:20:00,187.05028
4159,2013-11-18 00:30:00,179.08017
4159,2013-11-18 00:30:00,0.006651706
4159,2013-11-18 00:40:00,182.72453
4159,2013-11-18 00:40:00,0.015739262
4159,2013-11-18 00:50:00,135.07683
4159,2013-11-18 01:00:00,133.30508
4159,2013-11-18 01:00:00,0.006651706
4159,2013-11-18 01:10:00,124.374695
4159,2013-11-18 01:20:00,125.95153
4159,2013-11-18 01:20:00,0.015739262
4159,2013-11-18 01:30:00,120.157364
4159,2013-11-18 01:40:00,0.48138633
4159,2013-11-18 01:40:00,115.99896
4159,2013-11-18 01:40:00,0.006651706
4159,2013-11-18 01:50:00,150.79091
4159,2013-11-18 01:50:00,0.4213868
4159,2013-11-18 02:00:00,121.78843
4159,2013-11-18 02:10:00,0.006651706
4159,2013-11-18 02:10:00,118.90398
4159,2013-11-18 02:10:00,0.006651706
4159,2013-11-18 02:10:00,0.29327068
4159,2013-11-18 02:20:00,0.013303412
4159,2013-11-18 02:20:00,118.144
4159,2013-11-18 02:30:00,120.16573
4159,2013-11-18 02:30:00,0.015739262
4159,2013-11-18 02:40:00,121.18822
4159,2013-11-18 02:40:00,0.0055768173
4159,2013-11-18 02:40:00,0.006651706
4159,2013-11-18 02:50:00,122.69848
4159,2013-11-18 03:00:00,112.49897
4159,2013-11-18 03:10:00,112.9041
4159,2013-11-18 03:10:00,0.006651706
4159,2013-11-18 03:20:00,112.14148
4159,2013-11-18 03:20:00,0.006651706
4159,2013-11-18 03:30:00,110.283325
4159,2013-11-18 03:30:00,0.015739262
4159,2013-11-18 03:40:00,109.90705
4159,2013-11-18 03:50:00,118.55058
4159,2013-11-18 03:50:00,0.006651706
4159,2013-11-18 04:00:00,108.447525
4159,2013-11-18 04:10:00,122.25625
4159,2013-11-18 04:10:00,0.015739262
4159,2013-11-18 04:20:00,114.77921
4159,2013-11-18 04:20:00,0.006651706
4159,2013-11-18 04:20:00,0.4213868
4159,2013-11-18 04:30:00,110.47049
4159,2013-11-18 04:40:00,121.45658
4159,2013-11-18 04:50:00,126.92895
4159,2013-11-18 05:00:00,116.0001
4159,2013-11-18 05:00:00,0.006651706
4159,2013-11-18 05:10:00,116.86846
4159,2013-11-18 05:20:00,122.868286
4159,2013-11-18 05:20:00,0.4213868
4159,2013-11-18 05:30:00,135.72311
4159,2013-11-18 05:30:00,0.006651706
4159,2013-11-18 05:30:00,0.4213868
4159,2013-11-18 05:40:00,135.55362
4159,2013-11-18 05:40:00,0.015739262
4159,2013-11-18 05:50:00,126.96683
4159,2013-11-18 05:50:00,0.006651706
4159,2013-11-18 06:00:00,0.006651706
4159,2013-11-18 06:00:00,152.84755
4159,2013-11-18 06:00:00,0.006651706
4159,2013-11-18 06:10:00,204.4456
4159,2013-11-18 06:10:00,0.43712607
4159,2013-11-18 06:20:00,0.4213868
4159,2013-11-18 06:20:00,170.29083
4159,2013-11-18 06:20:00,0.29327068
4159,2013-11-18 06:30:00,188.72656
4159,2013-11-18 06:30:00,0.006651706
4159,2013-11-18 06:30:00,0.4213868
4159,2013-11-18 06:40:00,210.60968
4159,2013-11-18 06:40:00,0.012228523
4159,2013-11-18 06:50:00,219.10728
4159,2013-11-18 06:50:00,0.015739262
4159,2013-11-18 06:50:00,0.4213868
4159,2013-11-18 07:00:00,239.22047
4159,2013-11-18 07:00:00,0.2999224
4159,2013-11-18 07:00:00,0.8427736
4159,2013-11-18 07:10:00,295.03497
4159,2013-11-18 07:10:00,0.7146575
4159,2013-11-18 07:20:00,304.86887
4159,2013-11-18 07:20:00,0.43712607
4159,2013-11-18 07:20:00,0.4213868
4159,2013-11-18 07:30:00,0.0055768173
4159,2013-11-18 07:30:00,352.8078
4159,2013-11-18 07:30:00,0.4280385
4159,2013-11-18 07:30:00,0.4213868
4159,2013-11-18 07:40:00,0.8427736
4159,2013-11-18 07:40:00,360.13007
4159,2013-11-18 07:40:00,0.4213868
4159,2013-11-18 07:40:00,2.4318926
4159,2013-11-18 07:50:00,0.4213868
4159,2013-11-18 07:50:00,394.0785
4159,2013-11-18 07:50:00,0.48138633
4159,2013-11-18 07:50:00,0.44377777
4159,2013-11-18 08:00:00,0.015739262
4159,2013-11-18 08:00:00,420.15475
4159,2013-11-18 08:00:00,0.4213868
4159,2013-11-18 08:00:00,0.006651706
4159,2013-11-18 08:00:00,0.4213868
4159,2013-11-18 08:10:00,0.4213868
4159,2013-11-18 08:10:00,0.006651706
4159,2013-11-18 08:10:00,425.66794
4159,2013-11-18 08:10:00,0.4213868
4159,2013-11-18 08:10:00,0.2999224
4159,2013-11-18 08:10:00,1.6855472
4159,2013-11-18 08:20:00,0.48138633
4159,2013-11-18 08:20:00,0.4213868
4159,2013-11-18 08:20:00,478.81772
4159,2013-11-18 08:20:00,0.4213868
4159,2013-11-18 08:20:00,0.4213868
4159,2013-11-18 08:30:00,0.29327068
4159,2013-11-18 08:30:00,486.19254
4159,2013-11-18 08:30:00,0.48138633
4159,2013-11-18 08:40:00,0.90277314
4159,2013-11-18 08:40:00,1.32416
4159,2013-11-18 08:40:00,450.16898
4159,2013-11-18 08:50:00,0.43712607
4159,2013-11-18 08:50:00,495.89273
4159,2013-11-18 08:50:00,1.32416
4159,2013-11-18 09:00:00,0.4213868
4159,2013-11-18 09:00:00,508.91614
4159,2013-11-18 09:00:00,0.8427736
4159,2013-11-18 09:00:00,0.8585129
4159,2013-11-18 09:10:00,0.90277314
4159,2013-11-18 09:10:00,0.97500116
4159,2013-11-18 09:10:00,627.97845
4159,2013-11-18 09:10:00,0.4213868
4159,2013-11-18 09:10:00,0.4213868
4159,2013-11-18 09:20:00,655.44867
4159,2013-11-18 09:20:00,0.90277314
4159,2013-11-18 09:20:00,0.43712607
4159,2013-11-18 09:30:00,0.48138633
4159,2013-11-18 09:30:00,0.0055768173
4159,2013-11-18 09:30:00,632.4389
4159,2013-11-18 09:40:00,0.015739262
4159,2013-11-18 09:40:00,0.48138633
4159,2013-11-18 09:40:00,610.8352
4159,2013-11-18 09:40:00,0.8427736
4159,2013-11-18 09:40:00,0.4280385
4159,2013-11-18 09:50:00,0.015739262
4159,2013-11-18 09:50:00,0.96834946
4159,2013-11-18 09:50:00,551.7021
4159,2013-11-18 09:50:00,0.4213868
4159,2013-11-18 10:00:00,0.90277314
4159,2013-11-18 10:00:00,606.2137
4159,2013-11-18 10:00:00,1.7455467
4159,2013-11-18 10:00:00,0.006651706
4159,2013-11-18 10:10:00,1.8055463
4159,2013-11-18 10:10:00,621.3411
4159,2013-11-18 10:10:00,0.4971256
4159,2013-11-18 10:10:00,0.015739262
4159,2013-11-18 10:20:00,588.8854
4159,2013-11-18 10:20:00,1.444159
4159,2013-11-18 10:20:00,0.96942437
4159,2013-11-18 10:30:00,1.8212855
4159,2013-11-18 10:30:00,570.7814
4159,2013-11-18 10:30:00,0.48138633
4159,2013-11-18 10:30:00,1.2320178
4159,2013-11-18 10:30:00,0.4280385
4159,2013-11-18 10:40:00,0.48138633
4159,2013-11-18 10:40:00,0.015739262
4159,2013-11-18 10:40:00,0.4213868
4159,2013-11-18 10:40:00,687.1115
4159,2013-11-18 10:40:00,0.4213868
4159,2013-11-18 10:40:00,0.015739262
4159,2013-11-18 10:50:00,610.8453
4159,2013-11-18 10:50:00,0.48138633
4159,2013-11-18 10:50:00,0.29327068
4159,2013-11-18 11:00:00,680.296
4159,2013-11-18 11:00:00,0.4213868
4159,2013-11-18 11:10:00,0.48138633
4159,2013-11-18 11:10:00,719.902
4159,2013-11-18 11:10:00,0.4213868
4159,2013-11-18 11:10:00,0.015739262
4159,2013-11-18 11:10:00,0.006651706
4159,2013-11-18 11:20:00,0.4280385
4159,2013-11-18 11:20:00,626.5198
4159,2013-11-18 11:20:00,1.32416
4159,2013-11-18 11:20:00,0.8106309
4159,2013-11-18 11:20:00,0.4213868
4159,2013-11-18 11:30:00,0.90277314
4159,2013-11-18 11:30:00,0.4213868
4159,2013-11-18 11:30:00,622.482
4159,2013-11-18 11:30:00,0.90277314
4159,2013-11-18 11:30:00,0.48138633
4159,2013-11-18 11:30:00,0.006651706
4159,2013-11-18 11:40:00,0.4213868
4159,2013-11-18 11:40:00,618.2114
4159,2013-11-18 11:40:00,0.48138633
4159,2013-11-18 11:40:00,0.006651706
4159,2013-11-18 11:40:00,0.015739262
4159,2013-11-18 11:50:00,1.32416
4159,2013-11-18 11:50:00,0.90277314
4159,2013-11-18 11:50:00,758.1294
4159,2013-11-18 11:50:00,0.90277314
4159,2013-11-18 11:50:00,0.4213868
4159,2013-11-18 12:00:00,0.90277314
4159,2013-11-18 12:00:00,743.52704
4159,2013-11-18 12:00:00,0.90277314
4159,2013-11-18 12:00:00,0.2999224
4159,2013-11-18 12:10:00,0.7213092
4159,2013-11-18 12:10:00,733.9136
4159,2013-11-18 12:10:00,1.8655457
4159,2013-11-18 12:10:00,0.4213868
4159,2013-11-18 12:10:00,0.4213868
4159,2013-11-18 12:20:00,0.4213868
4159,2013-11-18 12:20:00,0.4213868
4159,2013-11-18 12:20:00,726.43616
4159,2013-11-18 12:20:00,0.90277314
4159,2013-11-18 12:20:00,0.4213868
4159,2013-11-18 12:30:00,0.015739262
4159,2013-11-18 12:30:00,0.4213868
4159,2013-11-18 12:30:00,649.42505
4159,2013-11-18 12:30:00,0.96277267
4159,2013-11-18 12:30:00,0.4213868
4159,2013-11-18 12:40:00,707.98126
4159,2013-11-18 12:40:00,0.48138633
4159,2013-11-18 12:40:00,0.4213868
4159,2013-11-18 12:50:00,783.2337
4159,2013-11-18 12:50:00,1.3841594
4159,2013-11-18 12:50:00,0.015739262
4159,2013-11-18 13:00:00,0.48138633
4159,2013-11-18 13:00:00,798.58655
4159,2013-11-18 13:00:00,1.3841594
4159,2013-11-18 13:00:00,0.48138633
4159,2013-11-18 13:00:00,0.4213868
4159,2013-11-18 13:00:00,0.90277314
4159,2013-11-18 13:10:00,2.4640355
4159,2013-11-18 13:10:00,785.9809
4159,2013-11-18 13:10:00,1.8055463
4159,2013-11-18 13:20:00,715.11774
4159,2013-11-18 13:20:00,0.96277267
4159,2013-11-18 13:20:00,0.4971256
4159,2013-11-18 13:20:00,0.73704845
4159,2013-11-18 13:30:00,0.48138633
4159,2013-11-18 13:30:00,0.8427736
4159,2013-11-18 13:30:00,676.4196
4159,2013-11-18 13:30:00,0.4213868
4159,2013-11-18 13:30:00,0.8427736
4159,2013-11-18 13:40:00,620.0772
4159,2013-11-18 13:40:00,1.2320178
4159,2013-11-18 13:50:00,645.2425
4159,2013-11-18 13:50:00,0.48138633
4159,2013-11-18 13:50:00,0.015739262
4159,2013-11-18 14:00:00,593.8315
4159,2013-11-18 14:00:00,0.4213868
4159,2013-11-18 14:00:00,0.006651706
4159,2013-11-18 14:00:00,0.4213868
4159,2013-11-18 14:10:00,632.88934
4159,2013-11-18 14:10:00,0.43712607
4159,2013-11-18 14:20:00,0.031478524
4159,2013-11-18 14:20:00,0.2999224
4159,2013-11-18 14:20:00,625.792
4159,2013-11-18 14:20:00,1.32416
4159,2013-11-18 14:20:00,0.4213868
4159,2013-11-18 14:30:00,0.031478524
4159,2013-11-18 14:30:00,0.8427736
4159,2013-11-18 14:30:00,0.4213868
4159,2013-11-18 14:30:00,0.48138633
4159,2013-11-18 14:30:00,587.8811
4159,2013-11-18 14:30:00,0.015739262
4159,2013-11-18 14:30:00,0.4213868
4159,2013-11-18 14:40:00,0.006651706
4159,2013-11-18 14:40:00,577.8087
4159,2013-11-18 14:40:00,0.4213868
4159,2013-11-18 14:40:00,1.2708122
4159,2013-11-18 14:40:00,0.4213868
4159,2013-11-18 14:50:00,669.80237
4159,2013-11-18 14:50:00,0.4213868
4159,2013-11-18 15:00:00,0.015739262
4159,2013-11-18 15:00:00,732.3862
4159,2013-11-18 15:00:00,0.48138633
4159,2013-11-18 15:10:00,0.015739262
4159,2013-11-18 15:10:00,743.8079
4159,2013-11-18 15:10:00,0.4213868
4159,2013-11-18 15:20:00,0.29327068
4159,2013-11-18 15:20:00,621.1015
4159,2013-11-18 15:20:00,0.48138633
4159,2013-11-18 15:30:00,720.2719
4159,2013-11-18 15:30:00,0.3054992
4159,2013-11-18 15:30:00,0.32231337
4159,2013-11-18 15:40:00,0.015739262
4159,2013-11-18 15:40:00,0.29327068
4159,2013-11-18 15:40:00,663.93494
4159,2013-11-18 15:50:00,0.90277314
4159,2013-11-18 15:50:00,699.4145
4159,2013-11-18 15:50:00,1.32416
4159,2013-11-18 15:50:00,0.4213868
4159,2013-11-18 15:50:00,0.8106309
4159,2013-11-18 15:50:00,0.4213868
4159,2013-11-18 16:00:00,0.90277314
4159,2013-11-18 16:00:00,631.38226
4159,2013-11-18 16:10:00,0.015739262
4159,2013-11-18 16:10:00,0.4213868
4159,2013-11-18 16:10:00,0.29327068
4159,2013-11-18 16:10:00,586.55005
4159,2013-11-18 16:10:00,1.2320178
4159,2013-11-18 16:10:00,0.029042674
4159,2013-11-18 16:10:00,0.4280385
4159,2013-11-18 16:20:00,0.006651706
4159,2013-11-18 16:20:00,0.29327068
4159,2013-11-18 16:20:00,597.1284
4159,2013-11-18 16:20:00,0.7146575
4159,2013-11-18 16:30:00,0.29327068
4159,2013-11-18 16:30:00,633.21204
4159,2013-11-18 16:30:00,0.011153635
4159,2013-11-18 16:30:00,0.30900994
4159,2013-11-18 16:30:00,0.4213868
4159,2013-11-18 16:40:00,0.4213868
4159,2013-11-18 16:40:00,697.1401
4159,2013-11-18 16:40:00,0.012228523
4159,2013-11-18 16:40:00,0.4213868
4159,2013-11-18 16:40:00,0.4213868
4159,2013-11-18 16:40:00,0.015739262
4159,2013-11-18 16:50:00,0.48138633
4159,2013-11-18 16:50:00,673.3716
4159,2013-11-18 16:50:00,0.0055768173
4159,2013-11-18 16:50:00,0.006651706
4159,2013-11-18 17:00:00,0.4213868
4159,2013-11-18 17:00:00,0.015739262
4159,2013-11-18 17:00:00,0.29327068
4159,2013-11-18 17:00:00,578.457
4159,2013-11-18 17:00:00,0.0055768173
4159,2013-11-18 17:00:00,0.8427736
4159,2013-11-18 17:10:00,0.90277314
4159,2013-11-18 17:10:00,615.934
4159,2013-11-18 17:10:00,0.48803803
4159,2013-11-18 17:10:00,1.2641604
4159,2013-11-18 17:10:00,0.48138633
4159,2013-11-18 17:10:00,0.48138633
4159,2013-11-18 17:20:00,0.4213868
4159,2013-11-18 17:20:00,547.13367
4159,2013-11-18 17:20:00,0.29327068
4159,2013-11-18 17:20:00,0.4213868
4159,2013-11-18 17:30:00,0.4213868
4159,2013-11-18 17:30:00,487.5302
4159,2013-11-18 17:30:00,0.4280385
4159,2013-11-18 17:40:00,485.16467
4159,2013-11-18 17:40:00,0.006651706
4159,2013-11-18 17:40:00,1.6534045
4159,2013-11-18 17:50:00,437.83536
4159,2013-11-18 17:50:00,0.90277314
4159,2013-11-18 17:50:00,0.5998448
4159,2013-11-18 17:50:00,0.48138633
4159,2013-11-18 18:00:00,0.4213868
4159,2013-11-18 18:00:00,0.4213868
4159,2013-11-18 18:00:00,497.4011
4159,2013-11-18 18:00:00,0.29327068
4159,2013-11-18 18:00:00,0.90277314
4159,2013-11-18 18:10:00,437.68536
4159,2013-11-18 18:20:00,0.4213868
4159,2013-11-18 18:20:00,0.8427736
4159,2013-11-18 18:20:00,402.58295
4159,2013-11-18 18:20:00,0.48138633
4159,2013-11-18 18:20:00,0.4213868
4159,2013-11-18 18:30:00,508.28812
4159,2013-11-18 18:30:00,1.8055463
4159,2013-11-18 18:30:00,0.58654135
4159,2013-11-18 18:40:00,426.01575
4159,2013-11-18 18:40:00,0.8106309
4159,2013-11-18 18:40:00,1.5640829
4159,2013-11-18 18:50:00,359.53232
4159,2013-11-18 18:50:00,0.8494253
4159,2013-11-18 19:00:00,412.4166
4159,2013-11-18 19:00:00,0.48138633
4159,2013-11-18 19:10:00,0.006651706
4159,2013-11-18 19:10:00,347.72748
4159,2013-11-18 19:10:00,0.4346902
4159,2013-11-18 19:20:00,0.8106309
4159,2013-11-18 19:20:00,316.83774
4159,2013-11-18 19:20:00,0.015739262
4159,2013-11-18 19:30:00,324.5155
4159,2013-11-18 19:30:00,0.29327068
4159,2013-11-18 19:30:00,0.29327068
4159,2013-11-18 19:40:00,0.4213868
4159,2013-11-18 19:40:00,302.6555
4159,2013-11-18 19:40:00,0.02239097
4159,2013-11-18 19:50:00,287.94327
4159,2013-11-18 19:50:00,0.006651706
4159,2013-11-18 19:50:00,0.015739262
4159,2013-11-18 20:00:00,327.75198
4159,2013-11-18 20:00:00,0.58654135
4159,2013-11-18 20:10:00,382.6853
4159,2013-11-18 20:20:00,264.31726
4159,2013-11-18 20:20:00,0.015739262
4159,2013-11-18 20:30:00,310.99362
4159,2013-11-18 20:30:00,0.015739262
4159,2013-11-18 20:40:00,0.015739262
4159,2013-11-18 20:40:00,0.006651706
4159,2013-11-18 20:40:00,271.37973
4159,2013-11-18 20:50:00,283.9056
4159,2013-11-18 21:00:00,267.95978
4159,2013-11-18 21:00:00,0.015739262
4159,2013-11-18 21:00:00,0.006651706
4159,2013-11-18 21:10:00,282.14075
4159,2013-11-18 21:10:00,0.4280385
4159,2013-11-18 21:20:00,246.36758
4159,2013-11-18 21:20:00,0.015739262
4159,2013-11-18 21:30:00,285.26523
4159,2013-11-18 21:30:00,0.015739262
4159,2013-11-18 21:30:00,0.4213868
4159,2013-11-18 21:40:00,249.69778
4159,2013-11-18 21:40:00,0.29327068
4159,2013-11-18 21:50:00,236.38522
4159,2013-11-18 22:00:00,231.59941
4159,2013-11-18 22:10:00,220.94835
4159,2013-11-18 22:20:00,261.00916
4159,2013-11-18 22:30:00,0.0055768173
4159,2013-11-18 22:30:00,227.59271
4159,2013-11-18 22:30:00,0.015739262
4159,2013-11-18 22:30:00,0.29327068
4159,2013-11-18 22:40:00,228.74823
4159,2013-11-18 22:50:00,212.04681
4159,2013-11-18 22:50:00,0.29327068
4159,2013-11-18 23:00:00,207.4848
4159,2013-11-18 23:00:00,0.015739262
4159,2013-11-18 23:00:00,0.006651706
4159,2013-11-18 23:10:00,214.51747
4159,2013-11-18 23:20:00,284.85553
4159,2013-11-18 23:30:00,193.85414
4159,2013-11-18 23:40:00,0.29327068
4159,2013-11-18 23:40:00,185.88213
4159,2013-11-18 23:50:00,164.53247
4159,2013-11-18 23:50:00,0.006651706
4159,2013-11-19 00:00:00,152.70201
4159,2013-11-19 00:00:00,0.29327068
4159,2013-11-19 00:10:00,165.69835
4159,2013-11-19 00:20:00,154.76309
4159,2013-11-19 00:30:00,142.43742
4159,2013-11-19 00:40:00,162.33847
4159,2013-11-19 00:40:00,0.015739262
4159,2013-11-19 00:50:00,140.87363
4159,2013-11-19 01:00:00,143.39076
4159,2013-11-19 01:00:00,0.013303412
4159,2013-11-19 01:10:00,150.2688
4159,2013-11-19 01:20:00,157.31644
4159,2013-11-19 01:20:00,0.015739262
4159,2013-11-19 01:20:00,0.4213868
4159,2013-11-19 01:30:00,137.17905
4159,2013-11-19 01:40:00,0.0055768173
4159,2013-11-19 01:40:00,136.04396
4159,2013-11-19 01:50:00,137.66977
4159,2013-11-19 01:50:00,0.015739262
4159,2013-11-19 02:00:00,128.15913
4159,2013-11-19 02:10:00,135.32027
4159,2013-11-19 02:20:00,122.441444
4159,2013-11-19 02:30:00,131.49115
4159,2013-11-19 02:40:00,136.80632
4159,2013-11-19 02:50:00,122.768845
4159,2013-11-19 03:00:00,124.21222
4159,2013-11-19 03:00:00,0.015739262
4159,2013-11-19 03:10:00,120.639595
4159,2013-11-19 03:20:00,119.99664
4159,2013-11-19 03:30:00,120.64002
4159,2013-11-19 03:30:00,0.015739262
4159,2013-11-19 03:40:00,118.50539
4159,2013-11-19 03:50:00,121.64239
4159,2013-11-19 04:00:00,0.4213868
4159,2013-11-19 04:00:00,116.0182
4159,2013-11-19 04:00:00,0.015739262
4159,2013-11-19 04:10:00,121.65666
4159,2013-11-19 04:20:00,125.32096
4159,2013-11-19 04:30:00,118.19243
4159,2013-11-19 04:30:00,0.015739262
4159,2013-11-19 04:40:00,132.10435
4159,2013-11-19 04:50:00,122.93207
4159,2013-11-19 05:00:00,118.920525
4159,2013-11-19 05:10:00,123.74339
4159,2013-11-19 05:20:00,131.69652
4159,2013-11-19 05:30:00,137.2786
4159,2013-11-19 05:40:00,145.25534
4159,2013-11-19 05:50:00,159.59973
4159,2013-11-19 06:00:00,0.015739262
4159,2013-11-19 06:00:00,153.41132
4159,2013-11-19 06:00:00,0.006651706
4159,2013-11-19 06:10:00,189.66148
4159,2013-11-19 06:20:00,169.9343
4159,2013-11-19 06:20:00,0.4213868
4159,2013-11-19 06:30:00,193.51233
4159,2013-11-19 06:40:00,0.4213868
4159,2013-11-19 06:40:00,209.64937
4159,2013-11-19 06:40:00,0.015739262
4159,2013-11-19 06:50:00,0.006651706
4159,2013-11-19 06:50:00,239.29189
4159,2013-11-19 06:50:00,0.4213868
4159,2013-11-19 06:50:00,0.013303412
4159,2013-11-19 07:00:00,0.4213868
4159,2013-11-19 07:00:00,252.94562
4159,2013-11-19 07:00:00,0.4280385
4159,2013-11-19 07:10:00,303.7365
4159,2013-11-19 07:10:00,0.8427736
4159,2013-11-19 07:10:00,0.30900994
4159,2013-11-19 07:20:00,320.38614
4159,2013-11-19 07:20:00,0.29327068
4159,2013-11-19 07:20:00,0.8427736
4159,2013-11-19 07:30:00,313.61954
4159,2013-11-19 07:30:00,0.8427736
4159,2013-11-19 07:40:00,0.4213868
4159,2013-11-19 07:40:00,419.59363
4159,2013-11-19 07:40:00,0.4213868
4159,2013-11-19 07:40:00,0.8651646
4159,2013-11-19 07:50:00,0.006651706
4159,2013-11-19 07:50:00,395.82343
4159,2013-11-19 07:50:00,0.015739262
4159,2013-11-19 07:50:00,0.4213868
4159,2013-11-19 08:00:00,453.49612
4159,2013-11-19 08:00:00,1.2320178
4159,2013-11-19 08:00:00,1.5707345
4159,2013-11-19 08:10:00,445.12686
4159,2013-11-19 08:10:00,0.006651706
4159,2013-11-19 08:10:00,2.0426486
4159,2013-11-19 08:20:00,491.81647
4159,2013-11-19 08:20:00,1.32416
4159,2013-11-19 08:30:00,492.84964
4159,2013-11-19 08:30:00,0.7213092
4159,2013-11-19 08:30:00,0.4280385
4159,2013-11-19 08:40:00,0.006651706
4159,2013-11-19 08:40:00,474.24832
4159,2013-11-19 08:40:00,0.4213868
4159,2013-11-19 08:40:00,0.4213868
4159,2013-11-19 08:50:00,0.015739262
4159,2013-11-19 08:50:00,573.97644
4159,2013-11-19 08:50:00,0.006651706
4159,2013-11-19 08:50:00,0.90277314
4159,2013-11-19 09:00:00,554.0631
4159,2013-11-19 09:00:00,4.060336
4159,2013-11-19 09:10:00,650.9738
4159,2013-11-19 09:10:00,0.4213868
4159,2013-11-19 09:10:00,0.4213868
4159,2013-11-19 09:10:00,1.444159
4159,2013-11-19 09:20:00,697.09265
4159,2013-11-19 09:20:00,0.90277314
4159,2013-11-19 09:20:00,0.015739262
4159,2013-11-19 09:20:00,0.4213868
4159,2013-11-19 09:20:00,5.3523536
4159,2013-11-19 09:30:00,680.8408
4159,2013-11-19 09:30:00,2.226933
4159,2013-11-19 09:30:00,0.015739262
4159,2013-11-19 09:30:00,4.437632
4159,2013-11-19 09:40:00,607.3043
4159,2013-11-19 09:40:00,1.8655457
4159,2013-11-19 09:40:00,0.48138633
4159,2013-11-19 09:40:00,1.444159
4159,2013-11-19 09:40:00,0.48138633
4159,2013-11-19 09:50:00,0.006651706
4159,2013-11-19 09:50:00,675.72736
4159,2013-11-19 09:50:00,2.4069316
4159,2013-11-19 10:00:00,647.90137
4159,2013-11-19 10:00:00,0.4213868
4159,2013-11-19 10:00:00,2.910709
4159,2013-11-19 10:10:00,0.015739262
4159,2013-11-19 10:10:00,628.5225
4159,2013-11-19 10:10:00,1.8055463
4159,2013-11-19 10:10:00,1.444159
4159,2013-11-19 10:20:00,637.9758
4159,2013-11-19 10:20:00,1.8055463
4159,2013-11-19 10:20:00,1.2641604
4159,2013-11-19 10:30:00,688.59265
4159,2013-11-19 10:30:00,0.8427736
4159,2013-11-19 10:40:00,617.4113
4159,2013-11-19 10:50:00,0.031478524
4159,2013-11-19 10:50:00,708.53894
4159,2013-11-19 10:50:00,0.90277314
4159,2013-11-19 10:50:00,0.4213868
4159,2013-11-19 10:50:00,0.8427736
4159,2013-11-19 11:00:00,722.5691
4159,2013-11-19 11:00:00,0.48138633
4159,2013-11-19 11:00:00,0.4213868
4159,2013-11-19 11:10:00,732.1572
4159,2013-11-19 11:10:00,1.8055463
4159,2013-11-19 11:10:00,0.8106309
4159,2013-11-19 11:10:00,0.015739262
4159,2013-11-19 11:10:00,1.6921989
4159,2013-11-19 11:20:00,800.06464
4159,2013-11-19 11:20:00,2.3469322
4159,2013-11-19 11:20:00,0.4213868
4159,2013-11-19 11:20:00,1.2641604
4159,2013-11-19 11:30:00,0.4213868
4159,2013-11-19 11:30:00,836.64014
4159,2013-11-19 11:30:00,0.90277314
4159,2013-11-19 11:30:00,1.8655457
4159,2013-11-19 11:40:00,0.031478524
4159,2013-11-19 11:40:00,894.25134
4159,2013-11-19 11:40:00,1.8055463
4159,2013-11-19 11:40:00,0.4213868
4159,2013-11-19 11:40:00,0.4213868
4159,2013-11-19 11:50:00,0.4213868
4159,2013-11-19 11:50:00,773.84753
4159,2013-11-19 11:50:00,3.1897056
4159,2013-11-19 11:50:00,0.8427736
4159,2013-11-19 12:00:00,0.015739262
4159,2013-11-19 12:00:00,832.7168
4159,2013-11-19 12:00:00,0.96277267
4159,2013-11-19 12:00:00,2.7083194
4159,2013-11-19 12:10:00,1.8055463
4159,2013-11-19 12:10:00,0.4213868
4159,2013-11-19 12:10:00,711.8656
4159,2013-11-19 12:10:00,1.8055463
4159,2013-11-19 12:10:00,0.015739262
4159,2013-11-19 12:10:00,1.8055463
4159,2013-11-19 12:10:00,0.006651706
4159,2013-11-19 12:20:00,0.9185124
4159,2013-11-19 12:20:00,0.774657
4159,2013-11-19 12:20:00,649.32764
4159,2013-11-19 12:20:00,0.8427736
4159,2013-11-19 12:20:00,0.015739262
4159,2013-11-19 12:30:00,0.5128648
4159,2013-11-19 12:30:00,0.29327068
4159,2013-11-19 12:30:00,704.9523
4159,2013-11-19 12:30:00,1.3841594
4159,2013-11-19 12:30:00,2.6761768
4159,2013-11-19 12:40:00,634.77386
4159,2013-11-19 12:40:00,0.4213868
4159,2013-11-19 12:40:00,0.43712607
4159,2013-11-19 12:50:00,0.015739262
4159,2013-11-19 12:50:00,850.94244
4159,2013-11-19 12:50:00,0.015739262
4159,2013-11-19 12:50:00,0.90277314
4159,2013-11-19 13:00:00,867.16077
4159,2013-11-19 13:00:00,0.48138633
4159,2013-11-19 13:00:00,0.4213868
4159,2013-11-19 13:10:00,1.6534045
4159,2013-11-19 13:10:00,0.4213868
4159,2013-11-19 13:10:00,713.00116
4159,2013-11-19 13:10:00,0.4213868
4159,2013-11-19 13:10:00,0.8172826
4159,2013-11-19 13:10:00,0.4213868
4159,2013-11-19 13:20:00,0.006651706
4159,2013-11-19 13:20:00,664.4112
4159,2013-11-19 13:20:00,0.006651706
4159,2013-11-19 13:20:00,0.29327068
4159,2013-11-19 13:30:00,660.1212
4159,2013-11-19 13:30:00,1.3308116
4159,2013-11-19 13:40:00,0.8427736
4159,2013-11-19 13:40:00,0.006651706
4159,2013-11-19 13:40:00,641.1848
4159,2013-11-19 13:50:00,0.4213868
4159,2013-11-19 13:50:00,574.68475
4159,2013-11-19 14:00:00,621.716
4159,2013-11-19 14:00:00,0.02239097
4159,2013-11-19 14:00:00,1.2641604
4159,2013-11-19 14:10:00,0.4213868
4159,2013-11-19 14:10:00,652.1695
4159,2013-11-19 14:10:00,0.96277267
4159,2013-11-19 14:20:00,0.90277314
4159,2013-11-19 14:20:00,630.31714
4159,2013-11-19 14:20:00,1.2641604
4159,2013-11-19 14:30:00,0.43712607
4159,2013-11-19 14:30:00,611.44055
4159,2013-11-19 14:30:00,0.30900994
4159,2013-11-19 14:30:00,0.4213868
4159,2013-11-19 14:40:00,0.4213868
4159,2013-11-19 14:40:00,617.64594
4159,2013-11-19 14:40:00,0.0055768173
4159,2013-11-19 14:40:00,0.29327068
4159,2013-11-19 14:50:00,0.8427736
4159,2013-11-19 14:50:00,646.96173
4159,2013-11-19 15:00:00,0.4213868
4159,2013-11-19 15:00:00,709.1267
4159,2013-11-19 15:00:00,0.4213868
4159,2013-11-19 15:00:00,0.43712607
4159,2013-11-19 15:00:00,1.2708122
4159,2013-11-19 15:10:00,0.006651706
4159,2013-11-19 15:10:00,712.0286
4159,2013-11-19 15:10:00,0.48138633
4159,2013-11-19 15:10:00,0.01995512
4159,2013-11-19 15:20:00,0.4213868
4159,2013-11-19 15:20:00,637.6811
4159,2013-11-19 15:20:00,1.1360443
4159,2013-11-19 15:30:00,0.8427736
4159,2013-11-19 15:30:00,609.5879
4159,2013-11-19 15:40:00,1.2641604
4159,2013-11-19 15:40:00,712.7288
4159,2013-11-19 15:40:00,0.015739262
4159,2013-11-19 15:50:00,0.4213868
4159,2013-11-19 15:50:00,629.38434
4159,2013-11-19 16:00:00,618.03955
4159,2013-11-19 16:00:00,0.006651706
4159,2013-11-19 16:00:00,0.006651706
4159,2013-11-19 16:10:00,0.4213868
4159,2013-11-19 16:10:00,620.2639
4159,2013-11-19 16:10:00,0.015739262
4159,2013-11-19 16:10:00,0.29327068
4159,2013-11-19 16:20:00,615.8408
4159,2013-11-19 16:20:00,0.4213868
4159,2013-11-19 16:20:00,0.29327068
4159,2013-11-19 16:30:00,596.55817
4159,2013-11-19 16:30:00,0.4971256
4159,2013-11-19 16:40:00,0.29327068
4159,2013-11-19 16:40:00,697.2351
4159,2013-11-19 16:40:00,0.4213868
4159,2013-11-19 16:40:00,0.4213868
4159,2013-11-19 16:50:00,0.48138633
4159,2013-11-19 16:50:00,657.93286
4159,2013-11-19 16:50:00,0.29327068
4159,2013-11-19 16:50:00,0.4213868
4159,2013-11-19 16:50:00,0.031478524
4159,2013-11-19 17:00:00,0.43361533
4159,2013-11-19 17:00:00,617.95294
4159,2013-11-19 17:00:00,0.015739262
4159,2013-11-19 17:00:00,0.006651706
4159,2013-11-19 17:10:00,558.1275
4159,2013-11-19 17:10:00,0.48138633
4159,2013-11-19 17:20:00,498.59473
4159,2013-11-19 17:20:00,0.4213868
4159,2013-11-19 17:20:00,0.4213868
4159,2013-11-19 17:30:00,496.12857
4159,2013-11-19 17:30:00,0.4213868
4159,2013-11-19 17:40:00,500.3667
4159,2013-11-19 17:40:00,0.015739262
4159,2013-11-19 17:50:00,463.96017
4159,2013-11-19 17:50:00,0.4213868
4159,2013-11-19 17:50:00,0.4213868
4159,2013-11-19 18:00:00,469.48038
4159,2013-11-19 18:00:00,1.2320178
4159,2013-11-19 18:00:00,0.4213868
4159,2013-11-19 18:10:00,0.4213868
4159,2013-11-19 18:10:00,444.659
4159,2013-11-19 18:10:00,0.006651706
4159,2013-11-19 18:20:00,436.09512
4159,2013-11-19 18:20:00,0.8106309
4159,2013-11-19 18:30:00,425.0062
4159,2013-11-19 18:30:00,0.006651706
4159,2013-11-19 18:30:00,0.4280385
4159,2013-11-19 18:40:00,0.4213868
4159,2013-11-19 18:40:00,383.21262
4159,2013-11-19 18:40:00,2.2787404
4159,2013-11-19 18:50:00,0.4213868
4159,2013-11-19 18:50:00,466.34152
4159,2013-11-19 19:00:00,0.031478524
4159,2013-11-19 19:00:00,0.42696363
4159,2013-11-19 19:00:00,343.2254
4159,2013-11-19 19:00:00,0.4213868
4159,2013-11-19 19:00:00,1.2708122
4159,2013-11-19 19:10:00,0.015739262
4159,2013-11-19 19:10:00,0.015739262
4159,2013-11-19 19:10:00,1.2320178
4159,2013-11-19 19:10:00,346.09076
4159,2013-11-19 19:10:00,0.0055768173
4159,2013-11-19 19:10:00,0.4213868
4159,2013-11-19 19:10:00,0.006651706
4159,2013-11-19 19:10:00,1.3841594
4159,2013-11-19 19:20:00,333.02338
4159,2013-11-19 19:20:00,0.4213868
4159,2013-11-19 19:30:00,343.80923
4159,2013-11-19 19:30:00,0.4213868
4159,2013-11-19 19:40:00,299.64072
4159,2013-11-19 19:40:00,0.015739262
4159,2013-11-19 19:40:00,0.48138633
4159,2013-11-19 19:50:00,305.05606
4159,2013-11-19 19:50:00,0.43712607
4159,2013-11-19 20:00:00,303.46066
4159,2013-11-19 20:00:00,0.48138633
4159,2013-11-19 20:10:00,287.19354
4159,2013-11-19 20:20:00,281.1091
4159,2013-11-19 20:20:00,0.8427736
4159,2013-11-19 20:30:00,0.8106309
4159,2013-11-19 20:30:00,286.96194
4159,2013-11-19 20:30:00,0.015739262
4159,2013-11-19 20:30:00,0.4213868
4159,2013-11-19 20:30:00,0.48138633
4159,2013-11-19 20:40:00,0.8106309
4159,2013-11-19 20:40:00,257.74216
4159,2013-11-19 20:40:00,0.7213092
4159,2013-11-19 20:40:00,0.96277267
4159,2013-11-19 20:50:00,283.40973
4159,2013-11-19 20:50:00,0.48138633
4159,2013-11-19 21:00:00,1.6212618
4159,2013-11-19 21:00:00,298.87848
4159,2013-11-19 21:00:00,0.43712607
4159,2013-11-19 21:10:00,1.2320178
4159,2013-11-19 21:10:00,330.6798
4159,2013-11-19 21:10:00,0.7146575
4159,2013-11-19 21:20:00,0.8106309
4159,2013-11-19 21:20:00,305.67053
4159,2013-11-19 21:20:00,0.59319305
4159,2013-11-19 21:30:00,0.4213868
4159,2013-11-19 21:30:00,308.7275
4159,2013-11-19 21:30:00,0.015739262
4159,2013-11-19 21:30:00,0.006651706
4159,2013-11-19 21:40:00,1.6212618
4159,2013-11-19 21:40:00,284.72165
4159,2013-11-19 21:40:00,0.015739262
4159,2013-11-19 21:50:00,1.6212618
4159,2013-11-19 21:50:00,291.59073
4159,2013-11-19 21:50:00,0.4213868
4159,2013-11-19 22:00:00,292.48172
4159,2013-11-19 22:00:00,0.4213868
4159,2013-11-19 22:00:00,1.1360443
4159,2013-11-19 22:10:00,229.48653
4159,2013-11-19 22:10:00,0.7146575
4159,2013-11-19 22:20:00,0.8106309
4159,2013-11-19 22:20:00,244.4977
4159,2013-11-19 22:30:00,273.7192
4159,2013-11-19 22:30:00,0.4213868
4159,2013-11-19 22:40:00,251.939
4159,2013-11-19 22:50:00,269.33524
4159,2013-11-19 22:50:00,0.58654135
4159,2013-11-19 23:00:00,288.9144
4159,2013-11-19 23:10:00,204.44025
4159,2013-11-19 23:10:00,0.43712607
4159,2013-11-19 23:10:00,0.013303412
4159,2013-11-19 23:20:00,216.251
4159,2013-11-19 23:20:00,0.29327068
4159,2013-11-19 23:30:00,183.30548
4159,2013-11-19 23:40:00,178.62474
4159,2013-11-19 23:40:00,0.4213868
4159,2013-11-19 23:40:00,0.29327068
4159,2013-11-19 23:50:00,190.78545
4159,2013-11-19 23:50:00,0.013303412
4159,2013-11-20 00:00:00,174.21523
4159,2013-11-20 00:00:00,0.006651706
4159,2013-11-20 00:10:00,175.68219
4159,2013-11-20 00:10:00,0.015739262
4159,2013-11-20 00:10:00,0.4213868
4159,2013-11-20 00:20:00,167.15266
4159,2013-11-20 00:30:00,152.76378
4159,2013-11-20 00:30:00,0.29327068
4159,2013-11-20 00:40:00,166.48572
4159,2013-11-20 00:40:00,0.4213868
4159,2013-11-20 00:40:00,0.29327068
4159,2013-11-20 00:50:00,0.0055768173
4159,2013-11-20 00:50:00,147.02078
4159,2013-11-20 00:50:00,0.015739262
4159,2013-11-20 01:00:00,151.07042
4159,2013-11-20 01:10:00,145.64268
4159,2013-11-20 01:20:00,136.73102
4159,2013-11-20 01:20:00,0.43712607
4159,2013-11-20 01:30:00,132.13365
4159,2013-11-20 01:40:00,0.0055768173
4159,2013-11-20 01:40:00,128.37671
4159,2013-11-20 01:50:00,137.39397
4159,2013-11-20 01:50:00,0.4213868
4159,2013-11-20 02:00:00,133.0422
4159,2013-11-20 02:00:00,0.015739262
4159,2013-11-20 02:10:00,122.86689
4159,2013-11-20 02:20:00,133.74821
4159,2013-11-20 02:20:00,0.4213868
4159,2013-11-20 02:30:00,134.81917
4159,2013-11-20 02:30:00,0.29327068
4159,2013-11-20 02:40:00,123.142006
4159,2013-11-20 02:50:00,137.9238
4159,2013-11-20 03:00:00,126.527245
4159,2013-11-20 03:00:00,0.4213868
4159,2013-11-20 03:10:00,117.57867
4159,2013-11-20 03:20:00,165.19226
4159,2013-11-20 03:30:00,125.29786
4159,2013-11-20 03:30:00,0.43712607
4159,2013-11-20 03:40:00,117.92555
4159,2013-11-20 03:40:00,0.29327068
4159,2013-11-20 03:50:00,132.12415
4159,2013-11-20 04:00:00,0.4213868
4159,2013-11-20 04:00:00,119.80587
4159,2013-11-20 04:00:00,0.4213868
4159,2013-11-20 04:10:00,118.80505
4159,2013-11-20 04:10:00,0.015739262
4159,2013-11-20 04:20:00,128.37282
4159,2013-11-20 04:30:00,128.27037
4159,2013-11-20 04:30:00,0.015739262
4159,2013-11-20 04:40:00,0.4213868
4159,2013-11-20 04:40:00,123.58918
4159,2013-11-20 04:40:00,0.4213868
4159,2013-11-20 04:40:00,0.4213868
4159,2013-11-20 04:50:00,144.99318
4159,2013-11-20 05:00:00,136.12755
4159,2013-11-20 05:10:00,124.99049
4159,2013-11-20 05:10:00,0.43712607
4159,2013-11-20 05:10:00,0.4213868
4159,2013-11-20 05:20:00,133.48372
4159,2013-11-20 05:20:00,0.4213868
4159,2013-11-20 05:30:00,137.35745
4159,2013-11-20 05:40:00,144.41129
4159,2013-11-20 05:40:00,0.4213868
4159,2013-11-20 05:50:00,150.1448
4159,2013-11-20 05:50:00,0.8427736
4159,2013-11-20 06:00:00,176.21024
4159,2013-11-20 06:10:00,186.72617
4159,2013-11-20 06:20:00,220.6179
4159,2013-11-20 06:20:00,0.4213868
4159,2013-11-20 06:20:00,0.015739262
4159,2013-11-20 06:30:00,196.95392
4159,2013-11-20 06:30:00,0.4280385
4159,2013-11-20 06:40:00,0.4213868
4159,2013-11-20 06:40:00,256.0843
4159,2013-11-20 06:40:00,0.4213868
4159,2013-11-20 06:40:00,0.29327068
4159,2013-11-20 06:50:00,0.7146575
4159,2013-11-20 06:50:00,266.969
4159,2013-11-20 06:50:00,0.8585129
4159,2013-11-20 06:50:00,0.43712607
4159,2013-11-20 07:00:00,285.0492
4159,2013-11-20 07:00:00,0.4213868
4159,2013-11-20 07:00:00,0.4213868
4159,2013-11-20 07:10:00,326.7387
4159,2013-11-20 07:10:00,0.4213868
4159,2013-11-20 07:20:00,309.3833
4159,2013-11-20 07:20:00,0.8427736
4159,2013-11-20 07:20:00,0.29327068
4159,2013-11-20 07:30:00,423.20306
4159,2013-11-20 07:30:00,0.4213868
4159,2013-11-20 07:30:00,0.7146575
4159,2013-11-20 07:40:00,0.4213868
4159,2013-11-20 07:40:00,476.54147
4159,2013-11-20 07:40:00,1.2386694
4159,2013-11-20 07:40:00,0.4213868
4159,2013-11-20 07:50:00,378.99448
4159,2013-11-20 07:50:00,2.134791
4159,2013-11-20 07:50:00,0.4213868
4159,2013-11-20 07:50:00,0.4213868
4159,2013-11-20 08:00:00,0.43712607
4159,2013-11-20 08:00:00,395.9687
4159,2013-11-20 08:00:00,0.4213868
4159,2013-11-20 08:10:00,409.08813
4159,2013-11-20 08:10:00,1.2708122
4159,2013-11-20 08:20:00,0.006651706
4159,2013-11-20 08:20:00,471.83926
4159,2013-11-20 08:30:00,0.015739262
4159,2013-11-20 08:30:00,547.9989
4159,2013-11-20 08:30:00,0.4280385
4159,2013-11-20 08:30:00,1.5574311
4159,2013-11-20 08:40:00,1.444159
4159,2013-11-20 08:40:00,484.46738
4159,2013-11-20 08:40:00,0.013303412
4159,2013-11-20 08:40:00,0.4346902
4159,2013-11-20 08:50:00,0.8106309
4159,2013-11-20 08:50:00,0.48138633
4159,2013-11-20 08:50:00,531.0243
4159,2013-11-20 08:50:00,0.4213868
4159,2013-11-20 08:50:00,0.4213868
4159,2013-11-20 09:00:00,0.006651706
4159,2013-11-20 09:00:00,0.96277267
4159,2013-11-20 09:00:00,634.8581
4159,2013-11-20 09:00:00,0.43712607
4159,2013-11-20 09:00:00,0.4213868
4159,2013-11-20 09:10:00,0.96277267
4159,2013-11-20 09:10:00,567.752
4159,2013-11-20 09:20:00,0.96277267
4159,2013-11-20 09:20:00,702.8871
4159,2013-11-20 09:20:00,0.4280385
4159,2013-11-20 09:20:00,1.6855472
4159,2013-11-20 09:30:00,0.8427736
4159,2013-11-20 09:30:00,0.96277267
4159,2013-11-20 09:30:00,626.6394
4159,2013-11-20 09:30:00,0.43712607
4159,2013-11-20 09:40:00,0.48138633
4159,2013-11-20 09:40:00,650.0222
4159,2013-11-20 09:40:00,2.5561776
4159,2013-11-20 09:40:00,0.8106309
4159,2013-11-20 09:50:00,0.48138633
4159,2013-11-20 09:50:00,659.3232
4159,2013-11-20 09:50:00,0.8106309
4159,2013-11-20 09:50:00,0.7146575
4159,2013-11-20 10:00:00,0.96277267
4159,2013-11-20 10:00:00,593.8667
4159,2013-11-20 10:00:00,0.43712607
4159,2013-11-20 10:00:00,0.015739262
4159,2013-11-20 10:10:00,632.4939
4159,2013-11-20 10:10:00,0.4213868
4159,2013-11-20 10:20:00,0.48138633
4159,2013-11-20 10:20:00,637.0018
4159,2013-11-20 10:20:00,0.48696315
4159,2013-11-20 10:20:00,0.015739262
4159,2013-11-20 10:20:00,0.8427736
4159,2013-11-20 10:30:00,0.015739262
4159,2013-11-20 10:30:00,0.96277267
4159,2013-11-20 10:30:00,576.5713
4159,2013-11-20 10:30:00,0.8427736
4159,2013-11-20 10:40:00,0.0055768173
4159,2013-11-20 10:40:00,0.48138633
4159,2013-11-20 10:40:00,598.1967
4159,2013-11-20 10:40:00,0.4213868
4159,2013-11-20 10:50:00,655.3539
4159,2013-11-20 10:50:00,2.3469322
4159,2013-11-20 10:50:00,0.015739262
4159,2013-11-20 10:50:00,0.015739262
4159,2013-11-20 11:00:00,0.48138633
4159,2013-11-20 11:00:00,675.7925
4159,2013-11-20 11:00:00,1.6212618
4159,2013-11-20 11:00:00,0.006651706
4159,2013-11-20 11:00:00,1.3841594
4159,2013-11-20 11:10:00,0.4213868
4159,2013-11-20 11:10:00,748.1216
4159,2013-11-20 11:10:00,0.48138633
4159,2013-11-20 11:10:00,0.4213868
4159,2013-11-20 11:20:00,1.9255453
4159,2013-11-20 11:20:00,803.7276
4159,2013-11-20 11:20:00,0.4213868
4159,2013-11-20 11:20:00,1.2320178
4159,2013-11-20 11:30:00,0.96277267
4159,2013-11-20 11:30:00,735.14124
4159,2013-11-20 11:40:00,0.48138633
4159,2013-11-20 11:40:00,683.7583
4159,2013-11-20 11:40:00,0.43712607
4159,2013-11-20 11:40:00,0.4213868
4159,2013-11-20 11:50:00,1.3841594
4159,2013-11-20 11:50:00,605.58875
4159,2013-11-20 11:50:00,1.3841594
4159,2013-11-20 12:00:00,0.8427736
4159,2013-11-20 12:00:00,693.8621
4159,2013-11-20 12:00:00,1.3841594
4159,2013-11-20 12:00:00,0.29327068
4159,2013-11-20 12:10:00,636.1837
4159,2013-11-20 12:10:00,0.4213868
4159,2013-11-20 12:10:00,0.4213868
4159,2013-11-20 12:10:00,0.4213868
4159,2013-11-20 12:20:00,0.012228523
4159,2013-11-20 12:20:00,627.1439
4159,2013-11-20 12:20:00,0.4213868
4159,2013-11-20 12:30:00,0.07444603
4159,2013-11-20 12:30:00,657.8001
4159,2013-11-20 12:30:00,3.3668087
4159,2013-11-20 12:30:00,0.4213868
4159,2013-11-20 12:40:00,0.032183643
4159,2013-11-20 12:40:00,680.2995
4159,2013-11-20 12:40:00,1.32416
4159,2013-11-20 12:40:00,0.29327068
4159,2013-11-20 12:50:00,0.0055768173
4159,2013-11-20 12:50:00,0.015739262
4159,2013-11-20 12:50:00,712.01825
4159,2013-11-20 12:50:00,0.8585129
4159,2013-11-20 13:00:00,687.79614
4159,2013-11-20 13:00:00,0.4213868
4159,2013-11-20 13:00:00,0.48138633
4159,2013-11-20 13:00:00,0.4213868
4159,2013-11-20 13:10:00,0.015739262
4159,2013-11-20 13:10:00,747.2884
4159,2013-11-20 13:10:00,0.013303412
4159,2013-11-20 13:10:00,0.8427736
4159,2013-11-20 13:20:00,0.48138633
4159,2013-11-20 13:20:00,769.43335
4159,2013-11-20 13:20:00,0.015739262
4159,2013-11-20 13:20:00,0.43712607
4159,2013-11-20 13:30:00,753.9365
4159,2013-11-20 13:30:00,0.8427736
4159,2013-11-20 13:40:00,0.012228523
4159,2013-11-20 13:40:00,629.0638
4159,2013-11-20 13:40:00,2.106934
4159,2013-11-20 13:50:00,0.015739262
4159,2013-11-20 13:50:00,574.12683
4159,2013-11-20 13:50:00,0.4213868
4159,2013-11-20 13:50:00,0.4213868
4159,2013-11-20 13:50:00,0.8427736
4159,2013-11-20 14:00:00,567.0162
4159,2013-11-20 14:10:00,581.81384
4159,2013-11-20 14:10:00,0.4213868
4159,2013-11-20 14:20:00,570.403
4159,2013-11-20 14:20:00,1.2641604
4159,2013-11-20 14:20:00,0.29327068
4159,2013-11-20 14:30:00,585.64276
4159,2013-11-20 14:30:00,0.48138633
4159,2013-11-20 14:30:00,2.106934
4159,2013-11-20 14:30:00,1.6691438
4159,2013-11-20 14:30:00,0.015739262
4159,2013-11-20 14:30:00,0.2999224
4159,2013-11-20 14:40:00,544.2067
4159,2013-11-20 14:40:00,3.3668087
4159,2013-11-20 14:40:00,0.29327068
4159,2013-11-20 14:50:00,0.015739262
4159,2013-11-20 14:50:00,592.8828
4159,2013-11-20 14:50:00,0.48138633
4159,2013-11-20 14:50:00,1.2320178
4159,2013-11-20 14:50:00,0.4213868
4159,2013-11-20 15:00:00,0.006651706
4159,2013-11-20 15:00:00,723.9912
4159,2013-11-20 15:00:00,0.4213868
4159,2013-11-20 15:10:00,0.031478524
4159,2013-11-20 15:10:00,0.4213868
4159,2013-11-20 15:10:00,660.94946
4159,2013-11-20 15:10:00,1.2320178
4159,2013-11-20 15:10:00,0.48138633
4159,2013-11-20 15:10:00,0.4213868
4159,2013-11-20 15:20:00,620.9939
4159,2013-11-20 15:20:00,0.4213868
4159,2013-11-20 15:30:00,579.95557
4159,2013-11-20 15:30:00,1.6534045
4159,2013-11-20 15:30:00,0.015739262
4159,2013-11-20 15:30:00,0.006651706
4159,2013-11-20 15:40:00,589.86127
4159,2013-11-20 15:40:00,0.4213868
4159,2013-11-20 15:40:00,0.2999224
4159,2013-11-20 15:40:00,0.006651706
4159,2013-11-20 15:50:00,571.8873
4159,2013-11-20 15:50:00,0.58654135
4159,2013-11-20 16:00:00,0.015739262
4159,2013-11-20 16:00:00,589.3754
4159,2013-11-20 16:00:00,0.4213868
4159,2013-11-20 16:00:00,0.006651706
4159,2013-11-20 16:10:00,546.57336
4159,2013-11-20 16:10:00,0.4213868
4159,2013-11-20 16:10:00,0.8427736
4159,2013-11-20 16:20:00,615.5678
4159,2013-11-20 16:20:00,0.8106309
4159,2013-11-20 16:20:00,0.013303412
4159,2013-11-20 16:30:00,584.1637
4159,2013-11-20 16:30:00,0.015739262
4159,2013-11-20 16:30:00,0.4213868
4159,2013-11-20 16:30:00,0.4346902
4159,2013-11-20 16:40:00,0.8427736
4159,2013-11-20 16:40:00,590.22375
4159,2013-11-20 16:40:00,0.4213868
4159,2013-11-20 16:50:00,0.4213868
4159,2013-11-20 16:50:00,578.86145
4159,2013-11-20 16:50:00,1.2320178
4159,2013-11-20 16:50:00,0.4213868
4159,2013-11-20 16:50:00,0.2999224
4159,2013-11-20 17:00:00,660.58734
4159,2013-11-20 17:00:00,0.4280385
4159,2013-11-20 17:00:00,0.013303412
4159,2013-11-20 17:10:00,504.762
4159,2013-11-20 17:10:00,0.96277267
4159,2013-11-20 17:10:00,0.29327068
4159,2013-11-20 17:20:00,507.7694
4159,2013-11-20 17:20:00,0.48138633
4159,2013-11-20 17:30:00,499.22968
4159,2013-11-20 17:30:00,0.4213868
4159,2013-11-20 17:30:00,1.2641604
4159,2013-11-20 17:40:00,658.6202
4159,2013-11-20 17:40:00,0.02239097
4159,2013-11-20 17:40:00,0.8494253
4159,2013-11-20 17:50:00,489.20883
4159,2013-11-20 17:50:00,1.444159
4159,2013-11-20 17:50:00,0.29327068
4159,2013-11-20 17:50:00,1.2320178
4159,2013-11-20 17:50:00,0.006651706
4159,2013-11-20 18:00:00,512.98553
4159,2013-11-20 18:00:00,0.4213868
4159,2013-11-20 18:00:00,0.4213868
4159,2013-11-20 18:00:00,0.4213868
4159,2013-11-20 18:10:00,465.8153
4159,2013-11-20 18:10:00,0.48138633
4159,2013-11-20 18:10:00,0.015739262
4159,2013-11-20 18:10:00,0.4213868
4159,2013-11-20 18:20:00,0.8106309
4159,2013-11-20 18:20:00,465.38864
4159,2013-11-20 18:20:00,0.7536952
4159,2013-11-20 18:20:00,0.2999224
4159,2013-11-20 18:30:00,0.006651706
4159,2013-11-20 18:30:00,473.17722
4159,2013-11-20 18:30:00,0.02230727
4159,2013-11-20 18:40:00,0.015739262
4159,2013-11-20 18:40:00,464.26773
4159,2013-11-20 18:40:00,0.7213092
4159,2013-11-20 18:50:00,403.6193
4159,2013-11-20 18:50:00,0.48138633
4159,2013-11-20 18:50:00,0.7146575
4159,2013-11-20 18:50:00,1.32416
4159,2013-11-20 19:00:00,385.72467
4159,2013-11-20 19:10:00,354.9922
4159,2013-11-20 19:10:00,0.2999224
4159,2013-11-20 19:10:00,0.8494253
4159,2013-11-20 19:20:00,456.6844
4159,2013-11-20 19:20:00,0.4213868
4159,2013-11-20 19:20:00,0.7146575
4159,2013-11-20 19:30:00,0.0055768173
4159,2013-11-20 19:30:00,0.8106309
4159,2013-11-20 19:30:00,355.19577
4159,2013-11-20 19:30:00,0.015739262
4159,2013-11-20 19:40:00,433.19638
4159,2013-11-20 19:40:00,0.58654135
4159,2013-11-20 19:50:00,0.4213868
4159,2013-11-20 19:50:00,357.69626
4159,2013-11-20 19:50:00,0.0055768173
4159,2013-11-20 19:50:00,0.43712607
4159,2013-11-20 19:50:00,0.013303412
4159,2013-11-20 20:00:00,0.4213868
4159,2013-11-20 20:00:00,343.79385
4159,2013-11-20 20:00:00,0.8427736
4159,2013-11-20 20:10:00,317.56128
4159,2013-11-20 20:20:00,342.48148
4159,2013-11-20 20:20:00,0.006651706
4159,2013-11-20 20:30:00,375.79666
4159,2013-11-20 20:40:00,366.08658
4159,2013-11-20 20:40:00,0.006651706
4159,2013-11-20 20:50:00,272.66205
4159,2013-11-20 21:00:00,0.8427736
4159,2013-11-20 21:00:00,291.73453
4159,2013-11-20 21:10:00,0.4213868
4159,2013-11-20 21:10:00,285.52496
4159,2013-11-20 21:10:00,0.015739262
4159,2013-11-20 21:10:00,0.006651706
4159,2013-11-20 21:10:00,0.4213868
4159,2013-11-20 21:20:00,0.4213868
4159,2013-11-20 21:20:00,331.00275
4159,2013-11-20 21:30:00,0.4213868
4159,2013-11-20 21:30:00,325.0916
4159,2013-11-20 21:30:00,0.015739262
4159,2013-11-20 21:30:00,0.015739262
4159,2013-11-20 21:40:00,303.38452
4159,2013-11-20 21:40:00,0.4213868
4159,2013-11-20 21:50:00,0.4213868
4159,2013-11-20 21:50:00,287.68903
4159,2013-11-20 21:50:00,0.0055768173
4159,2013-11-20 22:00:00,0.2999224
4159,2013-11-20 22:00:00,263.85147
4159,2013-11-20 22:00:00,0.4280385
4159,2013-11-20 22:10:00,267.4538
4159,2013-11-20 22:10:00,0.4213868
4159,2013-11-20 22:10:00,0.4213868
4159,2013-11-20 22:20:00,255.94958
4159,2013-11-20 22:20:00,0.0055768173
4159,2013-11-20 22:20:00,0.4213868
4159,2013-11-20 22:30:00,228.34329
4159,2013-11-20 22:30:00,0.4213868
4159,2013-11-20 22:40:00,495.65515
4159,2013-11-20 22:40:00,0.4213868
4159,2013-11-20 22:40:00,0.4213868
4159,2013-11-20 22:40:00,0.4213868
4159,2013-11-20 22:50:00,246.96278
4159,2013-11-20 23:00:00,0.8427736
4159,2013-11-20 23:00:00,229.86934
4159,2013-11-20 23:10:00,254.1813
4159,2013-11-20 23:10:00,0.4213868
4159,2013-11-20 23:20:00,0.4213868
4159,2013-11-20 23:20:00,247.68558
4159,2013-11-20 23:20:00,0.8585129
4159,2013-11-20 23:30:00,181.22609
4159,2013-11-20 23:30:00,0.4213868
4159,2013-11-20 23:40:00,176.09492
4159,2013-11-20 23:40:00,0.015739262
4159,2013-11-20 23:40:00,0.006651706
4159,2013-11-20 23:50:00,194.36975
4159,2013-11-20 23:50:00,0.4213868
4159,2013-11-21 00:00:00,195.26733
4159,2013-11-21 00:10:00,187.97093
4159,2013-11-21 00:10:00,0.015739262
4159,2013-11-21 00:20:00,205.89595
4159,2013-11-21 00:20:00,0.4213868
4159,2013-11-21 00:30:00,145.84401
4159,2013-11-21 00:40:00,0.29327068
4159,2013-11-21 00:40:00,148.61412
4159,2013-11-21 00:50:00,161.19728
4159,2013-11-21 01:00:00,158.30956
4159,2013-11-21 01:00:00,0.4213868
4159,2013-11-21 01:10:00,141.11362
4159,2013-11-21 01:10:00,0.4213868
4159,2013-11-21 01:20:00,153.6084
4159,2013-11-21 01:20:00,0.4213868
4159,2013-11-21 01:30:00,150.51337
4159,2013-11-21 01:30:00,0.4213868
4159,2013-11-21 01:40:00,0.0055768173
4159,2013-11-21 01:40:00,141.9686
4159,2013-11-21 01:40:00,0.015739262
4159,2013-11-21 01:50:00,147.26697
4159,2013-11-21 02:00:00,139.49734
4159,2013-11-21 02:00:00,0.4213868
4159,2013-11-21 02:10:00,131.43259
4159,2013-11-21 02:20:00,143.82887
4159,2013-11-21 02:20:00,0.015739262
4159,2013-11-21 02:30:00,138.96579
4159,2013-11-21 02:40:00,0.4213868
4159,2013-11-21 02:40:00,140.23865
4159,2013-11-21 02:40:00,0.4213868
4159,2013-11-21 02:50:00,134.73099
4159,2013-11-21 03:00:00,129.96677
4159,2013-11-21 03:00:00,0.015739262
4159,2013-11-21 03:10:00,131.23795
4159,2013-11-21 03:10:00,0.015739262
4159,2013-11-21 03:10:00,0.4213868
4159,2013-11-21 03:20:00,137.26021
4159,2013-11-21 03:30:00,122.23599
4159,2013-11-21 03:40:00,123.15396
4159,2013-11-21 03:40:00,0.4213868
4159,2013-11-21 03:50:00,132.34357
4159,2013-11-21 03:50:00,0.29327068
4159,2013-11-21 04:00:00,121.935486
4159,2013-11-21 04:10:00,122.15596
4159,2013-11-21 04:10:00,0.4213868
4159,2013-11-21 04:20:00,132.63129
4159,2013-11-21 04:30:00,120.503784
4159,2013-11-21 04:40:00,128.54001
4159,2013-11-21 04:50:00,170.78494
4159,2013-11-21 04:50:00,0.015739262
4159,2013-11-21 04:50:00,0.4213868
4159,2013-11-21 04:50:00,0.015739262
4159,2013-11-21 05:00:00,125.6679
4159,2013-11-21 05:10:00,132.6066
4159,2013-11-21 05:20:00,148.61566
4159,2013-11-21 05:20:00,0.4213868
4159,2013-11-21 05:30:00,140.40652
4159,2013-11-21 05:40:00,160.35072
4159,2013-11-21 05:50:00,153.71793
4159,2013-11-21 05:50:00,0.4213868
4159,2013-11-21 05:50:00,0.4280385
4159,2013-11-21 06:00:00,154.03488
4159,2013-11-21 06:10:00,0.015739262
4159,2013-11-21 06:10:00,174.36972
4159,2013-11-21 06:10:00,0.015739262
4159,2013-11-21 06:20:00,180.39175
4159,2013-11-21 06:30:00,247.38419
4159,2013-11-21 06:30:00,0.8427736
4159,2013-11-21 06:40:00,203.72182
4159,2013-11-21 06:40:00,0.7146575
4159,2013-11-21 06:50:00,237.24876
4159,2013-11-21 06:50:00,0.4213868
4159,2013-11-21 07:00:00,0.4213868
4159,2013-11-21 07:00:00,272.05002
4159,2013-11-21 07:00:00,0.4213868
4159,2013-11-21 07:00:00,0.8427736
4159,2013-11-21 07:10:00,298.21677
4159,2013-11-21 07:10:00,0.0055768173
4159,2013-11-21 07:20:00,337.7531
4159,2013-11-21 07:30:00,328.368
4159,2013-11-21 07:30:00,0.8427736
4159,2013-11-21 07:40:00,391.0
4159,2013-11-21 07:40:00,0.8427736
4159,2013-11-21 07:50:00,414.58728
4159,2013-11-21 07:50:00,0.006651706
4159,2013-11-21 07:50:00,0.015739262
4159,2013-11-21 07:50:00,2.5028298
4159,2013-11-21 08:00:00,407.69467
4159,2013-11-21 08:00:00,0.4213868
4159,2013-11-21 08:10:00,0.43712607
4159,2013-11-21 08:10:00,449.61105
4159,2013-11-21 08:10:00,0.4213868
4159,2013-11-21 08:10:00,1.6667079
4159,2013-11-21 08:20:00,431.27264
4159,2013-11-21 08:20:00,0.015739262
4159,2013-11-21 08:20:00,0.2999224
4159,2013-11-21 08:30:00,498.76276
4159,2013-11-21 08:30:00,0.4280385
4159,2013-11-21 08:40:00,0.48803803
4159,2013-11-21 08:40:00,541.08527
4159,2013-11-21 08:40:00,0.4213868
4159,2013-11-21 08:40:00,0.006651706
4159,2013-11-21 08:50:00,592.2379
4159,2013-11-21 08:50:00,0.015739262
4159,2013-11-21 08:50:00,0.4213868
4159,2013-11-21 09:00:00,0.4213868
4159,2013-11-21 09:00:00,533.6565
4159,2013-11-21 09:00:00,0.8585129
4159,2013-11-21 09:00:00,0.8427736
4159,2013-11-21 09:10:00,565.8881
4159,2013-11-21 09:10:00,0.4213868
4159,2013-11-21 09:10:00,0.4213868
4159,2013-11-21 09:20:00,0.015739262
4159,2013-11-21 09:20:00,618.24915
4159,2013-11-21 09:30:00,0.0055768173
4159,2013-11-21 09:30:00,555.9005
4159,2013-11-21 09:30:00,0.015739262
4159,2013-11-21 09:40:00,558.408
4159,2013-11-21 09:40:00,0.4213868
4159,2013-11-21 09:50:00,562.19336
4159,2013-11-21 10:00:00,551.4055
4159,2013-11-21 10:00:00,0.006651706
4159,2013-11-21 10:00:00,0.006651706
4159,2013-11-21 10:00:00,0.01995512
4159,2013-11-21 10:10:00,0.015739262
4159,2013-11-21 10:10:00,579.6721
4159,2013-11-21 10:10:00,0.4213868
4159,2013-11-21 10:20:00,598.3875
4159,2013-11-21 10:30:00,580.4481
4159,2013-11-21 10:30:00,0.006651706
4159,2013-11-21 10:30:00,2.045469
4159,2013-11-21 10:40:00,0.4213868
4159,2013-11-21 10:40:00,582.7759
4159,2013-11-21 10:40:00,0.4213868
4159,2013-11-21 10:40:00,0.4213868
4159,2013-11-21 10:40:00,0.29327068
4159,2013-11-21 10:50:00,666.0302
4159,2013-11-21 10:50:00,0.0055768173
4159,2013-11-21 10:50:00,0.4213868
4159,2013-11-21 11:00:00,732.47406
4159,2013-11-21 11:00:00,0.4213868
4159,2013-11-21 11:10:00,776.3202
4159,2013-11-21 11:10:00,0.006651706
4159,2013-11-21 11:10:00,0.8427736
4159,2013-11-21 11:20:00,1.2641604
4159,2013-11-21 11:20:00,734.3504
4159,2013-11-21 11:20:00,0.4213868
4159,2013-11-21 11:30:00,0.4213868
4159,2013-11-21 11:30:00,706.9797
4159,2013-11-21 11:30:00,0.8427736
4159,2013-11-21 11:40:00,0.4213868
4159,2013-11-21 11:40:00,723.13464
4159,2013-11-21 11:40:00,0.015739262
4159,2013-11-21 11:40:00,0.4213868
4159,2013-11-21 11:50:00,0.8427736
4159,2013-11-21 11:50:00,0.4213868
4159,2013-11-21 11:50:00,689.57104
4159,2013-11-21 11:50:00,0.48138633
4159,2013-11-21 11:50:00,0.4213868
4159,2013-11-21 11:50:00,0.4280385
4159,2013-11-21 12:00:00,0.4213868
4159,2013-11-21 12:00:00,832.00305
4159,2013-11-21 12:00:00,0.96277267
4159,2013-11-21 12:00:00,0.006651706
4159,2013-11-21 12:00:00,1.6534045
4159,2013-11-21 12:10:00,1.6855472
4159,2013-11-21 12:10:00,0.0055768173
4159,2013-11-21 12:10:00,762.85913
4159,2013-11-21 12:10:00,3.306809
4159,2013-11-21 12:20:00,0.4213868
4159,2013-11-21 12:20:00,0.4213868
4159,2013-11-21 12:20:00,0.8106309
4159,2013-11-21 12:20:00,631.8236
4159,2013-11-21 12:20:00,0.7146575
4159,2013-11-21 12:20:00,0.48138633
4159,2013-11-21 12:20:00,0.44377777
4159,2013-11-21 12:20:00,3.696053
4159,2013-11-21 12:30:00,0.4213868
4159,2013-11-21 12:30:00,691.4766
4159,2013-11-21 12:30:00,1.32416
4159,2013-11-21 12:30:00,0.8585129
4159,2013-11-21 12:40:00,0.8427736
4159,2013-11-21 12:40:00,675.306
4159,2013-11-21 12:50:00,0.029042674
4159,2013-11-21 12:50:00,753.62305
4159,2013-11-21 12:50:00,0.015739262
4159,2013-11-21 13:00:00,0.4213868
4159,2013-11-21 13:00:00,731.4037
4159,2013-11-21 13:00:00,0.4213868
4159,2013-11-21 13:10:00,3.2746663
4159,2013-11-21 13:10:00,0.856077
4159,2013-11-21 13:10:00,714.0978
4159,2013-11-21 13:10:00,0.006651706
4159,2013-11-21 13:20:00,0.4213868
4159,2013-11-21 13:20:00,0.8106309
4159,2013-11-21 13:20:00,864.76483
4159,2013-11-21 13:20:00,0.02239097
4159,2013-11-21 13:20:00,0.4213868
4159,2013-11-21 13:30:00,0.8106309
4159,2013-11-21 13:30:00,671.7098
4159,2013-11-21 13:30:00,0.4213868
4159,2013-11-21 13:40:00,0.48138633
4159,2013-11-21 13:40:00,633.63574
4159,2013-11-21 13:40:00,0.48138633
4159,2013-11-21 13:40:00,0.2999224
4159,2013-11-21 13:50:00,0.4213868
4159,2013-11-21 13:50:00,649.93494
4159,2013-11-21 13:50:00,0.4213868
4159,2013-11-21 14:00:00,642.6667
4159,2013-11-21 14:00:00,0.43712607
4159,2013-11-21 14:00:00,0.4213868
4159,2013-11-21 14:10:00,775.27203
4159,2013-11-21 14:10:00,0.4213868
4159,2013-11-21 14:10:00,0.48138633
4159,2013-11-21 14:10:00,2.0426486
4159,2013-11-21 14:20:00,685.63214
4159,2013-11-21 14:30:00,696.4268
4159,2013-11-21 14:30:00,0.4213868
4159,2013-11-21 14:30:00,0.4213868
4159,2013-11-21 14:40:00,665.744
4159,2013-11-21 14:40:00,1.32416
4159,2013-11-21 14:40:00,0.4213868
4159,2013-11-21 14:50:00,0.4213868
4159,2013-11-21 14:50:00,1.2320178
4159,2013-11-21 14:50:00,938.8164
4159,2013-11-21 14:50:00,0.4213868
4159,2013-11-21 15:00:00,0.015739262
4159,2013-11-21 15:00:00,749.48376
4159,2013-11-21 15:00:00,0.4213868
4159,2013-11-21 15:00:00,0.4213868
4159,2013-11-21 15:00:00,0.4213868
4159,2013-11-21 15:10:00,854.7087
4159,2013-11-21 15:10:00,0.90277314
4159,2013-11-21 15:10:00,0.8427736
4159,2013-11-21 15:10:00,0.4213868
4159,2013-11-21 15:20:00,807.12
4159,2013-11-21 15:20:00,0.4213868
4159,2013-11-21 15:20:00,0.8494253
4159,2013-11-21 15:20:00,0.48138633
4159,2013-11-21 15:30:00,774.09283
4159,2013-11-21 15:30:00,0.48138633
4159,2013-11-21 15:30:00,0.015739262
4159,2013-11-21 15:30:00,0.4213868
4159,2013-11-21 15:30:00,0.48138633
4159,2013-11-21 15:40:00,763.1999
4159,2013-11-21 15:40:00,1.2320178
4159,2013-11-21 15:40:00,0.4213868
4159,2013-11-21 15:50:00,690.596
4159,2013-11-21 15:50:00,0.006651706
4159,2013-11-21 16:00:00,655.3356
4159,2013-11-21 16:00:00,0.4213868
4159,2013-11-21 16:10:00,670.76324
4159,2013-11-21 16:10:00,0.8585129
4159,2013-11-21 16:10:00,0.4280385
4159,2013-11-21 16:20:00,0.4213868
4159,2013-11-21 16:20:00,0.4213868
4159,2013-11-21 16:20:00,624.77594
4159,2013-11-21 16:20:00,0.90277314
4159,2013-11-21 16:20:00,0.7146575
4159,2013-11-21 16:20:00,0.8427736
4159,2013-11-21 16:30:00,0.29327068
4159,2013-11-21 16:30:00,624.04926
4159,2013-11-21 16:30:00,0.48138633
4159,2013-11-21 16:30:00,0.44377777
4159,2013-11-21 16:30:00,0.006651706
4159,2013-11-21 16:40:00,653.30896
4159,2013-11-21 16:40:00,1.32416
4159,2013-11-21 16:40:00,0.4213868
4159,2013-11-21 16:50:00,0.006651706
4159,2013-11-21 16:50:00,630.6883
4159,2013-11-21 16:50:00,0.4213868
4159,2013-11-21 16:50:00,0.4213868
4159,2013-11-21 17:00:00,574.70264
4159,2013-11-21 17:00:00,0.48138633
4159,2013-11-21 17:00:00,0.006651706
4159,2013-11-21 17:00:00,0.4280385
4159,2013-11-21 17:10:00,567.338
4159,2013-11-21 17:10:00,0.015739262
4159,2013-11-21 17:20:00,603.9804
4159,2013-11-21 17:20:00,0.4213868
4159,2013-11-21 17:20:00,0.4213868
4159,2013-11-21 17:20:00,0.29327068
4159,2013-11-21 17:30:00,544.77313
4159,2013-11-21 17:30:00,0.4280385
4159,2013-11-21 17:40:00,494.82602
4159,2013-11-21 17:40:00,0.96277267
4159,2013-11-21 17:40:00,0.4213868
4159,2013-11-21 17:50:00,452.19138
4159,2013-11-21 17:50:00,1.2320178
4159,2013-11-21 17:50:00,0.4213868
4159,2013-11-21 17:50:00,0.4213868
4159,2013-11-21 18:00:00,0.015739262
4159,2013-11-21 18:00:00,535.8448
4159,2013-11-21 18:00:00,0.006651706
4159,2013-11-21 18:00:00,0.4280385
4159,2013-11-21 18:10:00,0.4213868
4159,2013-11-21 18:10:00,577.4184
4159,2013-11-21 18:10:00,0.4213868
4159,2013-11-21 18:20:00,0.4213868
4159,2013-11-21 18:20:00,477.44846
4159,2013-11-21 18:20:00,0.82178456
4159,2013-11-21 18:20:00,0.90277314
4159,2013-11-21 18:20:00,0.015739262
4159,2013-11-21 18:30:00,430.20898
4159,2013-11-21 18:30:00,2.106934
4159,2013-11-21 18:30:00,0.8427736
4159,2013-11-21 18:30:00,1.142696
4159,2013-11-21 18:40:00,0.015739262
4159,2013-11-21 18:40:00,505.92117
4159,2013-11-21 18:40:00,0.02230727
4159,2013-11-21 18:40:00,0.4346902
4159,2013-11-21 18:40:00,0.7146575
4159,2013-11-21 18:50:00,421.55527
4159,2013-11-21 18:50:00,0.031478524
4159,2013-11-21 18:50:00,0.4213868
4159,2013-11-21 19:00:00,1.2798997
4159,2013-11-21 19:00:00,438.59915
4159,2013-11-21 19:00:00,0.4213868
4159,2013-11-21 19:00:00,0.2999224
4159,2013-11-21 19:10:00,0.8427736
4159,2013-11-21 19:10:00,468.81552
4159,2013-11-21 19:10:00,0.006651706
4159,2013-11-21 19:10:00,0.50503904
4159,2013-11-21 19:20:00,0.4213868
4159,2013-11-21 19:20:00,329.13928
4159,2013-11-21 19:20:00,0.58654135
4159,2013-11-21 19:30:00,0.8427736
4159,2013-11-21 19:30:00,333.50424
4159,2013-11-21 19:30:00,0.4213868
4159,2013-11-21 19:30:00,0.012228523
4159,2013-11-21 19:40:00,0.4213868
4159,2013-11-21 19:40:00,331.8231
4159,2013-11-21 19:40:00,0.006651706
4159,2013-11-21 19:40:00,0.7279609
4159,2013-11-21 19:50:00,287.8467
4159,2013-11-21 19:50:00,0.012228523
4159,2013-11-21 19:50:00,0.015739262
4159,2013-11-21 19:50:00,0.01995512
4159,2013-11-21 20:00:00,0.8427736
4159,2013-11-21 20:00:00,282.68848
4159,2013-11-21 20:00:00,0.4213868
4159,2013-11-21 20:10:00,322.6497
4159,2013-11-21 20:10:00,0.48138633
4159,2013-11-21 20:10:00,0.43712607
4159,2013-11-21 20:10:00,0.8427736
4159,2013-11-21 20:20:00,320.15155
4159,2013-11-21 20:30:00,308.58426
4159,2013-11-21 20:30:00,0.4213868
4159,2013-11-21 20:40:00,287.4763
4159,2013-11-21 20:40:00,0.4213868
4159,2013-11-21 20:50:00,280.08044
4159,2013-11-21 20:50:00,0.006651706
4159,2013-11-21 20:50:00,0.7146575
4159,2013-11-21 21:00:00,0.4213868
4159,2013-11-21 21:00:00,267.01978
4159,2013-11-21 21:00:00,0.43712607
4159,2013-11-21 21:00:00,0.29327068
4159,2013-11-21 21:10:00,249.53995
4159,2013-11-21 21:10:00,0.7146575
4159,2013-11-21 21:20:00,0.4213868
4159,2013-11-21 21:20:00,270.7559
4159,2013-11-21 21:20:00,0.006651706
4159,2013-11-21 21:30:00,0.4213868
4159,2013-11-21 21:30:00,244.36531
4159,2013-11-21 21:30:00,1.1360443
4159,2013-11-21 21:30:00,0.48803803
4159,2013-11-21 21:40:00,1.2320178
4159,2013-11-21 21:40:00,268.92157
4159,2013-11-21 21:40:00,0.4213868
4159,2013-11-21 21:40:00,0.4213868
4159,2013-11-21 21:40:00,0.4213868
4159,2013-11-21 21:40:00,0.4213868
4159,2013-11-21 21:50:00,232.31837
4159,2013-11-21 21:50:00,0.29327068
4159,2013-11-21 22:00:00,0.4213868
4159,2013-11-21 22:00:00,0.4213868
4159,2013-11-21 22:00:00,209.01186
4159,2013-11-21 22:00:00,0.015739262
4159,2013-11-21 22:00:00,0.011153635
4159,2013-11-21 22:10:00,0.4213868
4159,2013-11-21 22:10:00,0.0055768173
4159,2013-11-21 22:10:00,221.9029
4159,2013-11-21 22:10:00,0.4213868
4159,2013-11-21 22:10:00,0.8106309
4159,2013-11-21 22:10:00,0.015739262
4159,2013-11-21 22:20:00,222.8359
4159,2013-11-21 22:20:00,0.006651706
4159,2013-11-21 22:30:00,240.77383
4159,2013-11-21 22:30:00,0.4280385
4159,2013-11-21 22:40:00,239.39749
4159,2013-11-21 22:40:00,0.4213868
4159,2013-11-21 22:40:00,0.7146575
4159,2013-11-21 22:50:00,255.11775
4159,2013-11-21 22:50:00,0.006651706
4159,2013-11-21 23:00:00,240.51022
4159,2013-11-21 23:00:00,0.4213868
4159,2013-11-21 23:00:00,0.4213868
4159,2013-11-21 23:10:00,0.4213868
4159,2013-11-21 23:10:00,220.5833
4159,2013-11-21 23:10:00,0.006651706
4159,2013-11-21 23:10:00,0.43712607
4159,2013-11-21 23:10:00,0.7146575
4159,2013-11-21 23:20:00,0.4213868
4159,2013-11-21 23:20:00,202.34267
4159,2013-11-21 23:20:00,0.013303412
4159,2013-11-21 23:30:00,195.04163
4159,2013-11-21 23:40:00,0.8427736
4159,2013-11-21 23:40:00,186.60889
4159,2013-11-21 23:40:00,0.4213868
4159,2013-11-21 23:50:00,0.29327068
4159,2013-11-21 23:50:00,178.79858
4159,2013-11-22 00:00:00,190.30067
4159,2013-11-22 00:00:00,0.4213868
4159,2013-11-22 00:10:00,204.6727
4159,2013-11-22 00:10:00,0.4213868
4159,2013-11-22 00:20:00,153.15715
4159,2013-11-22 00:20:00,0.012228523
4159,2013-11-22 00:20:00,0.43712607
4159,2013-11-22 00:20:00,0.2999224
4159,2013-11-22 00:30:00,180.53052
4159,2013-11-22 00:30:00,0.4213868
4159,2013-11-22 00:40:00,155.738
4159,2013-11-22 00:50:00,156.25746
4159,2013-11-22 00:50:00,0.4213868
4159,2013-11-22 00:50:00,0.006651706
4159,2013-11-22 01:00:00,147.68896
4159,2013-11-22 01:00:00,0.4213868
4159,2013-11-22 01:10:00,157.88132
4159,2013-11-22 01:10:00,0.48138633
4159,2013-11-22 01:20:00,150.3145
4159,2013-11-22 01:20:00,0.43712607
4159,2013-11-22 01:30:00,154.9137
4159,2013-11-22 01:40:00,172.38737
4159,2013-11-22 01:50:00,139.34102
4159,2013-11-22 01:50:00,0.29327068
4159,2013-11-22 02:00:00,146.4548
4159,2013-11-22 02:00:00,0.43712607
4159,2013-11-22 02:10:00,139.48691
4159,2013-11-22 02:20:00,136.09825
4159,2013-11-22 02:30:00,142.69464
4159,2013-11-22 02:30:00,0.48138633
4159,2013-11-22 02:30:00,0.43712607
4159,2013-11-22 02:40:00,137.4815
4159,2013-11-22 02:50:00,123.36332
4159,2013-11-22 03:00:00,131.47433
4159,2013-11-22 03:00:00,0.43712607
4159,2013-11-22 03:10:00,130.75957
4159,2013-11-22 03:20:00,117.39601
4159,2013-11-22 03:30:00,129.73218
4159,2013-11-22 03:40:00,118.57238
4159,2013-11-22 03:40:00,0.4213868
4159,2013-11-22 03:50:00,113.504684
4159,2013-11-22 03:50:00,0.48138633
4159,2013-11-22 04:00:00,138.5404
4159,2013-11-22 04:10:00,119.375206
4159,2013-11-22 04:10:00,0.43712607
4159,2013-11-22 04:20:00,115.29657
4159,2013-11-22 04:30:00,137.11195
4159,2013-11-22 04:40:00,159.9192
4159,2013-11-22 04:40:00,0.4213868
4159,2013-11-22 04:50:00,129.90575
4159,2013-11-22 05:00:00,0.006651706
4159,2013-11-22 05:00:00,141.8603
4159,2013-11-22 05:10:00,0.4213868
4159,2013-11-22 05:10:00,131.75182
4159,2013-11-22 05:10:00,0.48138633
4159,2013-11-22 05:20:00,126.99368
4159,2013-11-22 05:20:00,0.4213868
4159,2013-11-22 05:30:00,141.73785
4159,2013-11-22 05:30:00,0.006651706
4159,2013-11-22 05:40:00,138.24156
4159,2013-11-22 05:50:00,153.142
4159,2013-11-22 05:50:00,0.4213868
4159,2013-11-22 06:00:00,191.54256
4159,2013-11-22 06:00:00,0.013303412
4159,2013-11-22 06:10:00,180.82263
4159,2013-11-22 06:20:00,166.54134
4159,2013-11-22 06:20:00,0.8427736
4159,2013-11-22 06:30:00,197.19722
4159,2013-11-22 06:30:00,0.48138633
4159,2013-11-22 06:40:00,0.006651706
4159,2013-11-22 06:40:00,0.8106309
4159,2013-11-22 06:40:00,222.3781
4159,2013-11-22 06:40:00,0.006651706
4159,2013-11-22 06:40:00,0.006651706
4159,2013-11-22 06:50:00,0.006651706
4159,2013-11-22 06:50:00,0.4213868
4159,2013-11-22 06:50:00,1.2320178
4159,2013-11-22 06:50:00,259.18484
4159,2013-11-22 06:50:00,0.006651706
4159,2013-11-22 06:50:00,0.8427736
4159,2013-11-22 07:00:00,272.12848
4159,2013-11-22 07:00:00,0.8427736
4159,2013-11-22 07:00:00,0.8427736
4159,2013-11-22 07:10:00,0.90277314
4159,2013-11-22 07:10:00,1.6534045
4159,2013-11-22 07:10:00,330.59607
4159,2013-11-22 07:10:00,0.006651706
4159,2013-11-22 07:10:00,0.8427736
4159,2013-11-22 07:20:00,0.02230727
4159,2013-11-22 07:20:00,0.4213868
4159,2013-11-22 07:20:00,309.12006
4159,2013-11-22 07:20:00,0.006651706
4159,2013-11-22 07:20:00,0.8427736
4159,2013-11-22 07:30:00,373.26822
4159,2013-11-22 07:30:00,0.4213868
4159,2013-11-22 07:30:00,0.4213868
4159,2013-11-22 07:40:00,0.4213868
4159,2013-11-22 07:40:00,380.46494
4159,2013-11-22 07:40:00,0.4280385
4159,2013-11-22 07:40:00,1.2641604
4159,2013-11-22 07:50:00,423.8783
4159,2013-11-22 07:50:00,1.247757
4159,2013-11-22 07:50:00,0.4280385
4159,2013-11-22 08:00:00,512.1336
4159,2013-11-22 08:00:00,0.4346902
4159,2013-11-22 08:00:00,0.4213868
4159,2013-11-22 08:10:00,517.49146
4159,2013-11-22 08:20:00,489.20746
4159,2013-11-22 08:20:00,1.2320178
4159,2013-11-22 08:20:00,0.015739262
4159,2013-11-22 08:30:00,0.015739262
4159,2013-11-22 08:30:00,512.3897
4159,2013-11-22 08:30:00,0.48138633
4159,2013-11-22 08:30:00,0.4280385
4159,2013-11-22 08:30:00,0.4280385
4159,2013-11-22 08:30:00,0.8427736
4159,2013-11-22 08:40:00,467.13788
4159,2013-11-22 08:40:00,0.006651706
4159,2013-11-22 08:40:00,0.006651706
4159,2013-11-22 08:40:00,0.4280385
4159,2013-11-22 08:50:00,458.44534
4159,2013-11-22 09:00:00,447.04428
4159,2013-11-22 09:00:00,0.48138633
4159,2013-11-22 09:00:00,0.4213868
4159,2013-11-22 09:10:00,614.99005
4159,2013-11-22 09:10:00,0.006651706
4159,2013-11-22 09:10:00,0.4213868
4159,2013-11-22 09:10:00,0.29327068
4159,2013-11-22 09:20:00,612.09216
4159,2013-11-22 09:20:00,0.4213868
4159,2013-11-22 09:30:00,1.8055463
4159,2013-11-22 09:30:00,567.83826
4159,2013-11-22 09:30:00,0.4213868
4159,2013-11-22 09:40:00,0.4213868
4159,2013-11-22 09:40:00,0.015739262
4159,2013-11-22 09:40:00,0.4213868
4159,2013-11-22 09:40:00,642.08356
4159,2013-11-22 09:40:00,0.4213868
4159,2013-11-22 09:40:00,0.4213868
4159,2013-11-22 09:40:00,0.96277267
4159,2013-11-22 09:50:00,621.6749
4159,2013-11-22 09:50:00,0.2999224
4159,2013-11-22 09:50:00,0.4346902
4159,2013-11-22 10:00:00,553.43115
4159,2013-11-22 10:00:00,0.006651706
4159,2013-11-22 10:00:00,0.006651706
4159,2013-11-22 10:10:00,544.5592
4159,2013-11-22 10:10:00,0.43712607
4159,2013-11-22 10:20:00,0.4213868
4159,2013-11-22 10:20:00,0.0055768173
4159,2013-11-22 10:20:00,520.09534
4159,2013-11-22 10:20:00,0.8172826
4159,2013-11-22 10:20:00,0.006651706
4159,2013-11-22 10:20:00,1.2641604
4159,2013-11-22 10:30:00,489.81918
4159,2013-11-22 10:30:00,0.0055768173
4159,2013-11-22 10:30:00,0.4213868
4159,2013-11-22 10:40:00,0.015739262
4159,2013-11-22 10:40:00,575.34344
4159,2013-11-22 10:40:00,0.4213868
4159,2013-11-22 10:40:00,0.2999224
4159,2013-11-22 10:50:00,531.6378
4159,2013-11-22 10:50:00,0.8427736
4159,2013-11-22 10:50:00,0.7146575
4159,2013-11-22 11:00:00,630.7579
4159,2013-11-22 11:00:00,0.006651706
4159,2013-11-22 11:10:00,688.46497
4159,2013-11-22 11:10:00,0.006651706
4159,2013-11-22 11:10:00,0.4346902
4159,2013-11-22 11:10:00,0.006651706
4159,2013-11-22 11:20:00,0.4213868
4159,2013-11-22 11:20:00,630.6615
4159,2013-11-22 11:20:00,2.2869327
4159,2013-11-22 11:20:00,0.006651706
4159,2013-11-22 11:20:00,0.4280385
4159,2013-11-22 11:20:00,1.2798997
4159,2013-11-22 11:30:00,638.1305
4159,2013-11-22 11:30:00,0.90277314
4159,2013-11-22 11:30:00,0.012228523
4159,2013-11-22 11:40:00,685.0875
4159,2013-11-22 11:40:00,0.0055768173
4159,2013-11-22 11:40:00,0.013303412
4159,2013-11-22 11:40:00,1.2641604
4159,2013-11-22 11:50:00,0.4213868
4159,2013-11-22 11:50:00,725.3538
4159,2013-11-22 11:50:00,0.4213868
4159,2013-11-22 11:50:00,0.4280385
4159,2013-11-22 12:00:00,0.0055768173
4159,2013-11-22 12:00:00,719.4883
4159,2013-11-22 12:00:00,0.011153635
4159,2013-11-22 12:00:00,0.48138633
4159,2013-11-22 12:00:00,0.44134194
4159,2013-11-22 12:10:00,0.015739262
4159,2013-11-22 12:10:00,0.0055768173
4159,2013-11-22 12:10:00,0.011153635
4159,2013-11-22 12:10:00,0.4213868
4159,2013-11-22 12:10:00,652.35315
4159,2013-11-22 12:10:00,0.006651706
4159,2013-11-22 12:10:00,1.2320178
4159,2013-11-22 12:20:00,0.011153635
4159,2013-11-22 12:20:00,0.006651706
4159,2013-11-22 12:20:00,693.7041
4159,2013-11-22 12:20:00,0.4280385
4159,2013-11-22 12:20:00,3.1897056
4159,2013-11-22 12:20:00,0.96277267
4159,2013-11-22 12:30:00,1.32416
4159,2013-11-22 12:30:00,0.8427736
4159,2013-11-22 12:30:00,824.8797
4159,2013-11-22 12:30:00,0.48138633
4159,2013-11-22 12:30:00,1.6840818
4159,2013-11-22 12:40:00,0.48138633
4159,2013-11-22 12:40:00,718.16943
4159,2013-11-22 12:40:00,2.1947904
4159,2013-11-22 12:40:00,0.006651706
4159,2013-11-22 12:50:00,722.72046
4159,2013-11-22 12:50:00,0.4213868
4159,2013-11-22 12:50:00,0.006651706
4159,2013-11-22 12:50:00,0.29327068
4159,2013-11-22 13:00:00,0.006651706
4159,2013-11-22 13:00:00,754.6632
4159,2013-11-22 13:00:00,0.4213868
4159,2013-11-22 13:00:00,2.8854222
4159,2013-11-22 13:00:00,2.226933
4159,2013-11-22 13:10:00,0.8106309
4159,2013-11-22 13:10:00,638.90875
4159,2013-11-22 13:10:00,0.006651706
4159,2013-11-22 13:10:00,0.013303412
4159,2013-11-22 13:10:00,0.90277314
4159,2013-11-22 13:20:00,737.1318
4159,2013-11-22 13:20:00,1.0079281
4159,2013-11-22 13:30:00,636.3815
4159,2013-11-22 13:30:00,1.1360443
4159,2013-11-22 13:30:00,0.8427736
4159,2013-11-22 13:40:00,0.015739262
4159,2013-11-22 13:40:00,572.7117
4159,2013-11-22 13:40:00,0.8494253
4159,2013-11-22 13:40:00,0.4213868
4159,2013-11-22 13:50:00,0.006651706
4159,2013-11-22 13:50:00,637.9044
4159,2013-11-22 13:50:00,0.006651706
4159,2013-11-22 13:50:00,1.32416
4159,2013-11-22 14:00:00,1.3841594
4159,2013-11-22 14:00:00,0.48803803
4159,2013-11-22 14:00:00,619.94904
4159,2013-11-22 14:00:00,0.4213868
4159,2013-11-22 14:00:00,0.4213868
4159,2013-11-22 14:10:00,574.1633
4159,2013-11-22 14:10:00,0.90277314
4159,2013-11-22 14:10:00,0.006651706
4159,2013-11-22 14:20:00,0.006651706
4159,2013-11-22 14:20:00,615.1855
4159,2013-11-22 14:20:00,0.29327068
4159,2013-11-22 14:30:00,636.964
4159,2013-11-22 14:30:00,0.4213868
4159,2013-11-22 14:40:00,0.49361485
4159,2013-11-22 14:40:00,533.4884
4159,2013-11-22 14:50:00,549.3493
4159,2013-11-22 14:50:00,0.4213868
4159,2013-11-22 14:50:00,0.015739262
4159,2013-11-22 14:50:00,0.015739262
4159,2013-11-22 15:00:00,0.4213868
4159,2013-11-22 15:00:00,0.4213868
4159,2013-11-22 15:00:00,576.4284
4159,2013-11-22 15:00:00,0.015739262
4159,2013-11-22 15:00:00,0.29327068
4159,2013-11-22 15:10:00,640.15607
4159,2013-11-22 15:10:00,0.0055768173
4159,2013-11-22 15:10:00,0.4213868
4159,2013-11-22 15:10:00,0.7146575
4159,2013-11-22 15:20:00,0.015739262
4159,2013-11-22 15:20:00,650.7489
4159,2013-11-22 15:20:00,0.8106309
4159,2013-11-22 15:20:00,0.8494253
4159,2013-11-22 15:30:00,0.29327068
4159,2013-11-22 15:30:00,592.7842
4159,2013-11-22 15:30:00,2.0426486
4159,2013-11-22 15:30:00,0.4213868
4159,2013-11-22 15:40:00,0.015739262
4159,2013-11-22 15:40:00,564.0532
4159,2013-11-22 15:40:00,0.8427736
4159,2013-11-22 15:50:00,0.29327068
4159,2013-11-22 15:50:00,548.9971
4159,2013-11-22 15:50:00,0.4280385
4159,2013-11-22 15:50:00,0.4213868
4159,2013-11-22 16:00:00,449.7493
4159,2013-11-22 16:00:00,1.2320178
4159,2013-11-22 16:10:00,0.015739262
4159,2013-11-22 16:10:00,495.94897
4159,2013-11-22 16:10:00,0.8494253
4159,2013-11-22 16:20:00,0.8427736
4159,2013-11-22 16:20:00,470.0043
4159,2013-11-22 16:20:00,0.006651706
4159,2013-11-22 16:30:00,0.015739262
4159,2013-11-22 16:30:00,548.36206
4159,2013-11-22 16:30:00,0.43712607
4159,2013-11-22 16:40:00,447.45654
4159,2013-11-22 16:40:00,0.0055768173
4159,2013-11-22 16:40:00,0.4280385
4159,2013-11-22 16:40:00,0.4213868
4159,2013-11-22 16:50:00,0.0055768173
4159,2013-11-22 16:50:00,0.29327068
4159,2013-11-22 16:50:00,425.31598
4159,2013-11-22 16:50:00,1.2641604
4159,2013-11-22 16:50:00,0.4213868
4159,2013-11-22 17:00:00,389.42252
4159,2013-11-22 17:00:00,0.29327068
4159,2013-11-22 17:00:00,0.4213868
4159,2013-11-22 17:10:00,369.2987
4159,2013-11-22 17:10:00,0.006651706
4159,2013-11-22 17:10:00,1.2641604
4159,2013-11-22 17:20:00,412.40952
4159,2013-11-22 17:20:00,0.4213868
4159,2013-11-22 17:20:00,0.2999224
4159,2013-11-22 17:30:00,401.0231
4159,2013-11-22 17:30:00,0.8494253
4159,2013-11-22 17:40:00,0.4213868
4159,2013-11-22 17:40:00,387.80264
4159,2013-11-22 17:40:00,0.006651706
4159,2013-11-22 17:40:00,0.4280385
4159,2013-11-22 17:50:00,360.85574
4159,2013-11-22 17:50:00,0.006651706
4159,2013-11-22 17:50:00,0.4213868
4159,2013-11-22 18:00:00,0.8427736
4159,2013-11-22 18:00:00,0.0055768173
4159,2013-11-22 18:00:00,330.76337
4159,2013-11-22 18:00:00,0.8427736
4159,2013-11-22 18:10:00,0.006651706
4159,2013-11-22 18:10:00,0.006651706
4159,2013-11-22 18:10:00,358.8321
4159,2013-11-22 18:10:00,0.015739262
4159,2013-11-22 18:20:00,0.006651706
4159,2013-11-22 18:20:00,0.015739262
4159,2013-11-22 18:20:00,332.5903
4159,2013-11-22 18:20:00,0.48138633
4159,2013-11-22 18:20:00,0.015739262
4159,2013-11-22 18:20:00,0.006651706
4159,2013-11-22 18:20:00,1.2641604
4159,2013-11-22 18:30:00,0.006651706
4159,2013-11-22 18:30:00,358.34204
4159,2013-11-22 18:30:00,0.4213868
4159,2013-11-22 18:40:00,326.4386
4159,2013-11-22 18:40:00,0.4213868
4159,2013-11-22 18:40:00,0.4213868
4159,2013-11-22 18:50:00,0.90942484
4159,2013-11-22 18:50:00,294.7243
4159,2013-11-22 18:50:00,0.006651706
4159,2013-11-22 18:50:00,0.006651706
4159,2013-11-22 18:50:00,0.4213868
4159,2013-11-22 19:00:00,357.48682
4159,2013-11-22 19:00:00,0.4213868
4159,2013-11-22 19:00:00,1.5574311
4159,2013-11-22 19:10:00,280.3997
4159,2013-11-22 19:10:00,0.4213868
4159,2013-11-22 19:20:00,0.48138633
4159,2013-11-22 19:20:00,0.4213868
4159,2013-11-22 19:20:00,0.011153635
4159,2013-11-22 19:20:00,279.82077
4159,2013-11-22 19:20:00,0.4280385
4159,2013-11-22 19:20:00,0.4213868
4159,2013-11-22 19:30:00,263.54514
4159,2013-11-22 19:30:00,0.006651706
4159,2013-11-22 19:30:00,0.4213868
4159,2013-11-22 19:40:00,0.0055768173
4159,2013-11-22 19:40:00,273.23618
4159,2013-11-22 19:40:00,0.0055768173
4159,2013-11-22 19:40:00,0.031478524
4159,2013-11-22 19:50:00,267.76526
4159,2013-11-22 19:50:00,0.046764314
4159,2013-11-22 19:50:00,0.8427736
4159,2013-11-22 19:50:00,0.8106309
4159,2013-11-22 20:00:00,317.864
4159,2013-11-22 20:00:00,0.04019631
4159,2013-11-22 20:00:00,0.8651646
4159,2013-11-22 20:10:00,0.90277314
4159,2013-11-22 20:10:00,263.23578
4159,2013-11-22 20:10:00,0.015739262
4159,2013-11-22 20:10:00,0.44026703
4159,2013-11-22 20:20:00,0.016730452
4159,2013-11-22 20:20:00,228.40535
4159,2013-11-22 20:20:00,0.015739262
4159,2013-11-22 20:20:00,0.7146575
4159,2013-11-22 20:30:00,0.02230727
4159,2013-11-22 20:30:00,234.58582
4159,2013-11-22 20:30:00,0.015739262
4159,2013-11-22 20:30:00,0.006651706
4159,2013-11-22 20:30:00,0.30900994
4159,2013-11-22 20:40:00,0.011153635
4159,2013-11-22 20:40:00,255.36961
4159,2013-11-22 20:40:00,0.015739262
4159,2013-11-22 20:40:00,0.4213868
4159,2013-11-22 20:50:00,0.011153635
4159,2013-11-22 20:50:00,231.07942
4159,2013-11-22 20:50:00,0.015739262
4159,2013-11-22 20:50:00,0.7146575
4159,2013-11-22 21:00:00,0.01780534
4159,2013-11-22 21:00:00,260.58267
4159,2013-11-22 21:00:00,0.015739262
4159,2013-11-22 21:00:00,0.4280385
4159,2013-11-22 21:00:00,0.90277314
4159,2013-11-22 21:10:00,0.8427736
4159,2013-11-22 21:10:00,283.82397
4159,2013-11-22 21:10:00,0.015739262
4159,2013-11-22 21:10:00,0.006651706
4159,2013-11-22 21:10:00,0.006651706
4159,2013-11-22 21:20:00,0.4213868
4159,2013-11-22 21:20:00,0.4213868
4159,2013-11-22 21:20:00,255.39032
4159,2013-11-22 21:20:00,0.02239097
4159,2013-11-22 21:20:00,0.29327068
4159,2013-11-22 21:30:00,0.4213868
4159,2013-11-22 21:30:00,237.83333
4159,2013-11-22 21:40:00,236.36731
4159,2013-11-22 21:40:00,0.4280385
4159,2013-11-22 21:40:00,0.006651706
4159,2013-11-22 21:50:00,221.92137
4159,2013-11-22 21:50:00,0.29327068
4159,2013-11-22 22:00:00,201.24728
4159,2013-11-22 22:00:00,0.4213868
4159,2013-11-22 22:00:00,0.4213868
4159,2013-11-22 22:10:00,205.48299
4159,2013-11-22 22:10:00,0.4280385
4159,2013-11-22 22:10:00,0.29327068
4159,2013-11-22 22:20:00,212.94853
4159,2013-11-22 22:20:00,0.48138633
4159,2013-11-22 22:30:00,236.42242
4159,2013-11-22 22:40:00,215.95438
4159,2013-11-22 22:40:00,0.4280385
4159,2013-11-22 22:40:00,0.4346902
4159,2013-11-22 22:50:00,216.92455
4159,2013-11-22 23:00:00,243.1787
4159,2013-11-22 23:10:00,214.32452
4159,2013-11-22 23:10:00,0.4280385
4159,2013-11-22 23:20:00,0.006651706
4159,2013-11-22 23:20:00,192.60861
4159,2013-11-22 23:20:00,0.006651706
4159,2013-11-22 23:20:00,0.4213868
4159,2013-11-22 23:20:00,0.4280385
4159,2013-11-22 23:30:00,176.24681
4159,2013-11-22 23:30:00,0.0055768173
4159,2013-11-22 23:30:00,0.02131608
4159,2013-11-22 23:40:00,169.4947
4159,2013-11-22 23:40:00,0.02230727
4159,2013-11-22 23:40:00,0.006651706
4159,2013-11-22 23:50:00,193.01619
4159,2013-11-22 23:50:00,0.03903772
4159,2013-11-22 23:50:00,0.4280385
4159,2013-11-23 00:00:00,178.55801
4159,2013-11-23 00:00:00,0.012228523
4159,2013-11-23 00:10:00,173.02312
4159,2013-11-23 00:10:00,0.016730452
4159,2013-11-23 00:10:00,0.29327068
4159,2013-11-23 00:20:00,193.87979
4159,2013-11-23 00:20:00,0.016730452
4159,2013-11-23 00:20:00,0.4280385
4159,2013-11-23 00:30:00,157.40877
4159,2013-11-23 00:30:00,0.2999224
4159,2013-11-23 00:40:00,165.05884
4159,2013-11-23 00:50:00,0.4280385
4159,2013-11-23 00:50:00,150.09088
4159,2013-11-23 00:50:00,0.006651706
4159,2013-11-23 01:00:00,144.48987
4159,2013-11-23 01:00:00,0.4213868
4159,2013-11-23 01:10:00,153.07812
4159,2013-11-23 01:10:00,0.4213868
4159,2013-11-23 01:20:00,133.14697
4159,2013-11-23 01:30:00,125.432915
4159,2013-11-23 01:30:00,0.4280385
4159,2013-11-23 01:30:00,0.4213868
4159,2013-11-23 01:40:00,140.31798
4159,2013-11-23 01:40:00,0.006651706
4159,2013-11-23 01:50:00,133.38347
4159,2013-11-23 01:50:00,0.7146575
4159,2013-11-23 02:00:00,131.98256
4159,2013-11-23 02:00:00,0.4280385
4159,2013-11-23 02:10:00,129.04706
4159,2013-11-23 02:10:00,0.0055768173
4159,2013-11-23 02:20:00,125.45132
4159,2013-11-23 02:30:00,136.95639
4159,2013-11-23 02:30:00,0.006651706
4159,2013-11-23 02:40:00,161.77847
4159,2013-11-23 02:40:00,0.4280385
4159,2013-11-23 02:50:00,150.01549
4159,2013-11-23 03:00:00,144.36063
4159,2013-11-23 03:10:00,172.28171
4159,2013-11-23 03:10:00,0.4280385
4159,2013-11-23 03:20:00,143.55757
4159,2013-11-23 03:30:00,116.21856
4159,2013-11-23 03:40:00,133.91911
4159,2013-11-23 03:40:00,0.0055768173
4159,2013-11-23 03:40:00,0.4280385
4159,2013-11-23 03:50:00,114.45459
4159,2013-11-23 04:00:00,102.58433
4159,2013-11-23 04:10:00,120.974396
4159,2013-11-23 04:10:00,0.4280385
4159,2013-11-23 04:20:00,113.42894
4159,2013-11-23 04:30:00,0.4213868
4159,2013-11-23 04:30:00,106.91753
4159,2013-11-23 04:30:00,0.7146575
4159,2013-11-23 04:40:00,123.9649
4159,2013-11-23 04:40:00,0.006651706
4159,2013-11-23 04:50:00,114.06948
4159,2013-11-23 04:50:00,0.4213868
4159,2013-11-23 05:00:00,111.69842
4159,2013-11-23 05:00:00,0.01888023
4159,2013-11-23 05:10:00,0.29327068
4159,2013-11-23 05:10:00,157.28801
4159,2013-11-23 05:10:00,0.29327068
4159,2013-11-23 05:20:00,115.711365
4159,2013-11-23 05:20:00,0.006651706
4159,2013-11-23 05:20:00,0.4280385
4159,2013-11-23 05:20:00,0.006651706
4159,2013-11-23 05:30:00,116.03762
4159,2013-11-23 05:40:00,129.02025
4159,2013-11-23 05:40:00,0.015739262
4159,2013-11-23 05:50:00,0.015739262
4159,2013-11-23 05:50:00,134.14249
4159,2013-11-23 05:50:00,0.4280385
4159,2013-11-23 06:00:00,128.74802
4159,2013-11-23 06:00:00,0.031478524
4159,2013-11-23 06:10:00,130.00475
4159,2013-11-23 06:20:00,127.07521
4159,2013-11-23 06:20:00,0.0055768173
4159,2013-11-23 06:20:00,0.006651706
4159,2013-11-23 06:30:00,124.33972
4159,2013-11-23 06:30:00,0.006651706
4159,2013-11-23 06:30:00,0.4213868
4159,2013-11-23 06:40:00,152.77556
4159,2013-11-23 06:50:00,144.04388
4159,2013-11-23 06:50:00,0.4280385
4159,2013-11-23 07:00:00,153.8272
4159,2013-11-23 07:00:00,0.4213868
4159,2013-11-23 07:10:00,172.17635
4159,2013-11-23 07:20:00,198.67313
4159,2013-11-23 07:20:00,0.015739262
4159,2013-11-23 07:30:00,241.37706
4159,2013-11-23 07:30:00,0.4280385
4159,2013-11-23 07:40:00,262.70007
4159,2013-11-23 07:50:00,261.8921
4159,2013-11-23 08:00:00,291.73297
4159,2013-11-23 08:00:00,0.0055768173
4159,2013-11-23 08:00:00,0.4280385
4159,2013-11-23 08:10:00,419.59378
4159,2013-11-23 08:10:00,0.4213868
4159,2013-11-23 08:20:00,469.59656
4159,2013-11-23 08:20:00,0.006651706
4159,2013-11-23 08:30:00,0.8106309
4159,2013-11-23 08:30:00,408.91418
4159,2013-11-23 08:30:00,0.4346902
4159,2013-11-23 08:40:00,463.9845
4159,2013-11-23 08:40:00,0.4213868
4159,2013-11-23 08:50:00,401.15234
4159,2013-11-23 09:00:00,394.9304
4159,2013-11-23 09:00:00,0.006651706
4159,2013-11-23 09:00:00,0.4213868
4159,2013-11-23 09:10:00,458.21667
4159,2013-11-23 09:10:00,0.015739262
4159,2013-11-23 09:10:00,0.006651706
4159,2013-11-23 09:20:00,0.4213868
4159,2013-11-23 09:20:00,368.16544
4159,2013-11-23 09:20:00,0.02230727
4159,2013-11-23 09:20:00,0.006651706
4159,2013-11-23 09:30:00,0.006651706
4159,2013-11-23 09:30:00,383.60327
4159,2013-11-23 09:30:00,0.0055768173
4159,2013-11-23 09:30:00,0.012228523
4159,2013-11-23 09:30:00,0.4213868
4159,2013-11-23 09:40:00,482.59213
4159,2013-11-23 09:40:00,0.8494253
4159,2013-11-23 09:40:00,0.7146575
4159,2013-11-23 09:50:00,0.4213868
4159,2013-11-23 09:50:00,400.61063
4159,2013-11-23 09:50:00,0.4213868
4159,2013-11-23 10:00:00,422.94873
4159,2013-11-23 10:10:00,381.8781
4159,2013-11-23 10:10:00,0.006651706
4159,2013-11-23 10:10:00,0.4213868
4159,2013-11-23 10:20:00,497.85602
4159,2013-11-23 10:20:00,0.4213868
4159,2013-11-23 10:30:00,0.4213868
4159,2013-11-23 10:30:00,390.9702
4159,2013-11-23 10:30:00,0.012228523
4159,2013-11-23 10:30:00,0.29327068
4159,2013-11-23 10:40:00,386.28613
4159,2013-11-23 10:40:00,0.8427736
4159,2013-11-23 10:50:00,455.49588
4159,2013-11-23 10:50:00,0.4346902
4159,2013-11-23 11:00:00,465.77295
4159,2013-11-23 11:00:00,0.43361533
4159,2013-11-23 11:00:00,0.8427736
4159,2013-11-23 11:10:00,0.4213868
4159,2013-11-23 11:10:00,415.8165
4159,2013-11-23 11:10:00,0.90277314
4159,2013-11-23 11:10:00,0.016730452
4159,2013-11-23 11:10:00,1.3908112
4159,2013-11-23 11:20:00,0.031478524
4159,2013-11-23 11:20:00,504.75366
4159,2013-11-23 11:20:00,0.012228523
4159,2013-11-23 11:20:00,0.43712607
4159,2013-11-23 11:30:00,397.19608
4159,2013-11-23 11:30:00,0.006651706
4159,2013-11-23 11:30:00,0.90277314
4159,2013-11-23 11:30:00,0.012228523
4159,2013-11-23 11:30:00,0.43712607
4159,2013-11-23 11:40:00,484.4069
4159,2013-11-23 11:40:00,1.8055463
4159,2013-11-23 11:40:00,0.4213868
4159,2013-11-23 11:40:00,0.4213868
4159,2013-11-23 11:50:00,394.7308
4159,2013-11-23 11:50:00,0.4213868
4159,2013-11-23 11:50:00,0.012228523
4159,2013-11-23 11:50:00,0.4280385
4159,2013-11-23 12:00:00,486.75238
4159,2013-11-23 12:00:00,0.8427736
4159,2013-11-23 12:00:00,0.4213868
4159,2013-11-23 12:10:00,0.4213868
4159,2013-11-23 12:10:00,419.6983
4159,2013-11-23 12:10:00,0.90277314
4159,2013-11-23 12:10:00,0.43712607
4159,2013-11-23 12:20:00,0.4213868
4159,2013-11-23 12:20:00,320.76593
4159,2013-11-23 12:20:00,0.006651706
4159,2013-11-23 12:20:00,2.1669335
4159,2013-11-23 12:30:00,0.4213868
4159,2013-11-23 12:30:00,384.86005
4159,2013-11-23 12:30:00,0.006651706
4159,2013-11-23 12:30:00,0.006651706
4159,2013-11-23 12:40:00,0.0055768173
4159,2013-11-23 12:40:00,0.4213868
4159,2013-11-23 12:40:00,0.4213868
4159,2013-11-23 12:40:00,411.99155
4159,2013-11-23 12:40:00,0.006651706
4159,2013-11-23 12:40:00,0.006651706
4159,2013-11-23 12:50:00,0.4213868
4159,2013-11-23 12:50:00,0.2999224
4159,2013-11-23 12:50:00,0.4213868
4159,2013-11-23 12:50:00,308.0011
4159,2013-11-23 12:50:00,0.006651706
4159,2013-11-23 12:50:00,0.4280385
4159,2013-11-23 12:50:00,0.015739262
4159,2013-11-23 13:00:00,415.20203
4159,2013-11-23 13:00:00,0.006651706
4159,2013-11-23 13:00:00,0.015739262
4159,2013-11-23 13:10:00,0.4213868
4159,2013-11-23 13:10:00,312.11237
4159,2013-11-23 13:10:00,0.29327068
4159,2013-11-23 13:20:00,313.6272
4159,2013-11-23 13:20:00,0.8427736
4159,2013-11-23 13:30:00,296.98843
4159,2013-11-23 13:30:00,0.006651706
4159,2013-11-23 13:30:00,0.43712607
4159,2013-11-23 13:40:00,0.006651706
4159,2013-11-23 13:40:00,408.76794
4159,2013-11-23 13:40:00,1.4065504
4159,2013-11-23 13:50:00,0.015739262
4159,2013-11-23 13:50:00,0.48138633
4159,2013-11-23 13:50:00,268.86752
4159,2013-11-23 13:50:00,0.4213868
4159,2013-11-23 13:50:00,0.4213868
4159,2013-11-23 14:00:00,0.4213868
4159,2013-11-23 14:00:00,1.32416
4159,2013-11-23 14:00:00,342.86877
4159,2013-11-23 14:00:00,2.768319
4159,2013-11-23 14:00:00,0.006651706
4159,2013-11-23 14:00:00,0.006651706
4159,2013-11-23 14:10:00,2.1669335
4159,2013-11-23 14:10:00,366.962
4159,2013-11-23 14:10:00,1.8777744
4159,2013-11-23 14:10:00,3.1297061
4159,2013-11-23 14:10:00,0.29327068
4159,2013-11-23 14:20:00,0.4213868
4159,2013-11-23 14:20:00,0.8427736
4159,2013-11-23 14:20:00,0.4213868
4159,2013-11-23 14:20:00,386.52213
4159,2013-11-23 14:20:00,3.0097072
4159,2013-11-23 14:20:00,0.48138633
4159,2013-11-23 14:30:00,0.4213868
4159,2013-11-23 14:30:00,0.015739262
4159,2013-11-23 14:30:00,2.4640355
4159,2013-11-23 14:30:00,293.62747
4159,2013-11-23 14:30:00,0.4213868
4159,2013-11-23 14:30:00,1.6855472
4159,2013-11-23 14:30:00,0.031478524
4159,2013-11-23 14:40:00,1.32416
4159,2013-11-23 14:40:00,1.6855472
4159,2013-11-23 14:40:00,288.52664
4159,2013-11-23 14:40:00,0.48138633
4159,2013-11-23 14:40:00,2.64832
4159,2013-11-23 14:40:00,0.006651706
4159,2013-11-23 14:50:00,0.90277314
4159,2013-11-23 14:50:00,3.1897056
4159,2013-11-23 14:50:00,352.04645
4159,2013-11-23 14:50:00,1.7455467
4159,2013-11-23 14:50:00,0.7213092
4159,2013-11-23 15:00:00,313.61984
4159,2013-11-23 15:00:00,1.444159
4159,2013-11-23 15:00:00,0.006651706
4159,2013-11-23 15:10:00,330.95615
4159,2013-11-23 15:10:00,0.006651706
4159,2013-11-23 15:20:00,283.21072
4159,2013-11-23 15:20:00,0.4213868
4159,2013-11-23 15:30:00,324.5944
4159,2013-11-23 15:30:00,0.015739262
4159,2013-11-23 15:30:00,0.4213868
4159,2013-11-23 15:40:00,326.48087
4159,2013-11-23 15:40:00,0.012228523
4159,2013-11-23 15:40:00,0.006651706
4159,2013-11-23 15:40:00,0.7213092
4159,2013-11-23 15:50:00,296.62018
4159,2013-11-23 15:50:00,0.006651706
4159,2013-11-23 16:00:00,0.013303412
4159,2013-11-23 16:00:00,0.4213868
4159,2013-11-23 16:00:00,289.5375
4159,2013-11-23 16:00:00,0.48138633
4159,2013-11-23 16:10:00,342.53574
4159,2013-11-23 16:10:00,0.015739262
4159,2013-11-23 16:10:00,0.013303412
4159,2013-11-23 16:10:00,0.29327068
4159,2013-11-23 16:20:00,284.015
4159,2013-11-23 16:30:00,0.01888023
4159,2013-11-23 16:30:00,300.0972
4159,2013-11-23 16:40:00,0.0055768173
4159,2013-11-23 16:40:00,288.94937
4159,2013-11-23 16:40:00,0.8172826
4159,2013-11-23 16:40:00,0.006651706
4159,2013-11-23 16:40:00,0.59319305
4159,2013-11-23 16:50:00,0.0055768173
4159,2013-11-23 16:50:00,303.01385
4159,2013-11-23 16:50:00,0.4213868
4159,2013-11-23 16:50:00,0.7346126
4159,2013-11-23 17:00:00,0.006651706
4159,2013-11-23 17:00:00,324.47638
4159,2013-11-23 17:00:00,0.4213868
4159,2013-11-23 17:10:00,0.4213868
4159,2013-11-23 17:10:00,264.80347
4159,2013-11-23 17:10:00,0.0055768173
4159,2013-11-23 17:10:00,0.4213868
4159,2013-11-23 17:20:00,0.025531936
4159,2013-11-23 17:20:00,310.2896
4159,2013-11-23 17:20:00,1.5385919
4159,2013-11-23 17:20:00,0.006651706
4159,2013-11-23 17:20:00,0.4280385
4159,2013-11-23 17:30:00,0.03668557
4159,2013-11-23 17:30:00,288.14444
4159,2013-11-23 17:30:00,0.0055768173
4159,2013-11-23 17:40:00,335.8897
4159,2013-11-23 17:50:00,282.91772
4159,2013-11-23 17:50:00,0.0055768173
4159,2013-11-23 17:50:00,0.006651706
4159,2013-11-23 17:50:00,0.006651706
4159,2013-11-23 18:00:00,246.4324
4159,2013-11-23 18:00:00,0.006651706
4159,2013-11-23 18:00:00,0.2999224
4159,2013-11-23 18:10:00,289.8866
4159,2013-11-23 18:10:00,0.027884087
4159,2013-11-23 18:20:00,245.5029
4159,2013-11-23 18:20:00,0.033460904
4159,2013-11-23 18:20:00,0.44377777
4159,2013-11-23 18:30:00,0.0055768173
4159,2013-11-23 18:30:00,280.7111
4159,2013-11-23 18:30:00,0.006651706
4159,2013-11-23 18:30:00,0.29327068
4159,2013-11-23 18:40:00,289.2059
4159,2013-11-23 18:40:00,0.015739262
4159,2013-11-23 18:40:00,0.01780534
4159,2013-11-23 18:40:00,0.8427736
4159,2013-11-23 18:50:00,284.79382
4159,2013-11-23 18:50:00,0.006651706
4159,2013-11-23 18:50:00,0.006651706
4159,2013-11-23 18:50:00,0.4213868
4159,2013-11-23 18:50:00,0.015739262
4159,2013-11-23 19:00:00,229.78871
4159,2013-11-23 19:00:00,0.006651706
4159,2013-11-23 19:10:00,230.38278
4159,2013-11-23 19:20:00,0.0055768173
4159,2013-11-23 19:20:00,340.342
4159,2013-11-23 19:20:00,1.2641604
4159,2013-11-23 19:20:00,0.43712607
4159,2013-11-23 19:30:00,0.48138633
4159,2013-11-23 19:30:00,237.11285
4159,2013-11-23 19:30:00,0.006651706
4159,2013-11-23 19:30:00,0.006651706
4159,2013-11-23 19:30:00,0.4213868
4159,2013-11-23 19:30:00,0.8494253
4159,2013-11-23 19:40:00,0.4213868
4159,2013-11-23 19:40:00,283.39432
4159,2013-11-23 19:40:00,0.006651706
4159,2013-11-23 19:40:00,0.4213868
4159,2013-11-23 19:50:00,211.62364
4159,2013-11-23 19:50:00,0.006651706
4159,2013-11-23 19:50:00,0.4213868
4159,2013-11-23 20:00:00,218.86336
4159,2013-11-23 20:00:00,0.48138633
4159,2013-11-23 20:00:00,0.2999224
4159,2013-11-23 20:00:00,0.4213868
4159,2013-11-23 20:00:00,0.4213868
4159,2013-11-23 20:10:00,0.4213868
4159,2013-11-23 20:10:00,194.25111
4159,2013-11-23 20:10:00,0.2988475
4159,2013-11-23 20:20:00,247.18617
4159,2013-11-23 20:20:00,0.006651706
4159,2013-11-23 20:20:00,0.4213868
4159,2013-11-23 20:30:00,251.94693
4159,2013-11-23 20:30:00,0.48138633
4159,2013-11-23 20:30:00,0.006651706
4159,2013-11-23 20:30:00,0.4280385
4159,2013-11-23 20:40:00,214.4319
4159,2013-11-23 20:40:00,0.0055768173
4159,2013-11-23 20:40:00,0.0055768173
4159,2013-11-23 20:40:00,0.2999224
4159,2013-11-23 20:40:00,0.4280385
4159,2013-11-23 20:50:00,223.96614
4159,2013-11-23 20:50:00,0.03668557
4159,2013-11-23 20:50:00,0.006651706
4159,2013-11-23 20:50:00,0.006651706
4159,2013-11-23 20:50:00,0.0055768173
4159,2013-11-23 21:00:00,231.53346
4159,2013-11-23 21:00:00,1.5574311
4159,2013-11-23 21:00:00,0.4213868
4159,2013-11-23 21:10:00,234.89792
4159,2013-11-23 21:10:00,0.013303412
4159,2013-11-23 21:10:00,0.015739262
4159,2013-11-23 21:10:00,0.8427736
4159,2013-11-23 21:20:00,211.90279
4159,2013-11-23 21:20:00,1.1360443
4159,2013-11-23 21:20:00,0.4213868
4159,2013-11-23 21:30:00,244.84212
4159,2013-11-23 21:30:00,0.006651706
4159,2013-11-23 21:40:00,246.8399
4159,2013-11-23 21:40:00,0.006651706
4159,2013-11-23 21:50:00,247.97624
4159,2013-11-23 21:50:00,0.015739262
4159,2013-11-23 22:00:00,219.50526
4159,2013-11-23 22:00:00,0.4346902
4159,2013-11-23 22:00:00,0.8427736
4159,2013-11-23 22:10:00,202.77338
4159,2013-11-23 22:10:00,0.7146575
4159,2013-11-23 22:20:00,189.08897
4159,2013-11-23 22:20:00,0.0055768173
4159,2013-11-23 22:30:00,219.77621
4159,2013-11-23 22:30:00,0.013303412
4159,2013-11-23 22:40:00,206.29865
4159,2013-11-23 22:40:00,0.73039675
4159,2013-11-23 22:50:00,237.33228
4159,2013-11-23 22:50:00,0.43712607
4159,2013-11-23 23:00:00,0.4213868
4159,2013-11-23 23:00:00,213.79987
4159,2013-11-23 23:00:00,0.90277314
4159,2013-11-23 23:00:00,0.58654135
4159,2013-11-23 23:10:00,234.67044
4159,2013-11-23 23:10:00,0.013303412
4159,2013-11-23 23:20:00,0.013303412
4159,2013-11-23 23:20:00,207.86458
4159,2013-11-23 23:20:00,0.006651706
4159,2013-11-23 23:30:00,208.64429
4159,2013-11-23 23:30:00,0.4280385
4159,2013-11-23 23:40:00,212.25024
4159,2013-11-23 23:40:00,0.013303412
4159,2013-11-23 23:50:00,212.97179
4159,2013-11-23 23:50:00,0.006651706
4159,2013-11-23 23:50:00,0.006651706
4159,2013-11-24 00:00:00,227.39835
4159,2013-11-24 00:00:00,0.006651706
4159,2013-11-24 00:10:00,194.78574
4159,2013-11-24 00:10:00,0.013303412
4159,2013-11-24 00:10:00,0.4213868
4159,2013-11-24 00:20:00,0.0055768173
4159,2013-11-24 00:20:00,0.006651706
4159,2013-11-24 00:20:00,198.66728
4159,2013-11-24 00:20:00,0.02230727
4159,2013-11-24 00:30:00,203.77791
4159,2013-11-24 00:30:00,0.0055768173
4159,2013-11-24 00:40:00,197.20613
4159,2013-11-24 00:40:00,1.2641604
4159,2013-11-24 00:40:00,0.006651706
4159,2013-11-24 00:50:00,186.12798
4159,2013-11-24 00:50:00,0.006651706
4159,2013-11-24 01:00:00,182.45255
4159,2013-11-24 01:00:00,0.58654135
4159,2013-11-24 01:10:00,177.92244
4159,2013-11-24 01:10:00,0.4213868
4159,2013-11-24 01:10:00,0.006651706
4159,2013-11-24 01:20:00,199.25647
4159,2013-11-24 01:20:00,0.006651706
4159,2013-11-24 01:30:00,180.09256
4159,2013-11-24 01:40:00,165.85304
4159,2013-11-24 01:50:00,167.28271
4159,2013-11-24 01:50:00,0.006651706
4159,2013-11-24 01:50:00,0.29327068
4159,2013-11-24 02:00:00,0.8427736
4159,2013-11-24 02:00:00,157.0706
4159,2013-11-24 02:00:00,0.90277314
4159,2013-11-24 02:10:00,159.02338
4159,2013-11-24 02:20:00,144.88905
4159,2013-11-24 02:20:00,0.32231337
4159,2013-11-24 02:20:00,0.015739262
4159,2013-11-24 02:20:00,0.4213868
4159,2013-11-24 02:30:00,1.2320178
4159,2013-11-24 02:30:00,0.4213868
4159,2013-11-24 02:30:00,156.44263
4159,2013-11-24 02:30:00,0.48138633
4159,2013-11-24 02:30:00,0.006651706
4159,2013-11-24 02:30:00,0.4213868
4159,2013-11-24 02:40:00,155.47734
4159,2013-11-24 02:50:00,139.73299
4159,2013-11-24 03:00:00,148.18558
4159,2013-11-24 03:00:00,0.48138633
4159,2013-11-24 03:00:00,0.02239097
4159,2013-11-24 03:10:00,0.4213868
4159,2013-11-24 03:10:00,154.22742
4159,2013-11-24 03:10:00,0.006651706
4159,2013-11-24 03:20:00,139.57445
4159,2013-11-24 03:30:00,0.4213868
4159,2013-11-24 03:30:00,159.12534
4159,2013-11-24 03:30:00,0.02239097
4159,2013-11-24 03:40:00,156.11809
4159,2013-11-24 03:40:00,0.4346902
4159,2013-11-24 03:50:00,205.71497
4159,2013-11-24 04:00:00,151.0318
4159,2013-11-24 04:00:00,0.4213868
4159,2013-11-24 04:00:00,0.015739262
4159,2013-11-24 04:10:00,132.55853
4159,2013-11-24 04:10:00,0.8172826
4159,2013-11-24 04:10:00,0.006651706
4159,2013-11-24 04:20:00,123.63532
4159,2013-11-24 04:20:00,0.48138633
4159,2013-11-24 04:20:00,0.0055768173
4159,2013-11-24 04:20:00,0.4213868
4159,2013-11-24 04:30:00,217.53741
4159,2013-11-24 04:30:00,0.43361533
4159,2013-11-24 04:40:00,132.71935
4159,2013-11-24 04:40:00,0.006651706
4159,2013-11-24 04:50:00,125.92423
4159,2013-11-24 05:00:00,135.24792
4159,2013-11-24 05:00:00,0.4213868
4159,2013-11-24 05:10:00,130.85275
4159,2013-11-24 05:10:00,0.4213868
4159,2013-11-24 05:20:00,130.18927
4159,2013-11-24 05:20:00,0.006651706
4159,2013-11-24 05:20:00,0.015739262
4159,2013-11-24 05:30:00,133.41954
4159,2013-11-24 05:40:00,147.17615
4159,2013-11-24 05:40:00,0.48138633
4159,2013-11-24 05:50:00,180.07193
4159,2013-11-24 05:50:00,0.006651706
4159,2013-11-24 06:00:00,0.4213868
4159,2013-11-24 06:00:00,134.16885
4159,2013-11-24 06:10:00,148.83084
4159,2013-11-24 06:20:00,135.89323
4159,2013-11-24 06:20:00,0.006651706
4159,2013-11-24 06:30:00,125.505424
4159,2013-11-24 06:30:00,0.4213868
4159,2013-11-24 06:40:00,129.54453
4159,2013-11-24 06:50:00,135.99933
4159,2013-11-24 06:50:00,0.006651706
4159,2013-11-24 07:00:00,129.55547
4159,2013-11-24 07:00:00,0.48138633
4159,2013-11-24 07:00:00,0.4213868
4159,2013-11-24 07:10:00,145.19943
4159,2013-11-24 07:20:00,142.06056
4159,2013-11-24 07:30:00,143.99422
4159,2013-11-24 07:30:00,0.006651706
4159,2013-11-24 07:40:00,156.92264
4159,2013-11-24 07:50:00,148.74579
4159,2013-11-24 07:50:00,0.015739262
4159,2013-11-24 08:00:00,154.16324
4159,2013-11-24 08:00:00,0.006651706
4159,2013-11-24 08:00:00,0.4213868
4159,2013-11-24 08:10:00,166.66904
4159,2013-11-24 08:20:00,209.71286
4159,2013-11-24 08:30:00,200.75839
4159,2013-11-24 08:30:00,0.0055768173
4159,2013-11-24 08:30:00,0.02239097
4159,2013-11-24 08:30:00,0.4213868
4159,2013-11-24 08:40:00,0.0055768173
4159,2013-11-24 08:40:00,178.56525
4159,2013-11-24 08:40:00,0.48803803
4159,2013-11-24 08:40:00,0.4213868
4159,2013-11-24 08:50:00,186.13324
4159,2013-11-24 08:50:00,0.0055768173
4159,2013-11-24 08:50:00,0.8427736
4159,2013-11-24 09:00:00,168.96693
4159,2013-11-24 09:00:00,0.015739262
4159,2013-11-24 09:00:00,0.4213868
4159,2013-11-24 09:10:00,0.4213868
4159,2013-11-24 09:10:00,206.39093
4159,2013-11-24 09:10:00,0.006651706
4159,2013-11-24 09:20:00,186.61108
4159,2013-11-24 09:30:00,168.94347
4159,2013-11-24 09:30:00,0.015739262
4159,2013-11-24 09:40:00,207.94759
4159,2013-11-24 09:40:00,0.006651706
4159,2013-11-24 09:50:00,227.99551
4159,2013-11-24 10:00:00,0.031108754
4159,2013-11-24 10:00:00,189.75453
4159,2013-11-24 10:00:00,0.4213868
4159,2013-11-24 10:10:00,0.01888023
4159,2013-11-24 10:10:00,167.79385
4159,2013-11-24 10:10:00,0.006651706
4159,2013-11-24 10:20:00,196.06255
4159,2013-11-24 10:20:00,0.48138633
4159,2013-11-24 10:20:00,0.48138633
4159,2013-11-24 10:20:00,0.4213868
4159,2013-11-24 10:30:00,207.00775
4159,2013-11-24 10:30:00,0.006651706
4159,2013-11-24 10:30:00,0.48138633
4159,2013-11-24 10:30:00,0.4213868
4159,2013-11-24 10:30:00,0.4213868
4159,2013-11-24 10:40:00,0.006651706
4159,2013-11-24 10:40:00,196.02051
4159,2013-11-24 10:40:00,0.015739262
4159,2013-11-24 10:40:00,0.015739262
4159,2013-11-24 10:50:00,251.65506
4159,2013-11-24 10:50:00,0.006651706
4159,2013-11-24 11:00:00,0.012228523
4159,2013-11-24 11:00:00,264.0462
4159,2013-11-24 11:00:00,0.0055768173
4159,2013-11-24 11:10:00,199.92978
4159,2013-11-24 11:10:00,0.015739262
4159,2013-11-24 11:10:00,0.006651706
4159,2013-11-24 11:10:00,0.006651706
4159,2013-11-24 11:20:00,193.31906
4159,2013-11-24 11:20:00,0.006651706
4159,2013-11-24 11:20:00,1.0079281
4159,2013-11-24 11:30:00,212.40753
4159,2013-11-24 11:30:00,0.2999224
4159,2013-11-24 11:40:00,262.08066
4159,2013-11-24 11:40:00,0.006651706
4159,2013-11-24 11:50:00,295.6526
4159,2013-11-24 11:50:00,0.48138633
4159,2013-11-24 11:50:00,0.006651706
4159,2013-11-24 11:50:00,1.2708122
4159,2013-11-24 12:00:00,229.83374
4159,2013-11-24 12:00:00,1.1360443
4159,2013-11-24 12:10:00,182.07184
4159,2013-11-24 12:10:00,0.012228523
4159,2013-11-24 12:10:00,0.4213868
4159,2013-11-24 12:20:00,165.96898
4159,2013-11-24 12:20:00,0.006651706
4159,2013-11-24 12:20:00,0.7213092
4159,2013-11-24 12:30:00,0.29327068
4159,2013-11-24 12:30:00,180.44171
4159,2013-11-24 12:40:00,0.006651706
4159,2013-11-24 12:40:00,208.70097
4159,2013-11-24 12:40:00,0.4213868
4159,2013-11-24 12:40:00,0.2999224
4159,2013-11-24 12:50:00,223.02296
4159,2013-11-24 12:50:00,0.015739262
4159,2013-11-24 13:00:00,0.4280385
4159,2013-11-24 13:00:00,0.006651706
4159,2013-11-24 13:00:00,194.71059
4159,2013-11-24 13:00:00,0.48138633
4159,2013-11-24 13:00:00,0.7213092
4159,2013-11-24 13:10:00,177.2777
4159,2013-11-24 13:10:00,0.012228523
4159,2013-11-24 13:10:00,0.4213868
4159,2013-11-24 13:10:00,0.4213868
4159,2013-11-24 13:20:00,214.19958
4159,2013-11-24 13:30:00,212.8178
4159,2013-11-24 13:30:00,0.006651706
4159,2013-11-24 13:40:00,214.14548
4159,2013-11-24 13:40:00,0.006651706
4159,2013-11-24 13:40:00,0.4213868
4159,2013-11-24 13:40:00,0.29327068
4159,2013-11-24 13:50:00,0.4213868
4159,2013-11-24 13:50:00,225.22348
4159,2013-11-24 13:50:00,0.0055768173
4159,2013-11-24 13:50:00,0.4213868
4159,2013-11-24 14:00:00,0.015739262
4159,2013-11-24 14:00:00,0.4213868
4159,2013-11-24 14:00:00,237.3896
4159,2013-11-24 14:00:00,0.006651706
4159,2013-11-24 14:00:00,0.4213868
4159,2013-11-24 14:10:00,240.33485
4159,2013-11-24 14:10:00,0.4213868
4159,2013-11-24 14:10:00,0.4213868
4159,2013-11-24 14:20:00,193.51036
4159,2013-11-24 14:20:00,0.006651706
4159,2013-11-24 14:20:00,0.006651706
4159,2013-11-24 14:20:00,0.7213092
4159,2013-11-24 14:30:00,187.23676
4159,2013-11-24 14:40:00,216.19174
4159,2013-11-24 14:40:00,0.006651706
4159,2013-11-24 14:40:00,0.4213868
4159,2013-11-24 14:50:00,216.03566
4159,2013-11-24 14:50:00,0.006651706
4159,2013-11-24 14:50:00,0.4213868
4159,2013-11-24 15:00:00,181.38986
4159,2013-11-24 15:10:00,225.83351
4159,2013-11-24 15:10:00,0.006651706
4159,2013-11-24 15:10:00,0.4213868
4159,2013-11-24 15:20:00,228.96364
4159,2013-11-24 15:20:00,0.48138633
4159,2013-11-24 15:20:00,0.0055768173
4159,2013-11-24 15:20:00,0.8427736
4159,2013-11-24 15:20:00,0.006651706
4159,2013-11-24 15:30:00,178.03319
4159,2013-11-24 15:30:00,0.4213868
4159,2013-11-24 15:40:00,193.26927
4159,2013-11-24 15:40:00,0.8494253
4159,2013-11-24 15:50:00,187.6337
4159,2013-11-24 16:00:00,196.43573
4159,2013-11-24 16:10:00,176.86406
4159,2013-11-24 16:10:00,0.4280385
4159,2013-11-24 16:20:00,172.86647
4159,2013-11-24 16:20:00,0.7146575
4159,2013-11-24 16:20:00,0.4213868
4159,2013-11-24 16:30:00,0.4213868
4159,2013-11-24 16:30:00,206.73901
4159,2013-11-24 16:30:00,0.8427736
4159,2013-11-24 16:30:00,0.87425214
4159,2013-11-24 16:40:00,0.0055768173
4159,2013-11-24 16:40:00,215.65768
4159,2013-11-24 16:40:00,0.4213868
4159,2013-11-24 16:50:00,188.70337
4159,2013-11-24 16:50:00,0.29327068
4159,2013-11-24 17:00:00,0.4213868
4159,2013-11-24 17:00:00,214.84845
4159,2013-11-24 17:00:00,0.015739262
4159,2013-11-24 17:00:00,0.58654135
4159,2013-11-24 17:10:00,221.61324
4159,2013-11-24 17:10:00,0.006651706
4159,2013-11-24 17:20:00,171.7423
4159,2013-11-24 17:20:00,0.006651706
4159,2013-11-24 17:30:00,0.0055768173
4159,2013-11-24 17:30:00,207.18915
4159,2013-11-24 17:30:00,0.4280385
4159,2013-11-24 17:40:00,202.7358
4159,2013-11-24 17:40:00,0.4213868
4159,2013-11-24 17:50:00,198.50717
4159,2013-11-24 17:50:00,0.0055768173
4159,2013-11-24 17:50:00,0.4213868
4159,2013-11-24 17:50:00,0.90277314
4159,2013-11-24 18:00:00,0.8427736
4159,2013-11-24 18:00:00,0.013303412
4159,2013-11-24 18:00:00,217.36922
4159,2013-11-24 18:00:00,0.006651706
4159,2013-11-24 18:10:00,0.006651706
4159,2013-11-24 18:10:00,235.84781
4159,2013-11-24 18:20:00,0.006651706
4159,2013-11-24 18:20:00,0.4213868
4159,2013-11-24 18:20:00,0.006651706
4159,2013-11-24 18:20:00,208.5682
4159,2013-11-24 18:20:00,0.0055768173
4159,2013-11-24 18:30:00,0.006651706
4159,2013-11-24 18:30:00,211.47937
4159,2013-11-24 18:30:00,0.7146575
4159,2013-11-24 18:40:00,0.4213868
4159,2013-11-24 18:40:00,241.17645
4159,2013-11-24 18:40:00,0.006651706
4159,2013-11-24 18:40:00,0.4213868
4159,2013-11-24 18:50:00,0.29327068
4159,2013-11-24 18:50:00,0.006651706
4159,2013-11-24 18:50:00,186.8401
4159,2013-11-24 19:00:00,262.38336
4159,2013-11-24 19:10:00,0.4213868
4159,2013-11-24 19:10:00,294.96783
4159,2013-11-24 19:10:00,0.006651706
4159,2013-11-24 19:10:00,1.0079281
4159,2013-11-24 19:20:00,235.66324
4159,2013-11-24 19:20:00,0.0055768173
4159,2013-11-24 19:20:00,1.5574311
4159,2013-11-24 19:30:00,207.43536
4159,2013-11-24 19:30:00,0.4213868
4159,2013-11-24 19:40:00,210.12984
4159,2013-11-24 19:40:00,0.006651706
4159,2013-11-24 19:40:00,0.4280385
4159,2013-11-24 19:50:00,227.30907
4159,2013-11-24 19:50:00,0.4213868
4159,2013-11-24 20:00:00,0.4213868
4159,2013-11-24 20:00:00,229.36914
4159,2013-11-24 20:10:00,201.93333
4159,2013-11-24 20:10:00,0.4213868
4159,2013-11-24 20:20:00,214.69025
4159,2013-11-24 20:20:00,0.006651706
4159,2013-11-24 20:30:00,0.006651706
4159,2013-11-24 20:30:00,201.778
4159,2013-11-24 20:30:00,0.4213868
4159,2013-11-24 20:30:00,0.4213868
4159,2013-11-24 20:40:00,216.21518
4159,2013-11-24 20:40:00,0.015739262
4159,2013-11-24 20:40:00,0.29327068
4159,2013-11-24 20:50:00,211.86699
4159,2013-11-24 20:50:00,0.013303412
4159,2013-11-24 20:50:00,0.29327068
4159,2013-11-24 21:00:00,0.29327068
4159,2013-11-24 21:00:00,276.14755
4159,2013-11-24 21:10:00,244.43779
4159,2013-11-24 21:20:00,0.4213868
4159,2013-11-24 21:20:00,224.63278
4159,2013-11-24 21:20:00,0.8427736
4159,2013-11-24 21:30:00,242.15106
4159,2013-11-24 21:30:00,0.006651706
4159,2013-11-24 21:40:00,254.41423
4159,2013-11-24 21:50:00,231.68741
4159,2013-11-24 21:50:00,1.429315
4159,2013-11-24 22:00:00,202.17699
4159,2013-11-24 22:00:00,0.006651706
4159,2013-11-24 22:00:00,0.7279609
4159,2013-11-24 22:10:00,215.60548
4159,2013-11-24 22:20:00,0.4213868
4159,2013-11-24 22:20:00,179.90968
4159,2013-11-24 22:20:00,0.48138633
4159,2013-11-24 22:30:00,0.006651706
4159,2013-11-24 22:30:00,173.31181
4159,2013-11-24 22:30:00,0.006651706
4159,2013-11-24 22:40:00,174.93288
4159,2013-11-24 22:50:00,181.57469
4159,2013-11-24 22:50:00,0.006651706
4159,2013-11-24 23:00:00,206.17906
4159,2013-11-24 23:00:00,0.4213868
4159,2013-11-24 23:10:00,170.60443
4159,2013-11-24 23:20:00,156.04976
4159,2013-11-24 23:20:00,0.006651706
4159,2013-11-24 23:20:00,0.29327068
4159,2013-11-24 23:30:00,156.08066
4159,2013-11-24 23:40:00,153.24947
4159,2013-11-24 23:40:00,0.30900994
4159,2013-11-24 23:50:00,144.1768
4159,2013-11-24 23:50:00,0.29327068
4159,2013-11-25 00:00:00,154.22528
4159,2013-11-25 00:00:00,0.006651706
4159,2013-11-25 00:00:00,0.006651706
4159,2013-11-25 00:10:00,135.8114
4159,2013-11-25 00:20:00,155.96315
4159,2013-11-25 00:20:00,0.0055768173
4159,2013-11-25 00:30:00,153.93199
4159,2013-11-25 00:30:00,0.006651706
4159,2013-11-25 00:40:00,153.8462
4159,2013-11-25 00:50:00,152.60507
4159,2013-11-25 00:50:00,0.29327068
4159,2013-11-25 01:00:00,145.66347
4159,2013-11-25 01:00:00,0.006651706
4159,2013-11-25 01:10:00,150.01509
4159,2013-11-25 01:20:00,138.71213
4159,2013-11-25 01:30:00,130.39592
4159,2013-11-25 01:40:00,124.58503
4159,2013-11-25 01:40:00,0.006651706
4159,2013-11-25 01:50:00,134.72049
4159,2013-11-25 02:00:00,129.19423
4159,2013-11-25 02:10:00,124.33425
4159,2013-11-25 02:10:00,0.006651706
4159,2013-11-25 02:20:00,125.35779
4159,2013-11-25 02:30:00,123.45942
4159,2013-11-25 02:40:00,118.68378
4159,2013-11-25 02:40:00,0.006651706
4159,2013-11-25 02:50:00,122.31337
4159,2013-11-25 03:00:00,121.4478
4159,2013-11-25 03:10:00,111.98747
4159,2013-11-25 03:20:00,108.80289
4159,2013-11-25 03:20:00,0.006651706
4159,2013-11-25 03:20:00,0.006651706
4159,2013-11-25 03:20:00,0.29327068
4159,2013-11-25 03:30:00,121.04759
4159,2013-11-25 03:30:00,0.006651706
4159,2013-11-25 03:40:00,115.03193
4159,2013-11-25 03:40:00,0.006651706
4159,2013-11-25 03:50:00,124.08746
4159,2013-11-25 03:50:00,0.4213868
4159,2013-11-25 04:00:00,114.5458
4159,2013-11-25 04:10:00,110.99308
4159,2013-11-25 04:10:00,0.006651706
4159,2013-11-25 04:20:00,112.179474
4159,2013-11-25 04:30:00,133.42712
4159,2013-11-25 04:40:00,119.91243
4159,2013-11-25 04:40:00,0.006651706
4159,2013-11-25 04:50:00,115.0806
4159,2013-11-25 05:00:00,129.56561
4159,2013-11-25 05:00:00,1.5574311
4159,2013-11-25 05:10:00,127.86223
4159,2013-11-25 05:20:00,128.08754
4159,2013-11-25 05:20:00,0.006651706
4159,2013-11-25 05:30:00,0.0055768173
4159,2013-11-25 05:30:00,143.45856
4159,2013-11-25 05:30:00,0.4213868
4159,2013-11-25 05:40:00,145.88345
4159,2013-11-25 05:50:00,138.55858
4159,2013-11-25 05:50:00,0.006651706
4159,2013-11-25 06:00:00,159.51093
4159,2013-11-25 06:10:00,169.72621
4159,2013-11-25 06:10:00,0.4213868
4159,2013-11-25 06:20:00,178.75177
4159,2013-11-25 06:20:00,0.4280385
4159,2013-11-25 06:30:00,209.44875
4159,2013-11-25 06:30:00,0.4213868
4159,2013-11-25 06:40:00,216.45284
4159,2013-11-25 06:40:00,0.4280385
4159,2013-11-25 06:40:00,0.015739262
4159,2013-11-25 06:50:00,215.39453
4159,2013-11-25 06:50:00,0.006651706
4159,2013-11-25 07:00:00,289.473
4159,2013-11-25 07:00:00,0.4213868
4159,2013-11-25 07:10:00,334.40186
4159,2013-11-25 07:10:00,0.4213868
4159,2013-11-25 07:20:00,268.80893
4159,2013-11-25 07:20:00,0.4213868
4159,2013-11-25 07:20:00,0.4213868
4159,2013-11-25 07:30:00,0.0055768173
4159,2013-11-25 07:30:00,345.41577
4159,2013-11-25 07:30:00,0.4280385
4159,2013-11-25 07:30:00,0.4213868
4159,2013-11-25 07:40:00,366.59702
4159,2013-11-25 07:40:00,0.4213868
4159,2013-11-25 07:40:00,0.8427736
4159,2013-11-25 07:50:00,342.44662
4159,2013-11-25 07:50:00,0.006651706
4159,2013-11-25 07:50:00,0.015739262
4159,2013-11-25 08:00:00,0.8106309
4159,2013-11-25 08:00:00,428.49542
4159,2013-11-25 08:00:00,0.006651706
4159,2013-11-25 08:00:00,1.2641604
4159,2013-11-25 08:10:00,402.21976
4159,2013-11-25 08:10:00,0.006651706
4159,2013-11-25 08:20:00,0.4213868
4159,2013-11-25 08:20:00,499.35776
4159,2013-11-25 08:20:00,0.4213868
4159,2013-11-25 08:20:00,0.8427736
4159,2013-11-25 08:20:00,0.29327068
4159,2013-11-25 08:30:00,479.9657
4159,2013-11-25 08:30:00,0.006651706
4159,2013-11-25 08:40:00,1.2641604
4159,2013-11-25 08:40:00,503.96228
4159,2013-11-25 08:40:00,0.96277267
4159,2013-11-25 08:50:00,476.67627
4159,2013-11-25 08:50:00,0.4213868
4159,2013-11-25 09:00:00,0.90277314
4159,2013-11-25 09:00:00,490.32407
4159,2013-11-25 09:10:00,507.60034
4159,2013-11-25 09:10:00,0.4280385
4159,2013-11-25 09:10:00,0.8494253
4159,2013-11-25 09:20:00,574.4325
4159,2013-11-25 09:20:00,0.96277267
4159,2013-11-25 09:20:00,1.32416
4159,2013-11-25 09:30:00,0.91607654
4159,2013-11-25 09:30:00,1.2320178
4159,2013-11-25 09:30:00,574.6435
4159,2013-11-25 09:30:00,2.2869327
4159,2013-11-25 09:30:00,0.013303412
4159,2013-11-25 09:40:00,523.74603
4159,2013-11-25 09:40:00,1.7200557
4159,2013-11-25 09:40:00,0.8106309
4159,2013-11-25 09:50:00,545.084
4159,2013-11-25 09:50:00,0.29327068
4159,2013-11-25 09:50:00,1.8055463
4159,2013-11-25 10:00:00,0.2999224
4159,2013-11-25 10:00:00,648.487
4159,2013-11-25 10:00:00,0.4213868
4159,2013-11-25 10:00:00,0.4213868
4159,2013-11-25 10:10:00,0.48138633
4159,2013-11-25 10:10:00,513.0295
4159,2013-11-25 10:10:00,1.3308116
4159,2013-11-25 10:10:00,0.2999224
4159,2013-11-25 10:10:00,0.43361533
4159,2013-11-25 10:20:00,0.4213868
4159,2013-11-25 10:20:00,614.5647
4159,2013-11-25 10:20:00,0.006651706
4159,2013-11-25 10:20:00,0.8427736
4159,2013-11-25 10:30:00,600.1727
4159,2013-11-25 10:30:00,3.4656024
4159,2013-11-25 10:40:00,569.38684
4159,2013-11-25 10:40:00,1.2320178
4159,2013-11-25 10:40:00,1.8655457
4159,2013-11-25 10:40:00,0.90277314
4159,2013-11-25 10:50:00,0.90277314
4159,2013-11-25 10:50:00,600.71484
4159,2013-11-25 10:50:00,1.298669
4159,2013-11-25 11:00:00,0.4213868
4159,2013-11-25 11:00:00,642.24945
4159,2013-11-25 11:00:00,0.0055768173
4159,2013-11-25 11:00:00,0.48138633
4159,2013-11-25 11:00:00,0.4213868
4159,2013-11-25 11:00:00,0.4213868
4159,2013-11-25 11:10:00,0.4213868
4159,2013-11-25 11:10:00,592.1023
4159,2013-11-25 11:10:00,0.48138633
4159,2013-11-25 11:10:00,1.2375945
4159,2013-11-25 11:10:00,2.9454217
4159,2013-11-25 11:10:00,0.4213868
4159,2013-11-25 11:20:00,0.0055768173
4159,2013-11-25 11:20:00,0.4213868
4159,2013-11-25 11:20:00,656.1421
4159,2013-11-25 11:20:00,0.48138633
4159,2013-11-25 11:20:00,4.994722
4159,2013-11-25 11:30:00,0.29327068
4159,2013-11-25 11:30:00,614.62524
4159,2013-11-25 11:30:00,1.2386694
4159,2013-11-25 11:30:00,0.2999224
4159,2013-11-25 11:40:00,0.29327068
4159,2013-11-25 11:40:00,573.78546
4159,2013-11-25 11:40:00,3.2746663
4159,2013-11-25 11:40:00,0.4213868
4159,2013-11-25 11:50:00,0.90277314
4159,2013-11-25 11:50:00,566.4868
4159,2013-11-25 11:50:00,1.2453212
4159,2013-11-25 12:00:00,1.32416
4159,2013-11-25 12:00:00,0.48138633
4159,2013-11-25 12:00:00,583.9931
4159,2013-11-25 12:00:00,0.0055768173
4159,2013-11-25 12:00:00,0.8106309
4159,2013-11-25 12:00:00,0.4213868
4159,2013-11-25 12:10:00,0.48138633
4159,2013-11-25 12:10:00,580.51685
4159,2013-11-25 12:10:00,0.49468973
4159,2013-11-25 12:10:00,0.015739262
4159,2013-11-25 12:20:00,0.4213868
4159,2013-11-25 12:20:00,556.4272
4159,2013-11-25 12:20:00,0.48138633
4159,2013-11-25 12:20:00,0.4213868
4159,2013-11-25 12:30:00,606.77795
4159,2013-11-25 12:30:00,0.4213868
4159,2013-11-25 12:30:00,0.90277314
4159,2013-11-25 12:30:00,0.90277314
4159,2013-11-25 12:40:00,0.015739262
4159,2013-11-25 12:40:00,0.006651706
4159,2013-11-25 12:40:00,612.86914
4159,2013-11-25 12:40:00,1.2708122
4159,2013-11-25 12:50:00,0.4213868
4159,2013-11-25 12:50:00,625.8948
4159,2013-11-25 12:50:00,1.2320178
4159,2013-11-25 12:50:00,0.8427736
4159,2013-11-25 13:00:00,0.48138633
4159,2013-11-25 13:00:00,0.90277314
4159,2013-11-25 13:00:00,0.48138633
4159,2013-11-25 13:00:00,678.4339
4159,2013-11-25 13:00:00,0.29327068
4159,2013-11-25 13:10:00,2.0426486
4159,2013-11-25 13:10:00,683.9413
4159,2013-11-25 13:10:00,0.4213868
4159,2013-11-25 13:10:00,0.4280385
4159,2013-11-25 13:10:00,0.7146575
4159,2013-11-25 13:20:00,0.4213868
4159,2013-11-25 13:20:00,1.8655457
4159,2013-11-25 13:20:00,632.78485
4159,2013-11-25 13:20:00,0.91607654
4159,2013-11-25 13:20:00,0.90277314
4159,2013-11-25 13:30:00,0.015739262
4159,2013-11-25 13:30:00,0.96277267
4159,2013-11-25 13:30:00,638.15533
4159,2013-11-25 13:40:00,646.18756
4159,2013-11-25 13:40:00,0.4213868
4159,2013-11-25 13:40:00,1.32416
4159,2013-11-25 13:50:00,586.34467
4159,2013-11-25 13:50:00,1.6855472
4159,2013-11-25 14:00:00,0.0055768173
4159,2013-11-25 14:00:00,769.70844
4159,2013-11-25 14:00:00,0.8427736
4159,2013-11-25 14:10:00,0.4213868
4159,2013-11-25 14:10:00,608.1273
4159,2013-11-25 14:10:00,1.2386694
4159,2013-11-25 14:10:00,0.4213868
4159,2013-11-25 14:20:00,591.16797
4159,2013-11-25 14:20:00,1.7455467
4159,2013-11-25 14:20:00,0.4213868
4159,2013-11-25 14:30:00,0.90277314
4159,2013-11-25 14:30:00,0.93425167
4159,2013-11-25 14:30:00,636.58545
4159,2013-11-25 14:40:00,0.047217786
4159,2013-11-25 14:40:00,680.3539
4159,2013-11-25 14:40:00,0.8106309
4159,2013-11-25 14:40:00,0.4213868
4159,2013-11-25 14:50:00,0.4213868
4159,2013-11-25 14:50:00,788.4193
4159,2013-11-25 14:50:00,0.011153635
4159,2013-11-25 14:50:00,1.7455467
4159,2013-11-25 14:50:00,0.8427736
4159,2013-11-25 15:00:00,709.0199
4159,2013-11-25 15:00:00,1.2920172
4159,2013-11-25 15:00:00,1.6174306
4159,2013-11-25 15:10:00,0.4213868
4159,2013-11-25 15:10:00,1.247757
4159,2013-11-25 15:10:00,0.8427736
4159,2013-11-25 15:10:00,726.0733
4159,2013-11-25 15:10:00,0.48138633
4159,2013-11-25 15:10:00,1.2641604
4159,2013-11-25 15:20:00,1.2920172
4159,2013-11-25 15:20:00,595.7575
4159,2013-11-25 15:20:00,0.0055768173
4159,2013-11-25 15:20:00,3.2841384
4159,2013-11-25 15:20:00,2.2426724
4159,2013-11-25 15:30:00,599.8584
4159,2013-11-25 15:30:00,0.4213868
4159,2013-11-25 15:30:00,0.8427736
4159,2013-11-25 15:40:00,684.9905
4159,2013-11-25 15:40:00,0.0055768173
4159,2013-11-25 15:40:00,0.4280385
4159,2013-11-25 15:50:00,609.2058
4159,2013-11-25 15:50:00,0.0055768173
4159,2013-11-25 15:50:00,0.006651706
4159,2013-11-25 16:00:00,1.444159
4159,2013-11-25 16:00:00,560.66785
4159,2013-11-25 16:00:00,0.48138633
4159,2013-11-25 16:00:00,0.4213868
4159,2013-11-25 16:10:00,1.32416
4159,2013-11-25 16:10:00,0.4213868
4159,2013-11-25 16:10:00,0.96277267
4159,2013-11-25 16:10:00,608.734
4159,2013-11-25 16:20:00,587.0066
4159,2013-11-25 16:20:00,0.4213868
4159,2013-11-25 16:30:00,535.9846
4159,2013-11-25 16:30:00,0.8106309
4159,2013-11-25 16:30:00,0.4213868
4159,2013-11-25 16:30:00,0.4213868
4159,2013-11-25 16:40:00,0.29327068
4159,2013-11-25 16:40:00,632.24133
4159,2013-11-25 16:40:00,0.9785119
4159,2013-11-25 16:40:00,0.8427736
4159,2013-11-25 16:40:00,0.006651706
4159,2013-11-25 16:50:00,0.8427736
4159,2013-11-25 16:50:00,687.2017
4159,2013-11-25 16:50:00,0.4213868
4159,2013-11-25 16:50:00,0.8585129
4159,2013-11-25 17:00:00,580.0249
4159,2013-11-25 17:00:00,0.4213868
4159,2013-11-25 17:00:00,0.8427736
4159,2013-11-25 17:10:00,0.015739262
4159,2013-11-25 17:10:00,0.006651706
4159,2013-11-25 17:10:00,559.3521
4159,2013-11-25 17:10:00,0.8427736
4159,2013-11-25 17:20:00,0.4213868
4159,2013-11-25 17:20:00,0.8172826
4159,2013-11-25 17:20:00,554.02423
4159,2013-11-25 17:20:00,0.8106309
4159,2013-11-25 17:20:00,0.4213868
4159,2013-11-25 17:30:00,476.16342
4159,2013-11-25 17:40:00,0.48138633
4159,2013-11-25 17:40:00,435.98596
4159,2013-11-25 17:50:00,445.87424
4159,2013-11-25 17:50:00,0.0055768173
4159,2013-11-25 17:50:00,0.7213092
4159,2013-11-25 18:00:00,0.4213868
4159,2013-11-25 18:00:00,493.55612
4159,2013-11-25 18:10:00,403.01617
4159,2013-11-25 18:10:00,0.4213868
4159,2013-11-25 18:10:00,0.29327068
4159,2013-11-25 18:20:00,0.4213868
4159,2013-11-25 18:20:00,402.7068
4159,2013-11-25 18:30:00,0.90277314
4159,2013-11-25 18:30:00,392.8227
4159,2013-11-25 18:30:00,0.4280385
4159,2013-11-25 18:40:00,421.0213
4159,2013-11-25 18:40:00,0.4213868
4159,2013-11-25 18:50:00,318.8587
4159,2013-11-25 18:50:00,0.90277314
4159,2013-11-25 18:50:00,0.8106309
4159,2013-11-25 19:00:00,339.59366
4159,2013-11-25 19:00:00,0.29327068
4159,2013-11-25 19:10:00,355.81418
4159,2013-11-25 19:10:00,0.8106309
4159,2013-11-25 19:10:00,0.8427736
4159,2013-11-25 19:20:00,0.7146575
4159,2013-11-25 19:20:00,0.8106309
4159,2013-11-25 19:20:00,322.5578
4159,2013-11-25 19:20:00,0.4213868
4159,2013-11-25 19:20:00,0.2999224
4159,2013-11-25 19:30:00,297.09418
4159,2013-11-25 19:30:00,0.48138633
4159,2013-11-25 19:30:00,0.4213868
4159,2013-11-25 19:40:00,321.79547
4159,2013-11-25 19:50:00,334.0292
4159,2013-11-25 19:50:00,0.4213868
4159,2013-11-25 20:00:00,317.98846
4159,2013-11-25 20:00:00,0.7146575
4159,2013-11-25 20:10:00,288.67877
4159,2013-11-25 20:10:00,0.4213868
4159,2013-11-25 20:10:00,0.4280385
4159,2013-11-25 20:20:00,300.7639
4159,2013-11-25 20:20:00,0.4213868
4159,2013-11-25 20:20:00,0.4213868
4159,2013-11-25 20:30:00,304.88776
4159,2013-11-25 20:40:00,299.68076
4159,2013-11-25 20:50:00,300.93588
4159,2013-11-25 21:00:00,277.83163
4159,2013-11-25 21:10:00,304.67264
4159,2013-11-25 21:20:00,307.91605
4159,2013-11-25 21:20:00,0.015739262
4159,2013-11-25 21:30:00,0.2999224
4159,2013-11-25 21:30:00,311.26468
4159,2013-11-25 21:40:00,284.1632
4159,2013-11-25 21:40:00,0.7146575
4159,2013-11-25 21:50:00,262.11038
4159,2013-11-25 21:50:00,0.4213868
4159,2013-11-25 22:00:00,231.21158
4159,2013-11-25 22:10:00,227.50491
4159,2013-11-25 22:10:00,0.006651706
4159,2013-11-25 22:20:00,213.4201
4159,2013-11-25 22:20:00,0.0055768173
4159,2013-11-25 22:30:00,247.12564
4159,2013-11-25 22:30:00,1.1360443
4159,2013-11-25 22:40:00,215.33768
4159,2013-11-25 22:40:00,1.1493477
4159,2013-11-25 22:50:00,210.7932
4159,2013-11-25 23:00:00,217.03807
4159,2013-11-25 23:10:00,209.42883
4159,2013-11-25 23:10:00,0.006651706
4159,2013-11-25 23:10:00,0.29327068
4159,2013-11-25 23:20:00,220.8891
4159,2013-11-25 23:30:00,213.95811
4159,2013-11-25 23:30:00,0.4213868
4159,2013-11-25 23:40:00,204.40562
4159,2013-11-25 23:50:00,209.60667
4159,2013-11-25 23:50:00,0.015739262
4159,2013-11-26 00:00:00,168.44011
4159,2013-11-26 00:00:00,0.015739262
4159,2013-11-26 00:10:00,185.1154
4159,2013-11-26 00:20:00,171.79628
4159,2013-11-26 00:30:00,155.80858
4159,2013-11-26 00:40:00,173.73221
4159,2013-11-26 00:50:00,162.22658
4159,2013-11-26 00:50:00,0.006651706
4159,2013-11-26 01:00:00,155.24684
4159,2013-11-26 01:10:00,151.8864
4159,2013-11-26 01:20:00,161.02486
4159,2013-11-26 01:30:00,145.95613
4159,2013-11-26 01:40:00,143.90265
4159,2013-11-26 01:40:00,0.006651706
4159,2013-11-26 01:50:00,148.69342
4159,2013-11-26 02:00:00,140.39468
4159,2013-11-26 02:00:00,0.006651706
4159,2013-11-26 02:10:00,0.4213868
4159,2013-11-26 02:10:00,132.13025
4159,2013-11-26 02:20:00,145.55968
4159,2013-11-26 02:30:00,141.44456
4159,2013-11-26 02:30:00,0.006651706
4159,2013-11-26 02:40:00,142.4638
4159,2013-11-26 02:40:00,0.0055768173
4159,2013-11-26 02:50:00,154.87389
4159,2013-11-26 03:00:00,137.54297
4159,2013-11-26 03:00:00,0.006651706
4159,2013-11-26 03:10:00,132.677
4159,2013-11-26 03:20:00,140.60504
4159,2013-11-26 03:30:00,131.51813
4159,2013-11-26 03:40:00,133.21944
4159,2013-11-26 03:40:00,0.006651706
4159,2013-11-26 03:50:00,142.09215
4159,2013-11-26 04:00:00,133.5549
4159,2013-11-26 04:00:00,0.006651706
4159,2013-11-26 04:10:00,127.425026
4159,2013-11-26 04:20:00,137.1779
4159,2013-11-26 04:30:00,144.15576
4159,2013-11-26 04:40:00,126.259895
4159,2013-11-26 04:50:00,139.03876
4159,2013-11-26 05:00:00,0.4213868
4159,2013-11-26 05:00:00,127.18608
4159,2013-11-26 05:00:00,0.006651706
4159,2013-11-26 05:10:00,137.9812
4159,2013-11-26 05:20:00,142.57237
4159,2013-11-26 05:30:00,154.51521
4159,2013-11-26 05:40:00,146.4272
4159,2013-11-26 05:40:00,0.4280385
4159,2013-11-26 05:50:00,0.015739262
4159,2013-11-26 05:50:00,144.26509
4159,2013-11-26 05:50:00,0.015739262
4159,2013-11-26 06:00:00,178.36577
4159,2013-11-26 06:10:00,164.17677
4159,2013-11-26 06:10:00,0.006651706
4159,2013-11-26 06:20:00,193.8527
4159,2013-11-26 06:20:00,1.2641604
4159,2013-11-26 06:20:00,0.4213868
4159,2013-11-26 06:30:00,205.1707
4159,2013-11-26 06:40:00,0.4213868
4159,2013-11-26 06:40:00,204.13716
4159,2013-11-26 06:50:00,227.28156
4159,2013-11-26 06:50:00,0.4213868
4159,2013-11-26 07:00:00,279.77417
4159,2013-11-26 07:10:00,0.006651706
4159,2013-11-26 07:10:00,317.1558
4159,2013-11-26 07:10:00,0.015739262
4159,2013-11-26 07:10:00,0.4213868
4159,2013-11-26 07:20:00,296.82178
4159,2013-11-26 07:20:00,0.015739262
4159,2013-11-26 07:20:00,0.4213868
4159,2013-11-26 07:20:00,0.8427736
4159,2013-11-26 07:30:00,0.4213868
4159,2013-11-26 07:30:00,337.11942
4159,2013-11-26 07:30:00,0.43712607
4159,2013-11-26 07:40:00,432.46954
4159,2013-11-26 07:40:00,0.006651706
4159,2013-11-26 07:40:00,0.4213868
4159,2013-11-26 07:40:00,0.8427736
4159,2013-11-26 07:50:00,421.71884
4159,2013-11-26 07:50:00,0.90277314
4159,2013-11-26 07:50:00,1.2641604
4159,2013-11-26 08:00:00,449.5393
4159,2013-11-26 08:00:00,0.006651706
4159,2013-11-26 08:00:00,0.8494253
4159,2013-11-26 08:10:00,490.03708
4159,2013-11-26 08:10:00,0.006651706
4159,2013-11-26 08:10:00,0.4280385
4159,2013-11-26 08:20:00,476.88098
4159,2013-11-26 08:20:00,0.8427736
4159,2013-11-26 08:30:00,0.015739262
4159,2013-11-26 08:30:00,504.1724
4159,2013-11-26 08:30:00,1.32416
4159,2013-11-26 08:30:00,0.4213868
4159,2013-11-26 08:40:00,496.16458
4159,2013-11-26 08:40:00,0.8494253
4159,2013-11-26 08:40:00,0.006651706
4159,2013-11-26 08:50:00,0.29327068
4159,2013-11-26 08:50:00,457.49887
4159,2013-11-26 08:50:00,0.8106309
4159,2013-11-26 08:50:00,0.006651706
4159,2013-11-26 09:00:00,1.7455467
4159,2013-11-26 09:00:00,478.57785
4159,2013-11-26 09:00:00,1.2320178
4159,2013-11-26 09:00:00,0.006651706
4159,2013-11-26 09:10:00,0.006651706
4159,2013-11-26 09:10:00,531.25085
4159,2013-11-26 09:10:00,0.006651706
4159,2013-11-26 09:10:00,0.90942484
4159,2013-11-26 09:10:00,1.2641604
4159,2013-11-26 09:20:00,0.4213868
4159,2013-11-26 09:20:00,0.0055768173
4159,2013-11-26 09:20:00,511.66544
4159,2013-11-26 09:20:00,0.91607654
4159,2013-11-26 09:20:00,0.4280385
4159,2013-11-26 09:30:00,476.24976
4159,2013-11-26 09:30:00,0.4213868
4159,2013-11-26 09:30:00,0.8427736
4159,2013-11-26 09:40:00,0.015739262
4159,2013-11-26 09:40:00,0.7813087
4159,2013-11-26 09:40:00,495.2702
4159,2013-11-26 09:40:00,0.015739262
4159,2013-11-26 09:40:00,0.4213868
4159,2013-11-26 09:50:00,485.2377
4159,2013-11-26 09:50:00,0.96277267
4159,2013-11-26 10:00:00,514.23346
4159,2013-11-26 10:00:00,1.3308116
4159,2013-11-26 10:10:00,0.4213868
4159,2013-11-26 10:10:00,527.36536
4159,2013-11-26 10:10:00,0.96277267
4159,2013-11-26 10:20:00,0.4213868
4159,2013-11-26 10:20:00,0.90277314
4159,2013-11-26 10:20:00,468.5405
4159,2013-11-26 10:20:00,1.9255453
4159,2013-11-26 10:30:00,461.8691
4159,2013-11-26 10:30:00,0.4280385
4159,2013-11-26 10:30:00,1.2641604
4159,2013-11-26 10:40:00,0.90277314
4159,2013-11-26 10:40:00,493.74176
4159,2013-11-26 10:40:00,3.6177442
4159,2013-11-26 10:50:00,492.66196
4159,2013-11-26 10:50:00,1.3908112
4159,2013-11-26 10:50:00,0.4213868
4159,2013-11-26 11:00:00,0.013303412
4159,2013-11-26 11:00:00,645.6194
4159,2013-11-26 11:00:00,0.8585129
4159,2013-11-26 11:10:00,0.29327068
4159,2013-11-26 11:10:00,0.006651706
4159,2013-11-26 11:10:00,0.8427736
4159,2013-11-26 11:10:00,588.96375
4159,2013-11-26 11:10:00,0.4213868
4159,2013-11-26 11:10:00,0.4213868
4159,2013-11-26 11:10:00,0.8427736
4159,2013-11-26 11:20:00,0.015739262
4159,2013-11-26 11:20:00,555.92773
4159,2013-11-26 11:20:00,0.006651706
4159,2013-11-26 11:20:00,1.3297367
4159,2013-11-26 11:30:00,625.28687
4159,2013-11-26 11:40:00,0.8427736
4159,2013-11-26 11:40:00,489.45038
4159,2013-11-26 11:40:00,0.4213868
4159,2013-11-26 11:40:00,0.8427736
4159,2013-11-26 11:50:00,0.48138633
4159,2013-11-26 11:50:00,1.32416
4159,2013-11-26 11:50:00,527.7992
4159,2013-11-26 12:00:00,0.4213868
4159,2013-11-26 12:00:00,604.9224
4159,2013-11-26 12:00:00,0.0055768173
4159,2013-11-26 12:00:00,0.006651706
4159,2013-11-26 12:00:00,0.4213868
4159,2013-11-26 12:10:00,524.40344
4159,2013-11-26 12:10:00,1.8721975
4159,2013-11-26 12:10:00,0.4213868
4159,2013-11-26 12:20:00,562.2645
4159,2013-11-26 12:20:00,0.8427736
4159,2013-11-26 12:20:00,0.4213868
4159,2013-11-26 12:20:00,0.29327068
4159,2013-11-26 12:20:00,0.7279609
4159,2013-11-26 12:30:00,508.9546
4159,2013-11-26 12:30:00,0.0055768173
4159,2013-11-26 12:30:00,0.015739262
4159,2013-11-26 12:30:00,0.4213868
4159,2013-11-26 12:40:00,0.015739262
4159,2013-11-26 12:40:00,519.51117
4159,2013-11-26 12:40:00,0.48803803
4159,2013-11-26 12:40:00,0.8427736
4159,2013-11-26 12:50:00,0.015739262
4159,2013-11-26 12:50:00,2.226933
4159,2013-11-26 12:50:00,505.6748
4159,2013-11-26 12:50:00,0.006651706
4159,2013-11-26 12:50:00,0.90277314
4159,2013-11-26 12:50:00,0.4213868
4159,2013-11-26 13:00:00,0.015739262
4159,2013-11-26 13:00:00,582.6066
4159,2013-11-26 13:00:00,0.0055768173
4159,2013-11-26 13:00:00,0.012228523
4159,2013-11-26 13:00:00,2.2869327
4159,2013-11-26 13:00:00,0.4213868
4159,2013-11-26 13:10:00,0.4213868
4159,2013-11-26 13:10:00,0.015739262
4159,2013-11-26 13:10:00,538.5369
4159,2013-11-26 13:10:00,0.90277314
4159,2013-11-26 13:10:00,0.4213868
4159,2013-11-26 13:20:00,583.2395
4159,2013-11-26 13:20:00,0.4213868
4159,2013-11-26 13:20:00,0.90277314
4159,2013-11-26 13:20:00,0.4213868
4159,2013-11-26 13:30:00,651.9795
4159,2013-11-26 13:30:00,0.90277314
4159,2013-11-26 13:30:00,1.6855472
4159,2013-11-26 13:40:00,557.7908
4159,2013-11-26 13:40:00,0.29327068
4159,2013-11-26 13:40:00,0.2999224
4159,2013-11-26 13:50:00,496.67984
4159,2013-11-26 13:50:00,0.006651706
4159,2013-11-26 13:50:00,1.1517836
4159,2013-11-26 13:50:00,0.4213868
4159,2013-11-26 14:00:00,0.9185124
4159,2013-11-26 14:00:00,511.55563
4159,2013-11-26 14:00:00,0.8106309
4159,2013-11-26 14:10:00,553.317
4159,2013-11-26 14:10:00,0.8427736
4159,2013-11-26 14:20:00,0.015739262
4159,2013-11-26 14:20:00,629.57477
4159,2013-11-26 14:30:00,499.34488
4159,2013-11-26 14:30:00,0.29327068
4159,2013-11-26 14:40:00,533.93475
4159,2013-11-26 14:40:00,0.8106309
4159,2013-11-26 14:50:00,571.5848
4159,2013-11-26 14:50:00,0.4280385
4159,2013-11-26 14:50:00,0.4213868
4159,2013-11-26 15:00:00,592.7404
4159,2013-11-26 15:00:00,1.2320178
4159,2013-11-26 15:00:00,0.43712607
4159,2013-11-26 15:10:00,662.5854
4159,2013-11-26 15:10:00,0.30900994
4159,2013-11-26 15:20:00,5.776636
4159,2013-11-26 15:20:00,621.89435
4159,2013-11-26 15:20:00,0.4213868
4159,2013-11-26 15:20:00,0.015739262
4159,2013-11-26 15:30:00,0.015739262
4159,2013-11-26 15:30:00,8.664954
4159,2013-11-26 15:30:00,678.9606
4159,2013-11-26 15:30:00,0.48138633
4159,2013-11-26 15:40:00,515.0288
4159,2013-11-26 15:50:00,553.1249
4159,2013-11-26 15:50:00,0.006651706
4159,2013-11-26 16:00:00,574.1445
4159,2013-11-26 16:00:00,1.6212618
4159,2013-11-26 16:00:00,0.4280385
4159,2013-11-26 16:10:00,0.4280385
4159,2013-11-26 16:10:00,515.3117
4159,2013-11-26 16:10:00,0.29327068
4159,2013-11-26 16:20:00,502.8329
4159,2013-11-26 16:30:00,0.29327068
4159,2013-11-26 16:30:00,494.87445
4159,2013-11-26 16:30:00,0.8106309
4159,2013-11-26 16:30:00,0.29327068
4159,2013-11-26 16:40:00,0.48138633
4159,2013-11-26 16:40:00,0.29327068
4159,2013-11-26 16:40:00,505.36984
4159,2013-11-26 16:40:00,0.48138633
4159,2013-11-26 16:40:00,0.006651706
4159,2013-11-26 16:40:00,0.4213868
4159,2013-11-26 16:50:00,614.9917
4159,2013-11-26 16:50:00,0.006651706
4159,2013-11-26 17:00:00,0.4213868
4159,2013-11-26 17:00:00,576.8072
4159,2013-11-26 17:00:00,0.006651706
4159,2013-11-26 17:00:00,0.72023433
4159,2013-11-26 17:10:00,513.7476
4159,2013-11-26 17:10:00,0.013303412
4159,2013-11-26 17:10:00,0.7146575
4159,2013-11-26 17:20:00,584.42737
4159,2013-11-26 17:20:00,0.0055768173
4159,2013-11-26 17:20:00,0.015739262
4159,2013-11-26 17:20:00,0.90277314
4159,2013-11-26 17:20:00,0.006651706
4159,2013-11-26 17:20:00,0.4213868
4159,2013-11-26 17:30:00,419.3205
4159,2013-11-26 17:30:00,0.8427736
4159,2013-11-26 17:40:00,465.2468
4159,2013-11-26 17:40:00,0.48138633
4159,2013-11-26 17:40:00,0.29327068
4159,2013-11-26 17:50:00,457.73798
4159,2013-11-26 17:50:00,0.006651706
4159,2013-11-26 18:00:00,0.015739262
4159,2013-11-26 18:00:00,507.62766
4159,2013-11-26 18:00:00,0.4213868
4159,2013-11-26 18:00:00,0.4213868
4159,2013-11-26 18:00:00,0.8427736
4159,2013-11-26 18:00:00,1.6534045
4159,2013-11-26 18:10:00,0.8494253
4159,2013-11-26 18:10:00,451.4248
4159,2013-11-26 18:10:00,0.015739262
4159,2013-11-26 18:20:00,0.4213868
4159,2013-11-26 18:20:00,400.07086
4159,2013-11-26 18:20:00,0.8494253
4159,2013-11-26 18:20:00,1.32416
4159,2013-11-26 18:30:00,381.40643
4159,2013-11-26 18:40:00,402.29117
4159,2013-11-26 18:40:00,0.29327068
4159,2013-11-26 18:50:00,377.64642
4159,2013-11-26 18:50:00,0.006651706
4159,2013-11-26 19:00:00,358.37042
4159,2013-11-26 19:00:00,0.7146575
4159,2013-11-26 19:10:00,357.5787
4159,2013-11-26 19:10:00,1.1360443
4159,2013-11-26 19:20:00,0.015739262
4159,2013-11-26 19:20:00,375.30023
4159,2013-11-26 19:20:00,0.29327068
4159,2013-11-26 19:30:00,0.0055768173
4159,2013-11-26 19:30:00,300.13705
4159,2013-11-26 19:30:00,0.006651706
4159,2013-11-26 19:30:00,0.8427736
4159,2013-11-26 19:40:00,275.90442
4159,2013-11-26 19:40:00,0.4213868
4159,2013-11-26 19:50:00,305.22394
4159,2013-11-26 19:50:00,0.4213868
4159,2013-11-26 20:00:00,295.07117
4159,2013-11-26 20:00:00,0.006651706
4159,2013-11-26 20:10:00,267.4116
4159,2013-11-26 20:10:00,0.4213868
4159,2013-11-26 20:20:00,330.20398
4159,2013-11-26 20:20:00,0.015739262
4159,2013-11-26 20:30:00,290.44565
4159,2013-11-26 20:30:00,0.006651706
4159,2013-11-26 20:30:00,0.006651706
4159,2013-11-26 20:40:00,257.15186
4159,2013-11-26 20:40:00,0.43712607
4159,2013-11-26 20:50:00,343.8384
4159,2013-11-26 20:50:00,0.43712607
4159,2013-11-26 20:50:00,0.006651706
4159,2013-11-26 21:00:00,299.78912
4159,2013-11-26 21:00:00,0.015739262
4159,2013-11-26 21:00:00,0.015739262
4159,2013-11-26 21:10:00,294.93875
4159,2013-11-26 21:10:00,0.006651706
4159,2013-11-26 21:20:00,397.02655
4159,2013-11-26 21:20:00,0.31566167
4159,2013-11-26 21:30:00,466.48932
4159,2013-11-26 21:30:00,1.6840818
4159,2013-11-26 21:40:00,386.57898
4159,2013-11-26 21:40:00,0.006651706
4159,2013-11-26 21:40:00,0.4213868
4159,2013-11-26 21:50:00,278.4342
4159,2013-11-26 21:50:00,0.4213868
4159,2013-11-26 22:00:00,301.71216
4159,2013-11-26 22:00:00,0.7146575
4159,2013-11-26 22:00:00,0.4213868
4159,2013-11-26 22:10:00,251.13081
4159,2013-11-26 22:10:00,0.0055768173
4159,2013-11-26 22:10:00,0.006651706
4159,2013-11-26 22:10:00,0.29327068
4159,2013-11-26 22:20:00,316.0803
4159,2013-11-26 22:20:00,0.29327068
4159,2013-11-26 22:30:00,0.8106309
4159,2013-11-26 22:30:00,298.24084
4159,2013-11-26 22:40:00,223.26842
4159,2013-11-26 22:40:00,0.0055768173
4159,2013-11-26 22:40:00,0.006651706
4159,2013-11-26 22:50:00,296.6168
4159,2013-11-26 22:50:00,0.0055768173
4159,2013-11-26 23:00:00,215.87024
4159,2013-11-26 23:00:00,0.2999224
4159,2013-11-26 23:10:00,237.11348
4159,2013-11-26 23:20:00,245.57535
4159,2013-11-26 23:20:00,0.006651706
4159,2013-11-26 23:30:00,206.51205
4159,2013-11-26 23:40:00,213.55725
4159,2013-11-26 23:50:00,168.10663
4159,2013-11-26 23:50:00,0.006651706
4159,2013-11-27 00:00:00,361.88022
4159,2013-11-27 00:00:00,0.29327068
4159,2013-11-27 00:10:00,142.50772
4159,2013-11-27 00:20:00,0.006651706
4159,2013-11-27 00:20:00,177.62233
4159,2013-11-27 00:20:00,0.006651706
4159,2013-11-27 00:30:00,153.63364
4159,2013-11-27 00:30:00,0.48138633
4159,2013-11-27 00:30:00,0.2999224
4159,2013-11-27 00:40:00,143.12825
4159,2013-11-27 00:40:00,0.4213868
4159,2013-11-27 00:50:00,162.64969
4159,2013-11-27 01:00:00,152.8528
4159,2013-11-27 01:00:00,0.006651706
4159,2013-11-27 01:10:00,147.15211
4159,2013-11-27 01:20:00,135.619
4159,2013-11-27 01:30:00,143.54245
4159,2013-11-27 01:30:00,0.006651706
4159,2013-11-27 01:40:00,153.4951
4159,2013-11-27 01:40:00,0.29327068
4159,2013-11-27 01:50:00,135.75829
4159,2013-11-27 01:50:00,0.48138633
4159,2013-11-27 02:00:00,143.57767
4159,2013-11-27 02:00:00,0.006651706
4159,2013-11-27 02:10:00,137.83566
4159,2013-11-27 02:20:00,133.22487
4159,2013-11-27 02:30:00,137.74638
4159,2013-11-27 02:30:00,0.4213868
4159,2013-11-27 02:40:00,133.67853
4159,2013-11-27 02:40:00,0.006651706
4159,2013-11-27 02:50:00,130.48152
4159,2013-11-27 03:00:00,140.09935
4159,2013-11-27 03:10:00,128.24681
4159,2013-11-27 03:10:00,0.48138633
4159,2013-11-27 03:10:00,0.006651706
4159,2013-11-27 03:20:00,140.0346
4159,2013-11-27 03:30:00,148.30148
4159,2013-11-27 03:40:00,131.29535
4159,2013-11-27 03:40:00,0.006651706
4159,2013-11-27 03:50:00,138.73703
4159,2013-11-27 04:00:00,140.81459
4159,2013-11-27 04:10:00,122.85584
4159,2013-11-27 04:10:00,0.006651706
4159,2013-11-27 04:20:00,125.6081
4159,2013-11-27 04:30:00,136.67177
4159,2013-11-27 04:30:00,0.48138633
4159,2013-11-27 04:30:00,0.006651706
4159,2013-11-27 04:30:00,0.006651706
4159,2013-11-27 04:40:00,135.49316
4159,2013-11-27 04:40:00,0.006651706
4159,2013-11-27 04:50:00,134.17876
4159,2013-11-27 05:00:00,147.13113
4159,2013-11-27 05:10:00,136.07704
4159,2013-11-27 05:20:00,125.47052
4159,2013-11-27 05:20:00,0.006651706
4159,2013-11-27 05:30:00,153.72665
4159,2013-11-27 05:40:00,0.006651706
4159,2013-11-27 05:40:00,141.9375
4159,2013-11-27 05:40:00,0.96277267
4159,2013-11-27 05:50:00,159.04137
4159,2013-11-27 05:50:00,0.006651706
4159,2013-11-27 06:00:00,173.83078
4159,2013-11-27 06:10:00,173.47337
4159,2013-11-27 06:20:00,161.55824
4159,2013-11-27 06:20:00,0.8494253
4159,2013-11-27 06:30:00,222.78377
4159,2013-11-27 06:30:00,0.8427736
4159,2013-11-27 06:40:00,0.4213868
4159,2013-11-27 06:40:00,207.5332
4159,2013-11-27 06:40:00,0.4213868
4159,2013-11-27 06:50:00,230.16144
4159,2013-11-27 06:50:00,0.006651706
4159,2013-11-27 06:50:00,0.4280385
4159,2013-11-27 07:00:00,0.006651706
4159,2013-11-27 07:00:00,0.4213868
4159,2013-11-27 07:00:00,278.39764
4159,2013-11-27 07:00:00,0.8427736
4159,2013-11-27 07:10:00,289.8888
4159,2013-11-27 07:20:00,299.72964
4159,2013-11-27 07:20:00,0.4280385
4159,2013-11-27 07:30:00,0.8427736
4159,2013-11-27 07:30:00,383.44763
4159,2013-11-27 07:30:00,0.006651706
4159,2013-11-27 07:40:00,1.2320178
4159,2013-11-27 07:40:00,474.19565
4159,2013-11-27 07:40:00,0.4213868
4159,2013-11-27 07:50:00,418.07867
4159,2013-11-27 07:50:00,0.4213868
4159,2013-11-27 07:50:00,0.4213868
4159,2013-11-27 08:00:00,0.4213868
4159,2013-11-27 08:00:00,1.6174306
4159,2013-11-27 08:00:00,430.34476
4159,2013-11-27 08:00:00,0.4280385
4159,2013-11-27 08:00:00,0.4213868
4159,2013-11-27 08:10:00,0.015739262
4159,2013-11-27 08:10:00,2.888318
4159,2013-11-27 08:10:00,0.4213868
4159,2013-11-27 08:10:00,441.15073
4159,2013-11-27 08:10:00,0.4213868
4159,2013-11-27 08:10:00,0.4213868
4159,2013-11-27 08:20:00,439.95538
4159,2013-11-27 08:30:00,1.2320178
4159,2013-11-27 08:30:00,0.4213868
4159,2013-11-27 08:30:00,538.49884
4159,2013-11-27 08:30:00,0.006651706
4159,2013-11-27 08:30:00,0.006651706
4159,2013-11-27 08:40:00,2.4640355
4159,2013-11-27 08:40:00,641.5935
4159,2013-11-27 08:40:00,0.8106309
4159,2013-11-27 08:40:00,0.01995512
4159,2013-11-27 08:40:00,0.006651706
4159,2013-11-27 08:50:00,1.32416
4159,2013-11-27 08:50:00,0.4213868
4159,2013-11-27 08:50:00,529.714
4159,2013-11-27 08:50:00,0.4213868
4159,2013-11-27 08:50:00,0.006651706
4159,2013-11-27 09:00:00,2.9454217
4159,2013-11-27 09:00:00,547.45825
4159,2013-11-27 09:10:00,0.48138633
4159,2013-11-27 09:10:00,573.7113
4159,2013-11-27 09:10:00,0.006651706
4159,2013-11-27 09:20:00,672.0298
4159,2013-11-27 09:30:00,0.90277314
4159,2013-11-27 09:30:00,630.94476
4159,2013-11-27 09:30:00,1.1360443
4159,2013-11-27 09:40:00,660.0187
4159,2013-11-27 09:40:00,0.006651706
4159,2013-11-27 09:40:00,0.015739262
4159,2013-11-27 09:50:00,1.8055463
4159,2013-11-27 09:50:00,533.7861
4159,2013-11-27 09:50:00,0.90942484
4159,2013-11-27 10:00:00,0.4213868
4159,2013-11-27 10:00:00,570.7468
4159,2013-11-27 10:10:00,1.2386694
4159,2013-11-27 10:10:00,1.2320178
4159,2013-11-27 10:10:00,504.04764
4159,2013-11-27 10:10:00,0.006651706
4159,2013-11-27 10:10:00,0.006651706
4159,2013-11-27 10:20:00,1.2320178
4159,2013-11-27 10:20:00,459.03964
4159,2013-11-27 10:30:00,1.6534045
4159,2013-11-27 10:30:00,0.4213868
4159,2013-11-27 10:30:00,470.99893
4159,2013-11-27 10:40:00,0.015739262
4159,2013-11-27 10:40:00,0.4280385
4159,2013-11-27 10:40:00,492.37408
4159,2013-11-27 10:40:00,0.006651706
4159,2013-11-27 10:50:00,0.006651706
4159,2013-11-27 10:50:00,507.10934
4159,2013-11-27 10:50:00,0.006651706
4159,2013-11-27 11:00:00,636.6438
4159,2013-11-27 11:00:00,0.006651706
4159,2013-11-27 11:10:00,0.015739262
4159,2013-11-27 11:10:00,741.16693
4159,2013-11-27 11:20:00,0.8106309
4159,2013-11-27 11:20:00,680.7834
4159,2013-11-27 11:20:00,0.006651706
4159,2013-11-27 11:20:00,0.29327068
4159,2013-11-27 11:30:00,679.77966
4159,2013-11-27 11:30:00,0.015739262
4159,2013-11-27 11:40:00,0.015739262
4159,2013-11-27 11:40:00,689.2659
4159,2013-11-27 11:50:00,672.2844
4159,2013-11-27 11:50:00,0.48138633
4159,2013-11-27 11:50:00,0.006651706
4159,2013-11-27 11:50:00,0.015739262
4159,2013-11-27 12:00:00,702.40497
4159,2013-11-27 12:00:00,1.2320178
4159,2013-11-27 12:00:00,0.4213868
4159,2013-11-27 12:10:00,0.015739262
4159,2013-11-27 12:10:00,649.5013
4159,2013-11-27 12:10:00,0.4213868
4159,2013-11-27 12:20:00,0.015739262
4159,2013-11-27 12:20:00,0.8106309
4159,2013-11-27 12:20:00,685.74475
4159,2013-11-27 12:20:00,0.006651706
4159,2013-11-27 12:20:00,0.4213868
4159,2013-11-27 12:30:00,647.5152
4159,2013-11-27 12:30:00,0.006651706
4159,2013-11-27 12:40:00,0.90277314
4159,2013-11-27 12:40:00,700.2893
4159,2013-11-27 12:40:00,0.012228523
4159,2013-11-27 12:50:00,1.2320178
4159,2013-11-27 12:50:00,642.3588
4159,2013-11-27 12:50:00,0.006651706
4159,2013-11-27 13:00:00,0.90277314
4159,2013-11-27 13:00:00,692.9295
4159,2013-11-27 13:00:00,0.013303412
4159,2013-11-27 13:00:00,0.4213868
4159,2013-11-27 13:10:00,0.4213868
4159,2013-11-27 13:10:00,0.90277314
4159,2013-11-27 13:10:00,688.8587
4159,2013-11-27 13:10:00,0.013303412
4159,2013-11-27 13:10:00,0.4213868
4159,2013-11-27 13:20:00,0.015739262
4159,2013-11-27 13:20:00,1.2320178
4159,2013-11-27 13:20:00,661.86523
4159,2013-11-27 13:20:00,0.4346902
4159,2013-11-27 13:30:00,0.90277314
4159,2013-11-27 13:30:00,638.72815
4159,2013-11-27 13:30:00,0.4213868
4159,2013-11-27 13:30:00,0.4213868
4159,2013-11-27 13:30:00,0.4213868
4159,2013-11-27 13:40:00,0.4213868
4159,2013-11-27 13:40:00,612.83105
4159,2013-11-27 13:50:00,564.00696
4159,2013-11-27 13:50:00,0.015739262
4159,2013-11-27 13:50:00,0.4213868
4159,2013-11-27 13:50:00,0.015739262
4159,2013-11-27 14:00:00,0.48138633
4159,2013-11-27 14:00:00,708.7713
4159,2013-11-27 14:00:00,0.8427736
4159,2013-11-27 14:00:00,2.0747912
4159,2013-11-27 14:10:00,667.3787
4159,2013-11-27 14:10:00,4.538827
4159,2013-11-27 14:10:00,0.4213868
4159,2013-11-27 14:20:00,0.015739262
4159,2013-11-27 14:20:00,0.90277314
4159,2013-11-27 14:20:00,580.84467
4159,2013-11-27 14:20:00,4.1174397
4159,2013-11-27 14:30:00,0.90277314
4159,2013-11-27 14:30:00,699.2139
4159,2013-11-27 14:30:00,2.4640355
4159,2013-11-27 14:40:00,0.90942484
4159,2013-11-27 14:40:00,697.4815
4159,2013-11-27 14:40:00,0.006651706
4159,2013-11-27 14:40:00,0.7146575
4159,2013-11-27 14:50:00,0.4213868
4159,2013-11-27 14:50:00,640.9476
4159,2013-11-27 14:50:00,0.8427736
4159,2013-11-27 15:00:00,714.2884
4159,2013-11-27 15:00:00,0.4213868
4159,2013-11-27 15:10:00,753.4434
4159,2013-11-27 15:10:00,0.4213868
4159,2013-11-27 15:20:00,1.1039016
4159,2013-11-27 15:20:00,702.7453
4159,2013-11-27 15:20:00,0.0055768173
4159,2013-11-27 15:30:00,0.7146575
4159,2013-11-27 15:30:00,639.4803
4159,2013-11-27 15:30:00,0.4213868
4159,2013-11-27 15:30:00,0.4213868
4159,2013-11-27 15:40:00,0.4213868
4159,2013-11-27 15:40:00,571.74805
4159,2013-11-27 15:40:00,0.4213868
4159,2013-11-27 15:50:00,0.4213868
4159,2013-11-27 15:50:00,0.7146575
4159,2013-11-27 15:50:00,536.32764
4159,2013-11-27 15:50:00,0.012228523
4159,2013-11-27 16:00:00,1.247757
4159,2013-11-27 16:00:00,0.48138633
4159,2013-11-27 16:00:00,545.14905
4159,2013-11-27 16:00:00,0.4213868
4159,2013-11-27 16:10:00,1.2320178
4159,2013-11-27 16:10:00,552.26306
4159,2013-11-27 16:10:00,0.006651706
4159,2013-11-27 16:20:00,553.1017
4159,2013-11-27 16:20:00,0.4213868
4159,2013-11-27 16:30:00,615.3243
4159,2013-11-27 16:30:00,0.006651706
4159,2013-11-27 16:40:00,624.89825
4159,2013-11-27 16:40:00,0.4280385
4159,2013-11-27 16:50:00,610.1684
4159,2013-11-27 16:50:00,0.006651706
4159,2013-11-27 16:50:00,0.006651706
4159,2013-11-27 16:50:00,0.4213868
4159,2013-11-27 17:00:00,555.1318
4159,2013-11-27 17:10:00,0.8427736
4159,2013-11-27 17:10:00,523.2703
4159,2013-11-27 17:20:00,0.8106309
4159,2013-11-27 17:20:00,1.6534045
4159,2013-11-27 17:20:00,515.73193
4159,2013-11-27 17:20:00,0.006651706
4159,2013-11-27 17:20:00,0.4213868
4159,2013-11-27 17:30:00,1.6534045
4159,2013-11-27 17:30:00,460.72623
4159,2013-11-27 17:40:00,497.6948
4159,2013-11-27 17:40:00,0.006651706
4159,2013-11-27 17:50:00,512.4357
4159,2013-11-27 17:50:00,0.4280385
4159,2013-11-27 18:00:00,437.3948
4159,2013-11-27 18:00:00,0.4213868
4159,2013-11-27 18:10:00,499.10693
4159,2013-11-27 18:10:00,0.0055768173
4159,2013-11-27 18:10:00,0.29327068
4159,2013-11-27 18:10:00,0.48138633
4159,2013-11-27 18:20:00,451.23602
4159,2013-11-27 18:20:00,0.006651706
4159,2013-11-27 18:30:00,0.9185124
4159,2013-11-27 18:30:00,453.76456
4159,2013-11-27 18:30:00,0.4280385
4159,2013-11-27 18:30:00,0.59319305
4159,2013-11-27 18:40:00,0.006651706
4159,2013-11-27 18:40:00,488.5701
4159,2013-11-27 18:40:00,0.006651706
4159,2013-11-27 18:50:00,0.015739262
4159,2013-11-27 18:50:00,1.713404
4159,2013-11-27 18:50:00,396.48285
4159,2013-11-27 19:00:00,0.015739262
4159,2013-11-27 19:00:00,377.6172
4159,2013-11-27 19:00:00,0.006651706
4159,2013-11-27 19:00:00,0.29327068
4159,2013-11-27 19:10:00,398.54953
4159,2013-11-27 19:20:00,1.2320178
4159,2013-11-27 19:20:00,354.4518
4159,2013-11-27 19:30:00,368.33234
4159,2013-11-27 19:30:00,0.006651706
4159,2013-11-27 19:40:00,418.49664
4159,2013-11-27 19:40:00,0.006651706
4159,2013-11-27 19:50:00,421.8208
4159,2013-11-27 20:00:00,338.72546
4159,2013-11-27 20:10:00,443.93365
4159,2013-11-27 20:10:00,0.006651706
4159,2013-11-27 20:20:00,366.97595
4159,2013-11-27 20:30:00,383.4045
4159,2013-11-27 20:30:00,0.4213868
4159,2013-11-27 20:30:00,0.29327068
4159,2013-11-27 20:40:00,295.7451
4159,2013-11-27 20:40:00,0.006651706
4159,2013-11-27 20:50:00,361.8949
4159,2013-11-27 20:50:00,0.59319305
4159,2013-11-27 21:00:00,350.25983
4159,2013-11-27 21:10:00,371.66125
4159,2013-11-27 21:20:00,0.4213868
4159,2013-11-27 21:20:00,349.53452
4159,2013-11-27 21:30:00,0.4213868
4159,2013-11-27 21:30:00,360.6753
4159,2013-11-27 21:30:00,0.48138633
4159,2013-11-27 21:30:00,0.006651706
4159,2013-11-27 21:40:00,283.28943
4159,2013-11-27 21:40:00,0.006651706
4159,2013-11-27 21:40:00,0.8427736
4159,2013-11-27 21:50:00,274.69742
4159,2013-11-27 22:00:00,272.04535
4159,2013-11-27 22:00:00,0.48138633
4159,2013-11-27 22:00:00,0.4213868
4159,2013-11-27 22:10:00,241.11992
4159,2013-11-27 22:10:00,0.006651706
4159,2013-11-27 22:20:00,251.63324
4159,2013-11-27 22:20:00,0.006651706
4159,2013-11-27 22:30:00,235.87427
4159,2013-11-27 22:30:00,0.006651706
4159,2013-11-27 22:40:00,236.19574
4159,2013-11-27 22:40:00,0.29327068
4159,2013-11-27 22:50:00,238.08388
4159,2013-11-27 22:50:00,0.006651706
4159,2013-11-27 23:00:00,0.29327068
4159,2013-11-27 23:00:00,235.94447
4159,2013-11-27 23:00:00,0.29327068
4159,2013-11-27 23:10:00,209.5901
4159,2013-11-27 23:20:00,220.01483
4159,2013-11-27 23:20:00,0.006651706
4159,2013-11-27 23:30:00,195.71642
4159,2013-11-27 23:40:00,172.7223
4159,2013-11-27 23:50:00,201.17096
4159,2013-11-27 23:50:00,0.8106309
4159,2013-11-28 00:00:00,179.51915
4159,2013-11-28 00:00:00,0.006651706
4159,2013-11-28 00:10:00,178.87827
4159,2013-11-28 00:20:00,162.72038
4159,2013-11-28 00:30:00,180.22856
4159,2013-11-28 00:30:00,0.006651706
4159,2013-11-28 00:40:00,0.006651706
4159,2013-11-28 00:40:00,161.17027
4159,2013-11-28 00:40:00,0.4213868
4159,2013-11-28 00:50:00,151.91806
4159,2013-11-28 00:50:00,0.48138633
4159,2013-11-28 01:00:00,156.73447
4159,2013-11-28 01:00:00,0.006651706
4159,2013-11-28 01:10:00,149.04448
4159,2013-11-28 01:20:00,144.5909
4159,2013-11-28 01:30:00,135.3319
4159,2013-11-28 01:30:00,0.006651706
4159,2013-11-28 01:30:00,0.006651706
4159,2013-11-28 01:40:00,138.23262
4159,2013-11-28 01:40:00,0.006651706
4159,2013-11-28 01:50:00,139.77173
4159,2013-11-28 02:00:00,135.3562
4159,2013-11-28 02:00:00,0.015739262
4159,2013-11-28 02:10:00,141.19081
4159,2013-11-28 02:10:00,0.48696315
4159,2013-11-28 02:10:00,0.006651706
4159,2013-11-28 02:20:00,134.02924
4159,2013-11-28 02:20:00,0.006651706
4159,2013-11-28 02:30:00,127.53722
4159,2013-11-28 02:40:00,136.12076
4159,2013-11-28 02:40:00,0.006651706
4159,2013-11-28 02:50:00,134.20291
4159,2013-11-28 03:00:00,127.554115
4159,2013-11-28 03:10:00,138.33153
4159,2013-11-28 03:10:00,0.8106309
4159,2013-11-28 03:10:00,0.006651706
4159,2013-11-28 03:20:00,129.03386
4159,2013-11-28 03:30:00,120.06842
4159,2013-11-28 03:40:00,130.40346
4159,2013-11-28 03:40:00,0.006651706
4159,2013-11-28 03:50:00,129.09074
4159,2013-11-28 04:00:00,112.27166
4159,2013-11-28 04:00:00,0.8106309
4159,2013-11-28 04:10:00,128.20662
4159,2013-11-28 04:10:00,0.006651706
4159,2013-11-28 04:20:00,134.79617
4159,2013-11-28 04:30:00,0.015739262
4159,2013-11-28 04:30:00,119.30477
4159,2013-11-28 04:30:00,0.48138633
4159,2013-11-28 04:40:00,130.08554
4159,2013-11-28 04:50:00,135.45377
4159,2013-11-28 04:50:00,0.006651706
4159,2013-11-28 05:00:00,114.21366
4159,2013-11-28 05:10:00,141.87529
4159,2013-11-28 05:20:00,131.05927
4159,2013-11-28 05:20:00,0.006651706
4159,2013-11-28 05:30:00,143.25941
4159,2013-11-28 05:40:00,131.06815
4159,2013-11-28 05:50:00,140.07907
4159,2013-11-28 05:50:00,0.006651706
4159,2013-11-28 05:50:00,0.015739262
4159,2013-11-28 06:00:00,155.8679
4159,2013-11-28 06:00:00,0.4213868
4159,2013-11-28 06:10:00,168.28484
4159,2013-11-28 06:20:00,166.6282
4159,2013-11-28 06:20:00,0.8427736
4159,2013-11-28 06:30:00,0.015739262
4159,2013-11-28 06:30:00,202.18861
4159,2013-11-28 06:30:00,0.4280385
4159,2013-11-28 06:40:00,0.4213868
4159,2013-11-28 06:40:00,200.26306
4159,2013-11-28 06:40:00,0.006651706
4159,2013-11-28 06:50:00,0.006651706
4159,2013-11-28 06:50:00,269.52536
4159,2013-11-28 06:50:00,0.4213868
4159,2013-11-28 07:00:00,0.015739262
4159,2013-11-28 07:00:00,263.8342
4159,2013-11-28 07:00:00,0.012228523
4159,2013-11-28 07:00:00,0.006651706
4159,2013-11-28 07:00:00,0.29327068
4159,2013-11-28 07:10:00,272.01047
4159,2013-11-28 07:20:00,303.65012
4159,2013-11-28 07:20:00,0.4280385
4159,2013-11-28 07:30:00,0.015739262
4159,2013-11-28 07:30:00,0.006651706
4159,2013-11-28 07:30:00,1.32416
4159,2013-11-28 07:30:00,362.93304
4159,2013-11-28 07:30:00,0.006651706
4159,2013-11-28 07:40:00,414.638
4159,2013-11-28 07:40:00,0.4213868
4159,2013-11-28 07:40:00,0.43712607
4159,2013-11-28 07:50:00,0.015739262
4159,2013-11-28 07:50:00,450.7136
4159,2013-11-28 07:50:00,0.006651706
4159,2013-11-28 07:50:00,0.006651706
4159,2013-11-28 07:50:00,0.73039675
4159,2013-11-28 08:00:00,410.1375
4159,2013-11-28 08:00:00,0.8494253
4159,2013-11-28 08:10:00,465.00592
4159,2013-11-28 08:10:00,0.4213868
4159,2013-11-28 08:20:00,449.7203
4159,2013-11-28 08:20:00,0.4280385
4159,2013-11-28 08:20:00,0.4213868
4159,2013-11-28 08:30:00,482.05215
4159,2013-11-28 08:30:00,0.8263702
4159,2013-11-28 08:30:00,0.006651706
4159,2013-11-28 08:40:00,0.7146575
4159,2013-11-28 08:40:00,0.4213868
4159,2013-11-28 08:40:00,444.2193
4159,2013-11-28 08:40:00,0.006651706
4159,2013-11-28 08:40:00,0.44377777
4159,2013-11-28 08:50:00,496.19675
4159,2013-11-28 08:50:00,0.8427736
4159,2013-11-28 09:00:00,503.33725
4159,2013-11-28 09:00:00,0.006651706
4159,2013-11-28 09:00:00,0.4280385
4159,2013-11-28 09:10:00,610.53766
4159,2013-11-28 09:10:00,0.4213868
4159,2013-11-28 09:20:00,654.4969
4159,2013-11-28 09:30:00,659.8978
4159,2013-11-28 09:30:00,0.006651706
4159,2013-11-28 09:30:00,0.4213868
4159,2013-11-28 09:40:00,530.66113
4159,2013-11-28 09:40:00,0.015739262
4159,2013-11-28 09:50:00,0.006651706
4159,2013-11-28 09:50:00,618.1067
4159,2013-11-28 10:00:00,0.015739262
4159,2013-11-28 10:00:00,633.47327
4159,2013-11-28 10:00:00,0.006651706
4159,2013-11-28 10:00:00,0.4213868
4159,2013-11-28 10:10:00,693.3589
4159,2013-11-28 10:10:00,0.006651706
4159,2013-11-28 10:10:00,0.006651706
4159,2013-11-28 10:20:00,0.4213868
4159,2013-11-28 10:20:00,702.0933
4159,2013-11-28 10:20:00,0.4213868
4159,2013-11-28 10:30:00,605.0932
4159,2013-11-28 10:30:00,0.015739262
4159,2013-11-28 10:30:00,0.4213868
4159,2013-11-28 10:40:00,643.82544
4159,2013-11-28 10:40:00,0.8162077
4159,2013-11-28 10:40:00,0.006651706
4159,2013-11-28 10:40:00,0.2999224
4159,2013-11-28 10:50:00,590.6174
4159,2013-11-28 10:50:00,0.48138633
4159,2013-11-28 10:50:00,0.4213868
4159,2013-11-28 10:50:00,0.87981206
4159,2013-11-28 11:00:00,0.011153635
4159,2013-11-28 11:00:00,673.55646
4159,2013-11-28 11:00:00,0.43712607
4159,2013-11-28 11:10:00,748.2253
4159,2013-11-28 11:10:00,0.006651706
4159,2013-11-28 11:10:00,0.015739262
4159,2013-11-28 11:20:00,725.0561
4159,2013-11-28 11:20:00,0.015739262
4159,2013-11-28 11:20:00,0.027967786
4159,2013-11-28 11:30:00,666.50433
4159,2013-11-28 11:30:00,0.43712607
4159,2013-11-28 11:40:00,626.2018
4159,2013-11-28 11:50:00,623.6605
4159,2013-11-28 11:50:00,0.006651706
4159,2013-11-28 11:50:00,0.4213868
4159,2013-11-28 12:00:00,638.32874
4159,2013-11-28 12:00:00,0.8427736
4159,2013-11-28 12:10:00,635.9188
4159,2013-11-28 12:20:00,621.29553
4159,2013-11-28 12:20:00,1.2320178
4159,2013-11-28 12:20:00,0.006651706
4159,2013-11-28 12:30:00,662.7639
4159,2013-11-28 12:30:00,2.9011614
4159,2013-11-28 12:30:00,0.006651706
4159,2013-11-28 12:40:00,703.68604
4159,2013-11-28 12:40:00,0.29327068
4159,2013-11-28 12:50:00,0.4213868
4159,2013-11-28 12:50:00,0.006651706
4159,2013-11-28 12:50:00,681.5193
4159,2013-11-28 12:50:00,0.006651706
4159,2013-11-28 12:50:00,0.4213868
4159,2013-11-28 13:00:00,1.2320178
4159,2013-11-28 13:00:00,642.6962
4159,2013-11-28 13:10:00,653.7931
4159,2013-11-28 13:10:00,0.006651706
4159,2013-11-28 13:10:00,0.29327068
4159,2013-11-28 13:20:00,0.006651706
4159,2013-11-28 13:20:00,0.006651706
4159,2013-11-28 13:20:00,647.26587
4159,2013-11-28 13:20:00,0.2999224
4159,2013-11-28 13:20:00,0.4213868
4159,2013-11-28 13:30:00,0.0055768173
4159,2013-11-28 13:30:00,633.45844
4159,2013-11-28 13:30:00,0.4213868
4159,2013-11-28 13:30:00,0.7146575
4159,2013-11-28 13:40:00,0.006651706
4159,2013-11-28 13:40:00,629.32214
4159,2013-11-28 13:40:00,0.006651706
4159,2013-11-28 13:40:00,0.4213868
4159,2013-11-28 13:50:00,561.84326
4159,2013-11-28 14:00:00,555.6827
4159,2013-11-28 14:00:00,0.4213868
4159,2013-11-28 14:00:00,0.0055768173
4159,2013-11-28 14:10:00,0.4213868
4159,2013-11-28 14:10:00,614.7721
4159,2013-11-28 14:10:00,0.29327068
4159,2013-11-28 14:10:00,0.4213868
4159,2013-11-28 14:20:00,582.4295
4159,2013-11-28 14:20:00,0.58654135
4159,2013-11-28 14:30:00,565.6591
4159,2013-11-28 14:40:00,0.015739262
4159,2013-11-28 14:40:00,562.89435
4159,2013-11-28 14:50:00,599.0931
4159,2013-11-28 14:50:00,0.015739262
4159,2013-11-28 14:50:00,0.29327068
4159,2013-11-28 15:00:00,656.5419
4159,2013-11-28 15:00:00,0.006651706
4159,2013-11-28 15:10:00,626.88043
4159,2013-11-28 15:10:00,0.4213868
4159,2013-11-28 15:10:00,0.48138633
4159,2013-11-28 15:20:00,615.7582
4159,2013-11-28 15:30:00,648.02374
4159,2013-11-28 15:30:00,0.4213868
4159,2013-11-28 15:30:00,0.48138633
4159,2013-11-28 15:40:00,0.006651706
4159,2013-11-28 15:40:00,558.7387
4159,2013-11-28 15:40:00,0.90277314
4159,2013-11-28 15:40:00,0.8494253
4159,2013-11-28 15:50:00,544.7171
4159,2013-11-28 15:50:00,0.006651706
4159,2013-11-28 15:50:00,0.90277314
4159,2013-11-28 16:00:00,533.91113
4159,2013-11-28 16:00:00,0.006651706
4159,2013-11-28 16:00:00,0.4213868
4159,2013-11-28 16:10:00,0.015739262
4159,2013-11-28 16:10:00,557.352
4159,2013-11-28 16:10:00,0.006651706
4159,2013-11-28 16:10:00,1.32416
4159,2013-11-28 16:10:00,0.4280385
4159,2013-11-28 16:10:00,0.4213868
4159,2013-11-28 16:20:00,536.0045
4159,2013-11-28 16:20:00,0.011153635
4159,2013-11-28 16:30:00,0.4213868
4159,2013-11-28 16:30:00,536.83826
4159,2013-11-28 16:40:00,564.1449
4159,2013-11-28 16:40:00,0.4213868
4159,2013-11-28 16:40:00,0.7146575
4159,2013-11-28 16:50:00,0.29327068
4159,2013-11-28 16:50:00,595.3865
4159,2013-11-28 16:50:00,1.7455467
4159,2013-11-28 16:50:00,0.4213868
4159,2013-11-28 17:00:00,0.4213868
4159,2013-11-28 17:00:00,647.7656
4159,2013-11-28 17:00:00,0.8494253
4159,2013-11-28 17:10:00,517.35614
4159,2013-11-28 17:10:00,0.0055768173
4159,2013-11-28 17:10:00,0.006651706
4159,2013-11-28 17:10:00,0.4213868
4159,2013-11-28 17:20:00,0.4213868
4159,2013-11-28 17:20:00,584.1522
4159,2013-11-28 17:20:00,1.8655457
4159,2013-11-28 17:20:00,0.4213868
4159,2013-11-28 17:30:00,0.4213868
4159,2013-11-28 17:30:00,542.0971
4159,2013-11-28 17:30:00,0.006651706
4159,2013-11-28 17:30:00,1.0079281
4159,2013-11-28 17:40:00,0.4213868
4159,2013-11-28 17:40:00,506.93878
4159,2013-11-28 17:40:00,0.8899914
4159,2013-11-28 17:50:00,0.90277314
4159,2013-11-28 17:50:00,419.55994
4159,2013-11-28 17:50:00,0.015739262
4159,2013-11-28 17:50:00,0.006651706
4159,2013-11-28 18:00:00,435.78986
4159,2013-11-28 18:00:00,0.015739262
4159,2013-11-28 18:10:00,0.4213868
4159,2013-11-28 18:10:00,476.34186
4159,2013-11-28 18:10:00,0.4213868
4159,2013-11-28 18:10:00,0.8427736
4159,2013-11-28 18:20:00,0.4213868
4159,2013-11-28 18:20:00,454.3184
4159,2013-11-28 18:20:00,0.006651706
4159,2013-11-28 18:20:00,0.8427736
4159,2013-11-28 18:30:00,0.006651706
4159,2013-11-28 18:30:00,433.52808
4159,2013-11-28 18:30:00,0.7213092
4159,2013-11-28 18:40:00,0.4213868
4159,2013-11-28 18:40:00,431.58862
4159,2013-11-28 18:40:00,0.006651706
4159,2013-11-28 18:40:00,1.1360443
4159,2013-11-28 18:50:00,373.34207
4159,2013-11-28 18:50:00,0.87425214
4159,2013-11-28 19:00:00,379.10312
4159,2013-11-28 19:10:00,0.031478524
4159,2013-11-28 19:10:00,373.75046
4159,2013-11-28 19:10:00,0.59319305
4159,2013-11-28 19:20:00,0.015739262
4159,2013-11-28 19:20:00,320.4706
4159,2013-11-28 19:20:00,0.29327068
4159,2013-11-28 19:30:00,322.97427
4159,2013-11-28 19:30:00,1.32416
4159,2013-11-28 19:40:00,297.69305
4159,2013-11-28 19:40:00,0.015739262
4159,2013-11-28 19:50:00,0.015739262
4159,2013-11-28 19:50:00,328.05267
4159,2013-11-28 19:50:00,0.4213868
4159,2013-11-28 20:00:00,0.4213868
4159,2013-11-28 20:00:00,313.33124
4159,2013-11-28 20:00:00,0.015739262
4159,2013-11-28 20:00:00,0.8427736
4159,2013-11-28 20:10:00,0.015739262
4159,2013-11-28 20:10:00,294.8456
4159,2013-11-28 20:10:00,0.4213868
4159,2013-11-28 20:10:00,0.4213868
4159,2013-11-28 20:20:00,294.95633
4159,2013-11-28 20:20:00,0.48138633
4159,2013-11-28 20:20:00,0.015739262
4159,2013-11-28 20:20:00,0.4213868
4159,2013-11-28 20:30:00,299.24393
4159,2013-11-28 20:30:00,0.29327068
4159,2013-11-28 20:30:00,0.58654135
4159,2013-11-28 20:40:00,303.41275
4159,2013-11-28 20:40:00,0.015739262
4159,2013-11-28 20:40:00,0.8427736
4159,2013-11-28 20:50:00,321.199
4159,2013-11-28 21:00:00,279.04425
4159,2013-11-28 21:10:00,228.1125
4159,2013-11-28 21:20:00,247.65125
4159,2013-11-28 21:30:00,254.43648
4159,2013-11-28 21:30:00,0.4213868
4159,2013-11-28 21:40:00,0.4280385
4159,2013-11-28 21:40:00,221.558
4159,2013-11-28 21:40:00,0.8106309
4159,2013-11-28 21:50:00,359.0535
4159,2013-11-28 22:00:00,264.18878
4159,2013-11-28 22:00:00,0.8427736
4159,2013-11-28 22:10:00,322.85226
4159,2013-11-28 22:10:00,0.8427736
4159,2013-11-28 22:10:00,0.4213868
4159,2013-11-28 22:20:00,249.62183
4159,2013-11-28 22:20:00,0.4280385
4159,2013-11-28 22:20:00,0.29327068
4159,2013-11-28 22:30:00,218.18387
4159,2013-11-28 22:30:00,0.4280385
4159,2013-11-28 22:40:00,212.86646
4159,2013-11-28 22:40:00,0.006651706
4159,2013-11-28 22:50:00,221.40962
4159,2013-11-28 22:50:00,0.4213868
4159,2013-11-28 23:00:00,0.8427736
4159,2013-11-28 23:00:00,217.3688
4159,2013-11-28 23:10:00,206.96873
4159,2013-11-28 23:10:00,0.48138633
4159,2013-11-28 23:10:00,0.29327068
4159,2013-11-28 23:20:00,204.2346
4159,2013-11-28 23:20:00,0.29327068
4159,2013-11-28 23:30:00,275.47452
4159,2013-11-28 23:30:00,0.4213868
4159,2013-11-28 23:30:00,0.4280385
4159,2013-11-28 23:40:00,292.53976
4159,2013-11-28 23:40:00,0.48138633
4159,2013-11-28 23:40:00,0.006651706
4159,2013-11-28 23:50:00,290.366
4159,2013-11-29 00:00:00,155.30252
4159,2013-11-29 00:00:00,0.015739262
4159,2013-11-29 00:00:00,0.4213868
4159,2013-11-29 00:10:00,166.16399
4159,2013-11-29 00:10:00,0.0055768173
4159,2013-11-29 00:20:00,150.05914
4159,2013-11-29 00:20:00,0.4213868
4159,2013-11-29 00:30:00,151.31516
4159,2013-11-29 00:30:00,0.4213868
4159,2013-11-29 00:40:00,154.2765
4159,2013-11-29 00:50:00,147.51892
4159,2013-11-29 01:00:00,149.84619
4159,2013-11-29 01:00:00,0.48138633
4159,2013-11-29 01:10:00,149.55743
4159,2013-11-29 01:10:00,0.4213868
4159,2013-11-29 01:10:00,0.4213868
4159,2013-11-29 01:20:00,166.66284
4159,2013-11-29 01:30:00,166.32433
4159,2013-11-29 01:40:00,145.10017
4159,2013-11-29 01:40:00,0.4213868
4159,2013-11-29 01:50:00,187.87271
4159,2013-11-29 02:00:00,179.7445
4159,2013-11-29 02:10:00,142.22276
4159,2013-11-29 02:10:00,0.4213868
4159,2013-11-29 02:20:00,145.53244
4159,2013-11-29 02:20:00,0.48138633
4159,2013-11-29 02:30:00,144.50003
4159,2013-11-29 02:40:00,140.87424
4159,2013-11-29 02:40:00,0.8427736
4159,2013-11-29 02:50:00,145.01764
4159,2013-11-29 02:50:00,0.4213868
4159,2013-11-29 03:00:00,146.42221
4159,2013-11-29 03:10:00,138.49773
4159,2013-11-29 03:20:00,133.17653
4159,2013-11-29 03:20:00,0.4213868
4159,2013-11-29 03:30:00,144.11865
4159,2013-11-29 03:30:00,0.4213868
4159,2013-11-29 03:40:00,0.4213868
4159,2013-11-29 03:40:00,139.68918
4159,2013-11-29 03:40:00,0.48138633
4159,2013-11-29 03:50:00,135.8202
4159,2013-11-29 03:50:00,0.4213868
4159,2013-11-29 04:00:00,140.57173
4159,2013-11-29 04:10:00,134.93262
4159,2013-11-29 04:10:00,0.4213868
4159,2013-11-29 04:20:00,130.20679
4159,2013-11-29 04:20:00,0.4213868
4159,2013-11-29 04:30:00,144.1391
4159,2013-11-29 04:40:00,0.4213868
4159,2013-11-29 04:40:00,126.48157
4159,2013-11-29 04:50:00,145.01337
4159,2013-11-29 05:00:00,157.84634
4159,2013-11-29 05:00:00,0.0055768173
4159,2013-11-29 05:00:00,0.4213868
4159,2013-11-29 05:00:00,0.006651706
4159,2013-11-29 05:10:00,153.58217
4159,2013-11-29 05:20:00,165.61784
4159,2013-11-29 05:30:00,174.8858
4159,2013-11-29 05:30:00,0.4213868
4159,2013-11-29 05:40:00,156.726
4159,2013-11-29 05:50:00,172.39679
4159,2013-11-29 06:00:00,187.67691
4159,2013-11-29 06:00:00,0.4213868
4159,2013-11-29 06:00:00,0.4213868
4159,2013-11-29 06:10:00,176.83711
4159,2013-11-29 06:20:00,190.46552
4159,2013-11-29 06:30:00,0.3065741
4159,2013-11-29 06:30:00,281.1663
4159,2013-11-29 06:30:00,0.4213868
4159,2013-11-29 06:40:00,285.18207
4159,2013-11-29 06:40:00,0.4213868
4159,2013-11-29 06:50:00,338.3198
4159,2013-11-29 07:00:00,399.3954
4159,2013-11-29 07:00:00,0.8427736
4159,2013-11-29 07:10:00,0.29327068
4159,2013-11-29 07:10:00,0.015739262
4159,2013-11-29 07:10:00,297.5556
4159,2013-11-29 07:10:00,0.8427736
4159,2013-11-29 07:20:00,318.0878
4159,2013-11-29 07:20:00,0.4213868
4159,2013-11-29 07:20:00,0.8585129
4159,2013-11-29 07:30:00,0.015739262
4159,2013-11-29 07:30:00,0.29327068
4159,2013-11-29 07:30:00,337.3239
4159,2013-11-29 07:30:00,0.006651706
4159,2013-11-29 07:30:00,0.90277314
4159,2013-11-29 07:40:00,0.4213868
4159,2013-11-29 07:40:00,396.10327
4159,2013-11-29 07:40:00,0.4213868
4159,2013-11-29 07:50:00,0.4213868
4159,2013-11-29 07:50:00,403.24548
4159,2013-11-29 07:50:00,0.4213868
4159,2013-11-29 07:50:00,0.8427736
4159,2013-11-29 08:00:00,0.8106309
4159,2013-11-29 08:00:00,428.66812
4159,2013-11-29 08:00:00,0.29327068
4159,2013-11-29 08:00:00,0.4213868
4159,2013-11-29 08:10:00,0.015739262
4159,2013-11-29 08:10:00,457.12338
4159,2013-11-29 08:10:00,0.8427736
4159,2013-11-29 08:10:00,0.006651706
4159,2013-11-29 08:20:00,0.015739262
4159,2013-11-29 08:20:00,0.006651706
4159,2013-11-29 08:20:00,420.6508
4159,2013-11-29 08:20:00,0.0055768173
4159,2013-11-29 08:20:00,0.29327068
4159,2013-11-29 08:20:00,0.4213868
4159,2013-11-29 08:20:00,0.4213868
4159,2013-11-29 08:30:00,0.031478524
4159,2013-11-29 08:30:00,454.45422
4159,2013-11-29 08:40:00,0.43712607
4159,2013-11-29 08:40:00,438.00888
4159,2013-11-29 08:40:00,0.4213868
4159,2013-11-29 08:40:00,0.4213868
4159,2013-11-29 08:50:00,0.006651706
4159,2013-11-29 08:50:00,447.4857
4159,2013-11-29 08:50:00,0.4346902
4159,2013-11-29 08:50:00,0.4213868
4159,2013-11-29 09:00:00,0.015739262
4159,2013-11-29 09:00:00,491.43875
4159,2013-11-29 09:00:00,0.8427736
4159,2013-11-29 09:00:00,0.8427736
4159,2013-11-29 09:10:00,0.29327068
4159,2013-11-29 09:10:00,504.64783
4159,2013-11-29 09:10:00,0.8106309
4159,2013-11-29 09:10:00,0.29327068
4159,2013-11-29 09:20:00,616.478
4159,2013-11-29 09:20:00,0.8427736
4159,2013-11-29 09:20:00,0.8427736
4159,2013-11-29 09:30:00,0.015739262
4159,2013-11-29 09:30:00,577.4046
4159,2013-11-29 09:30:00,0.006651706
4159,2013-11-29 09:30:00,0.0055768173
4159,2013-11-29 09:30:00,0.4213868
4159,2013-11-29 09:40:00,0.015739262
4159,2013-11-29 09:40:00,0.006651706
4159,2013-11-29 09:40:00,530.7314
4159,2013-11-29 09:50:00,0.4213868
4159,2013-11-29 09:50:00,562.9479
4159,2013-11-29 09:50:00,0.4213868
4159,2013-11-29 09:50:00,0.29327068
4159,2013-11-29 10:00:00,0.031478524
4159,2013-11-29 10:00:00,495.44003
4159,2013-11-29 10:10:00,478.93036
4159,2013-11-29 10:10:00,0.4213868
4159,2013-11-29 10:20:00,508.742
4159,2013-11-29 10:20:00,0.43712607
4159,2013-11-29 10:20:00,0.006651706
4159,2013-11-29 10:30:00,0.006651706
4159,2013-11-29 10:30:00,535.8211
4159,2013-11-29 10:30:00,0.4280385
4159,2013-11-29 10:40:00,0.015739262
4159,2013-11-29 10:40:00,572.1433
4159,2013-11-29 10:40:00,0.4213868
4159,2013-11-29 10:50:00,0.48138633
4159,2013-11-29 10:50:00,515.81775
4159,2013-11-29 10:50:00,0.4213868
4159,2013-11-29 10:50:00,0.4213868
4159,2013-11-29 11:00:00,603.0555
4159,2013-11-29 11:00:00,0.01995512
4159,2013-11-29 11:00:00,4.32575
4159,2013-11-29 11:10:00,589.0929
4159,2013-11-29 11:10:00,0.006651706
4159,2013-11-29 11:10:00,0.4213868
4159,2013-11-29 11:10:00,0.8427736
4159,2013-11-29 11:20:00,540.05927
4159,2013-11-29 11:20:00,0.006651706
4159,2013-11-29 11:30:00,0.015739262
4159,2013-11-29 11:30:00,0.4213868
4159,2013-11-29 11:30:00,651.181
4159,2013-11-29 11:30:00,0.29327068
4159,2013-11-29 11:30:00,0.08365226
4159,2013-11-29 11:30:00,0.4213868
4159,2013-11-29 11:30:00,0.29327068
4159,2013-11-29 11:40:00,610.4342
4159,2013-11-29 11:40:00,0.17288134
4159,2013-11-29 11:40:00,0.006651706
4159,2013-11-29 11:50:00,550.6397
4159,2013-11-29 11:50:00,0.4213868
4159,2013-11-29 12:00:00,692.37744
4159,2013-11-29 12:00:00,0.29327068
4159,2013-11-29 12:00:00,1.6855472
4159,2013-11-29 12:10:00,630.9333
4159,2013-11-29 12:20:00,0.29327068
4159,2013-11-29 12:20:00,607.29047
4159,2013-11-29 12:20:00,0.016730452
4159,2013-11-29 12:20:00,0.2999224
4159,2013-11-29 12:20:00,0.015739262
4159,2013-11-29 12:30:00,821.99536
4159,2013-11-29 12:30:00,0.4213868
4159,2013-11-29 12:30:00,0.4213868
4159,2013-11-29 12:30:00,0.4213868
4159,2013-11-29 12:40:00,632.66345
4159,2013-11-29 12:50:00,0.43712607
4159,2013-11-29 12:50:00,564.17993
4159,2013-11-29 12:50:00,0.8494253
4159,2013-11-29 13:00:00,0.015739262
4159,2013-11-29 13:00:00,631.31976
4159,2013-11-29 13:00:00,0.4213868
4159,2013-11-29 13:10:00,590.8616
4159,2013-11-29 13:10:00,0.8427736
4159,2013-11-29 13:20:00,521.2445
4159,2013-11-29 13:20:00,0.90277314
4159,2013-11-29 13:20:00,0.7213092
4159,2013-11-29 13:30:00,0.4280385
4159,2013-11-29 13:30:00,632.11053
4159,2013-11-29 13:30:00,0.48138633
4159,2013-11-29 13:30:00,0.2999224
4159,2013-11-29 13:40:00,627.5442
4159,2013-11-29 13:40:00,0.8106309
4159,2013-11-29 13:50:00,619.68604
4159,2013-11-29 13:50:00,0.8427736
4159,2013-11-29 14:00:00,600.453
4159,2013-11-29 14:00:00,0.0055768173
4159,2013-11-29 14:00:00,0.90277314
4159,2013-11-29 14:10:00,638.96344
4159,2013-11-29 14:10:00,0.4213868
4159,2013-11-29 14:10:00,1.117205
4159,2013-11-29 14:20:00,632.20734
4159,2013-11-29 14:20:00,0.4213868
4159,2013-11-29 14:30:00,567.72266
4159,2013-11-29 14:30:00,0.4213868
4159,2013-11-29 14:40:00,0.006651706
4159,2013-11-29 14:40:00,552.1013
4159,2013-11-29 14:40:00,0.0055768173
4159,2013-11-29 14:40:00,0.006651706
4159,2013-11-29 14:50:00,512.6042
4159,2013-11-29 15:00:00,0.013303412
4159,2013-11-29 15:00:00,638.2058
4159,2013-11-29 15:00:00,0.90277314
4159,2013-11-29 15:10:00,537.45264
4159,2013-11-29 15:10:00,0.29327068
4159,2013-11-29 15:20:00,589.606
4159,2013-11-29 15:20:00,0.0055768173
4159,2013-11-29 15:20:00,0.015739262
4159,2013-11-29 15:30:00,0.4213868
4159,2013-11-29 15:30:00,553.9781
4159,2013-11-29 15:30:00,0.4213868
4159,2013-11-29 15:40:00,0.73039675
4159,2013-11-29 15:40:00,495.89188
4159,2013-11-29 15:40:00,0.8427736
4159,2013-11-29 15:40:00,0.48138633
4159,2013-11-29 15:50:00,0.48138633
4159,2013-11-29 15:50:00,467.8693
4159,2013-11-29 16:00:00,528.8132
4159,2013-11-29 16:00:00,0.29327068
4159,2013-11-29 16:00:00,0.015739262
4159,2013-11-29 16:10:00,472.41217
4159,2013-11-29 16:10:00,0.0055768173
4159,2013-11-29 16:10:00,0.4213868
4159,2013-11-29 16:10:00,0.0055768173
4159,2013-11-29 16:20:00,0.4213868
4159,2013-11-29 16:20:00,464.80594
4159,2013-11-29 16:20:00,0.8427736
4159,2013-11-29 16:20:00,0.4213868
4159,2013-11-29 16:30:00,521.14264
4159,2013-11-29 16:30:00,0.4213868
4159,2013-11-29 16:30:00,0.4213868
4159,2013-11-29 16:30:00,1.0236675
4159,2013-11-29 16:40:00,0.013303412
4159,2013-11-29 16:40:00,469.03806
4159,2013-11-29 16:40:00,4.5138655
4159,2013-11-29 16:40:00,0.4280385
4159,2013-11-29 16:40:00,1.32416
4159,2013-11-29 16:50:00,0.006651706
4159,2013-11-29 16:50:00,492.672
4159,2013-11-29 16:50:00,1.32416
4159,2013-11-29 16:50:00,0.7146575
4159,2013-11-29 17:00:00,603.6289
4159,2013-11-29 17:00:00,0.90277314
4159,2013-11-29 17:10:00,0.4213868
4159,2013-11-29 17:10:00,492.39316
4159,2013-11-29 17:10:00,0.8106309
4159,2013-11-29 17:10:00,0.4280385
4159,2013-11-29 17:10:00,0.0055768173
4159,2013-11-29 17:20:00,426.87152
4159,2013-11-29 17:20:00,1.444159
4159,2013-11-29 17:20:00,0.4213868
4159,2013-11-29 17:30:00,412.2641
4159,2013-11-29 17:30:00,2.226933
4159,2013-11-29 17:30:00,3.3697042
4159,2013-11-29 17:40:00,442.23495
4159,2013-11-29 17:40:00,1.32416
4159,2013-11-29 17:40:00,0.4213868
4159,2013-11-29 17:40:00,0.0055768173
4159,2013-11-29 17:50:00,367.1244
4159,2013-11-29 17:50:00,1.32416
4159,2013-11-29 17:50:00,0.015739262
4159,2013-11-29 18:00:00,0.4213868
4159,2013-11-29 18:00:00,432.88113
4159,2013-11-29 18:00:00,1.2641604
4159,2013-11-29 18:10:00,384.69888
4159,2013-11-29 18:10:00,1.2641604
4159,2013-11-29 18:10:00,1.6855472
4159,2013-11-29 18:10:00,0.006651706
4159,2013-11-29 18:20:00,323.54648
4159,2013-11-29 18:20:00,0.8427736
4159,2013-11-29 18:20:00,0.29327068
4159,2013-11-29 18:20:00,0.012228523
4159,2013-11-29 18:30:00,0.015739262
4159,2013-11-29 18:30:00,405.01077
4159,2013-11-29 18:30:00,0.8427736
4159,2013-11-29 18:30:00,0.29327068
4159,2013-11-29 18:30:00,0.006651706
4159,2013-11-29 18:40:00,0.4213868
4159,2013-11-29 18:40:00,365.26123
4159,2013-11-29 18:40:00,0.48138633
4159,2013-11-29 18:40:00,0.7879604
4159,2013-11-29 18:40:00,0.006651706
4159,2013-11-29 18:50:00,338.3458
4159,2013-11-29 18:50:00,0.006651706
4159,2013-11-29 18:50:00,1.6921989
4159,2013-11-29 19:00:00,338.41742
4159,2013-11-29 19:00:00,0.4213868
4159,2013-11-29 19:00:00,1.2641604
4159,2013-11-29 19:10:00,308.09662
4159,2013-11-29 19:10:00,0.48138633
4159,2013-11-29 19:10:00,0.0055768173
4159,2013-11-29 19:20:00,314.04666
4159,2013-11-29 19:20:00,1.8655457
4159,2013-11-29 19:20:00,0.006651706
4159,2013-11-29 19:20:00,0.8106309
4159,2013-11-29 19:30:00,0.4213868
4159,2013-11-29 19:30:00,276.4572
4159,2013-11-29 19:30:00,0.48138633
4159,2013-11-29 19:40:00,725.92535
4159,2013-11-29 19:40:00,0.48138633
4159,2013-11-29 19:50:00,823.2799
4159,2013-11-29 19:50:00,0.4213868
4159,2013-11-29 20:00:00,811.0303
4159,2013-11-29 20:10:00,259.3412
4159,2013-11-29 20:10:00,0.90277314
4159,2013-11-29 20:10:00,1.0679277
4159,2013-11-29 20:20:00,283.26358
4159,2013-11-29 20:20:00,0.4213868
4159,2013-11-29 20:30:00,310.9723
4159,2013-11-29 20:30:00,0.48138633
4159,2013-11-29 20:40:00,261.44293
4159,2013-11-29 20:40:00,0.006651706
4159,2013-11-29 20:40:00,0.4213868
4159,2013-11-29 20:50:00,251.06981
4159,2013-11-29 20:50:00,0.0055768173
4159,2013-11-29 20:50:00,0.006651706
4159,2013-11-29 21:00:00,0.8427736
4159,2013-11-29 21:00:00,0.4213868
4159,2013-11-29 21:00:00,231.4669
4159,2013-11-29 21:00:00,0.48138633
4159,2013-11-29 21:10:00,0.4213868
4159,2013-11-29 21:10:00,246.05525
4159,2013-11-29 21:10:00,0.96277267
4159,2013-11-29 21:10:00,0.006651706
4159,2013-11-29 21:10:00,0.0055768173
4159,2013-11-29 21:20:00,253.06561
4159,2013-11-29 21:30:00,222.7711
4159,2013-11-29 21:30:00,0.48138633
4159,2013-11-29 21:30:00,0.4213868
4159,2013-11-29 21:40:00,235.51306
4159,2013-11-29 21:50:00,0.0055768173
4159,2013-11-29 21:50:00,217.38521
4159,2013-11-29 21:50:00,0.4213868
4159,2013-11-29 22:00:00,238.89687
4159,2013-11-29 22:00:00,0.015739262
4159,2013-11-29 22:00:00,0.29327068
4159,2013-11-29 22:10:00,254.01353
4159,2013-11-29 22:10:00,0.8106309
4159,2013-11-29 22:10:00,0.006651706
4159,2013-11-29 22:20:00,227.80638
4159,2013-11-29 22:20:00,0.90277314
4159,2013-11-29 22:30:00,230.51706
4159,2013-11-29 22:30:00,2.106934
4159,2013-11-29 22:30:00,0.29327068
4159,2013-11-29 22:40:00,250.67308
4159,2013-11-29 22:40:00,1.6855472
4159,2013-11-29 22:50:00,222.2537
4159,2013-11-29 23:00:00,0.006651706
4159,2013-11-29 23:00:00,239.60622
4159,2013-11-29 23:00:00,0.4280385
4159,2013-11-29 23:10:00,204.69197
4159,2013-11-29 23:10:00,0.4213868
4159,2013-11-29 23:20:00,217.39293
4159,2013-11-29 23:30:00,295.3455
4159,2013-11-29 23:40:00,232.79077
4159,2013-11-29 23:40:00,0.2999224
4159,2013-11-29 23:50:00,0.006651706
4159,2013-11-29 23:50:00,196.92647
4159,2013-11-30 00:00:00,0.0055768173
4159,2013-11-30 00:00:00,197.03757
4159,2013-11-30 00:10:00,236.91957
4159,2013-11-30 00:10:00,0.4213868
4159,2013-11-30 00:10:00,0.0055768173
4159,2013-11-30 00:20:00,221.25659
4159,2013-11-30 00:30:00,242.18097
4159,2013-11-30 00:30:00,0.48803803
4159,2013-11-30 00:40:00,286.2666
4159,2013-11-30 00:40:00,0.015739262
4159,2013-11-30 00:40:00,0.8106309
4159,2013-11-30 00:40:00,0.29327068
4159,2013-11-30 00:50:00,0.7146575
4159,2013-11-30 00:50:00,250.8357
4159,2013-11-30 00:50:00,0.4213868
4159,2013-11-30 01:00:00,179.03911
4159,2013-11-30 01:00:00,0.4213868
4159,2013-11-30 01:00:00,1.0079281
4159,2013-11-30 01:10:00,161.49782
4159,2013-11-30 01:10:00,0.006651706
4159,2013-11-30 01:20:00,147.92458
4159,2013-11-30 01:30:00,160.95888
4159,2013-11-30 01:40:00,189.41064
4159,2013-11-30 01:50:00,145.70424
4159,2013-11-30 01:50:00,0.006651706
4159,2013-11-30 02:00:00,160.01103
4159,2013-11-30 02:10:00,0.4213868
4159,2013-11-30 02:10:00,151.66743
4159,2013-11-30 02:20:00,160.22266
4159,2013-11-30 02:30:00,157.11597
4159,2013-11-30 02:40:00,141.17741
4159,2013-11-30 02:50:00,143.63551
4159,2013-11-30 02:50:00,0.58654135
4159,2013-11-30 03:00:00,164.52855
4159,2013-11-30 03:00:00,0.29327068
4159,2013-11-30 03:00:00,0.006651706
4159,2013-11-30 03:10:00,154.82323
4159,2013-11-30 03:20:00,147.76369
4159,2013-11-30 03:30:00,155.13428
4159,2013-11-30 03:40:00,133.61696
4159,2013-11-30 03:40:00,0.29327068
4159,2013-11-30 03:50:00,134.61438
4159,2013-11-30 03:50:00,0.4213868
4159,2013-11-30 04:00:00,150.05446
4159,2013-11-30 04:10:00,129.16888
4159,2013-11-30 04:20:00,0.48138633
4159,2013-11-30 04:20:00,131.8789
4159,2013-11-30 04:30:00,139.8693
4159,2013-11-30 04:30:00,0.4213868
4159,2013-11-30 04:40:00,129.61938
4159,2013-11-30 04:40:00,0.4213868
4159,2013-11-30 04:50:00,0.4213868
4159,2013-11-30 04:50:00,120.79981
4159,2013-11-30 05:00:00,129.0053
4159,2013-11-30 05:10:00,130.19481
4159,2013-11-30 05:20:00,119.56749
4159,2013-11-30 05:20:00,0.006651706
4159,2013-11-30 05:30:00,127.402695
4159,2013-11-30 05:30:00,0.006651706
4159,2013-11-30 05:40:00,136.97238
4159,2013-11-30 05:50:00,139.85364
4159,2013-11-30 06:00:00,176.15329
4159,2013-11-30 06:00:00,0.006651706
4159,2013-11-30 06:10:00,145.03032
4159,2013-11-30 06:10:00,0.006651706
4159,2013-11-30 06:10:00,0.4213868
4159,2013-11-30 06:20:00,131.50473
4159,2013-11-30 06:20:00,0.4213868
4159,2013-11-30 06:20:00,0.29327068
4159,2013-11-30 06:30:00,156.23892
4159,2013-11-30 06:30:00,0.29327068
4159,2013-11-30 06:40:00,156.54
4159,2013-11-30 06:50:00,143.07008
4159,2013-11-30 07:00:00,167.60558
4159,2013-11-30 07:10:00,154.89864
4159,2013-11-30 07:10:00,0.4213868
4159,2013-11-30 07:20:00,149.98361
4159,2013-11-30 07:30:00,187.1861
4159,2013-11-30 07:40:00,181.07498
4159,2013-11-30 07:40:00,0.48138633
4159,2013-11-30 07:50:00,0.015739262
4159,2013-11-30 07:50:00,213.93771
4159,2013-11-30 07:50:00,6.6486564
4159,2013-11-30 07:50:00,0.8494253
4159,2013-11-30 08:00:00,1.32416
4159,2013-11-30 08:00:00,214.78423
4159,2013-11-30 08:00:00,2.768319
4159,2013-11-30 08:00:00,0.4213868
4159,2013-11-30 08:10:00,2.1947904
4159,2013-11-30 08:10:00,218.32135
4159,2013-11-30 08:10:00,3.6110926
4159,2013-11-30 08:10:00,0.006651706
4159,2013-11-30 08:10:00,0.4213868
4159,2013-11-30 08:20:00,2.134791
4159,2013-11-30 08:20:00,209.07861
4159,2013-11-30 08:20:00,0.90834993
4159,2013-11-30 08:20:00,1.6174306
4159,2013-11-30 08:20:00,0.8427736
4159,2013-11-30 08:30:00,0.90942484
4159,2013-11-30 08:30:00,231.8486
4159,2013-11-30 08:30:00,1.3841594
4159,2013-11-30 08:30:00,0.90277314
4159,2013-11-30 08:30:00,0.8427736
4159,2013-11-30 08:40:00,0.4213868
4159,2013-11-30 08:40:00,259.8684
4159,2013-11-30 08:40:00,0.48138633
4159,2013-11-30 08:40:00,0.4213868
4159,2013-11-30 08:40:00,0.4213868
4159,2013-11-30 08:50:00,0.90942484
4159,2013-11-30 08:50:00,274.41324
4159,2013-11-30 08:50:00,3.0697067
4159,2013-11-30 08:50:00,0.006651706
4159,2013-11-30 09:00:00,1.32416
4159,2013-11-30 09:00:00,260.9803
4159,2013-11-30 09:00:00,1.8055463
4159,2013-11-30 09:00:00,1.8055463
4159,2013-11-30 09:00:00,0.29327068
4159,2013-11-30 09:10:00,1.3841594
4159,2013-11-30 09:10:00,271.2495
4159,2013-11-30 09:10:00,1.8655457
4159,2013-11-30 09:10:00,0.015739262
4159,2013-11-30 09:10:00,1.32416
4159,2013-11-30 09:10:00,1.1360443
4159,2013-11-30 09:10:00,0.48138633
4159,2013-11-30 09:20:00,0.8427736
4159,2013-11-30 09:20:00,248.75444
4159,2013-11-30 09:20:00,3.1897056
4159,2013-11-30 09:20:00,0.48138633
4159,2013-11-30 09:20:00,0.4280385
4159,2013-11-30 09:20:00,1.2641604
4159,2013-11-30 09:20:00,2.4069316
4159,2013-11-30 09:30:00,0.4213868
4159,2013-11-30 09:30:00,1.32416
4159,2013-11-30 09:30:00,0.90277314
4159,2013-11-30 09:30:00,302.7277
4159,2013-11-30 09:30:00,0.48138633
4159,2013-11-30 09:30:00,1.7521985
4159,2013-11-30 09:30:00,0.48138633
4159,2013-11-30 09:40:00,1.7455467
4159,2013-11-30 09:40:00,1.32416
4159,2013-11-30 09:40:00,305.96268
4159,2013-11-30 09:40:00,0.4213868
4159,2013-11-30 09:40:00,1.7455467
4159,2013-11-30 09:50:00,0.4213868
4159,2013-11-30 09:50:00,1.8055463
4159,2013-11-30 09:50:00,306.30362
4159,2013-11-30 09:50:00,1.8055463
4159,2013-11-30 09:50:00,0.006651706
4159,2013-11-30 09:50:00,1.6774302
4159,2013-11-30 10:00:00,0.8427736
4159,2013-11-30 10:00:00,0.96277267
4159,2013-11-30 10:00:00,307.4859
4159,2013-11-30 10:00:00,0.90277314
4159,2013-11-30 10:00:00,0.8427736
4159,2013-11-30 10:10:00,0.90277314
4159,2013-11-30 10:10:00,0.48138633
4159,2013-11-30 10:10:00,290.58035
4159,2013-11-30 10:10:00,0.48138633
4159,2013-11-30 10:10:00,0.4213868
4159,2013-11-30 10:10:00,4.5138655
4159,2013-11-30 10:20:00,0.8427736
4159,2013-11-30 10:20:00,270.3524
4159,2013-11-30 10:20:00,1.8055463
4159,2013-11-30 10:30:00,1.3841594
4159,2013-11-30 10:30:00,309.79913
4159,2013-11-30 10:30:00,0.006651706
4159,2013-11-30 10:30:00,0.90277314
4159,2013-11-30 10:40:00,1.7455467
4159,2013-11-30 10:40:00,296.8608
4159,2013-11-30 10:40:00,0.29327068
4159,2013-11-30 10:50:00,0.8427736
4159,2013-11-30 10:50:00,284.5748
4159,2013-11-30 10:50:00,0.006651706
4159,2013-11-30 10:50:00,0.006651706
4159,2013-11-30 10:50:00,0.90277314
4159,2013-11-30 11:00:00,0.0055768173
4159,2013-11-30 11:00:00,2.1669335
4159,2013-11-30 11:00:00,295.10672
4159,2013-11-30 11:00:00,0.006651706
4159,2013-11-30 11:10:00,0.011153635
4159,2013-11-30 11:10:00,1.761286
4159,2013-11-30 11:10:00,302.46448
4159,2013-11-30 11:10:00,0.90834993
4159,2013-11-30 11:10:00,0.90277314
4159,2013-11-30 11:10:00,0.48138633
4159,2013-11-30 11:20:00,0.8427736
4159,2013-11-30 11:20:00,0.48138633
4159,2013-11-30 11:20:00,294.9319
4159,2013-11-30 11:20:00,1.7455467
4159,2013-11-30 11:20:00,0.4213868
4159,2013-11-30 11:20:00,1.8055463
4159,2013-11-30 11:30:00,0.90277314
4159,2013-11-30 11:30:00,294.15057
4159,2013-11-30 11:30:00,1.3841594
4159,2013-11-30 11:30:00,0.4213868
4159,2013-11-30 11:30:00,0.90277314
4159,2013-11-30 11:40:00,0.015739262
4159,2013-11-30 11:40:00,0.48138633
4159,2013-11-30 11:40:00,283.82446
4159,2013-11-30 11:40:00,0.48138633
4159,2013-11-30 11:40:00,0.48138633
4159,2013-11-30 11:50:00,0.4213868
4159,2013-11-30 11:50:00,346.02658
4159,2013-11-30 11:50:00,2.226933
4159,2013-11-30 11:50:00,0.8427736
4159,2013-11-30 12:00:00,0.90277314
4159,2013-11-30 12:00:00,429.53375
4159,2013-11-30 12:00:00,4.5738654
4159,2013-11-30 12:00:00,1.2560433
4159,2013-11-30 12:10:00,1.32416
4159,2013-11-30 12:10:00,2.2869327
4159,2013-11-30 12:10:00,328.4747
4159,2013-11-30 12:10:00,5.115251
4159,2013-11-30 12:20:00,2.7083194
4159,2013-11-30 12:20:00,1.8655457
4159,2013-11-30 12:20:00,341.19266
4159,2013-11-30 12:20:00,1.7511235
4159,2013-11-30 12:30:00,2.3469322
4159,2013-11-30 12:30:00,348.02487
4159,2013-11-30 12:30:00,0.90277314
4159,2013-11-30 12:30:00,0.48138633
4159,2013-11-30 12:40:00,0.4213868
4159,2013-11-30 12:40:00,339.19272
4159,2013-11-30 12:40:00,0.96277267
4159,2013-11-30 12:40:00,0.006651706
4159,2013-11-30 12:40:00,0.48138633
4159,2013-11-30 12:50:00,302.18832
4159,2013-11-30 12:50:00,0.96277267
4159,2013-11-30 12:50:00,0.4280385
4159,2013-11-30 13:00:00,353.41498
4159,2013-11-30 13:10:00,304.61453
4159,2013-11-30 13:10:00,1.32416
4159,2013-11-30 13:20:00,436.08554
4159,2013-11-30 13:20:00,0.48138633
4159,2013-11-30 13:30:00,356.56262
4159,2013-11-30 13:30:00,0.8427736
4159,2013-11-30 13:30:00,0.006651706
4159,2013-11-30 13:30:00,1.2016206
4159,2013-11-30 13:40:00,318.96332
4159,2013-11-30 13:40:00,0.4213868
4159,2013-11-30 13:40:00,0.4213868
4159,2013-11-30 13:50:00,275.29016
4159,2013-11-30 13:50:00,0.4346902
4159,2013-11-30 13:50:00,0.4213868
4159,2013-11-30 14:00:00,280.5812
4159,2013-11-30 14:00:00,0.015739262
4159,2013-11-30 14:00:00,0.006651706
4159,2013-11-30 14:10:00,310.65753
4159,2013-11-30 14:10:00,0.90277314
4159,2013-11-30 14:20:00,0.0055768173
4159,2013-11-30 14:20:00,270.75827
4159,2013-11-30 14:20:00,0.4213868
4159,2013-11-30 14:20:00,0.29327068
4159,2013-11-30 14:30:00,0.29327068
4159,2013-11-30 14:30:00,296.6886
4159,2013-11-30 14:30:00,0.48138633
4159,2013-11-30 14:30:00,0.48138633
4159,2013-11-30 14:30:00,0.006651706
4159,2013-11-30 14:30:00,0.4213868
4159,2013-11-30 14:40:00,316.6832
4159,2013-11-30 14:40:00,1.3841594
4159,2013-11-30 14:50:00,287.03494
4159,2013-11-30 14:50:00,0.4213868
4159,2013-11-30 14:50:00,0.4213868
4159,2013-11-30 14:50:00,0.7213092
4159,2013-11-30 15:00:00,334.65097
4159,2013-11-30 15:10:00,0.0055768173
4159,2013-11-30 15:10:00,416.09457
4159,2013-11-30 15:10:00,0.006651706
4159,2013-11-30 15:10:00,0.90277314
4159,2013-11-30 15:20:00,0.0055768173
4159,2013-11-30 15:20:00,284.57288
4159,2013-11-30 15:20:00,0.026606824
4159,2013-11-30 15:20:00,0.4213868
4159,2013-11-30 15:20:00,0.4213868
4159,2013-11-30 15:20:00,0.90277314
4159,2013-11-30 15:30:00,332.90335
4159,2013-11-30 15:40:00,286.28537
4159,2013-11-30 15:40:00,0.006651706
4159,2013-11-30 15:50:00,0.29327068
4159,2013-11-30 15:50:00,356.2792
4159,2013-11-30 15:50:00,0.4280385
4159,2013-11-30 15:50:00,0.4213868
4159,2013-11-30 16:00:00,312.00906
4159,2013-11-30 16:00:00,0.4213868
4159,2013-11-30 16:10:00,373.97702
4159,2013-11-30 16:20:00,309.28
4159,2013-11-30 16:20:00,0.006651706
4159,2013-11-30 16:20:00,0.4213868
4159,2013-11-30 16:30:00,269.4762
4159,2013-11-30 16:30:00,0.4213868
4159,2013-11-30 16:30:00,0.4213868
4159,2013-11-30 16:40:00,276.61652
4159,2013-11-30 16:40:00,0.4213868
4159,2013-11-30 16:50:00,287.36136
4159,2013-11-30 17:00:00,296.1849
4159,2013-11-30 17:00:00,0.4280385
4159,2013-11-30 17:10:00,0.8106309
4159,2013-11-30 17:10:00,248.97813
4159,2013-11-30 17:10:00,0.7146575
4159,2013-11-30 17:20:00,274.661
4159,2013-11-30 17:20:00,0.006651706
4159,2013-11-30 17:30:00,0.4213868
4159,2013-11-30 17:30:00,308.70578
4159,2013-11-30 17:30:00,0.006651706
4159,2013-11-30 17:30:00,0.4280385
4159,2013-11-30 17:30:00,0.29327068
4159,2013-11-30 17:40:00,233.26118
4159,2013-11-30 17:50:00,0.015739262
4159,2013-11-30 17:50:00,214.7891
4159,2013-11-30 17:50:00,0.4213868
4159,2013-11-30 18:00:00,231.8654
4159,2013-11-30 18:00:00,0.006651706
4159,2013-11-30 18:00:00,0.4213868
4159,2013-11-30 18:00:00,0.4213868
4159,2013-11-30 18:10:00,280.9746
4159,2013-11-30 18:10:00,0.4213868
4159,2013-11-30 18:10:00,0.29327068
4159,2013-11-30 18:20:00,254.89093
4159,2013-11-30 18:20:00,0.006651706
4159,2013-11-30 18:20:00,0.4213868
4159,2013-11-30 18:30:00,247.25061
4159,2013-11-30 18:30:00,0.006651706
4159,2013-11-30 18:40:00,211.6852
4159,2013-11-30 18:40:00,0.4213868
4159,2013-11-30 18:40:00,0.006651706
4159,2013-11-30 18:50:00,213.60712
4159,2013-11-30 18:50:00,0.4213868
4159,2013-11-30 19:00:00,229.61816
4159,2013-11-30 19:00:00,0.4213868
4159,2013-11-30 19:10:00,0.4213868
4159,2013-11-30 19:10:00,239.52586
4159,2013-11-30 19:10:00,0.0055768173
4159,2013-11-30 19:10:00,0.4213868
4159,2013-11-30 19:20:00,0.4213868
4159,2013-11-30 19:20:00,225.51926
4159,2013-11-30 19:20:00,0.012228523
4159,2013-11-30 19:20:00,0.006651706
4159,2013-11-30 19:30:00,245.8376
4159,2013-11-30 19:30:00,0.4280385
4159,2013-11-30 19:30:00,0.0055768173
4159,2013-11-30 19:40:00,261.66656
4159,2013-11-30 19:40:00,0.006651706
4159,2013-11-30 19:50:00,211.26042
4159,2013-11-30 19:50:00,0.006651706
4159,2013-11-30 19:50:00,0.4213868
4159,2013-11-30 20:00:00,0.8427736
4159,2013-11-30 20:00:00,233.20366
4159,2013-11-30 20:00:00,0.8106309
4159,2013-11-30 20:10:00,226.64342
4159,2013-11-30 20:20:00,0.4213868
4159,2013-11-30 20:20:00,381.22693
4159,2013-11-30 20:20:00,0.48138633
4159,2013-11-30 20:20:00,0.4213868
4159,2013-11-30 20:20:00,0.006651706
4159,2013-11-30 20:30:00,0.015739262
4159,2013-11-30 20:30:00,214.88019
4159,2013-11-30 20:30:00,0.0055768173
4159,2013-11-30 20:40:00,0.4213868
4159,2013-11-30 20:40:00,201.47049
4159,2013-11-30 20:40:00,0.8427736
4159,2013-11-30 20:50:00,209.03835
4159,2013-11-30 20:50:00,0.48138633
4159,2013-11-30 20:50:00,0.4280385
4159,2013-11-30 21:00:00,232.09181
4159,2013-11-30 21:00:00,0.8427736
4159,2013-11-30 21:10:00,0.4213868
4159,2013-11-30 21:10:00,0.8427736
4159,2013-11-30 21:10:00,256.7128
4159,2013-11-30 21:20:00,233.5324
4159,2013-11-30 21:20:00,0.006651706
4159,2013-11-30 21:30:00,249.67296
4159,2013-11-30 21:30:00,0.4213868
4159,2013-11-30 21:30:00,0.29327068
4159,2013-11-30 21:40:00,235.44664
4159,2013-11-30 21:40:00,0.0055768173
4159,2013-11-30 21:40:00,0.2999224
4159,2013-11-30 21:50:00,0.0055768173
4159,2013-11-30 21:50:00,244.80199
4159,2013-11-30 21:50:00,0.8295111
4159,2013-11-30 21:50:00,0.006651706
4159,2013-11-30 22:00:00,234.3969
4159,2013-11-30 22:10:00,276.1527
4159,2013-11-30 22:10:00,0.006651706
4159,2013-11-30 22:20:00,0.006651706
4159,2013-11-30 22:20:00,242.79218
4159,2013-11-30 22:30:00,234.0787
4159,2013-11-30 22:40:00,0.015739262
4159,2013-11-30 22:40:00,270.60138
4159,2013-11-30 22:40:00,0.006651706
4159,2013-11-30 22:50:00,218.02484
4159,2013-11-30 22:50:00,0.006651706
4159,2013-11-30 22:50:00,0.29327068
4159,2013-11-30 23:00:00,241.99928
4159,2013-11-30 23:00:00,0.006651706
4159,2013-11-30 23:10:00,0.48138633
4159,2013-11-30 23:10:00,274.81253
4159,2013-11-30 23:20:00,0.48138633
4159,2013-11-30 23:20:00,236.26266
4159,2013-11-30 23:20:00,0.006651706
4159,2013-11-30 23:20:00,0.29327068
4159,2013-11-30 23:30:00,0.48803803
4159,2013-11-30 23:30:00,230.58131
4159,2013-11-30 23:30:00,0.4213868
4159,2013-11-30 23:40:00,232.4812
4159,2013-11-30 23:40:00,1.0079281
4159,2013-11-30 23:50:00,199.6631
4159,2013-11-30 23:50:00,0.006651706
4159,2013-11-30 23:50:00,0.006651706
4159,2013-12-01 00:00:00,204.51701
4159,2013-12-01 00:00:00,0.006651706
4159,2013-12-01 00:10:00,197.57553
4159,2013-12-01 00:10:00,0.015739262
4159,2013-12-01 00:10:00,0.4213868
4159,2013-12-01 00:20:00,0.4213868
4159,2013-12-01 00:20:00,1.2320178
4159,2013-12-01 00:20:00,227.2211
4159,2013-12-01 00:30:00,193.30142
4159,2013-12-01 00:30:00,0.012228523
4159,2013-12-01 00:30:00,0.006651706
4159,2013-12-01 00:30:00,0.8106309
4159,2013-12-01 00:40:00,200.87704
4159,2013-12-01 00:40:00,0.8427736
4159,2013-12-01 00:50:00,195.51877
4159,2013-12-01 00:50:00,0.29327068
4159,2013-12-01 01:00:00,201.6147
4159,2013-12-01 01:00:00,0.48803803
4159,2013-12-01 01:10:00,239.77853
4159,2013-12-01 01:10:00,0.29327068
4159,2013-12-01 01:20:00,0.015739262
4159,2013-12-01 01:20:00,190.4627
4159,2013-12-01 01:20:00,0.4213868
4159,2013-12-01 01:30:00,171.16566
4159,2013-12-01 01:30:00,0.006651706
4159,2013-12-01 01:30:00,1.2320178
4159,2013-12-01 01:40:00,168.48018
4159,2013-12-01 01:50:00,147.20038
4159,2013-12-01 02:00:00,148.61154
4159,2013-12-01 02:00:00,0.006651706
4159,2013-12-01 02:10:00,167.89476
4159,2013-12-01 02:20:00,135.6474
4159,2013-12-01 02:20:00,0.4213868
4159,2013-12-01 02:30:00,147.17754
4159,2013-12-01 02:30:00,0.006651706
4159,2013-12-01 02:40:00,141.78981
4159,2013-12-01 02:40:00,0.006651706
4159,2013-12-01 02:50:00,149.31653
4159,2013-12-01 03:00:00,138.8723
4159,2013-12-01 03:10:00,122.7407
4159,2013-12-01 03:20:00,134.3899
4159,2013-12-01 03:20:00,0.006651706
4159,2013-12-01 03:20:00,0.4213868
4159,2013-12-01 03:20:00,0.006651706
4159,2013-12-01 03:30:00,119.32636
4159,2013-12-01 03:40:00,122.46804
4159,2013-12-01 03:40:00,0.48138633
4159,2013-12-01 03:50:00,135.36893
4159,2013-12-01 03:50:00,0.4213868
4159,2013-12-01 04:00:00,121.97383
4159,2013-12-01 04:10:00,0.4213868
4159,2013-12-01 04:10:00,125.47212
4159,2013-12-01 04:20:00,114.6871
4159,2013-12-01 04:30:00,110.65517
4159,2013-12-01 04:30:00,0.4213868
4159,2013-12-01 04:40:00,130.9379
4159,2013-12-01 04:50:00,113.08484
4159,2013-12-01 04:50:00,2.9497077
4159,2013-12-01 05:00:00,106.68094
4159,2013-12-01 05:00:00,0.48138633
4159,2013-12-01 05:00:00,5.8994155
4159,2013-12-01 05:00:00,0.4213868
4159,2013-12-01 05:10:00,0.4213868
4159,2013-12-01 05:10:00,114.027885
4159,2013-12-01 05:10:00,4.635255
4159,2013-12-01 05:20:00,117.14104
4159,2013-12-01 05:20:00,1.6855472
4159,2013-12-01 05:30:00,105.78281
4159,2013-12-01 05:30:00,3.7924812
4159,2013-12-01 05:30:00,0.4213868
4159,2013-12-01 05:40:00,113.86317
4159,2013-12-01 05:40:00,5.0566416
4159,2013-12-01 05:50:00,108.65325
4159,2013-12-01 05:50:00,5.0566416
4159,2013-12-01 06:00:00,111.48856
4159,2013-12-01 06:00:00,0.0055768173
4159,2013-12-01 06:00:00,4.635255
4159,2013-12-01 06:00:00,0.29327068
4159,2013-12-01 06:10:00,112.39082
4159,2013-12-01 06:10:00,5.0566416
4159,2013-12-01 06:10:00,0.4213868
4159,2013-12-01 06:20:00,121.62195
4159,2013-12-01 06:20:00,0.48138633
4159,2013-12-01 06:20:00,3.7924812
4159,2013-12-01 06:30:00,112.51072
4159,2013-12-01 06:30:00,2.9497077
4159,2013-12-01 06:40:00,114.050575
4159,2013-12-01 06:40:00,4.213868
4159,2013-12-01 06:40:00,0.4213868
4159,2013-12-01 06:50:00,118.85943
4159,2013-12-01 06:50:00,3.7924812
4159,2013-12-01 07:00:00,113.47461
4159,2013-12-01 07:00:00,4.213868
4159,2013-12-01 07:10:00,125.78095
4159,2013-12-01 07:10:00,3.7924812
4159,2013-12-01 07:10:00,0.4213868
4159,2013-12-01 07:20:00,117.94983
4159,2013-12-01 07:20:00,4.635255
4159,2013-12-01 07:20:00,0.006651706
4159,2013-12-01 07:30:00,116.40321
4159,2013-12-01 07:30:00,5.4780283
4159,2013-12-01 07:40:00,142.1481
4159,2013-12-01 07:40:00,0.48138633
4159,2013-12-01 07:40:00,4.635255
4159,2013-12-01 07:50:00,0.0055768173
4159,2013-12-01 07:50:00,144.02057
4159,2013-12-01 07:50:00,1.6855472
4159,2013-12-01 07:50:00,0.4213868
4159,2013-12-01 08:00:00,0.4213868
4159,2013-12-01 08:00:00,133.57608
4159,2013-12-01 08:10:00,0.48138633
4159,2013-12-01 08:10:00,218.97021
4159,2013-12-01 08:10:00,0.8427736
4159,2013-12-01 08:10:00,0.006651706
4159,2013-12-01 08:20:00,147.63644
4159,2013-12-01 08:20:00,0.4213868
4159,2013-12-01 08:20:00,0.006651706
4159,2013-12-01 08:30:00,143.94327
4159,2013-12-01 08:30:00,0.0055768173
4159,2013-12-01 08:30:00,0.29327068
4159,2013-12-01 08:40:00,156.11137
4159,2013-12-01 08:40:00,1.1360443
4159,2013-12-01 08:50:00,167.35976
4159,2013-12-01 08:50:00,0.48138633
4159,2013-12-01 08:50:00,2.5283208
4159,2013-12-01 08:50:00,0.4280385
4159,2013-12-01 08:50:00,0.4213868
4159,2013-12-01 09:00:00,0.015739262
4159,2013-12-01 09:00:00,283.79953
4159,2013-12-01 09:00:00,0.4213868
4159,2013-12-01 09:00:00,0.4213868
4159,2013-12-01 09:10:00,534.66156
4159,2013-12-01 09:10:00,1.2641604
4159,2013-12-01 09:10:00,0.4213868
4159,2013-12-01 09:20:00,195.18646
4159,2013-12-01 09:20:00,2.106934
4159,2013-12-01 09:30:00,177.56657
4159,2013-12-01 09:30:00,0.4213868
4159,2013-12-01 09:30:00,2.5283208
4159,2013-12-01 09:40:00,167.7493
4159,2013-12-01 09:40:00,1.2641604
4159,2013-12-01 09:40:00,0.29327068
4159,2013-12-01 09:50:00,0.006651706
4159,2013-12-01 09:50:00,176.60275
4159,2013-12-01 09:50:00,2.5283208
4159,2013-12-01 09:50:00,0.006651706
4159,2013-12-01 10:00:00,140.75232
4159,2013-12-01 10:00:00,2.9497077
4159,2013-12-01 10:00:00,0.7213092
4159,2013-12-01 10:10:00,162.00275
4159,2013-12-01 10:10:00,0.4213868
4159,2013-12-01 10:20:00,166.14322
4159,2013-12-01 10:20:00,0.015739262
4159,2013-12-01 10:20:00,2.5283208
4159,2013-12-01 10:20:00,0.4213868
4159,2013-12-01 10:30:00,170.46405
4159,2013-12-01 10:30:00,5.4780283
4159,2013-12-01 10:30:00,0.006651706
4159,2013-12-01 10:30:00,0.4213868
4159,2013-12-01 10:40:00,217.68922
4159,2013-12-01 10:40:00,1.2641604
4159,2013-12-01 10:40:00,0.2999224
4159,2013-12-01 10:50:00,155.58153
4159,2013-12-01 10:50:00,1.6855472
4159,2013-12-01 11:00:00,160.3746
4159,2013-12-01 11:00:00,2.5283208
4159,2013-12-01 11:00:00,0.006651706
4159,2013-12-01 11:10:00,163.18207
4159,2013-12-01 11:20:00,135.93295
4159,2013-12-01 11:20:00,0.015739262
4159,2013-12-01 11:30:00,158.8136
4159,2013-12-01 11:30:00,0.006651706
4159,2013-12-01 11:30:00,1.0145799
4159,2013-12-01 11:40:00,168.01422
4159,2013-12-01 11:40:00,0.01780534
4159,2013-12-01 11:50:00,152.03441
4159,2013-12-01 12:00:00,0.4213868
4159,2013-12-01 12:00:00,178.91925
4159,2013-12-01 12:00:00,0.006651706
4159,2013-12-01 12:10:00,181.71529
4159,2013-12-01 12:10:00,0.031478524
4159,2013-12-01 12:10:00,0.4213868
4159,2013-12-01 12:20:00,131.45769
4159,2013-12-01 12:30:00,177.71037
4159,2013-12-01 12:30:00,0.4213868
4159,2013-12-01 12:40:00,198.63675
4159,2013-12-01 12:40:00,0.4213868
4159,2013-12-01 12:50:00,166.60239
4159,2013-12-01 13:00:00,0.29327068
4159,2013-12-01 13:00:00,0.8427736
4159,2013-12-01 13:00:00,212.5078
4159,2013-12-01 13:00:00,0.013303412
4159,2013-12-01 13:10:00,0.4213868
4159,2013-12-01 13:10:00,220.08508
4159,2013-12-01 13:10:00,0.013303412
4159,2013-12-01 13:10:00,0.0055768173
4159,2013-12-01 13:10:00,0.006651706
4159,2013-12-01 13:20:00,195.15613
4159,2013-12-01 13:30:00,201.54393
4159,2013-12-01 13:30:00,0.4213868
4159,2013-12-01 13:40:00,0.006651706
4159,2013-12-01 13:40:00,162.30971
4159,2013-12-01 13:40:00,0.4280385
4159,2013-12-01 13:40:00,0.006651706
4159,2013-12-01 13:40:00,0.4213868
4159,2013-12-01 13:50:00,152.1871
4159,2013-12-01 14:00:00,184.95009
4159,2013-12-01 14:10:00,0.2999224
4159,2013-12-01 14:10:00,256.35266
4159,2013-12-01 14:10:00,0.0055768173
4159,2013-12-01 14:10:00,0.29327068
4159,2013-12-01 14:20:00,233.1816
4159,2013-12-01 14:20:00,0.4213868
4159,2013-12-01 14:30:00,207.42075
4159,2013-12-01 14:30:00,0.90834993
4159,2013-12-01 14:30:00,0.006651706
4159,2013-12-01 14:40:00,0.29327068
4159,2013-12-01 14:40:00,234.57411
4159,2013-12-01 14:50:00,0.011153635
4159,2013-12-01 14:50:00,180.14992
4159,2013-12-01 14:50:00,0.4213868
4159,2013-12-01 15:00:00,196.56337
4159,2013-12-01 15:00:00,0.012228523
4159,2013-12-01 15:00:00,0.4213868
4159,2013-12-01 15:00:00,0.4213868
4159,2013-12-01 15:10:00,223.82693
4159,2013-12-01 15:10:00,0.006651706
4159,2013-12-01 15:10:00,0.7146575
4159,2013-12-01 15:20:00,242.6615
4159,2013-12-01 15:20:00,0.0055768173
4159,2013-12-01 15:20:00,0.006651706
4159,2013-12-01 15:20:00,0.015739262
4159,2013-12-01 15:30:00,0.4213868
4159,2013-12-01 15:30:00,0.4213868
4159,2013-12-01 15:30:00,220.12155
4159,2013-12-01 15:30:00,0.4213868
4159,2013-12-01 15:40:00,180.25204
4159,2013-12-01 15:50:00,196.6622
4159,2013-12-01 15:50:00,0.0055768173
4159,2013-12-01 15:50:00,0.4213868
4159,2013-12-01 16:00:00,207.631
4159,2013-12-01 16:00:00,0.4213868
4159,2013-12-01 16:00:00,0.4213868
4159,2013-12-01 16:10:00,213.89023
4159,2013-12-01 16:10:00,0.8427736
4159,2013-12-01 16:10:00,0.4280385
4159,2013-12-01 16:20:00,211.1065
4159,2013-12-01 16:20:00,0.29327068
4159,2013-12-01 16:30:00,207.34436
4159,2013-12-01 16:30:00,0.4213868
4159,2013-12-01 16:40:00,0.29327068
4159,2013-12-01 16:40:00,201.8361
4159,2013-12-01 16:40:00,0.7146575
4159,2013-12-01 16:50:00,205.14426
4159,2013-12-01 16:50:00,0.0055768173
4159,2013-12-01 16:50:00,0.4213868
4159,2013-12-01 16:50:00,0.006651706
4159,2013-12-01 17:00:00,201.3458
4159,2013-12-01 17:10:00,0.4213868
4159,2013-12-01 17:10:00,200.81145
4159,2013-12-01 17:20:00,0.006651706
4159,2013-12-01 17:20:00,0.006651706
4159,2013-12-01 17:20:00,219.58012
4159,2013-12-01 17:20:00,0.4213868
4159,2013-12-01 17:20:00,0.4213868
4159,2013-12-01 17:20:00,0.8106309
4159,2013-12-01 17:30:00,0.015739262
4159,2013-12-01 17:30:00,190.00443
4159,2013-12-01 17:40:00,199.98676
4159,2013-12-01 17:40:00,0.90277314
4159,2013-12-01 17:40:00,0.006651706
4159,2013-12-01 17:40:00,0.29327068
4159,2013-12-01 17:50:00,193.39622
4159,2013-12-01 17:50:00,0.96277267
4159,2013-12-01 17:50:00,0.4213868
4159,2013-12-01 18:00:00,220.6505
4159,2013-12-01 18:00:00,0.006651706
4159,2013-12-01 18:00:00,0.006651706
4159,2013-12-01 18:00:00,0.4213868
4159,2013-12-01 18:10:00,213.84807
4159,2013-12-01 18:10:00,0.58654135
4159,2013-12-01 18:10:00,0.006651706
4159,2013-12-01 18:20:00,212.2544
4159,2013-12-01 18:20:00,0.4213868
4159,2013-12-01 18:20:00,0.2999224
4159,2013-12-01 18:30:00,321.12796
4159,2013-12-01 18:40:00,226.08044
4159,2013-12-01 18:40:00,0.015739262
4159,2013-12-01 18:40:00,0.011153635
4159,2013-12-01 18:40:00,1.1360443
4159,2013-12-01 18:50:00,204.03279
4159,2013-12-01 19:00:00,0.4213868
4159,2013-12-01 19:00:00,209.86713
4159,2013-12-01 19:00:00,0.4213868
4159,2013-12-01 19:00:00,0.4213868
4159,2013-12-01 19:00:00,0.29327068
4159,2013-12-01 19:10:00,0.2999224
4159,2013-12-01 19:10:00,0.4213868
4159,2013-12-01 19:10:00,282.76706
4159,2013-12-01 19:10:00,0.015739262
4159,2013-12-01 19:20:00,207.5314
4159,2013-12-01 19:20:00,0.4213868
4159,2013-12-01 19:30:00,201.96628
4159,2013-12-01 19:30:00,0.4213868
4159,2013-12-01 19:30:00,0.30900994
4159,2013-12-01 19:40:00,191.79176
4159,2013-12-01 19:40:00,0.43712607
4159,2013-12-01 19:50:00,172.77095
4159,2013-12-01 19:50:00,0.006651706
4159,2013-12-01 20:00:00,163.24033
4159,2013-12-01 20:00:00,0.4213868
4159,2013-12-01 20:00:00,0.2999224
4159,2013-12-01 20:10:00,204.8787
4159,2013-12-01 20:10:00,0.8427736
4159,2013-12-01 20:20:00,227.0305
4159,2013-12-01 20:30:00,0.4213868
4159,2013-12-01 20:30:00,174.68738
4159,2013-12-01 20:30:00,0.4213868
4159,2013-12-01 20:40:00,0.015739262
4159,2013-12-01 20:40:00,196.0728
4159,2013-12-01 20:40:00,0.015739262
4159,2013-12-01 20:50:00,209.15973
4159,2013-12-01 20:50:00,0.015739262
4159,2013-12-01 21:00:00,216.03871
4159,2013-12-01 21:10:00,0.015739262
4159,2013-12-01 21:10:00,202.72224
4159,2013-12-01 21:10:00,0.4213868
4159,2013-12-01 21:10:00,0.015739262
4159,2013-12-01 21:20:00,0.4213868
4159,2013-12-01 21:20:00,196.27655
4159,2013-12-01 21:30:00,197.63016
4159,2013-12-01 21:30:00,0.006651706
4159,2013-12-01 21:40:00,0.4213868
4159,2013-12-01 21:40:00,203.49806
4159,2013-12-01 21:40:00,0.48138633
4159,2013-12-01 21:40:00,0.4213868
4159,2013-12-01 21:50:00,219.66791
4159,2013-12-01 21:50:00,0.7146575
4159,2013-12-01 22:00:00,193.72502
4159,2013-12-01 22:00:00,0.0055768173
4159,2013-12-01 22:10:00,238.2169
4159,2013-12-01 22:10:00,0.4213868
4159,2013-12-01 22:20:00,203.5478
4159,2013-12-01 22:20:00,0.4213868
4159,2013-12-01 22:30:00,180.45677
4159,2013-12-01 22:30:00,0.7146575
4159,2013-12-01 22:40:00,153.30396
4159,2013-12-01 22:40:00,0.29327068
4159,2013-12-01 22:50:00,149.40671
4159,2013-12-01 22:50:00,0.4213868
4159,2013-12-01 23:00:00,185.00557
4159,2013-12-01 23:00:00,0.4213868
4159,2013-12-01 23:10:00,168.63855
4159,2013-12-01 23:20:00,149.61067
4159,2013-12-01 23:20:00,0.4213868
4159,2013-12-01 23:20:00,0.4213868
4159,2013-12-01 23:30:00,166.09464
4159,2013-12-01 23:30:00,0.4213868
4159,2013-12-01 23:40:00,179.15927
4159,2013-12-01 23:40:00,0.031478524
4159,2013-12-01 23:50:00,170.27307
4159,2013-12-02 00:00:00,226.34612
4159,2013-12-02 00:10:00,186.12074
4159,2013-12-02 00:10:00,0.0055768173
4159,2013-12-02 00:20:00,149.42224
4159,2013-12-02 00:20:00,0.006651706
4159,2013-12-02 00:20:00,0.4213868
4159,2013-12-02 00:30:00,135.12737
4159,2013-12-02 00:40:00,155.06236
4159,2013-12-02 00:50:00,133.81117
4159,2013-12-02 01:00:00,106.83607
4159,2013-12-02 01:00:00,0.4213868
4159,2013-12-02 01:10:00,127.552795
4159,2013-12-02 01:20:00,124.810326
4159,2013-12-02 01:30:00,104.287285
4159,2013-12-02 01:40:00,115.86658
4159,2013-12-02 01:50:00,0.4213868
4159,2013-12-02 01:50:00,112.200264
4159,2013-12-02 02:00:00,108.95264
4159,2013-12-02 02:10:00,117.27098
4159,2013-12-02 02:20:00,110.928246
4159,2013-12-02 02:30:00,100.65687
4159,2013-12-02 02:40:00,115.61526
4159,2013-12-02 02:40:00,0.4213868
4159,2013-12-02 02:50:00,110.76122
4159,2013-12-02 03:00:00,104.800835
4159,2013-12-02 03:10:00,97.84137
4159,2013-12-02 03:10:00,0.0055768173
4159,2013-12-02 03:20:00,0.0055768173
4159,2013-12-02 03:20:00,100.27734
4159,2013-12-02 03:20:00,0.006651706
4159,2013-12-02 03:30:00,102.29715
4159,2013-12-02 03:40:00,97.512115
4159,2013-12-02 03:50:00,104.63419
4159,2013-12-02 04:00:00,92.87345
4159,2013-12-02 04:10:00,106.41965
4159,2013-12-02 04:10:00,0.4213868
4159,2013-12-02 04:20:00,101.04187
4159,2013-12-02 04:30:00,103.61011
4159,2013-12-02 04:40:00,105.0543
4159,2013-12-02 04:40:00,0.4213868
4159,2013-12-02 04:50:00,112.55177
4159,2013-12-02 05:00:00,105.91828
4159,2013-12-02 05:10:00,116.778076
4159,2013-12-02 05:20:00,123.133194
4159,2013-12-02 05:30:00,111.32842
4159,2013-12-02 05:40:00,124.90892
4159,2013-12-02 05:50:00,130.06966
4159,2013-12-02 05:50:00,0.4213868
4159,2013-12-02 05:50:00,0.4213868
4159,2013-12-02 06:00:00,132.19936
4159,2013-12-02 06:10:00,0.015739262
4159,2013-12-02 06:10:00,135.45818
4159,2013-12-02 06:20:00,182.31732
4159,2013-12-02 06:20:00,0.4213868
4159,2013-12-02 06:30:00,187.85858
4159,2013-12-02 06:30:00,0.29327068
4159,2013-12-02 06:40:00,198.85818
4159,2013-12-02 06:40:00,0.006651706
4159,2013-12-02 06:40:00,0.29327068
4159,2013-12-02 06:50:00,243.35085
4159,2013-12-02 06:50:00,0.4213868
4159,2013-12-02 06:50:00,0.7146575
4159,2013-12-02 07:00:00,0.006651706
4159,2013-12-02 07:00:00,227.12288
4159,2013-12-02 07:00:00,0.015739262
4159,2013-12-02 07:00:00,0.8427736
4159,2013-12-02 07:10:00,272.70135
4159,2013-12-02 07:10:00,0.015739262
4159,2013-12-02 07:10:00,0.006651706
4159,2013-12-02 07:20:00,314.23834
4159,2013-12-02 07:20:00,0.006651706
4159,2013-12-02 07:20:00,0.8427736
4159,2013-12-02 07:30:00,0.4213868
4159,2013-12-02 07:30:00,335.88675
4159,2013-12-02 07:30:00,0.015739262
4159,2013-12-02 07:30:00,0.006651706
4159,2013-12-02 07:30:00,0.006651706
4159,2013-12-02 07:40:00,397.25003
4159,2013-12-02 07:40:00,0.015739262
4159,2013-12-02 07:40:00,0.006651706
4159,2013-12-02 07:40:00,1.2641604
4159,2013-12-02 07:50:00,364.51166
4159,2013-12-02 07:50:00,0.031478524
4159,2013-12-02 07:50:00,0.29327068
4159,2013-12-02 08:00:00,420.15894
4159,2013-12-02 08:00:00,0.013303412
4159,2013-12-02 08:00:00,0.8427736
4159,2013-12-02 08:10:00,442.329
4159,2013-12-02 08:10:00,0.90277314
4159,2013-12-02 08:10:00,0.006651706
4159,2013-12-02 08:20:00,439.19626
4159,2013-12-02 08:20:00,0.006651706
4159,2013-12-02 08:20:00,0.4213868
4159,2013-12-02 08:20:00,0.01780534
4159,2013-12-02 08:30:00,437.78375
4159,2013-12-02 08:30:00,0.4213868
4159,2013-12-02 08:40:00,487.5094
4159,2013-12-02 08:40:00,0.006651706
4159,2013-12-02 08:40:00,0.4213868
4159,2013-12-02 08:50:00,447.16144
4159,2013-12-02 08:50:00,0.006651706
4159,2013-12-02 08:50:00,0.4213868
4159,2013-12-02 08:50:00,1.7455467
4159,2013-12-02 09:00:00,452.73785
4159,2013-12-02 09:00:00,0.4213868
4159,2013-12-02 09:10:00,471.83044
4159,2013-12-02 09:20:00,0.015739262
4159,2013-12-02 09:20:00,0.015739262
4159,2013-12-02 09:20:00,655.6176
4159,2013-12-02 09:20:00,0.006651706
4159,2013-12-02 09:20:00,1.2641604
4159,2013-12-02 09:30:00,0.031478524
4159,2013-12-02 09:30:00,564.715
4159,2013-12-02 09:40:00,0.4213868
4159,2013-12-02 09:40:00,530.4963
4159,2013-12-02 09:40:00,1.2641604
4159,2013-12-02 09:50:00,0.015739262
4159,2013-12-02 09:50:00,535.3011
4159,2013-12-02 09:50:00,0.006651706
4159,2013-12-02 09:50:00,0.4213868
4159,2013-12-02 10:00:00,0.29327068
4159,2013-12-02 10:00:00,549.6426
4159,2013-12-02 10:10:00,558.886
4159,2013-12-02 10:10:00,0.8427736
4159,2013-12-02 10:20:00,609.18164
4159,2013-12-02 10:20:00,0.4213868
4159,2013-12-02 10:30:00,0.4213868
4159,2013-12-02 10:30:00,577.64465
4159,2013-12-02 10:30:00,0.4280385
4159,2013-12-02 10:40:00,0.4213868
4159,2013-12-02 10:40:00,597.335
4159,2013-12-02 10:40:00,0.006651706
4159,2013-12-02 10:40:00,0.4213868
4159,2013-12-02 10:40:00,1.7455467
4159,2013-12-02 10:50:00,0.015739262
4159,2013-12-02 10:50:00,669.4325
4159,2013-12-02 10:50:00,0.4213868
4159,2013-12-02 10:50:00,1.1960438
4159,2013-12-02 11:00:00,0.2999224
4159,2013-12-02 11:00:00,655.96497
4159,2013-12-02 11:00:00,0.7213092
4159,2013-12-02 11:10:00,0.006651706
4159,2013-12-02 11:10:00,709.7556
4159,2013-12-02 11:10:00,0.8494253
4159,2013-12-02 11:20:00,708.0957
4159,2013-12-02 11:20:00,0.8427736
4159,2013-12-02 11:30:00,660.98566
4159,2013-12-02 11:40:00,688.60095
4159,2013-12-02 11:40:00,0.006651706
4159,2013-12-02 11:40:00,0.006651706
4159,2013-12-02 11:50:00,0.8427736
4159,2013-12-02 11:50:00,679.898
4159,2013-12-02 11:50:00,0.006651706
4159,2013-12-02 12:00:00,0.015739262
4159,2013-12-02 12:00:00,1.32416
4159,2013-12-02 12:00:00,652.4385
4159,2013-12-02 12:00:00,0.8427736
4159,2013-12-02 12:00:00,0.90277314
4159,2013-12-02 12:10:00,1.3841594
4159,2013-12-02 12:10:00,708.4424
4159,2013-12-02 12:20:00,0.4213868
4159,2013-12-02 12:20:00,0.4213868
4159,2013-12-02 12:20:00,662.3165
4159,2013-12-02 12:20:00,0.006651706
4159,2013-12-02 12:20:00,0.4213868
4159,2013-12-02 12:20:00,0.8427736
4159,2013-12-02 12:30:00,718.8324
4159,2013-12-02 12:30:00,0.4280385
4159,2013-12-02 12:30:00,0.4213868
4159,2013-12-02 12:40:00,0.4213868
4159,2013-12-02 12:40:00,1.3841594
4159,2013-12-02 12:40:00,634.8427
4159,2013-12-02 12:40:00,0.011153635
4159,2013-12-02 12:50:00,616.2482
4159,2013-12-02 13:00:00,0.59319305
4159,2013-12-02 13:00:00,747.9274
4159,2013-12-02 13:00:00,0.015739262
4159,2013-12-02 13:00:00,0.006651706
4159,2013-12-02 13:00:00,0.4213868
4159,2013-12-02 13:10:00,769.153
4159,2013-12-02 13:10:00,0.006651706
4159,2013-12-02 13:20:00,0.48138633
4159,2013-12-02 13:20:00,676.56604
4159,2013-12-02 13:20:00,0.8427736
4159,2013-12-02 13:20:00,0.8427736
4159,2013-12-02 13:30:00,0.006651706
4159,2013-12-02 13:30:00,637.82477
4159,2013-12-02 13:30:00,0.48803803
4159,2013-12-02 13:40:00,0.015739262
4159,2013-12-02 13:40:00,0.8427736
4159,2013-12-02 13:40:00,693.56604
4159,2013-12-02 13:40:00,0.7903963
4159,2013-12-02 13:50:00,0.006651706
4159,2013-12-02 13:50:00,0.006651706
4159,2013-12-02 13:50:00,617.9168
4159,2013-12-02 13:50:00,0.4280385
4159,2013-12-02 14:00:00,0.031478524
4159,2013-12-02 14:00:00,0.29327068
4159,2013-12-02 14:00:00,600.879
4159,2013-12-02 14:00:00,0.4213868
4159,2013-12-02 14:10:00,1.32416
4159,2013-12-02 14:10:00,595.81445
4159,2013-12-02 14:10:00,0.4280385
4159,2013-12-02 14:20:00,646.818
4159,2013-12-02 14:20:00,0.8427736
4159,2013-12-02 14:30:00,559.7425
4159,2013-12-02 14:30:00,0.30900994
4159,2013-12-02 14:40:00,558.1152
4159,2013-12-02 14:40:00,0.29327068
4159,2013-12-02 14:40:00,0.0055768173
4159,2013-12-02 14:40:00,1.3556385
4159,2013-12-02 14:50:00,0.4213868
4159,2013-12-02 14:50:00,596.6132
4159,2013-12-02 15:00:00,744.5305
4159,2013-12-02 15:00:00,0.3065741
4159,2013-12-02 15:10:00,0.015739262
4159,2013-12-02 15:10:00,683.37274
4159,2013-12-02 15:20:00,0.4213868
4159,2013-12-02 15:20:00,600.16064
4159,2013-12-02 15:20:00,0.43712607
4159,2013-12-02 15:20:00,0.90942484
4159,2013-12-02 15:30:00,589.91437
4159,2013-12-02 15:30:00,0.4213868
4159,2013-12-02 15:30:00,0.29327068
4159,2013-12-02 15:40:00,553.3397
4159,2013-12-02 15:40:00,0.29327068
4159,2013-12-02 15:50:00,0.29327068
4159,2013-12-02 15:50:00,0.006651706
4159,2013-12-02 15:50:00,588.3253
4159,2013-12-02 15:50:00,0.58654135
4159,2013-12-02 16:00:00,0.4213868
4159,2013-12-02 16:00:00,533.89996
4159,2013-12-02 16:00:00,0.006651706
4159,2013-12-02 16:10:00,626.9717
4159,2013-12-02 16:10:00,0.4213868
4159,2013-12-02 16:20:00,556.93524
4159,2013-12-02 16:20:00,0.90277314
4159,2013-12-02 16:30:00,0.015739262
4159,2013-12-02 16:30:00,0.29327068
4159,2013-12-02 16:30:00,523.75195
4159,2013-12-02 16:30:00,0.4280385
4159,2013-12-02 16:40:00,0.8427736
4159,2013-12-02 16:40:00,0.4213868
4159,2013-12-02 16:40:00,560.3077
4159,2013-12-02 16:40:00,0.29327068
4159,2013-12-02 16:40:00,0.4213868
4159,2013-12-02 16:50:00,604.84143
4159,2013-12-02 17:00:00,533.25287
4159,2013-12-02 17:00:00,1.2641604
4159,2013-12-02 17:10:00,509.14163
4159,2013-12-02 17:10:00,1.0079281
4159,2013-12-02 17:20:00,535.48816
4159,2013-12-02 17:20:00,0.015739262
4159,2013-12-02 17:30:00,585.3719
4159,2013-12-02 17:30:00,0.4213868
4159,2013-12-02 17:40:00,479.8268
4159,2013-12-02 17:50:00,0.29327068
4159,2013-12-02 17:50:00,485.19397
4159,2013-12-02 17:50:00,0.006651706
4159,2013-12-02 17:50:00,0.4213868
4159,2013-12-02 18:00:00,479.53204
4159,2013-12-02 18:00:00,0.7146575
4159,2013-12-02 18:10:00,0.8483504
4159,2013-12-02 18:10:00,530.4221
4159,2013-12-02 18:10:00,0.90277314
4159,2013-12-02 18:10:00,0.29327068
4159,2013-12-02 18:10:00,1.2641604
4159,2013-12-02 18:20:00,489.87122
4159,2013-12-02 18:20:00,0.4213868
4159,2013-12-02 18:20:00,0.4213868
4159,2013-12-02 18:20:00,0.8427736
4159,2013-12-02 18:30:00,0.4213868
4159,2013-12-02 18:30:00,470.82816
4159,2013-12-02 18:30:00,0.4213868
4159,2013-12-02 18:40:00,508.63293
4159,2013-12-02 18:40:00,0.0055768173
4159,2013-12-02 18:40:00,0.8427736
4159,2013-12-02 18:50:00,0.015739262
4159,2013-12-02 18:50:00,0.006651706
4159,2013-12-02 18:50:00,408.47525
4159,2013-12-02 18:50:00,0.015739262
4159,2013-12-02 18:50:00,0.8106309
4159,2013-12-02 19:00:00,0.4213868
4159,2013-12-02 19:00:00,387.35757
4159,2013-12-02 19:00:00,0.90277314
4159,2013-12-02 19:10:00,359.52612
4159,2013-12-02 19:20:00,0.29327068
4159,2013-12-02 19:20:00,337.72736
4159,2013-12-02 19:30:00,348.0488
4159,2013-12-02 19:30:00,0.7146575
4159,2013-12-02 19:30:00,0.4346902
4159,2013-12-02 19:40:00,399.05652
4159,2013-12-02 19:40:00,0.4213868
4159,2013-12-02 19:50:00,361.21234
4159,2013-12-02 19:50:00,0.29327068
4159,2013-12-02 20:00:00,378.4649
4159,2013-12-02 20:10:00,343.5071
4159,2013-12-02 20:10:00,0.8427736
4159,2013-12-02 20:10:00,0.8427736
4159,2013-12-02 20:20:00,295.88898
4159,2013-12-02 20:20:00,0.7146575
4159,2013-12-02 20:30:00,0.29327068
4159,2013-12-02 20:30:00,288.7683
4159,2013-12-02 20:40:00,0.0055768173
4159,2013-12-02 20:40:00,326.12784
4159,2013-12-02 20:40:00,0.015739262
4159,2013-12-02 20:40:00,0.4213868
4159,2013-12-02 20:50:00,0.0055768173
4159,2013-12-02 20:50:00,350.80344
4159,2013-12-02 21:00:00,396.68478
4159,2013-12-02 21:00:00,0.29327068
4159,2013-12-02 21:10:00,291.3589
4159,2013-12-02 21:10:00,0.4213868
4159,2013-12-02 21:10:00,0.006651706
4159,2013-12-02 21:20:00,275.26175
4159,2013-12-02 21:20:00,0.015739262
4159,2013-12-02 21:20:00,0.4213868
4159,2013-12-02 21:30:00,285.35452
4159,2013-12-02 21:30:00,0.8106309
4159,2013-12-02 21:40:00,258.70758
4159,2013-12-02 21:40:00,0.015739262
4159,2013-12-02 21:40:00,0.4213868
4159,2013-12-02 21:50:00,0.0055768173
4159,2013-12-02 21:50:00,275.58054
4159,2013-12-02 21:50:00,0.4213868
4159,2013-12-02 22:00:00,237.7752
4159,2013-12-02 22:10:00,314.18338
4159,2013-12-02 22:20:00,268.2275
4159,2013-12-02 22:20:00,0.4213868
4159,2013-12-02 22:30:00,0.29327068
4159,2013-12-02 22:30:00,298.56555
4159,2013-12-02 22:30:00,0.031478524
4159,2013-12-02 22:30:00,0.29327068
4159,2013-12-02 22:40:00,293.2924
4159,2013-12-02 22:40:00,0.4213868
4159,2013-12-02 22:50:00,280.0648
4159,2013-12-02 22:50:00,0.006651706
4159,2013-12-02 22:50:00,0.7146575
4159,2013-12-02 23:00:00,316.11584
4159,2013-12-02 23:00:00,0.4280385
4159,2013-12-02 23:10:00,217.52596
4159,2013-12-02 23:10:00,0.015739262
4159,2013-12-02 23:10:00,0.29327068
4159,2013-12-02 23:20:00,215.81837
4159,2013-12-02 23:30:00,219.1847
4159,2013-12-02 23:30:00,0.4213868
4159,2013-12-02 23:40:00,0.4213868
4159,2013-12-02 23:40:00,192.94293
4159,2013-12-02 23:50:00,168.24109
4159,2013-12-03 00:00:00,195.6414
4159,2013-12-03 00:00:00,0.4213868
4159,2013-12-03 00:00:00,0.4213868
4159,2013-12-03 00:10:00,0.2999224
4159,2013-12-03 00:10:00,434.3238
4159,2013-12-03 00:10:00,0.4213868
4159,2013-12-03 00:20:00,132.9786
4159,2013-12-03 00:30:00,199.54146
4159,2013-12-03 00:40:00,210.93533
4159,2013-12-03 00:40:00,0.4213868
4159,2013-12-03 00:40:00,0.006651706
4159,2013-12-03 00:50:00,131.46793
4159,2013-12-03 01:00:00,159.39697
4159,2013-12-03 01:00:00,0.4213868
4159,2013-12-03 01:10:00,167.80952
4159,2013-12-03 01:10:00,0.48138633
4159,2013-12-03 01:10:00,0.4213868
4159,2013-12-03 01:20:00,128.91788
4159,2013-12-03 01:30:00,150.77406
4159,2013-12-03 01:40:00,153.11743
4159,2013-12-03 01:40:00,0.4213868
4159,2013-12-03 01:50:00,134.8493
4159,2013-12-03 01:50:00,0.29327068
4159,2013-12-03 02:00:00,152.25041
4159,2013-12-03 02:10:00,149.75508
4159,2013-12-03 02:20:00,140.67216
4159,2013-12-03 02:20:00,0.4213868
4159,2013-12-03 02:30:00,152.34183
4159,2013-12-03 02:40:00,151.40547
4159,2013-12-03 02:50:00,130.1405
4159,2013-12-03 02:50:00,0.4213868
4159,2013-12-03 03:00:00,136.1582
4159,2013-12-03 03:10:00,141.74818
4159,2013-12-03 03:20:00,132.06174
4159,2013-12-03 03:20:00,0.4213868
4159,2013-12-03 03:30:00,145.46848
4159,2013-12-03 03:40:00,141.74104
4159,2013-12-03 03:50:00,128.33014
4159,2013-12-03 03:50:00,0.4213868
4159,2013-12-03 04:00:00,150.76547
4159,2013-12-03 04:10:00,139.1569
4159,2013-12-03 04:20:00,134.118
4159,2013-12-03 04:30:00,147.76831
4159,2013-12-03 04:30:00,0.4213868
4159,2013-12-03 04:40:00,143.12752
4159,2013-12-03 04:50:00,123.89203
4159,2013-12-03 05:00:00,143.76218
4159,2013-12-03 05:00:00,0.4213868
4159,2013-12-03 05:10:00,145.87473
4159,2013-12-03 05:20:00,132.45358
4159,2013-12-03 05:30:00,152.48596
4159,2013-12-03 05:30:00,0.4213868
4159,2013-12-03 05:30:00,0.4213868
4159,2013-12-03 05:40:00,137.65186
4159,2013-12-03 05:50:00,0.015739262
4159,2013-12-03 05:50:00,159.63655
4159,2013-12-03 06:00:00,166.04689
4159,2013-12-03 06:10:00,158.37733
4159,2013-12-03 06:10:00,0.8427736
4159,2013-12-03 06:10:00,0.29327068
4159,2013-12-03 06:20:00,175.05614
4159,2013-12-03 06:30:00,196.17946
4159,2013-12-03 06:40:00,0.4213868
4159,2013-12-03 06:40:00,0.4213868
4159,2013-12-03 06:40:00,210.68462
4159,2013-12-03 06:40:00,0.8427736
4159,2013-12-03 06:40:00,0.29327068
4159,2013-12-03 06:50:00,320.3369
4159,2013-12-03 06:50:00,0.4213868
4159,2013-12-03 07:00:00,234.28674
4159,2013-12-03 07:00:00,0.8427736
4159,2013-12-03 07:10:00,286.40256
4159,2013-12-03 07:20:00,344.24512
4159,2013-12-03 07:20:00,0.006651706
4159,2013-12-03 07:30:00,309.8879
4159,2013-12-03 07:30:00,0.006651706
4159,2013-12-03 07:40:00,0.4213868
4159,2013-12-03 07:40:00,486.95032
4159,2013-12-03 07:40:00,1.32416
4159,2013-12-03 07:40:00,0.8106309
4159,2013-12-03 07:40:00,1.2641604
4159,2013-12-03 07:50:00,351.29034
4159,2013-12-03 07:50:00,0.90277314
4159,2013-12-03 07:50:00,0.4213868
4159,2013-12-03 08:00:00,405.767
4159,2013-12-03 08:00:00,0.006651706
4159,2013-12-03 08:00:00,0.4280385
4159,2013-12-03 08:10:00,462.94827
4159,2013-12-03 08:10:00,0.015739262
4159,2013-12-03 08:10:00,0.4213868
4159,2013-12-03 08:20:00,465.74643
4159,2013-12-03 08:20:00,0.031478524
4159,2013-12-03 08:20:00,0.4213868
4159,2013-12-03 08:30:00,0.4213868
4159,2013-12-03 08:30:00,469.5896
4159,2013-12-03 08:30:00,0.015739262
4159,2013-12-03 08:30:00,0.006651706
4159,2013-12-03 08:40:00,0.006651706
4159,2013-12-03 08:40:00,458.634
4159,2013-12-03 08:40:00,0.015739262
4159,2013-12-03 08:40:00,0.006651706
4159,2013-12-03 08:50:00,0.4213868
4159,2013-12-03 08:50:00,449.9381
4159,2013-12-03 08:50:00,0.4280385
4159,2013-12-03 09:00:00,510.26907
4159,2013-12-03 09:10:00,548.11676
4159,2013-12-03 09:20:00,0.015739262
4159,2013-12-03 09:20:00,602.45374
4159,2013-12-03 09:20:00,0.8427736
4159,2013-12-03 09:20:00,0.006651706
4159,2013-12-03 09:30:00,0.0055768173
4159,2013-12-03 09:30:00,618.0945
4159,2013-12-03 09:30:00,1.2320178
4159,2013-12-03 09:30:00,2.134791
4159,2013-12-03 09:30:00,0.4280385
4159,2013-12-03 09:40:00,645.8808
4159,2013-12-03 09:40:00,1.9255453
4159,2013-12-03 09:40:00,0.29327068
4159,2013-12-03 09:50:00,639.85645
4159,2013-12-03 09:50:00,0.8106309
4159,2013-12-03 09:50:00,0.4280385
4159,2013-12-03 10:00:00,0.4213868
4159,2013-12-03 10:00:00,596.9401
4159,2013-12-03 10:00:00,0.015739262
4159,2013-12-03 10:00:00,0.015739262
4159,2013-12-03 10:10:00,619.3238
4159,2013-12-03 10:20:00,0.4213868
4159,2013-12-03 10:20:00,598.5157
4159,2013-12-03 10:30:00,0.8106309
4159,2013-12-03 10:30:00,625.75055
4159,2013-12-03 10:30:00,0.90277314
4159,2013-12-03 10:30:00,0.006651706
4159,2013-12-03 10:30:00,0.29327068
4159,2013-12-03 10:30:00,0.4213868
4159,2013-12-03 10:40:00,678.5495
4159,2013-12-03 10:40:00,0.90277314
4159,2013-12-03 10:40:00,0.4213868
4159,2013-12-03 10:50:00,642.42633
4159,2013-12-03 11:00:00,0.4213868
4159,2013-12-03 11:00:00,742.8317
4159,2013-12-03 11:10:00,740.7376
4159,2013-12-03 11:10:00,0.8106309
4159,2013-12-03 11:10:00,0.013303412
4159,2013-12-03 11:20:00,684.18134
4159,2013-12-03 11:20:00,1.0079281
4159,2013-12-03 11:30:00,0.4213868
4159,2013-12-03 11:30:00,709.86707
4159,2013-12-03 11:30:00,0.4213868
4159,2013-12-03 11:30:00,1.5731703
4159,2013-12-03 11:40:00,610.0297
4159,2013-12-03 11:50:00,613.1253
4159,2013-12-03 11:50:00,0.006651706
4159,2013-12-03 11:50:00,0.006651706
4159,2013-12-03 11:50:00,0.4280385
4159,2013-12-03 11:50:00,0.0055768173
4159,2013-12-03 12:00:00,649.9153
4159,2013-12-03 12:00:00,1.2386694
4159,2013-12-03 12:00:00,0.006651706
4159,2013-12-03 12:00:00,0.7146575
4159,2013-12-03 12:10:00,590.98395
4159,2013-12-03 12:10:00,2.8854222
4159,2013-12-03 12:20:00,643.13336
4159,2013-12-03 12:20:00,0.006651706
4159,2013-12-03 12:30:00,0.4213868
4159,2013-12-03 12:30:00,547.7353
4159,2013-12-03 12:30:00,0.006651706
4159,2013-12-03 12:30:00,1.2708122
4159,2013-12-03 12:40:00,606.28107
4159,2013-12-03 12:40:00,0.90277314
4159,2013-12-03 12:40:00,0.29327068
4159,2013-12-03 12:40:00,0.856077
4159,2013-12-03 12:50:00,605.2404
4159,2013-12-03 12:50:00,0.015739262
4159,2013-12-03 12:50:00,0.4213868
4159,2013-12-03 13:00:00,695.8413
4159,2013-12-03 13:00:00,0.90942484
4159,2013-12-03 13:10:00,0.015739262
4159,2013-12-03 13:10:00,0.006651706
4159,2013-12-03 13:10:00,780.48755
4159,2013-12-03 13:10:00,0.006651706
4159,2013-12-03 13:10:00,0.8427736
4159,2013-12-03 13:20:00,629.3813
4159,2013-12-03 13:20:00,1.9788179
4159,2013-12-03 13:30:00,0.015739262
4159,2013-12-03 13:30:00,634.0284
4159,2013-12-03 13:30:00,0.4213868
4159,2013-12-03 13:40:00,566.522
4159,2013-12-03 13:40:00,2.1414425
4159,2013-12-03 13:40:00,0.006651706
4159,2013-12-03 13:50:00,554.55676
4159,2013-12-03 13:50:00,0.4213868
4159,2013-12-03 13:50:00,0.006651706
4159,2013-12-03 14:00:00,0.29327068
4159,2013-12-03 14:00:00,643.3145
4159,2013-12-03 14:00:00,0.4213868
4159,2013-12-03 14:00:00,0.7213092
4159,2013-12-03 14:10:00,0.4213868
4159,2013-12-03 14:10:00,617.00653
4159,2013-12-03 14:10:00,0.4213868
4159,2013-12-03 14:20:00,0.0055768173
4159,2013-12-03 14:20:00,528.75415
4159,2013-12-03 14:20:00,0.4213868
4159,2013-12-03 14:20:00,0.006651706
4159,2013-12-03 14:30:00,0.047217786
4159,2013-12-03 14:30:00,0.015739262
4159,2013-12-03 14:30:00,548.9333
4159,2013-12-03 14:40:00,0.015739262
4159,2013-12-03 14:40:00,534.0154
4159,2013-12-03 14:40:00,0.4213868
4159,2013-12-03 14:50:00,528.59625
4159,2013-12-03 14:50:00,0.4213868
4159,2013-12-03 14:50:00,0.42696363
4159,2013-12-03 15:00:00,641.3996
4159,2013-12-03 15:00:00,0.8106309
4159,2013-12-03 15:00:00,0.4213868
4159,2013-12-03 15:00:00,0.4213868
4159,2013-12-03 15:00:00,0.2999224
4159,2013-12-03 15:10:00,0.0055768173
4159,2013-12-03 15:10:00,668.7427
4159,2013-12-03 15:10:00,0.4213868
4159,2013-12-03 15:10:00,0.8106309
4159,2013-12-03 15:10:00,0.0055768173
4159,2013-12-03 15:20:00,0.006651706
4159,2013-12-03 15:20:00,628.7085
4159,2013-12-03 15:20:00,0.4213868
4159,2013-12-03 15:30:00,2.0426486
4159,2013-12-03 15:30:00,620.06274
4159,2013-12-03 15:40:00,599.524
4159,2013-12-03 15:40:00,0.015739262
4159,2013-12-03 15:40:00,0.4213868
4159,2013-12-03 15:40:00,0.016730452
4159,2013-12-03 15:50:00,552.59283
4159,2013-12-03 15:50:00,0.4213868
4159,2013-12-03 15:50:00,0.4213868
4159,2013-12-03 15:50:00,0.2999224
4159,2013-12-03 15:50:00,0.4213868
4159,2013-12-03 16:00:00,589.84705
4159,2013-12-03 16:00:00,0.8427736
4159,2013-12-03 16:10:00,629.9868
4159,2013-12-03 16:10:00,0.0055768173
4159,2013-12-03 16:20:00,0.4213868
4159,2013-12-03 16:20:00,574.2941
4159,2013-12-03 16:20:00,0.48138633
4159,2013-12-03 16:20:00,0.4213868
4159,2013-12-03 16:20:00,0.006651706
4159,2013-12-03 16:20:00,1.3398992
4159,2013-12-03 16:30:00,0.58654135
4159,2013-12-03 16:30:00,688.9246
4159,2013-12-03 16:30:00,0.4213868
4159,2013-12-03 16:30:00,0.4213868
4159,2013-12-03 16:30:00,0.4213868
4159,2013-12-03 16:30:00,0.48138633
4159,2013-12-03 16:40:00,648.2067
4159,2013-12-03 16:40:00,0.90277314
4159,2013-12-03 16:40:00,0.4213868
4159,2013-12-03 16:40:00,0.8427736
4159,2013-12-03 16:40:00,0.90277314
4159,2013-12-03 16:40:00,0.48138633
4159,2013-12-03 16:50:00,624.8387
4159,2013-12-03 16:50:00,0.8427736
4159,2013-12-03 16:50:00,0.4280385
4159,2013-12-03 16:50:00,0.4213868
4159,2013-12-03 17:00:00,0.015739262
4159,2013-12-03 17:00:00,0.006651706
4159,2013-12-03 17:00:00,661.405
4159,2013-12-03 17:00:00,0.4213868
4159,2013-12-03 17:00:00,1.6534045
4159,2013-12-03 17:00:00,1.2641604
4159,2013-12-03 17:00:00,0.4213868
4159,2013-12-03 17:10:00,574.99677
4159,2013-12-03 17:10:00,0.48138633
4159,2013-12-03 17:10:00,0.8427736
4159,2013-12-03 17:10:00,0.2999224
4159,2013-12-03 17:10:00,0.4213868
4159,2013-12-03 17:10:00,0.90277314
4159,2013-12-03 17:10:00,0.48138633
4159,2013-12-03 17:20:00,497.3564
4159,2013-12-03 17:20:00,0.4213868
4159,2013-12-03 17:20:00,0.8427736
4159,2013-12-03 17:30:00,0.015739262
4159,2013-12-03 17:30:00,485.24567
4159,2013-12-03 17:30:00,0.48138633
4159,2013-12-03 17:30:00,0.006651706
4159,2013-12-03 17:40:00,0.4213868
4159,2013-12-03 17:40:00,501.8088
4159,2013-12-03 17:40:00,0.4213868
4159,2013-12-03 17:40:00,0.4213868
4159,2013-12-03 17:50:00,0.29327068
4159,2013-12-03 17:50:00,449.87515
4159,2013-12-03 17:50:00,0.29327068
4159,2013-12-03 17:50:00,0.4213868
4159,2013-12-03 18:00:00,439.5607
4159,2013-12-03 18:00:00,0.006651706
4159,2013-12-03 18:00:00,0.59319305
4159,2013-12-03 18:00:00,0.90277314
4159,2013-12-03 18:10:00,0.8427736
4159,2013-12-03 18:10:00,464.37256
4159,2013-12-03 18:10:00,0.90277314
4159,2013-12-03 18:20:00,453.76376
4159,2013-12-03 18:20:00,0.4213868
4159,2013-12-03 18:20:00,0.58654135
4159,2013-12-03 18:20:00,0.4213868
4159,2013-12-03 18:20:00,0.4213868
4159,2013-12-03 18:30:00,0.006651706
4159,2013-12-03 18:30:00,431.63644
4159,2013-12-03 18:30:00,0.4213868
4159,2013-12-03 18:30:00,0.4280385
4159,2013-12-03 18:30:00,0.8427736
4159,2013-12-03 18:30:00,1.3841594
4159,2013-12-03 18:40:00,0.015739262
4159,2013-12-03 18:40:00,405.00864
4159,2013-12-03 18:40:00,0.8427736
4159,2013-12-03 18:40:00,0.8585129
4159,2013-12-03 18:40:00,2.1669335
4159,2013-12-03 18:40:00,0.8427736
4159,2013-12-03 18:50:00,390.03647
4159,2013-12-03 18:50:00,0.4213868
4159,2013-12-03 18:50:00,0.8427736
4159,2013-12-03 18:50:00,0.90277314
4159,2013-12-03 18:50:00,0.90277314
4159,2013-12-03 19:00:00,0.48138633
4159,2013-12-03 19:00:00,496.00784
4159,2013-12-03 19:00:00,0.4213868
4159,2013-12-03 19:00:00,0.02239097
4159,2013-12-03 19:00:00,0.4213868
4159,2013-12-03 19:00:00,0.96277267
4159,2013-12-03 19:10:00,0.48138633
4159,2013-12-03 19:10:00,345.86243
4159,2013-12-03 19:10:00,1.444159
4159,2013-12-03 19:10:00,0.4280385
4159,2013-12-03 19:10:00,0.4213868
4159,2013-12-03 19:10:00,0.48138633
4159,2013-12-03 19:20:00,434.0486
4159,2013-12-03 19:20:00,0.90277314
4159,2013-12-03 19:20:00,0.8427736
4159,2013-12-03 19:30:00,332.60883
4159,2013-12-03 19:30:00,0.4213868
4159,2013-12-03 19:30:00,0.48138633
4159,2013-12-03 19:40:00,406.86996
4159,2013-12-03 19:40:00,2.7083194
4159,2013-12-03 19:40:00,0.006651706
4159,2013-12-03 19:40:00,0.48138633
4159,2013-12-03 19:40:00,1.8055463
4159,2013-12-03 19:50:00,306.1514
4159,2013-12-03 19:50:00,0.48138633
4159,2013-12-03 19:50:00,0.006651706
4159,2013-12-03 19:50:00,1.8655457
4159,2013-12-03 20:00:00,337.25687
4159,2013-12-03 20:00:00,0.4213868
4159,2013-12-03 20:00:00,0.4213868
4159,2013-12-03 20:10:00,0.48138633
4159,2013-12-03 20:10:00,416.27298
4159,2013-12-03 20:10:00,0.006651706
4159,2013-12-03 20:10:00,0.013303412
4159,2013-12-03 20:20:00,299.6485
4159,2013-12-03 20:30:00,280.02054
4159,2013-12-03 20:30:00,0.4213868
4159,2013-12-03 20:30:00,0.58654135
4159,2013-12-03 20:40:00,342.98715
4159,2013-12-03 20:40:00,0.013303412
4159,2013-12-03 20:40:00,0.013303412
4159,2013-12-03 20:40:00,0.856077
4159,2013-12-03 20:50:00,360.0872
4159,2013-12-03 20:50:00,0.013303412
4159,2013-12-03 21:00:00,264.134
4159,2013-12-03 21:10:00,397.3915
4159,2013-12-03 21:10:00,0.4213868
4159,2013-12-03 21:20:00,298.02805
4159,2013-12-03 21:20:00,0.013303412
4159,2013-12-03 21:20:00,0.29327068
4159,2013-12-03 21:30:00,264.4812
4159,2013-12-03 21:40:00,263.99057
4159,2013-12-03 21:40:00,0.4213868
4159,2013-12-03 21:50:00,0.0055768173
4159,2013-12-03 21:50:00,229.32976
4159,2013-12-03 21:50:00,0.013303412
4159,2013-12-03 22:00:00,237.92151
4159,2013-12-03 22:10:00,285.01016
4159,2013-12-03 22:10:00,0.4213868
4159,2013-12-03 22:10:00,0.006651706
4159,2013-12-03 22:20:00,270.8092
4159,2013-12-03 22:20:00,0.013303412
4159,2013-12-03 22:30:00,242.01724
4159,2013-12-03 22:40:00,0.04461454
4159,2013-12-03 22:40:00,254.38963
4159,2013-12-03 22:40:00,0.4213868
4159,2013-12-03 22:50:00,0.033460904
4159,2013-12-03 22:50:00,243.80186
4159,2013-12-03 22:50:00,0.4213868
4159,2013-12-03 23:00:00,303.72574
4159,2013-12-03 23:00:00,0.006651706
4159,2013-12-03 23:00:00,0.8427736
4159,2013-12-03 23:10:00,236.5869
4159,2013-12-03 23:10:00,0.4213868
4159,2013-12-03 23:20:00,203.41518
4159,2013-12-03 23:20:00,0.4213868
4159,2013-12-03 23:20:00,0.48138633
4159,2013-12-03 23:30:00,0.015739262
4159,2013-12-03 23:30:00,195.60783
4159,2013-12-03 23:30:00,0.006651706
4159,2013-12-03 23:40:00,170.68637
4159,2013-12-03 23:40:00,0.29327068
4159,2013-12-03 23:50:00,167.13387
4159,2013-12-03 23:50:00,0.4213868
4159,2013-12-04 00:00:00,172.00629
4159,2013-12-04 00:00:00,0.006651706
4159,2013-12-04 00:00:00,0.4213868
4159,2013-12-04 00:10:00,168.74342
4159,2013-12-04 00:20:00,158.66365
4159,2013-12-04 00:20:00,0.4213868
4159,2013-12-04 00:30:00,159.64835
4159,2013-12-04 00:40:00,153.80508
4159,2013-12-04 00:40:00,0.006651706
4159,2013-12-04 00:40:00,0.006651706
4159,2013-12-04 00:50:00,176.45369
4159,2013-12-04 01:00:00,216.63237
4159,2013-12-04 01:00:00,0.4213868
4159,2013-12-04 01:10:00,0.031478524
4159,2013-12-04 01:10:00,267.63132
4159,2013-12-04 01:10:00,0.006651706
4159,2013-12-04 01:10:00,0.4213868
4159,2013-12-04 01:20:00,128.44202
4159,2013-12-04 01:30:00,121.727264
4159,2013-12-04 01:30:00,0.4213868
4159,2013-12-04 01:30:00,0.29327068
4159,2013-12-04 01:40:00,127.93248
4159,2013-12-04 01:40:00,0.006651706
4159,2013-12-04 01:50:00,117.50882
4159,2013-12-04 02:00:00,113.974075
4159,2013-12-04 02:00:00,0.4213868
4159,2013-12-04 02:10:00,123.88811
4159,2013-12-04 02:20:00,121.11647
4159,2013-12-04 02:20:00,0.006651706
4159,2013-12-04 02:30:00,121.24205
4159,2013-12-04 02:40:00,125.90128
4159,2013-12-04 02:40:00,0.4213868
4159,2013-12-04 02:50:00,113.65334
4159,2013-12-04 02:50:00,0.006651706
4159,2013-12-04 03:00:00,118.85472
4159,2013-12-04 03:10:00,113.684
4159,2013-12-04 03:10:00,0.4213868
4159,2013-12-04 03:20:00,102.92793
4159,2013-12-04 03:20:00,0.006651706
4159,2013-12-04 03:30:00,109.398865
4159,2013-12-04 03:30:00,0.0055768173
4159,2013-12-04 03:40:00,106.72737
4159,2013-12-04 03:40:00,0.4213868
4159,2013-12-04 03:50:00,105.83445
4159,2013-12-04 03:50:00,0.006651706
4159,2013-12-04 04:00:00,110.96468
4159,2013-12-04 04:10:00,106.59036
4159,2013-12-04 04:20:00,111.645905
4159,2013-12-04 04:20:00,0.4213868
4159,2013-12-04 04:30:00,0.4213868
4159,2013-12-04 04:30:00,120.55409
4159,2013-12-04 04:30:00,0.006651706
4159,2013-12-04 04:40:00,116.842766
4159,2013-12-04 04:50:00,111.50487
4159,2013-12-04 04:50:00,0.4213868
4159,2013-12-04 05:00:00,120.84426
4159,2013-12-04 05:00:00,0.006651706
4159,2013-12-04 05:10:00,132.31241
4159,2013-12-04 05:20:00,133.6184
4159,2013-12-04 05:20:00,0.4213868
4159,2013-12-04 05:30:00,131.55836
4159,2013-12-04 05:30:00,0.006651706
4159,2013-12-04 05:40:00,140.35641
4159,2013-12-04 05:50:00,141.72581
4159,2013-12-04 06:00:00,156.45279
4159,2013-12-04 06:00:00,0.015739262
4159,2013-12-04 06:00:00,0.7146575
4159,2013-12-04 06:10:00,153.81732
4159,2013-12-04 06:10:00,0.006651706
4159,2013-12-04 06:20:00,159.14232
4159,2013-12-04 06:30:00,322.24023
4159,2013-12-04 06:30:00,0.4213868
4159,2013-12-04 06:30:00,0.4213868
4159,2013-12-04 06:40:00,0.4213868
4159,2013-12-04 06:40:00,214.23866
4159,2013-12-04 06:40:00,0.006651706
4159,2013-12-04 06:40:00,0.8427736
4159,2013-12-04 06:50:00,226.47437
4159,2013-12-04 06:50:00,0.4280385
4159,2013-12-04 07:00:00,0.4213868
4159,2013-12-04 07:00:00,257.805
4159,2013-12-04 07:00:00,0.7146575
4159,2013-12-04 07:00:00,0.8427736
4159,2013-12-04 07:10:00,308.8132
4159,2013-12-04 07:10:00,0.4280385
4159,2013-12-04 07:20:00,1.8055463
4159,2013-12-04 07:20:00,288.54544
4159,2013-12-04 07:20:00,0.4213868
4159,2013-12-04 07:20:00,0.8427736
4159,2013-12-04 07:20:00,0.43712607
4159,2013-12-04 07:30:00,0.006651706
4159,2013-12-04 07:30:00,337.76425
4159,2013-12-04 07:30:00,0.8427736
4159,2013-12-04 07:40:00,0.7146575
4159,2013-12-04 07:40:00,424.67236
4159,2013-12-04 07:40:00,0.006651706
4159,2013-12-04 07:40:00,1.2641604
4159,2013-12-04 07:50:00,380.66425
4159,2013-12-04 07:50:00,0.015739262
4159,2013-12-04 08:00:00,454.23688
4159,2013-12-04 08:00:00,0.4280385
4159,2013-12-04 08:00:00,0.4213868
4159,2013-12-04 08:10:00,439.52478
4159,2013-12-04 08:20:00,466.1156
4159,2013-12-04 08:30:00,478.3439
4159,2013-12-04 08:30:00,0.4213868
4159,2013-12-04 08:30:00,0.4280385
4159,2013-12-04 08:40:00,435.47104
4159,2013-12-04 08:40:00,0.90277314
4159,2013-12-04 08:40:00,1.2708122
4159,2013-12-04 08:40:00,0.90277314
4159,2013-12-04 08:50:00,0.015739262
4159,2013-12-04 08:50:00,442.18362
4159,2013-12-04 08:50:00,0.4213868
4159,2013-12-04 08:50:00,4.4217234
4159,2013-12-04 09:00:00,450.8729
4159,2013-12-04 09:00:00,1.3841594
4159,2013-12-04 09:10:00,1.713404
4159,2013-12-04 09:10:00,528.9386
4159,2013-12-04 09:10:00,0.4213868
4159,2013-12-04 09:10:00,0.006651706
4159,2013-12-04 09:20:00,616.7691
4159,2013-12-04 09:20:00,0.006651706
4159,2013-12-04 09:20:00,2.4640355
4159,2013-12-04 09:20:00,0.006651706
4159,2013-12-04 09:20:00,0.006651706
4159,2013-12-04 09:30:00,0.48138633
4159,2013-12-04 09:30:00,0.4213868
4159,2013-12-04 09:30:00,1.8055463
4159,2013-12-04 09:30:00,0.006651706
4159,2013-12-04 09:30:00,577.9525
4159,2013-12-04 09:30:00,0.006651706
4159,2013-12-04 09:40:00,1.8055463
4159,2013-12-04 09:40:00,560.3816
4159,2013-12-04 09:40:00,0.4213868
4159,2013-12-04 09:40:00,0.8427736
4159,2013-12-04 09:50:00,0.90277314
4159,2013-12-04 09:50:00,519.8412
4159,2013-12-04 09:50:00,0.30900994
4159,2013-12-04 10:00:00,0.4213868
4159,2013-12-04 10:00:00,0.8427736
4159,2013-12-04 10:00:00,506.14767
4159,2013-12-04 10:00:00,0.006651706
4159,2013-12-04 10:10:00,506.3355
4159,2013-12-04 10:10:00,0.4213868
4159,2013-12-04 10:10:00,1.0145799
4159,2013-12-04 10:20:00,508.08475
4159,2013-12-04 10:20:00,1.2320178
4159,2013-12-04 10:20:00,0.4213868
4159,2013-12-04 10:20:00,0.0055768173
4159,2013-12-04 10:30:00,499.14343
4159,2013-12-04 10:30:00,0.013303412
4159,2013-12-04 10:30:00,0.4213868
4159,2013-12-04 10:40:00,0.48138633
4159,2013-12-04 10:40:00,0.4213868
4159,2013-12-04 10:40:00,527.43427
4159,2013-12-04 10:40:00,1.6534045
4159,2013-12-04 10:40:00,0.4213868
4159,2013-12-04 10:40:00,0.48138633
4159,2013-12-04 10:50:00,523.81036
4159,2013-12-04 10:50:00,0.4213868
4159,2013-12-04 11:00:00,600.3011
4159,2013-12-04 11:00:00,0.4213868
4159,2013-12-04 11:10:00,0.02131608
4159,2013-12-04 11:10:00,0.48138633
4159,2013-12-04 11:10:00,642.2061
4159,2013-12-04 11:10:00,0.4213868
4159,2013-12-04 11:10:00,0.4213868
4159,2013-12-04 11:20:00,0.006651706
4159,2013-12-04 11:20:00,657.2322
4159,2013-12-04 11:20:00,0.2999224
4159,2013-12-04 11:30:00,685.2286
4159,2013-12-04 11:30:00,0.4213868
4159,2013-12-04 11:40:00,0.90277314
4159,2013-12-04 11:40:00,606.76575
4159,2013-12-04 11:40:00,0.4213868
4159,2013-12-04 11:40:00,0.4213868
4159,2013-12-04 11:50:00,1.32416
4159,2013-12-04 11:50:00,562.9871
4159,2013-12-04 11:50:00,0.006651706
4159,2013-12-04 12:00:00,0.006651706
4159,2013-12-04 12:00:00,0.90277314
4159,2013-12-04 12:00:00,1.32416
4159,2013-12-04 12:00:00,680.1625
4159,2013-12-04 12:00:00,0.8427736
4159,2013-12-04 12:00:00,0.48138633
4159,2013-12-04 12:10:00,0.015739262
4159,2013-12-04 12:10:00,2.226933
4159,2013-12-04 12:10:00,583.7211
4159,2013-12-04 12:10:00,2.9775643
4159,2013-12-04 12:10:00,0.4213868
4159,2013-12-04 12:20:00,0.015739262
4159,2013-12-04 12:20:00,0.006651706
4159,2013-12-04 12:20:00,0.4213868
4159,2013-12-04 12:20:00,555.16907
4159,2013-12-04 12:20:00,0.006651706
4159,2013-12-04 12:20:00,4.361724
4159,2013-12-04 12:20:00,0.006651706
4159,2013-12-04 12:20:00,0.015739262
4159,2013-12-04 12:30:00,0.015739262
4159,2013-12-04 12:30:00,0.48138633
4159,2013-12-04 12:30:00,0.011153635
4159,2013-12-04 12:30:00,608.4463
4159,2013-12-04 12:30:00,6.1600885
4159,2013-12-04 12:40:00,0.015739262
4159,2013-12-04 12:40:00,1.2641604
4159,2013-12-04 12:40:00,537.685
4159,2013-12-04 12:40:00,0.2999224
4159,2013-12-04 12:40:00,3.8803375
4159,2013-12-04 12:40:00,0.8494253
4159,2013-12-04 12:50:00,1.3841594
4159,2013-12-04 12:50:00,0.4213868
4159,2013-12-04 12:50:00,609.8273
4159,2013-12-04 12:50:00,1.2320178
4159,2013-12-04 12:50:00,0.4213868
4159,2013-12-04 12:50:00,0.8427736
4159,2013-12-04 13:00:00,647.6642
4159,2013-12-04 13:00:00,0.006651706
4159,2013-12-04 13:00:00,0.90277314
4159,2013-12-04 13:10:00,0.48138633
4159,2013-12-04 13:10:00,1.8055463
4159,2013-12-04 13:10:00,683.7275
4159,2013-12-04 13:10:00,0.4213868
4159,2013-12-04 13:10:00,0.43712607
4159,2013-12-04 13:10:00,0.90277314
4159,2013-12-04 13:20:00,0.4213868
4159,2013-12-04 13:20:00,587.5084
4159,2013-12-04 13:20:00,0.4213868
4159,2013-12-04 13:20:00,2.106934
4159,2013-12-04 13:30:00,2.0747912
4159,2013-12-04 13:30:00,577.57733
4159,2013-12-04 13:30:00,0.006651706
4159,2013-12-04 13:30:00,0.29327068
4159,2013-12-04 13:30:00,0.8494253
4159,2013-12-04 13:40:00,0.48138633
4159,2013-12-04 13:40:00,530.3157
4159,2013-12-04 13:50:00,570.97546
4159,2013-12-04 13:50:00,0.4213868
4159,2013-12-04 13:50:00,0.006651706
4159,2013-12-04 14:00:00,564.7464
4159,2013-12-04 14:00:00,0.8106309
4159,2013-12-04 14:00:00,0.29327068
4159,2013-12-04 14:00:00,0.0055768173
4159,2013-12-04 14:10:00,0.031478524
4159,2013-12-04 14:10:00,528.71844
4159,2013-12-04 14:10:00,0.015739262
4159,2013-12-04 14:20:00,0.02131608
4159,2013-12-04 14:20:00,0.015739262
4159,2013-12-04 14:20:00,0.4213868
4159,2013-12-04 14:20:00,559.8395
4159,2013-12-04 14:30:00,0.4213868
4159,2013-12-04 14:30:00,2.2869327
4159,2013-12-04 14:30:00,576.7772
4159,2013-12-04 14:30:00,0.4213868
4159,2013-12-04 14:30:00,0.0055768173
4159,2013-12-04 14:40:00,0.29327068
4159,2013-12-04 14:40:00,561.23206
4159,2013-12-04 14:40:00,0.48138633
4159,2013-12-04 14:40:00,0.3065741
4159,2013-12-04 14:40:00,0.8427736
4159,2013-12-04 14:40:00,0.4280385
4159,2013-12-04 14:50:00,581.6256
4159,2013-12-04 14:50:00,0.48138633
4159,2013-12-04 14:50:00,0.4213868
4159,2013-12-04 14:50:00,0.90277314
4159,2013-12-04 15:00:00,627.6931
4159,2013-12-04 15:00:00,2.5561776
4159,2013-12-04 15:00:00,0.4213868
4159,2013-12-04 15:00:00,0.015739262
4159,2013-12-04 15:10:00,0.4213868
4159,2013-12-04 15:10:00,0.48138633
4159,2013-12-04 15:10:00,607.7548
4159,2013-12-04 15:10:00,0.015739262
4159,2013-12-04 15:20:00,0.015739262
4159,2013-12-04 15:20:00,563.8589
4159,2013-12-04 15:30:00,0.015739262
4159,2013-12-04 15:30:00,1.32416
4159,2013-12-04 15:30:00,530.58997
4159,2013-12-04 15:30:00,0.4280385
4159,2013-12-04 15:30:00,0.013303412
4159,2013-12-04 15:40:00,549.4913
4159,2013-12-04 15:40:00,1.32416
4159,2013-12-04 15:40:00,0.4213868
4159,2013-12-04 15:50:00,559.1729
4159,2013-12-04 15:50:00,0.90277314
4159,2013-12-04 15:50:00,0.006651706
4159,2013-12-04 15:50:00,0.7213092
4159,2013-12-04 15:50:00,0.006651706
4159,2013-12-04 16:00:00,500.90982
4159,2013-12-04 16:00:00,0.90277314
4159,2013-12-04 16:00:00,2.1669335
4159,2013-12-04 16:10:00,0.8427736
4159,2013-12-04 16:10:00,504.09003
4159,2013-12-04 16:10:00,1.2641604
4159,2013-12-04 16:10:00,0.4213868
4159,2013-12-04 16:20:00,0.011153635
4159,2013-12-04 16:20:00,0.90277314
4159,2013-12-04 16:20:00,520.7342
4159,2013-12-04 16:20:00,0.031478524
4159,2013-12-04 16:30:00,0.015739262
4159,2013-12-04 16:30:00,545.7236
4159,2013-12-04 16:40:00,0.8106309
4159,2013-12-04 16:40:00,570.0301
4159,2013-12-04 16:40:00,1.713404
4159,2013-12-04 16:40:00,0.4213868
4159,2013-12-04 16:40:00,0.4213868
4159,2013-12-04 16:50:00,0.29327068
4159,2013-12-04 16:50:00,582.9589
4159,2013-12-04 17:00:00,564.0557
4159,2013-12-04 17:00:00,0.4213868
4159,2013-12-04 17:00:00,0.8106309
4159,2013-12-04 17:00:00,0.4213868
4159,2013-12-04 17:10:00,0.4213868
4159,2013-12-04 17:10:00,495.90912
4159,2013-12-04 17:10:00,0.8106309
4159,2013-12-04 17:10:00,0.4213868
4159,2013-12-04 17:10:00,0.4213868
4159,2013-12-04 17:20:00,0.8106309
4159,2013-12-04 17:20:00,419.01712
4159,2013-12-04 17:20:00,0.006651706
4159,2013-12-04 17:20:00,0.8427736
4159,2013-12-04 17:30:00,0.4213868
4159,2013-12-04 17:30:00,470.64227
4159,2013-12-04 17:30:00,0.4213868
4159,2013-12-04 17:40:00,0.0055768173
4159,2013-12-04 17:40:00,0.90277314
4159,2013-12-04 17:40:00,429.70654
4159,2013-12-04 17:40:00,0.4213868
4159,2013-12-04 17:50:00,0.48138633
4159,2013-12-04 17:50:00,448.7769
4159,2013-12-04 17:50:00,0.015739262
4159,2013-12-04 17:50:00,0.015739262
4159,2013-12-04 18:00:00,436.87756
4159,2013-12-04 18:00:00,0.29327068
4159,2013-12-04 18:10:00,0.015739262
4159,2013-12-04 18:10:00,0.4213868
4159,2013-12-04 18:10:00,0.48138633
4159,2013-12-04 18:10:00,382.82486
4159,2013-12-04 18:20:00,0.015739262
4159,2013-12-04 18:20:00,415.73352
4159,2013-12-04 18:20:00,0.4213868
4159,2013-12-04 18:20:00,0.8427736
4159,2013-12-04 18:30:00,0.4280385
4159,2013-12-04 18:30:00,0.4213868
4159,2013-12-04 18:30:00,397.56833
4159,2013-12-04 18:30:00,0.8427736
4159,2013-12-04 18:40:00,404.66196
4159,2013-12-04 18:40:00,0.006651706
4159,2013-12-04 18:50:00,0.015739262
4159,2013-12-04 18:50:00,400.17487
4159,2013-12-04 18:50:00,0.4213868
4159,2013-12-04 18:50:00,0.4213868
4159,2013-12-04 19:00:00,1.6534045
4159,2013-12-04 19:00:00,344.39697
4159,2013-12-04 19:00:00,0.4280385
4159,2013-12-04 19:00:00,0.48138633
4159,2013-12-04 19:10:00,306.66406
4159,2013-12-04 19:10:00,0.4213868
4159,2013-12-04 19:20:00,0.4213868
4159,2013-12-04 19:20:00,335.1812
4159,2013-12-04 19:20:00,0.29327068
4159,2013-12-04 19:30:00,330.26874
4159,2013-12-04 19:30:00,0.4213868
4159,2013-12-04 19:40:00,0.012228523
4159,2013-12-04 19:40:00,0.8106309
4159,2013-12-04 19:40:00,301.53674
4159,2013-12-04 19:50:00,292.05435
4159,2013-12-04 19:50:00,0.02239097
4159,2013-12-04 20:00:00,0.8106309
4159,2013-12-04 20:00:00,287.80328
4159,2013-12-04 20:00:00,0.4213868
4159,2013-12-04 20:00:00,0.8106309
4159,2013-12-04 20:10:00,293.84402
4159,2013-12-04 20:10:00,0.031478524
4159,2013-12-04 20:10:00,0.4213868
4159,2013-12-04 20:20:00,346.6048
4159,2013-12-04 20:20:00,0.015739262
4159,2013-12-04 20:20:00,0.013303412
4159,2013-12-04 20:30:00,423.58197
4159,2013-12-04 20:30:00,0.48138633
4159,2013-12-04 20:40:00,0.006651706
4159,2013-12-04 20:40:00,326.6808
4159,2013-12-04 20:40:00,0.4213868
4159,2013-12-04 20:40:00,0.006651706
4159,2013-12-04 20:50:00,287.55325
4159,2013-12-04 20:50:00,0.4213868
4159,2013-12-04 21:00:00,230.98666
4159,2013-12-04 21:00:00,0.96277267
4159,2013-12-04 21:10:00,265.71326
4159,2013-12-04 21:10:00,0.031478524
4159,2013-12-04 21:10:00,0.90277314
4159,2013-12-04 21:10:00,0.44513738
4159,2013-12-04 21:20:00,0.4213868
4159,2013-12-04 21:20:00,0.0055768173
4159,2013-12-04 21:20:00,262.1434
4159,2013-12-04 21:20:00,1.1360443
4159,2013-12-04 21:30:00,261.70032
4159,2013-12-04 21:30:00,0.42696363
4159,2013-12-04 21:40:00,0.4213868
4159,2013-12-04 21:40:00,0.8106309
4159,2013-12-04 21:40:00,230.39317
4159,2013-12-04 21:40:00,0.02239097
4159,2013-12-04 21:40:00,0.4213868
4159,2013-12-04 21:50:00,0.0055768173
4159,2013-12-04 21:50:00,215.17328
4159,2013-12-04 21:50:00,0.29327068
4159,2013-12-04 21:50:00,0.011153635
4159,2013-12-04 22:00:00,0.8106309
4159,2013-12-04 22:00:00,249.27452
4159,2013-12-04 22:00:00,0.4213868
4159,2013-12-04 22:10:00,221.55382
4159,2013-12-04 22:10:00,0.015739262
4159,2013-12-04 22:10:00,0.4213868
4159,2013-12-04 22:20:00,218.42735
4159,2013-12-04 22:20:00,0.30900994
4159,2013-12-04 22:30:00,199.16592
4159,2013-12-04 22:40:00,219.21494
4159,2013-12-04 22:40:00,0.4213868
4159,2013-12-04 22:50:00,192.34793
4159,2013-12-04 22:50:00,0.015739262
4159,2013-12-04 23:00:00,189.15407
4159,2013-12-04 23:00:00,0.006651706
4159,2013-12-04 23:10:00,189.06989
4159,2013-12-04 23:20:00,204.3769
4159,2013-12-04 23:30:00,212.33989
4159,2013-12-04 23:40:00,162.3426
4159,2013-12-04 23:50:00,171.39238
4159,2013-12-05 00:00:00,239.23634
4159,2013-12-05 00:10:00,163.79993
4159,2013-12-05 00:10:00,0.8427736
4159,2013-12-05 00:20:00,153.42389
4159,2013-12-05 00:30:00,144.9043
4159,2013-12-05 00:30:00,0.4213868
4159,2013-12-05 00:40:00,140.02766
4159,2013-12-05 00:50:00,155.24821
4159,2013-12-05 01:00:00,149.42357
4159,2013-12-05 01:00:00,0.48138633
4159,2013-12-05 01:10:00,0.29327068
4159,2013-12-05 01:10:00,153.98349
4159,2013-12-05 01:10:00,0.4213868
4159,2013-12-05 01:20:00,138.3527
4159,2013-12-05 01:30:00,146.03131
4159,2013-12-05 01:30:00,0.011153635
4159,2013-12-05 01:40:00,152.00658
4159,2013-12-05 01:40:00,0.4213868
4159,2013-12-05 01:40:00,0.016730452
4159,2013-12-05 01:50:00,134.06981
4159,2013-12-05 02:00:00,137.28479
4159,2013-12-05 02:10:00,150.57674
4159,2013-12-05 02:20:00,128.8996
4159,2013-12-05 02:30:00,139.97632
4159,2013-12-05 02:40:00,150.66685
4159,2013-12-05 02:50:00,130.61366
4159,2013-12-05 02:50:00,0.4213868
4159,2013-12-05 03:00:00,137.39961
4159,2013-12-05 03:10:00,138.46751
4159,2013-12-05 03:20:00,124.22358
4159,2013-12-05 03:20:00,0.4213868
4159,2013-12-05 03:30:00,144.72894
4159,2013-12-05 03:40:00,192.04214
4159,2013-12-05 03:50:00,153.26852
4159,2013-12-05 03:50:00,0.4213868
4159,2013-12-05 04:00:00,136.20375
4159,2013-12-05 04:10:00,145.84866
4159,2013-12-05 04:20:00,124.45677
4159,2013-12-05 04:30:00,141.5495
4159,2013-12-05 04:30:00,0.4213868
4159,2013-12-05 04:40:00,142.01784
4159,2013-12-05 04:50:00,0.4213868
4159,2013-12-05 04:50:00,128.48253
4159,2013-12-05 05:00:00,143.6287
4159,2013-12-05 05:00:00,0.4213868
4159,2013-12-05 05:10:00,133.49947
4159,2013-12-05 05:20:00,127.23011
4159,2013-12-05 05:30:00,157.00598
4159,2013-12-05 05:30:00,0.4213868
4159,2013-12-05 05:30:00,0.4213868
4159,2013-12-05 05:40:00,153.18175
4159,2013-12-05 05:50:00,155.16443
4159,2013-12-05 06:00:00,179.36736
4159,2013-12-05 06:10:00,200.44273
4159,2013-12-05 06:10:00,0.4213868
4159,2013-12-05 06:20:00,170.68382
4159,2013-12-05 06:20:00,0.29327068
4159,2013-12-05 06:30:00,205.51471
4159,2013-12-05 06:30:00,0.4213868
4159,2013-12-05 06:40:00,0.4213868
4159,2013-12-05 06:40:00,0.015739262
4159,2013-12-05 06:40:00,219.63667
4159,2013-12-05 06:40:00,0.8427736
4159,2013-12-05 06:50:00,229.40599
4159,2013-12-05 06:50:00,0.015739262
4159,2013-12-05 06:50:00,1.6855472
4159,2013-12-05 07:00:00,0.006651706
4159,2013-12-05 07:00:00,280.05936
4159,2013-12-05 07:00:00,0.4213868
4159,2013-12-05 07:10:00,359.35513
4159,2013-12-05 07:10:00,0.4213868
4159,2013-12-05 07:20:00,304.71255
4159,2013-12-05 07:20:00,0.4213868
4159,2013-12-05 07:30:00,365.6508
4159,2013-12-05 07:30:00,1.2641604
4159,2013-12-05 07:30:00,0.8427736
4159,2013-12-05 07:40:00,415.14575
4159,2013-12-05 07:40:00,0.015739262
4159,2013-12-05 07:40:00,0.4213868
4159,2013-12-05 07:50:00,369.34552
4159,2013-12-05 07:50:00,2.8854222
4159,2013-12-05 07:50:00,0.4213868
4159,2013-12-05 08:00:00,426.49115
4159,2013-12-05 08:00:00,0.29327068
4159,2013-12-05 08:10:00,457.56116
4159,2013-12-05 08:10:00,0.8106309
4159,2013-12-05 08:10:00,0.015739262
4159,2013-12-05 08:20:00,0.015739262
4159,2013-12-05 08:20:00,0.48138633
4159,2013-12-05 08:20:00,441.2753
4159,2013-12-05 08:20:00,1.1559994
4159,2013-12-05 08:30:00,0.48138633
4159,2013-12-05 08:30:00,490.90283
4159,2013-12-05 08:30:00,0.90942484
4159,2013-12-05 08:40:00,0.48138633
4159,2013-12-05 08:40:00,538.8416
4159,2013-12-05 08:40:00,0.006651706
4159,2013-12-05 08:50:00,0.8427736
4159,2013-12-05 08:50:00,542.5179
4159,2013-12-05 08:50:00,0.4280385
4159,2013-12-05 09:00:00,518.50757
4159,2013-12-05 09:00:00,1.32416
4159,2013-12-05 09:00:00,2.64832
4159,2013-12-05 09:10:00,2.4640355
4159,2013-12-05 09:10:00,576.45404
4159,2013-12-05 09:10:00,0.8427736
4159,2013-12-05 09:10:00,0.006651706
4159,2013-12-05 09:20:00,0.48138633
4159,2013-12-05 09:20:00,595.0771
4159,2013-12-05 09:20:00,0.006651706
4159,2013-12-05 09:20:00,0.006651706
4159,2013-12-05 09:30:00,2.7083194
4159,2013-12-05 09:30:00,685.91547
4159,2013-12-05 09:30:00,0.4213868
4159,2013-12-05 09:40:00,1.8055463
4159,2013-12-05 09:40:00,585.9361
4159,2013-12-05 09:40:00,1.7521985
4159,2013-12-05 09:50:00,0.4213868
4159,2013-12-05 09:50:00,541.5251
4159,2013-12-05 09:50:00,0.006651706
4159,2013-12-05 09:50:00,0.4213868
4159,2013-12-05 10:00:00,1.2920172
4159,2013-12-05 10:00:00,573.2405
4159,2013-12-05 10:00:00,0.4213868
4159,2013-12-05 10:00:00,0.4213868
4159,2013-12-05 10:10:00,557.14154
4159,2013-12-05 10:10:00,0.4213868
4159,2013-12-05 10:10:00,0.8106309
4159,2013-12-05 10:10:00,0.8585129
4159,2013-12-05 10:20:00,0.4213868
4159,2013-12-05 10:20:00,536.2541
4159,2013-12-05 10:20:00,0.4213868
4159,2013-12-05 10:20:00,0.015739262
4159,2013-12-05 10:20:00,0.7279609
4159,2013-12-05 10:30:00,0.006651706
4159,2013-12-05 10:30:00,543.59045
4159,2013-12-05 10:30:00,0.006651706
4159,2013-12-05 10:40:00,1.444159
4159,2013-12-05 10:40:00,547.88184
4159,2013-12-05 10:40:00,0.4213868
4159,2013-12-05 10:40:00,0.29327068
4159,2013-12-05 10:50:00,661.97626
4159,2013-12-05 11:00:00,0.4213868
4159,2013-12-05 11:00:00,676.17944
4159,2013-12-05 11:00:00,0.4213868
4159,2013-12-05 11:10:00,0.48138633
4159,2013-12-05 11:10:00,690.0921
4159,2013-12-05 11:10:00,0.006651706
4159,2013-12-05 11:10:00,1.2641604
4159,2013-12-05 11:20:00,0.7213092
4159,2013-12-05 11:20:00,0.4213868
4159,2013-12-05 11:20:00,665.6465
4159,2013-12-05 11:20:00,0.006651706
4159,2013-12-05 11:20:00,2.5283208
4159,2013-12-05 11:30:00,0.90277314
4159,2013-12-05 11:30:00,705.37134
4159,2013-12-05 11:30:00,0.4213868
4159,2013-12-05 11:30:00,0.90277314
4159,2013-12-05 11:40:00,0.006651706
4159,2013-12-05 11:40:00,0.90277314
4159,2013-12-05 11:40:00,658.42786
4159,2013-12-05 11:40:00,0.4213868
4159,2013-12-05 11:40:00,0.8427736
4159,2013-12-05 11:50:00,1.8055463
4159,2013-12-05 11:50:00,1.32416
4159,2013-12-05 11:50:00,691.2846
4159,2013-12-05 11:50:00,1.32416
4159,2013-12-05 11:50:00,0.013303412
4159,2013-12-05 11:50:00,0.4213868
4159,2013-12-05 12:00:00,0.4213868
4159,2013-12-05 12:00:00,717.65173
4159,2013-12-05 12:00:00,0.4213868
4159,2013-12-05 12:00:00,0.013303412
4159,2013-12-05 12:10:00,4.0924788
4159,2013-12-05 12:10:00,639.9149
4159,2013-12-05 12:10:00,0.4213868
4159,2013-12-05 12:10:00,0.29327068
4159,2013-12-05 12:20:00,0.015739262
4159,2013-12-05 12:20:00,0.4213868
4159,2013-12-05 12:20:00,0.7146575
4159,2013-12-05 12:20:00,650.4443
4159,2013-12-05 12:20:00,1.2320178
4159,2013-12-05 12:20:00,0.006651706
4159,2013-12-05 12:20:00,0.4280385
4159,2013-12-05 12:30:00,615.4426
4159,2013-12-05 12:30:00,0.4213868
4159,2013-12-05 12:40:00,0.49468973
4159,2013-12-05 12:40:00,2.9454217
4159,2013-12-05 12:40:00,665.8598
4159,2013-12-05 12:40:00,0.4213868
4159,2013-12-05 12:40:00,1.142696
4159,2013-12-05 12:50:00,0.4213868
4159,2013-12-05 12:50:00,723.80005
4159,2013-12-05 12:50:00,1.2641604
4159,2013-12-05 13:00:00,1.2320178
4159,2013-12-05 13:00:00,673.1646
4159,2013-12-05 13:00:00,0.006651706
4159,2013-12-05 13:00:00,0.7146575
4159,2013-12-05 13:10:00,663.21893
4159,2013-12-05 13:10:00,0.4280385
4159,2013-12-05 13:10:00,0.8427736
4159,2013-12-05 13:20:00,638.9629
4159,2013-12-05 13:20:00,0.006651706
4159,2013-12-05 13:20:00,1.0079281
4159,2013-12-05 13:30:00,630.3187
4159,2013-12-05 13:30:00,0.4280385
4159,2013-12-05 13:40:00,0.006651706
4159,2013-12-05 13:40:00,597.0536
4159,2013-12-05 13:40:00,0.8427736
4159,2013-12-05 13:40:00,0.8427736
4159,2013-12-05 13:50:00,1.2320178
4159,2013-12-05 13:50:00,1.2320178
4159,2013-12-05 13:50:00,594.733
4159,2013-12-05 13:50:00,0.4213868
4159,2013-12-05 14:00:00,0.4213868
4159,2013-12-05 14:00:00,623.5799
4159,2013-12-05 14:00:00,0.4213868
4159,2013-12-05 14:00:00,0.013303412
4159,2013-12-05 14:00:00,1.6534045
4159,2013-12-05 14:10:00,2.8854222
4159,2013-12-05 14:10:00,580.0777
4159,2013-12-05 14:10:00,0.8427736
4159,2013-12-05 14:10:00,0.90277314
4159,2013-12-05 14:20:00,0.015739262
4159,2013-12-05 14:20:00,0.006651706
4159,2013-12-05 14:20:00,566.7059
4159,2013-12-05 14:20:00,0.006651706
4159,2013-12-05 14:30:00,566.76105
4159,2013-12-05 14:30:00,0.015739262
4159,2013-12-05 14:30:00,0.48138633
4159,2013-12-05 14:40:00,0.48138633
4159,2013-12-05 14:40:00,591.4305
4159,2013-12-05 14:40:00,0.4346902
4159,2013-12-05 14:40:00,1.1360443
4159,2013-12-05 14:50:00,614.8063
4159,2013-12-05 14:50:00,0.4213868
4159,2013-12-05 15:00:00,0.0055768173
4159,2013-12-05 15:00:00,0.8427736
4159,2013-12-05 15:00:00,661.98413
4159,2013-12-05 15:00:00,1.32416
4159,2013-12-05 15:00:00,0.29327068
4159,2013-12-05 15:00:00,1.142696
4159,2013-12-05 15:10:00,625.2635
4159,2013-12-05 15:10:00,0.8106309
4159,2013-12-05 15:10:00,0.8494253
4159,2013-12-05 15:10:00,0.58654135
4159,2013-12-05 15:10:00,0.8427736
4159,2013-12-05 15:20:00,1.32416
4159,2013-12-05 15:20:00,608.8735
4159,2013-12-05 15:20:00,1.2320178
4159,2013-12-05 15:20:00,0.8427736
4159,2013-12-05 15:20:00,0.8427736
4159,2013-12-05 15:30:00,544.9501
4159,2013-12-05 15:30:00,1.2641604
4159,2013-12-05 15:30:00,0.4213868
4159,2013-12-05 15:40:00,543.6449
4159,2013-12-05 15:40:00,1.2708122
4159,2013-12-05 15:40:00,0.4213868
4159,2013-12-05 15:50:00,1.2320178
4159,2013-12-05 15:50:00,545.4306
4159,2013-12-05 15:50:00,0.29327068
4159,2013-12-05 16:00:00,0.006651706
4159,2013-12-05 16:00:00,0.90277314
4159,2013-12-05 16:00:00,567.59576
4159,2013-12-05 16:00:00,1.1493477
4159,2013-12-05 16:00:00,1.2320178
4159,2013-12-05 16:10:00,0.4213868
4159,2013-12-05 16:10:00,0.90277314
4159,2013-12-05 16:10:00,544.2992
4159,2013-12-05 16:10:00,0.006651706
4159,2013-12-05 16:10:00,0.8427736
4159,2013-12-05 16:20:00,0.48138633
4159,2013-12-05 16:20:00,0.48138633
4159,2013-12-05 16:20:00,582.5246
4159,2013-12-05 16:20:00,0.006651706
4159,2013-12-05 16:20:00,0.4213868
4159,2013-12-05 16:20:00,0.02239097
4159,2013-12-05 16:30:00,0.4213868
4159,2013-12-05 16:30:00,0.4213868
4159,2013-12-05 16:30:00,527.1056
4159,2013-12-05 16:40:00,0.4213868
4159,2013-12-05 16:40:00,493.15924
4159,2013-12-05 16:40:00,0.4280385
4159,2013-12-05 16:40:00,0.8106309
4159,2013-12-05 16:50:00,0.90277314
4159,2013-12-05 16:50:00,699.7784
4159,2013-12-05 16:50:00,0.4280385
4159,2013-12-05 17:00:00,0.8106309
4159,2013-12-05 17:00:00,522.45776
4159,2013-12-05 17:00:00,1.6855472
4159,2013-12-05 17:10:00,527.0979
4159,2013-12-05 17:10:00,0.006651706
4159,2013-12-05 17:10:00,2.226933
4159,2013-12-05 17:20:00,1.8055463
4159,2013-12-05 17:20:00,485.60666
4159,2013-12-05 17:20:00,0.2999224
4159,2013-12-05 17:20:00,0.48138633
4159,2013-12-05 17:30:00,489.5069
4159,2013-12-05 17:30:00,0.4213868
4159,2013-12-05 17:30:00,1.3841594
4159,2013-12-05 17:40:00,0.4213868
4159,2013-12-05 17:40:00,466.83307
4159,2013-12-05 17:40:00,0.8427736
4159,2013-12-05 17:40:00,0.8427736
4159,2013-12-05 17:40:00,0.4213868
4159,2013-12-05 17:40:00,0.2988475
4159,2013-12-05 17:40:00,1.3841594
4159,2013-12-05 17:50:00,495.45972
4159,2013-12-05 17:50:00,0.856077
4159,2013-12-05 17:50:00,2.64832
4159,2013-12-05 18:00:00,0.43712607
4159,2013-12-05 18:00:00,0.48138633
4159,2013-12-05 18:00:00,492.3229
4159,2013-12-05 18:00:00,0.8427736
4159,2013-12-05 18:00:00,0.58654135
4159,2013-12-05 18:00:00,2.8283184
4159,2013-12-05 18:10:00,0.4213868
4159,2013-12-05 18:10:00,3.6110926
4159,2013-12-05 18:10:00,0.0055768173
4159,2013-12-05 18:10:00,458.30603
4159,2013-12-05 18:10:00,0.015739262
4159,2013-12-05 18:10:00,1.7292373
4159,2013-12-05 18:20:00,0.8427736
4159,2013-12-05 18:20:00,435.58594
4159,2013-12-05 18:20:00,0.006651706
4159,2013-12-05 18:30:00,410.28848
4159,2013-12-05 18:30:00,0.8494253
4159,2013-12-05 18:30:00,0.006651706
4159,2013-12-05 18:30:00,0.90277314
4159,2013-12-05 18:40:00,0.015739262
4159,2013-12-05 18:40:00,417.7022
4159,2013-12-05 18:40:00,1.1559994
4159,2013-12-05 18:50:00,360.95935
4159,2013-12-05 18:50:00,0.4213868
4159,2013-12-05 19:00:00,371.5613
4159,2013-12-05 19:00:00,0.4280385
4159,2013-12-05 19:00:00,0.8106309
4159,2013-12-05 19:00:00,0.29327068
4159,2013-12-05 19:10:00,391.46988
4159,2013-12-05 19:10:00,0.006651706
4159,2013-12-05 19:10:00,0.29327068
4159,2013-12-05 19:20:00,0.43712607
4159,2013-12-05 19:20:00,347.6209
4159,2013-12-05 19:20:00,0.0055768173
4159,2013-12-05 19:20:00,0.006651706
4159,2013-12-05 19:20:00,0.4280385
4159,2013-12-05 19:30:00,0.006651706
4159,2013-12-05 19:30:00,370.39584
4159,2013-12-05 19:30:00,0.006651706
4159,2013-12-05 19:30:00,0.006651706
4159,2013-12-05 19:40:00,313.5456
4159,2013-12-05 19:40:00,0.4213868
4159,2013-12-05 19:50:00,295.13272
4159,2013-12-05 19:50:00,0.4280385
4159,2013-12-05 19:50:00,0.4213868
4159,2013-12-05 20:00:00,334.4107
4159,2013-12-05 20:00:00,0.006651706
4159,2013-12-05 20:00:00,0.4213868
4159,2013-12-05 20:10:00,332.53937
4159,2013-12-05 20:10:00,0.4213868
4159,2013-12-05 20:10:00,0.29327068
4159,2013-12-05 20:20:00,0.8427736
4159,2013-12-05 20:20:00,341.67532
4159,2013-12-05 20:20:00,0.29327068
4159,2013-12-05 20:30:00,329.49902
4159,2013-12-05 20:30:00,0.006651706
4159,2013-12-05 20:30:00,0.4213868
4159,2013-12-05 20:40:00,0.29327068
4159,2013-12-05 20:40:00,298.7609
4159,2013-12-05 20:40:00,0.4213868
4159,2013-12-05 20:40:00,0.29327068
4159,2013-12-05 20:50:00,0.015739262
4159,2013-12-05 20:50:00,294.46817
4159,2013-12-05 20:50:00,0.4280385
4159,2013-12-05 21:00:00,298.40952
4159,2013-12-05 21:00:00,0.006651706
4159,2013-12-05 21:00:00,0.006651706
4159,2013-12-05 21:10:00,303.37054
4159,2013-12-05 21:10:00,0.006651706
4159,2013-12-05 21:10:00,0.2999224
4159,2013-12-05 21:20:00,285.71817
4159,2013-12-05 21:20:00,0.015739262
4159,2013-12-05 21:20:00,0.7213092
4159,2013-12-05 21:20:00,0.2999224
4159,2013-12-05 21:30:00,300.54294
4159,2013-12-05 21:30:00,0.006651706
4159,2013-12-05 21:30:00,0.006651706
4159,2013-12-05 21:40:00,260.39554
4159,2013-12-05 21:40:00,0.4213868
4159,2013-12-05 21:50:00,0.0055768173
4159,2013-12-05 21:50:00,246.65714
4159,2013-12-05 21:50:00,0.4213868
4159,2013-12-05 21:50:00,0.29327068
4159,2013-12-05 22:00:00,230.8372
4159,2013-12-05 22:00:00,0.006651706
4159,2013-12-05 22:10:00,0.011153635
4159,2013-12-05 22:10:00,211.20639
4159,2013-12-05 22:10:00,0.4213868
4159,2013-12-05 22:20:00,208.35068
4159,2013-12-05 22:20:00,0.4213868
4159,2013-12-05 22:20:00,0.2999224
4159,2013-12-05 22:30:00,229.83789
4159,2013-12-05 22:30:00,0.4213868
4159,2013-12-05 22:30:00,0.58654135
4159,2013-12-05 22:40:00,226.87901
4159,2013-12-05 22:40:00,0.4213868
4159,2013-12-05 22:50:00,266.6988
4159,2013-12-05 22:50:00,0.4213868
4159,2013-12-05 22:50:00,0.4213868
4159,2013-12-05 23:00:00,206.98526
4159,2013-12-05 23:10:00,0.015739262
4159,2013-12-05 23:10:00,207.99371
4159,2013-12-05 23:10:00,0.4213868
4159,2013-12-05 23:20:00,196.10442
4159,2013-12-05 23:20:00,0.8106309
4159,2013-12-05 23:30:00,189.93967
4159,2013-12-05 23:30:00,0.4213868
4159,2013-12-05 23:40:00,194.20467
4159,2013-12-05 23:40:00,0.006651706
4159,2013-12-05 23:50:00,186.59216
4159,2013-12-06 00:00:00,179.85858
4159,2013-12-06 00:00:00,0.4213868
4159,2013-12-06 00:00:00,0.006651706
4159,2013-12-06 00:10:00,176.41281
4159,2013-12-06 00:20:00,173.08932
4159,2013-12-06 00:30:00,161.84592
4159,2013-12-06 00:30:00,0.4213868
4159,2013-12-06 00:40:00,179.9622
4159,2013-12-06 00:50:00,0.8106309
4159,2013-12-06 00:50:00,169.5038
4159,2013-12-06 01:00:00,156.3448
4159,2013-12-06 01:10:00,161.86386
4159,2013-12-06 01:10:00,0.4213868
4159,2013-12-06 01:20:00,156.49028
4159,2013-12-06 01:30:00,159.78687
4159,2013-12-06 01:40:00,147.58641
4159,2013-12-06 01:40:00,0.4213868
4159,2013-12-06 01:50:00,135.34595
4159,2013-12-06 02:00:00,142.26366
4159,2013-12-06 02:10:00,0.8106309
4159,2013-12-06 02:10:00,140.64432
4159,2013-12-06 02:10:00,0.4213868
4159,2013-12-06 02:20:00,125.63023
4159,2013-12-06 02:30:00,144.90979
4159,2013-12-06 02:30:00,0.4213868
4159,2013-12-06 02:40:00,138.10599
4159,2013-12-06 02:50:00,130.85808
4159,2013-12-06 02:50:00,0.4213868
4159,2013-12-06 03:00:00,136.94128
4159,2013-12-06 03:10:00,138.78726
4159,2013-12-06 03:20:00,121.14213
4159,2013-12-06 03:20:00,0.4213868
4159,2013-12-06 03:30:00,125.966194
4159,2013-12-06 03:40:00,128.56642
4159,2013-12-06 03:50:00,119.52662
4159,2013-12-06 03:50:00,0.4213868
4159,2013-12-06 04:00:00,126.54012
4159,2013-12-06 04:10:00,128.02914
4159,2013-12-06 04:20:00,153.41176
4159,2013-12-06 04:20:00,0.4213868
4159,2013-12-06 04:30:00,146.46771
4159,2013-12-06 04:40:00,124.22697
4159,2013-12-06 04:50:00,0.4213868
4159,2013-12-06 04:50:00,127.139145
4159,2013-12-06 04:50:00,0.4213868
4159,2013-12-06 05:00:00,129.4825
4159,2013-12-06 05:00:00,0.4213868
4159,2013-12-06 05:00:00,0.015739262
4159,2013-12-06 05:10:00,129.6078
4159,2013-12-06 05:10:00,0.7146575
4159,2013-12-06 05:20:00,0.2999224
4159,2013-12-06 05:20:00,133.28288
4159,2013-12-06 05:20:00,0.4280385
4159,2013-12-06 05:30:00,139.6297
4159,2013-12-06 05:30:00,0.4213868
4159,2013-12-06 05:40:00,0.8106309
4159,2013-12-06 05:40:00,147.2772
4159,2013-12-06 05:40:00,0.006651706
4159,2013-12-06 05:50:00,148.32567
4159,2013-12-06 06:00:00,167.98851
4159,2013-12-06 06:00:00,0.4213868
4159,2013-12-06 06:10:00,163.48363
4159,2013-12-06 06:10:00,0.2999224
4159,2013-12-06 06:20:00,179.80629
4159,2013-12-06 06:20:00,0.4213868
4159,2013-12-06 06:30:00,202.08705
4159,2013-12-06 06:30:00,1.6855472
4159,2013-12-06 06:40:00,216.48344
4159,2013-12-06 06:40:00,0.29327068
4159,2013-12-06 06:50:00,274.97174
4159,2013-12-06 06:50:00,0.4213868
4159,2013-12-06 06:50:00,0.29327068
4159,2013-12-06 07:00:00,268.2014
4159,2013-12-06 07:00:00,0.4213868
4159,2013-12-06 07:10:00,281.13132
4159,2013-12-06 07:10:00,0.4213868
4159,2013-12-06 07:20:00,287.41672
4159,2013-12-06 07:20:00,0.013303412
4159,2013-12-06 07:30:00,0.4213868
4159,2013-12-06 07:30:00,315.7668
4159,2013-12-06 07:30:00,0.4280385
4159,2013-12-06 07:30:00,2.4602041
4159,2013-12-06 07:40:00,358.2503
4159,2013-12-06 07:40:00,0.4280385
4159,2013-12-06 07:40:00,0.7146575
4159,2013-12-06 07:50:00,368.97
4159,2013-12-06 07:50:00,0.006651706
4159,2013-12-06 07:50:00,0.4280385
4159,2013-12-06 08:00:00,0.015739262
4159,2013-12-06 08:00:00,0.0055768173
4159,2013-12-06 08:00:00,387.3899
4159,2013-12-06 08:00:00,0.006651706
4159,2013-12-06 08:00:00,2.4068563
4159,2013-12-06 08:10:00,411.4612
4159,2013-12-06 08:10:00,0.006651706
4159,2013-12-06 08:10:00,0.8106309
4159,2013-12-06 08:10:00,1.32416
4159,2013-12-06 08:10:00,0.015739262
4159,2013-12-06 08:20:00,0.8106309
4159,2013-12-06 08:20:00,412.52832
4159,2013-12-06 08:20:00,0.006651706
4159,2013-12-06 08:20:00,2.1588166
4159,2013-12-06 08:20:00,0.015739262
4159,2013-12-06 08:30:00,449.3495
4159,2013-12-06 08:30:00,3.1297061
4159,2013-12-06 08:30:00,0.4213868
4159,2013-12-06 08:40:00,0.4213868
4159,2013-12-06 08:40:00,454.86188
4159,2013-12-06 08:40:00,0.3065741
4159,2013-12-06 08:40:00,1.8055463
4159,2013-12-06 08:40:00,0.015739262
4159,2013-12-06 08:50:00,0.48138633
4159,2013-12-06 08:50:00,485.20468
4159,2013-12-06 08:50:00,0.48138633
4159,2013-12-06 09:00:00,1.6534045
4159,2013-12-06 09:00:00,461.59396
4159,2013-12-06 09:00:00,0.006651706
4159,2013-12-06 09:00:00,0.4280385
4159,2013-12-06 09:00:00,0.015739262
4159,2013-12-06 09:10:00,0.48138633
4159,2013-12-06 09:10:00,0.4213868
4159,2013-12-06 09:10:00,620.9373
4159,2013-12-06 09:10:00,0.006651706
4159,2013-12-06 09:10:00,0.8106309
4159,2013-12-06 09:10:00,0.4213868
4159,2013-12-06 09:20:00,0.90277314
4159,2013-12-06 09:20:00,601.7816
4159,2013-12-06 09:20:00,0.013303412
4159,2013-12-06 09:20:00,0.4213868
4159,2013-12-06 09:20:00,0.48138633
4159,2013-12-06 09:30:00,541.21094
4159,2013-12-06 09:30:00,0.4213868
4159,2013-12-06 09:40:00,1.3841594
4159,2013-12-06 09:40:00,531.858
4159,2013-12-06 09:40:00,0.4346902
4159,2013-12-06 09:50:00,0.90277314
4159,2013-12-06 09:50:00,522.8368
4159,2013-12-06 09:50:00,0.006651706
4159,2013-12-06 10:00:00,0.90277314
4159,2013-12-06 10:00:00,509.90143
4159,2013-12-06 10:00:00,3.0697067
4159,2013-12-06 10:10:00,501.90845
4159,2013-12-06 10:10:00,0.29327068
4159,2013-12-06 10:10:00,0.48138633
4159,2013-12-06 10:20:00,534.87823
4159,2013-12-06 10:20:00,0.006651706
4159,2013-12-06 10:20:00,0.90277314
4159,2013-12-06 10:30:00,514.5673
4159,2013-12-06 10:30:00,2.873474
4159,2013-12-06 10:40:00,0.0055768173
4159,2013-12-06 10:40:00,0.016730452
4159,2013-12-06 10:40:00,492.85483
4159,2013-12-06 10:40:00,0.4346902
4159,2013-12-06 10:50:00,591.5908
4159,2013-12-06 10:50:00,0.006651706
4159,2013-12-06 11:00:00,0.4213868
4159,2013-12-06 11:00:00,544.85516
4159,2013-12-06 11:00:00,0.4213868
4159,2013-12-06 11:10:00,0.02230727
4159,2013-12-06 11:10:00,578.9048
4159,2013-12-06 11:10:00,0.48803803
4159,2013-12-06 11:10:00,0.7213092
4159,2013-12-06 11:20:00,557.52167
4159,2013-12-06 11:20:00,0.006651706
4159,2013-12-06 11:20:00,0.4213868
4159,2013-12-06 11:30:00,0.4213868
4159,2013-12-06 11:30:00,614.1783
4159,2013-12-06 11:30:00,0.4213868
4159,2013-12-06 11:40:00,0.48138633
4159,2013-12-06 11:40:00,557.81635
4159,2013-12-06 11:50:00,1.32416
4159,2013-12-06 11:50:00,575.9101
4159,2013-12-06 11:50:00,0.7146575
4159,2013-12-06 12:00:00,0.015739262
4159,2013-12-06 12:00:00,0.006651706
4159,2013-12-06 12:00:00,1.3841594
4159,2013-12-06 12:00:00,641.81256
4159,2013-12-06 12:00:00,0.2999224
4159,2013-12-06 12:00:00,0.48138633
4159,2013-12-06 12:10:00,0.90277314
4159,2013-12-06 12:10:00,615.2093
4159,2013-12-06 12:10:00,0.8427736
4159,2013-12-06 12:10:00,0.4213868
4159,2013-12-06 12:20:00,0.015739262
4159,2013-12-06 12:20:00,1.2320178
4159,2013-12-06 12:20:00,540.64764
4159,2013-12-06 12:20:00,0.015739262
4159,2013-12-06 12:20:00,0.29327068
4159,2013-12-06 12:20:00,0.4213868
4159,2013-12-06 12:30:00,546.03906
4159,2013-12-06 12:30:00,0.013303412
4159,2013-12-06 12:30:00,0.4280385
4159,2013-12-06 12:40:00,0.8427736
4159,2013-12-06 12:40:00,0.006651706
4159,2013-12-06 12:40:00,540.9401
4159,2013-12-06 12:40:00,0.2999224
4159,2013-12-06 12:40:00,0.4213868
4159,2013-12-06 12:50:00,581.2243
4159,2013-12-06 12:50:00,0.4213868
4159,2013-12-06 12:50:00,0.29327068
4159,2013-12-06 12:50:00,1.2641604
4159,2013-12-06 13:00:00,0.8427736
4159,2013-12-06 13:00:00,533.86523
4159,2013-12-06 13:00:00,0.2999224
4159,2013-12-06 13:00:00,0.4280385
4159,2013-12-06 13:10:00,0.4213868
4159,2013-12-06 13:10:00,520.5749
4159,2013-12-06 13:10:00,1.32416
4159,2013-12-06 13:20:00,485.5281
4159,2013-12-06 13:20:00,0.013303412
4159,2013-12-06 13:20:00,1.2641604
4159,2013-12-06 13:30:00,0.7146575
4159,2013-12-06 13:30:00,475.70456
4159,2013-12-06 13:30:00,0.006651706
4159,2013-12-06 13:30:00,0.43712607
4159,2013-12-06 13:40:00,0.4213868
4159,2013-12-06 13:40:00,462.91275
4159,2013-12-06 13:40:00,0.4280385
4159,2013-12-06 13:50:00,0.4213868
4159,2013-12-06 13:50:00,560.07245
4159,2013-12-06 13:50:00,0.006651706
4159,2013-12-06 13:50:00,0.29327068
4159,2013-12-06 14:00:00,0.015739262
4159,2013-12-06 14:00:00,1.32416
4159,2013-12-06 14:00:00,443.37402
4159,2013-12-06 14:00:00,0.4213868
4159,2013-12-06 14:10:00,0.90277314
4159,2013-12-06 14:10:00,440.04803
4159,2013-12-06 14:20:00,402.38467
4159,2013-12-06 14:20:00,0.013303412
4159,2013-12-06 14:30:00,0.0055768173
4159,2013-12-06 14:30:00,1.2320178
4159,2013-12-06 14:30:00,496.41602
4159,2013-12-06 14:30:00,0.013303412
4159,2013-12-06 14:40:00,0.4213868
4159,2013-12-06 14:40:00,454.64474
4159,2013-12-06 14:40:00,0.006651706
4159,2013-12-06 14:40:00,0.7213092
4159,2013-12-06 14:50:00,1.2320178
4159,2013-12-06 14:50:00,454.6228
4159,2013-12-06 15:00:00,0.4213868
4159,2013-12-06 15:00:00,0.90277314
4159,2013-12-06 15:00:00,504.056
4159,2013-12-06 15:00:00,0.0055768173
4159,2013-12-06 15:10:00,534.0579
4159,2013-12-06 15:10:00,0.4213868
4159,2013-12-06 15:20:00,0.48138633
4159,2013-12-06 15:20:00,478.80273
4159,2013-12-06 15:20:00,0.7213092
4159,2013-12-06 15:30:00,444.30618
4159,2013-12-06 15:40:00,0.015739262
4159,2013-12-06 15:40:00,596.3711
4159,2013-12-06 15:40:00,0.006651706
4159,2013-12-06 15:40:00,0.7213092
4159,2013-12-06 15:50:00,0.29327068
4159,2013-12-06 15:50:00,546.4277
4159,2013-12-06 15:50:00,0.29327068
4159,2013-12-06 15:50:00,1.2641604
4159,2013-12-06 16:00:00,448.69992
4159,2013-12-06 16:00:00,0.015739262
4159,2013-12-06 16:00:00,0.8172826
4159,2013-12-06 16:10:00,440.1373
4159,2013-12-06 16:10:00,0.8427736
4159,2013-12-06 16:20:00,0.48138633
4159,2013-12-06 16:20:00,421.4108
4159,2013-12-06 16:20:00,0.006651706
4159,2013-12-06 16:20:00,0.4280385
4159,2013-12-06 16:30:00,444.85782
4159,2013-12-06 16:30:00,0.4213868
4159,2013-12-06 16:40:00,0.29327068
4159,2013-12-06 16:40:00,407.5685
4159,2013-12-06 16:40:00,0.8427736
4159,2013-12-06 16:40:00,0.4213868
4159,2013-12-06 16:50:00,0.90277314
4159,2013-12-06 16:50:00,493.45108
4159,2013-12-06 16:50:00,0.4280385
4159,2013-12-06 17:00:00,0.4213868
4159,2013-12-06 17:00:00,512.04535
4159,2013-12-06 17:00:00,0.4280385
4159,2013-12-06 17:00:00,0.4213868
4159,2013-12-06 17:10:00,0.4213868
4159,2013-12-06 17:10:00,432.38345
4159,2013-12-06 17:10:00,0.4213868
4159,2013-12-06 17:20:00,0.8427736
4159,2013-12-06 17:20:00,432.0002
4159,2013-12-06 17:20:00,0.7146575
4159,2013-12-06 17:20:00,1.6855472
4159,2013-12-06 17:30:00,0.8427736
4159,2013-12-06 17:30:00,429.0882
4159,2013-12-06 17:30:00,0.006651706
4159,2013-12-06 17:30:00,0.2999224
4159,2013-12-06 17:40:00,368.386
4159,2013-12-06 17:40:00,0.7146575
4159,2013-12-06 17:50:00,0.4213868
4159,2013-12-06 17:50:00,0.4213868
4159,2013-12-06 17:50:00,324.67563
4159,2013-12-06 17:50:00,0.4213868
4159,2013-12-06 17:50:00,0.7213092
4159,2013-12-06 18:00:00,388.79575
4159,2013-12-06 18:00:00,0.48138633
4159,2013-12-06 18:00:00,0.4280385
4159,2013-12-06 18:00:00,0.006651706
4159,2013-12-06 18:00:00,0.4213868
4159,2013-12-06 18:10:00,0.4213868
4159,2013-12-06 18:10:00,343.5661
4159,2013-12-06 18:10:00,0.4213868
4159,2013-12-06 18:10:00,1.6855472
4159,2013-12-06 18:20:00,0.026606824
4159,2013-12-06 18:20:00,361.2801
4159,2013-12-06 18:20:00,0.48138633
4159,2013-12-06 18:20:00,0.8106309
4159,2013-12-06 18:20:00,0.006651706
4159,2013-12-06 18:30:00,344.24625
4159,2013-12-06 18:30:00,0.90277314
4159,2013-12-06 18:30:00,0.006651706
4159,2013-12-06 18:30:00,0.8427736
4159,2013-12-06 18:40:00,340.98615
4159,2013-12-06 18:40:00,0.48138633
4159,2013-12-06 18:40:00,0.4213868
4159,2013-12-06 18:40:00,0.7146575
4159,2013-12-06 18:50:00,0.29327068
4159,2013-12-06 18:50:00,0.29327068
4159,2013-12-06 18:50:00,304.85843
4159,2013-12-06 18:50:00,0.48138633
4159,2013-12-06 18:50:00,0.4213868
4159,2013-12-06 19:00:00,302.71463
4159,2013-12-06 19:00:00,0.4213868
4159,2013-12-06 19:00:00,0.2999224
4159,2013-12-06 19:10:00,268.67215
4159,2013-12-06 19:10:00,0.0055768173
4159,2013-12-06 19:10:00,0.006651706
4159,2013-12-06 19:10:00,0.4213868
4159,2013-12-06 19:20:00,0.29327068
4159,2013-12-06 19:20:00,310.57523
4159,2013-12-06 19:20:00,0.8427736
4159,2013-12-06 19:30:00,0.006651706
4159,2013-12-06 19:30:00,0.4213868
4159,2013-12-06 19:30:00,296.34286
4159,2013-12-06 19:30:00,0.29327068
4159,2013-12-06 19:40:00,246.23581
4159,2013-12-06 19:40:00,0.90277314
4159,2013-12-06 19:40:00,0.006651706
4159,2013-12-06 19:40:00,0.58654135
4159,2013-12-06 19:50:00,0.015739262
4159,2013-12-06 19:50:00,0.0055768173
4159,2013-12-06 19:50:00,428.2047
4159,2013-12-06 19:50:00,0.48138633
4159,2013-12-06 19:50:00,0.42696363
4159,2013-12-06 19:50:00,0.4213868
4159,2013-12-06 19:50:00,0.8106309
4159,2013-12-06 19:50:00,0.006651706
4159,2013-12-06 20:00:00,238.04472
4159,2013-12-06 20:00:00,0.48138633
4159,2013-12-06 20:00:00,0.96277267
4159,2013-12-06 20:10:00,262.10162
4159,2013-12-06 20:10:00,0.48138633
4159,2013-12-06 20:10:00,0.0055768173
4159,2013-12-06 20:10:00,0.006651706
4159,2013-12-06 20:10:00,0.4213868
4159,2013-12-06 20:20:00,0.0055768173
4159,2013-12-06 20:20:00,256.305
4159,2013-12-06 20:20:00,0.011153635
4159,2013-12-06 20:20:00,0.006651706
4159,2013-12-06 20:30:00,188.38074
4159,2013-12-06 20:30:00,0.015739262
4159,2013-12-06 20:40:00,239.79103
4159,2013-12-06 20:40:00,0.96277267
4159,2013-12-06 20:40:00,0.006651706
4159,2013-12-06 20:50:00,229.23985
4159,2013-12-06 20:50:00,0.48138633
4159,2013-12-06 20:50:00,0.0055768173
4159,2013-12-06 20:50:00,0.4213868
4159,2013-12-06 21:00:00,217.33075
4159,2013-12-06 21:00:00,0.011153635
4159,2013-12-06 21:10:00,271.30457
4159,2013-12-06 21:10:00,0.02230727
4159,2013-12-06 21:10:00,1.2641604
4159,2013-12-06 21:20:00,228.45862
4159,2013-12-06 21:20:00,0.0055768173
4159,2013-12-06 21:20:00,0.4280385
4159,2013-12-06 21:30:00,210.05788
4159,2013-12-06 21:30:00,0.0055768173
4159,2013-12-06 21:40:00,238.67445
4159,2013-12-06 21:40:00,0.0055768173
4159,2013-12-06 21:50:00,0.0055768173
4159,2013-12-06 21:50:00,218.22014
4159,2013-12-06 21:50:00,0.006651706
4159,2013-12-06 22:00:00,202.2117
4159,2013-12-06 22:10:00,206.77113
4159,2013-12-06 22:10:00,0.4213868
4159,2013-12-06 22:20:00,191.23122
4159,2013-12-06 22:20:00,0.006651706
4159,2013-12-06 22:20:00,0.4213868
4159,2013-12-06 22:30:00,171.28993
4159,2013-12-06 22:40:00,191.22997
4159,2013-12-06 22:40:00,0.4213868
4159,2013-12-06 22:50:00,0.0055768173
4159,2013-12-06 22:50:00,190.35744
4159,2013-12-06 23:00:00,238.09804
4159,2013-12-06 23:00:00,0.006651706
4159,2013-12-06 23:00:00,0.29327068
4159,2013-12-06 23:10:00,193.53555
4159,2013-12-06 23:10:00,1.2641604
4159,2013-12-06 23:20:00,170.31715
4159,2013-12-06 23:20:00,0.0055768173
4159,2013-12-06 23:30:00,171.64787
4159,2013-12-06 23:30:00,0.8427736
4159,2013-12-06 23:40:00,0.29327068
4159,2013-12-06 23:40:00,176.54437
4159,2013-12-06 23:40:00,0.4280385
4159,2013-12-06 23:50:00,0.006651706
4159,2013-12-06 23:50:00,186.17079
4159,2013-12-07 00:00:00,170.33209
4159,2013-12-07 00:00:00,0.006651706
4159,2013-12-07 00:10:00,180.8181
4159,2013-12-07 00:20:00,171.0929
4159,2013-12-07 00:20:00,0.0055768173
4159,2013-12-07 00:30:00,165.21619
4159,2013-12-07 00:30:00,0.8106309
4159,2013-12-07 00:40:00,190.82495
4159,2013-12-07 00:40:00,0.006651706
4159,2013-12-07 00:40:00,0.4280385
4159,2013-12-07 00:50:00,220.7234
4159,2013-12-07 00:50:00,0.4213868
4159,2013-12-07 01:00:00,149.59727
4159,2013-12-07 01:10:00,229.59352
4159,2013-12-07 01:10:00,0.006651706
4159,2013-12-07 01:20:00,0.29327068
4159,2013-12-07 01:20:00,155.66937
4159,2013-12-07 01:30:00,141.5616
4159,2013-12-07 01:40:00,160.51907
4159,2013-12-07 01:40:00,0.48138633
4159,2013-12-07 01:40:00,0.006651706
4159,2013-12-07 01:40:00,0.4213868
4159,2013-12-07 01:50:00,140.15128
4159,2013-12-07 01:50:00,0.4213868
4159,2013-12-07 01:50:00,0.006651706
4159,2013-12-07 02:00:00,148.96205
4159,2013-12-07 02:00:00,0.006651706
4159,2013-12-07 02:10:00,153.88333
4159,2013-12-07 02:10:00,0.4280385
4159,2013-12-07 02:10:00,0.4213868
4159,2013-12-07 02:20:00,141.27016
4159,2013-12-07 02:30:00,171.88162
4159,2013-12-07 02:40:00,149.60501
4159,2013-12-07 02:50:00,129.91382
4159,2013-12-07 02:50:00,0.006651706
4159,2013-12-07 02:50:00,0.7146575
4159,2013-12-07 03:00:00,127.53127
4159,2013-12-07 03:10:00,137.56425
4159,2013-12-07 03:20:00,120.399635
4159,2013-12-07 03:20:00,0.4280385
4159,2013-12-07 03:30:00,137.50366
4159,2013-12-07 03:40:00,141.93718
4159,2013-12-07 03:50:00,137.03445
4159,2013-12-07 03:50:00,0.006651706
4159,2013-12-07 04:00:00,128.59076
4159,2013-12-07 04:10:00,0.006651706
4159,2013-12-07 04:10:00,140.95842
4159,2013-12-07 04:20:00,122.27405
4159,2013-12-07 04:20:00,0.006651706
4159,2013-12-07 04:30:00,131.30656
4159,2013-12-07 04:40:00,0.4213868
4159,2013-12-07 04:40:00,135.84792
4159,2013-12-07 04:50:00,114.05602
4159,2013-12-07 04:50:00,0.006651706
4159,2013-12-07 05:00:00,115.68029
4159,2013-12-07 05:10:00,116.90817
4159,2013-12-07 05:20:00,120.81001
4159,2013-12-07 05:20:00,0.006651706
4159,2013-12-07 05:30:00,0.4213868
4159,2013-12-07 05:30:00,129.36392
4159,2013-12-07 05:30:00,0.006651706
4159,2013-12-07 05:40:00,138.86621
4159,2013-12-07 05:50:00,0.015739262
4159,2013-12-07 05:50:00,116.06899
4159,2013-12-07 06:00:00,122.650345
4159,2013-12-07 06:00:00,0.006651706
4159,2013-12-07 06:10:00,127.6433
4159,2013-12-07 06:20:00,132.78255
4159,2013-12-07 06:20:00,0.4213868
4159,2013-12-07 06:30:00,127.24668
4159,2013-12-07 06:30:00,0.006651706
4159,2013-12-07 06:40:00,132.77594
4159,2013-12-07 06:50:00,122.8957
4159,2013-12-07 07:00:00,125.3129
4159,2013-12-07 07:10:00,142.44533
4159,2013-12-07 07:10:00,0.48138633
4159,2013-12-07 07:10:00,0.4213868
4159,2013-12-07 07:20:00,130.6757
4159,2013-12-07 07:30:00,126.82497
4159,2013-12-07 07:30:00,0.4213868
4159,2013-12-07 07:40:00,152.11845
4159,2013-12-07 07:40:00,0.006651706
4159,2013-12-07 07:50:00,0.0055768173
4159,2013-12-07 07:50:00,0.8427736
4159,2013-12-07 07:50:00,141.02464
4159,2013-12-07 07:50:00,0.4213868
4159,2013-12-07 08:00:00,0.4280385
4159,2013-12-07 08:00:00,148.253
4159,2013-12-07 08:10:00,166.35165
4159,2013-12-07 08:10:00,0.006651706
4159,2013-12-07 08:10:00,0.4213868
4159,2013-12-07 08:20:00,152.89474
4159,2013-12-07 08:20:00,0.4213868
4159,2013-12-07 08:20:00,1.2708122
4159,2013-12-07 08:30:00,151.65926
4159,2013-12-07 08:30:00,0.4213868
4159,2013-12-07 08:40:00,189.03908
4159,2013-12-07 08:50:00,188.11029
4159,2013-12-07 08:50:00,0.006651706
4159,2013-12-07 09:00:00,216.96066
4159,2013-12-07 09:00:00,0.015739262
4159,2013-12-07 09:10:00,209.91711
4159,2013-12-07 09:10:00,0.4213868
4159,2013-12-07 09:20:00,186.01758
4159,2013-12-07 09:20:00,0.006651706
4159,2013-12-07 09:30:00,196.81593
4159,2013-12-07 09:30:00,0.015739262
4159,2013-12-07 09:40:00,241.70363
4159,2013-12-07 09:50:00,208.38263
4159,2013-12-07 10:00:00,0.29327068
4159,2013-12-07 10:00:00,210.14964
4159,2013-12-07 10:00:00,0.4213868
4159,2013-12-07 10:00:00,0.29327068
4159,2013-12-07 10:10:00,0.006651706
4159,2013-12-07 10:10:00,221.63971
4159,2013-12-07 10:10:00,0.43712607
4159,2013-12-07 10:20:00,208.48613
4159,2013-12-07 10:20:00,0.015739262
4159,2013-12-07 10:20:00,0.8427736
4159,2013-12-07 10:20:00,0.31566167
4159,2013-12-07 10:20:00,0.48138633
4159,2013-12-07 10:30:00,212.64975
4159,2013-12-07 10:30:00,0.0055768173
4159,2013-12-07 10:30:00,0.4280385
4159,2013-12-07 10:40:00,232.30003
4159,2013-12-07 10:40:00,0.015739262
4159,2013-12-07 10:50:00,0.8106309
4159,2013-12-07 10:50:00,174.54413
4159,2013-12-07 10:50:00,0.015739262
4159,2013-12-07 10:50:00,0.4213868
4159,2013-12-07 10:50:00,0.7146575
4159,2013-12-07 11:00:00,198.23955
4159,2013-12-07 11:00:00,0.4213868
4159,2013-12-07 11:10:00,193.39423
4159,2013-12-07 11:10:00,0.0055768173
4159,2013-12-07 11:10:00,0.015739262
4159,2013-12-07 11:10:00,0.4213868
4159,2013-12-07 11:20:00,180.29237
4159,2013-12-07 11:20:00,0.0055768173
4159,2013-12-07 11:20:00,0.4213868
4159,2013-12-07 11:30:00,180.74567
4159,2013-12-07 11:30:00,0.031478524
4159,2013-12-07 11:40:00,0.8106309
4159,2013-12-07 11:40:00,194.06091
4159,2013-12-07 11:40:00,0.8899914
4159,2013-12-07 11:50:00,179.72308
4159,2013-12-07 11:50:00,0.031478524
4159,2013-12-07 12:00:00,217.8552
4159,2013-12-07 12:00:00,0.4280385
4159,2013-12-07 12:00:00,0.047217786
4159,2013-12-07 12:10:00,182.96475
4159,2013-12-07 12:10:00,0.4213868
4159,2013-12-07 12:20:00,165.20483
4159,2013-12-07 12:20:00,0.015739262
4159,2013-12-07 12:30:00,182.04045
4159,2013-12-07 12:30:00,0.0055768173
4159,2013-12-07 12:30:00,0.031478524
4159,2013-12-07 12:40:00,0.015739262
4159,2013-12-07 12:40:00,212.02077
4159,2013-12-07 12:40:00,0.006651706
4159,2013-12-07 12:50:00,0.4213868
4159,2013-12-07 12:50:00,205.30437
4159,2013-12-07 12:50:00,0.015739262
4159,2013-12-07 13:00:00,0.29327068
4159,2013-12-07 13:00:00,0.4213868
4159,2013-12-07 13:00:00,203.1966
4159,2013-12-07 13:10:00,239.09229
4159,2013-12-07 13:20:00,0.0055768173
4159,2013-12-07 13:20:00,249.33844
4159,2013-12-07 13:30:00,227.6788
4159,2013-12-07 13:30:00,0.4213868
4159,2013-12-07 13:30:00,0.33140093
4159,2013-12-07 13:30:00,0.29327068
4159,2013-12-07 13:40:00,245.85031
4159,2013-12-07 13:40:00,0.006651706
4159,2013-12-07 13:50:00,226.61661
4159,2013-12-07 13:50:00,0.4213868
4159,2013-12-07 13:50:00,0.4213868
4159,2013-12-07 14:00:00,0.4213868
4159,2013-12-07 14:00:00,217.28323
4159,2013-12-07 14:10:00,0.29327068
4159,2013-12-07 14:10:00,0.4213868
4159,2013-12-07 14:10:00,198.6894
4159,2013-12-07 14:20:00,0.4213868
4159,2013-12-07 14:20:00,212.19849
4159,2013-12-07 14:20:00,0.4213868
4159,2013-12-07 14:20:00,0.7213092
4159,2013-12-07 14:30:00,237.80084
4159,2013-12-07 14:40:00,281.3629
4159,2013-12-07 14:50:00,240.96739
4159,2013-12-07 15:00:00,0.0055768173
4159,2013-12-07 15:00:00,1.2641604
4159,2013-12-07 15:00:00,205.66441
4159,2013-12-07 15:00:00,0.012228523
4159,2013-12-07 15:00:00,0.006651706
4159,2013-12-07 15:10:00,203.47588
4159,2013-12-07 15:20:00,0.4280385
4159,2013-12-07 15:20:00,197.19925
4159,2013-12-07 15:20:00,0.006651706
4159,2013-12-07 15:20:00,0.4213868
4159,2013-12-07 15:20:00,0.4213868
4159,2013-12-07 15:30:00,0.29327068
4159,2013-12-07 15:30:00,206.45534
4159,2013-12-07 15:30:00,0.015739262
4159,2013-12-07 15:30:00,0.7213092
4159,2013-12-07 15:40:00,194.18695
4159,2013-12-07 15:40:00,0.015739262
4159,2013-12-07 15:40:00,0.015739262
4159,2013-12-07 15:50:00,0.4213868
4159,2013-12-07 15:50:00,177.54022
4159,2013-12-07 15:50:00,0.006651706
4159,2013-12-07 16:00:00,212.18369
4159,2013-12-07 16:00:00,0.4213868
4159,2013-12-07 16:10:00,0.013303412
4159,2013-12-07 16:10:00,0.006651706
4159,2013-12-07 16:10:00,198.56087
4159,2013-12-07 16:20:00,187.62401
4159,2013-12-07 16:20:00,0.006651706
4159,2013-12-07 16:30:00,213.61693
4159,2013-12-07 16:30:00,0.4213868
4159,2013-12-07 16:40:00,221.96094
4159,2013-12-07 16:40:00,0.4213868
4159,2013-12-07 16:50:00,203.54755
4159,2013-12-07 16:50:00,0.48138633
4159,2013-12-07 16:50:00,0.006651706
4159,2013-12-07 16:50:00,0.006651706
4159,2013-12-07 16:50:00,0.8427736
4159,2013-12-07 17:00:00,215.75966
4159,2013-12-07 17:00:00,0.8106309
4159,2013-12-07 17:10:00,205.35011
4159,2013-12-07 17:10:00,0.4213868
4159,2013-12-07 17:20:00,0.006651706
4159,2013-12-07 17:20:00,224.81972
4159,2013-12-07 17:20:00,0.0055768173
4159,2013-12-07 17:30:00,201.79251
4159,2013-12-07 17:30:00,0.8494253
4159,2013-12-07 17:40:00,225.98096
4159,2013-12-07 17:40:00,0.0055768173
4159,2013-12-07 17:50:00,248.18864
4159,2013-12-07 17:50:00,0.8427736
4159,2013-12-07 18:00:00,228.99991
4159,2013-12-07 18:00:00,0.006651706
4159,2013-12-07 18:00:00,0.29327068
4159,2013-12-07 18:10:00,214.12608
4159,2013-12-07 18:10:00,0.0055768173
4159,2013-12-07 18:20:00,221.24466
4159,2013-12-07 18:20:00,0.015739262
4159,2013-12-07 18:30:00,186.93047
4159,2013-12-07 18:30:00,0.006651706
4159,2013-12-07 18:40:00,207.8857
4159,2013-12-07 18:40:00,0.006651706
4159,2013-12-07 18:40:00,0.0055768173
4159,2013-12-07 18:40:00,0.4213868
4159,2013-12-07 18:50:00,233.19403
4159,2013-12-07 18:50:00,0.012228523
4159,2013-12-07 19:00:00,0.0055768173
4159,2013-12-07 19:00:00,253.00656
4159,2013-12-07 19:10:00,0.4213868
4159,2013-12-07 19:10:00,0.4213868
4159,2013-12-07 19:10:00,234.73729
4159,2013-12-07 19:10:00,0.58654135
4159,2013-12-07 19:10:00,0.4213868
4159,2013-12-07 19:10:00,0.7213092
4159,2013-12-07 19:20:00,226.42258
4159,2013-12-07 19:20:00,0.29327068
4159,2013-12-07 19:30:00,230.1635
4159,2013-12-07 19:30:00,0.4213868
4159,2013-12-07 19:40:00,0.4213868
4159,2013-12-07 19:40:00,217.34087
4159,2013-12-07 19:40:00,0.4213868
4159,2013-12-07 19:50:00,0.0055768173
4159,2013-12-07 19:50:00,242.9224
4159,2013-12-07 19:50:00,1.6212618
4159,2013-12-07 20:00:00,0.4213868
4159,2013-12-07 20:00:00,225.85298
4159,2013-12-07 20:00:00,0.8106309
4159,2013-12-07 20:00:00,0.015739262
4159,2013-12-07 20:10:00,299.81738
4159,2013-12-07 20:10:00,0.015739262
4159,2013-12-07 20:10:00,0.29327068
4159,2013-12-07 20:20:00,0.7146575
4159,2013-12-07 20:20:00,0.006651706
4159,2013-12-07 20:20:00,226.95033
4159,2013-12-07 20:20:00,0.006651706
4159,2013-12-07 20:30:00,0.0055768173
4159,2013-12-07 20:30:00,258.8787
4159,2013-12-07 20:40:00,249.73045
4159,2013-12-07 20:40:00,0.006651706
4159,2013-12-07 20:50:00,240.67516
4159,2013-12-07 20:50:00,0.015739262
4159,2013-12-07 20:50:00,0.29327068
4159,2013-12-07 21:00:00,240.49648
4159,2013-12-07 21:00:00,0.013303412
4159,2013-12-07 21:10:00,0.4213868
4159,2013-12-07 21:10:00,225.52673
4159,2013-12-07 21:10:00,0.016730452
4159,2013-12-07 21:20:00,0.006651706
4159,2013-12-07 21:20:00,238.26965
4159,2013-12-07 21:20:00,0.02239097
4159,2013-12-07 21:30:00,232.94978
4159,2013-12-07 21:30:00,0.0055768173
4159,2013-12-07 21:30:00,0.006651706
4159,2013-12-07 21:40:00,218.9015
4159,2013-12-07 21:40:00,0.8162077
4159,2013-12-07 21:40:00,0.8427736
4159,2013-12-07 21:50:00,0.0055768173
4159,2013-12-07 21:50:00,204.55977
4159,2013-12-07 21:50:00,0.0055768173
4159,2013-12-07 21:50:00,0.02239097
4159,2013-12-07 22:00:00,200.36784
4159,2013-12-07 22:00:00,0.8106309
4159,2013-12-07 22:00:00,0.030033864
4159,2013-12-07 22:00:00,0.006651706
4159,2013-12-07 22:10:00,205.39313
4159,2013-12-07 22:20:00,189.1484
4159,2013-12-07 22:30:00,208.86148
4159,2013-12-07 22:30:00,0.015739262
4159,2013-12-07 22:30:00,0.013303412
4159,2013-12-07 22:40:00,203.4128
4159,2013-12-07 22:40:00,0.0055768173
4159,2013-12-07 22:40:00,0.006651706
4159,2013-12-07 22:40:00,0.48138633
4159,2013-12-07 22:50:00,193.33737
4159,2013-12-07 22:50:00,0.4213868
4159,2013-12-07 23:00:00,221.93745
4159,2013-12-07 23:00:00,0.8427736
4159,2013-12-07 23:10:00,213.84343
4159,2013-12-07 23:10:00,0.015739262
4159,2013-12-07 23:10:00,0.0055768173
4159,2013-12-07 23:20:00,202.65936
4159,2013-12-07 23:20:00,0.015739262
4159,2013-12-07 23:20:00,0.48803803
4159,2013-12-07 23:20:00,0.8427736
4159,2013-12-07 23:30:00,217.76059
4159,2013-12-07 23:40:00,202.73334
4159,2013-12-07 23:40:00,0.006651706
4159,2013-12-07 23:40:00,0.2999224
4159,2013-12-07 23:50:00,0.4213868
4159,2013-12-07 23:50:00,216.08755
4159,2013-12-08 00:00:00,193.25078
4159,2013-12-08 00:10:00,199.99715
4159,2013-12-08 00:10:00,0.02239097
4159,2013-12-08 00:20:00,173.09993
4159,2013-12-08 00:30:00,166.22855
4159,2013-12-08 00:30:00,0.8427736
4159,2013-12-08 00:40:00,173.4787
4159,2013-12-08 00:40:00,0.015739262
4159,2013-12-08 00:40:00,0.4213868
4159,2013-12-08 00:50:00,163.37257
4159,2013-12-08 00:50:00,0.006651706
4159,2013-12-08 00:50:00,0.29327068
4159,2013-12-08 01:00:00,180.00853
4159,2013-12-08 01:10:00,154.94576
4159,2013-12-08 01:10:00,0.006651706
4159,2013-12-08 01:20:00,138.43974
4159,2013-12-08 01:20:00,0.02239097
4159,2013-12-08 01:20:00,0.7146575
4159,2013-12-08 01:30:00,173.22878
4159,2013-12-08 01:40:00,165.01257
4159,2013-12-08 01:40:00,0.4213868
4159,2013-12-08 01:50:00,0.006651706
4159,2013-12-08 01:50:00,121.57322
4159,2013-12-08 01:50:00,0.02239097
4159,2013-12-08 02:00:00,0.4213868
4159,2013-12-08 02:00:00,141.67468
4159,2013-12-08 02:10:00,134.10716
4159,2013-12-08 02:20:00,118.51612
4159,2013-12-08 02:20:00,0.8427736
4159,2013-12-08 02:30:00,121.11928
4159,2013-12-08 02:30:00,0.015739262
4159,2013-12-08 02:30:00,0.006651706
4159,2013-12-08 02:40:00,0.4213868
4159,2013-12-08 02:40:00,120.259224
4159,2013-12-08 02:50:00,129.14574
4159,2013-12-08 02:50:00,0.2999224
4159,2013-12-08 03:00:00,0.4213868
4159,2013-12-08 03:00:00,144.81235
4159,2013-12-08 03:00:00,0.02239097
4159,2013-12-08 03:10:00,119.80249
4159,2013-12-08 03:10:00,0.006651706
4159,2013-12-08 03:20:00,118.66837
4159,2013-12-08 03:30:00,126.10928
4159,2013-12-08 03:30:00,0.006651706
4159,2013-12-08 03:40:00,108.46013
4159,2013-12-08 03:40:00,0.4213868
4159,2013-12-08 03:50:00,105.012886
4159,2013-12-08 03:50:00,0.006651706
4159,2013-12-08 04:00:00,129.84692
4159,2013-12-08 04:10:00,113.834625
4159,2013-12-08 04:10:00,0.4213868
4159,2013-12-08 04:20:00,115.53529
4159,2013-12-08 04:20:00,0.006651706
4159,2013-12-08 04:30:00,112.90341
4159,2013-12-08 04:40:00,117.75389
4159,2013-12-08 04:40:00,0.015739262
4159,2013-12-08 04:50:00,102.99179
4159,2013-12-08 04:50:00,0.006651706
4159,2013-12-08 05:00:00,135.62354
4159,2013-12-08 05:10:00,123.48089
4159,2013-12-08 05:20:00,0.4213868
4159,2013-12-08 05:20:00,105.950096
4159,2013-12-08 05:30:00,0.006651706
4159,2013-12-08 05:30:00,99.66879
4159,2013-12-08 05:30:00,0.006651706
4159,2013-12-08 05:40:00,106.75214
4159,2013-12-08 05:40:00,0.0055768173
4159,2013-12-08 05:50:00,96.74446
4159,2013-12-08 05:50:00,0.01888023
4159,2013-12-08 06:00:00,0.4213868
4159,2013-12-08 06:00:00,103.56167
4159,2013-12-08 06:00:00,0.006651706
4159,2013-12-08 06:10:00,102.53576
4159,2013-12-08 06:10:00,0.4213868
4159,2013-12-08 06:20:00,101.29386
4159,2013-12-08 06:30:00,116.13487
4159,2013-12-08 06:30:00,0.4280385
4159,2013-12-08 06:40:00,115.832825
4159,2013-12-08 06:50:00,98.960304
4159,2013-12-08 07:00:00,112.50432
4159,2013-12-08 07:10:00,0.012228523
4159,2013-12-08 07:10:00,118.16697
4159,2013-12-08 07:10:00,0.006651706
4159,2013-12-08 07:20:00,122.65891
4159,2013-12-08 07:20:00,0.8427736
4159,2013-12-08 07:30:00,116.07141
4159,2013-12-08 07:40:00,136.50781
4159,2013-12-08 07:40:00,0.006651706
4159,2013-12-08 07:50:00,0.0055768173
4159,2013-12-08 07:50:00,121.876366
4159,2013-12-08 08:00:00,125.503044
4159,2013-12-08 08:00:00,0.4213868
4159,2013-12-08 08:10:00,149.14893
4159,2013-12-08 08:10:00,0.006651706
4159,2013-12-08 08:20:00,144.54419
4159,2013-12-08 08:20:00,0.4213868
4159,2013-12-08 08:30:00,109.43354
4159,2013-12-08 08:40:00,148.26552
4159,2013-12-08 08:40:00,0.8427736
4159,2013-12-08 08:50:00,165.013
4159,2013-12-08 08:50:00,0.006651706
4159,2013-12-08 09:00:00,0.006651706
4159,2013-12-08 09:00:00,173.51459
4159,2013-12-08 09:10:00,165.61752
4159,2013-12-08 09:10:00,0.0055768173
4159,2013-12-08 09:20:00,172.13023
4159,2013-12-08 09:20:00,0.006651706
4159,2013-12-08 09:30:00,0.015739262
4159,2013-12-08 09:30:00,155.09583
4159,2013-12-08 09:30:00,0.4213868
4159,2013-12-08 09:40:00,163.16716
4159,2013-12-08 09:50:00,165.63211
4159,2013-12-08 09:50:00,0.4280385
4159,2013-12-08 10:00:00,146.83757
4159,2013-12-08 10:00:00,0.48803803
4159,2013-12-08 10:00:00,0.8427736
4159,2013-12-08 10:10:00,153.98581
4159,2013-12-08 10:10:00,0.4213868
4159,2013-12-08 10:20:00,172.79546
4159,2013-12-08 10:30:00,210.94252
4159,2013-12-08 10:30:00,0.2999224
4159,2013-12-08 10:40:00,182.53001
4159,2013-12-08 10:40:00,0.29327068
4159,2013-12-08 10:50:00,0.4213868
4159,2013-12-08 10:50:00,183.24876
4159,2013-12-08 10:50:00,0.4213868
4159,2013-12-08 11:00:00,175.17644
4159,2013-12-08 11:00:00,0.006651706
4159,2013-12-08 11:10:00,166.75851
4159,2013-12-08 11:20:00,167.57747
4159,2013-12-08 11:20:00,0.4213868
4159,2013-12-08 11:30:00,202.49168
4159,2013-12-08 11:30:00,0.4213868
4159,2013-12-08 11:40:00,183.62704
4159,2013-12-08 11:50:00,188.95859
4159,2013-12-08 12:00:00,185.98703
4159,2013-12-08 12:00:00,0.006651706
4159,2013-12-08 12:10:00,0.4213868
4159,2013-12-08 12:10:00,186.62173
4159,2013-12-08 12:20:00,181.92514
4159,2013-12-08 12:30:00,193.00925
4159,2013-12-08 12:30:00,0.8427736
4159,2013-12-08 12:30:00,0.4213868
4159,2013-12-08 12:40:00,168.26004
4159,2013-12-08 12:40:00,0.006651706
4159,2013-12-08 12:50:00,0.0055768173
4159,2013-12-08 12:50:00,181.62422
4159,2013-12-08 13:00:00,0.0055768173
4159,2013-12-08 13:00:00,150.52097
4159,2013-12-08 13:10:00,176.2119
4159,2013-12-08 13:10:00,0.4280385
4159,2013-12-08 13:20:00,159.4027
4159,2013-12-08 13:30:00,159.68806
4159,2013-12-08 13:30:00,0.4213868
4159,2013-12-08 13:40:00,154.15616
4159,2013-12-08 13:40:00,0.006651706
4159,2013-12-08 13:50:00,0.4213868
4159,2013-12-08 13:50:00,144.36465
4159,2013-12-08 13:50:00,0.4213868
4159,2013-12-08 14:00:00,0.4213868
4159,2013-12-08 14:00:00,167.8215
4159,2013-12-08 14:00:00,0.4213868
4159,2013-12-08 14:10:00,214.19211
4159,2013-12-08 14:10:00,0.7146575
4159,2013-12-08 14:10:00,1.2641604
4159,2013-12-08 14:20:00,178.08784
4159,2013-12-08 14:20:00,0.006651706
4159,2013-12-08 14:30:00,0.0055768173
4159,2013-12-08 14:30:00,193.55037
4159,2013-12-08 14:30:00,0.4213868
4159,2013-12-08 14:40:00,182.99107
4159,2013-12-08 14:40:00,0.72023433
4159,2013-12-08 14:50:00,183.60036
4159,2013-12-08 14:50:00,0.8427736
4159,2013-12-08 14:50:00,0.006651706
4159,2013-12-08 15:00:00,168.41013
4159,2013-12-08 15:00:00,0.4213868
4159,2013-12-08 15:10:00,0.0055768173
4159,2013-12-08 15:10:00,185.58134
4159,2013-12-08 15:10:00,0.2999224
4159,2013-12-08 15:10:00,0.4213868
4159,2013-12-08 15:20:00,0.006651706
4159,2013-12-08 15:20:00,200.386
4159,2013-12-08 15:20:00,0.006651706
4159,2013-12-08 15:20:00,0.006651706
4159,2013-12-08 15:30:00,0.031478524
4159,2013-12-08 15:30:00,216.99115
4159,2013-12-08 15:40:00,244.78049
4159,2013-12-08 15:50:00,239.92023
4159,2013-12-08 15:50:00,0.006651706
4159,2013-12-08 16:00:00,202.46957
4159,2013-12-08 16:00:00,0.006651706
4159,2013-12-08 16:10:00,168.35559
4159,2013-12-08 16:10:00,0.006651706
4159,2013-12-08 16:10:00,0.4213868
4159,2013-12-08 16:10:00,1.2641604
4159,2013-12-08 16:20:00,0.4213868
4159,2013-12-08 16:20:00,0.4213868
4159,2013-12-08 16:20:00,0.0055768173
4159,2013-12-08 16:20:00,179.30362
4159,2013-12-08 16:20:00,0.006651706
4159,2013-12-08 16:20:00,0.4213868
4159,2013-12-08 16:30:00,0.4213868
4159,2013-12-08 16:30:00,196.27333
4159,2013-12-08 16:30:00,0.7146575
4159,2013-12-08 16:40:00,0.015739262
4159,2013-12-08 16:40:00,190.80832
4159,2013-12-08 16:50:00,191.53008
4159,2013-12-08 16:50:00,0.856077
4159,2013-12-08 17:00:00,237.24109
4159,2013-12-08 17:00:00,0.8427736
4159,2013-12-08 17:00:00,0.4213868
4159,2013-12-08 17:10:00,0.01780534
4159,2013-12-08 17:10:00,224.57426
4159,2013-12-08 17:10:00,0.015739262
4159,2013-12-08 17:10:00,0.4213868
4159,2013-12-08 17:20:00,205.1818
4159,2013-12-08 17:20:00,0.29327068
4159,2013-12-08 17:30:00,219.08801
4159,2013-12-08 17:30:00,0.015739262
4159,2013-12-08 17:30:00,0.006651706
4159,2013-12-08 17:40:00,204.53789
4159,2013-12-08 17:50:00,199.65123
4159,2013-12-08 17:50:00,0.43712607
4159,2013-12-08 18:00:00,217.47473
4159,2013-12-08 18:00:00,0.006651706
4159,2013-12-08 18:10:00,251.66763
4159,2013-12-08 18:20:00,246.56213
4159,2013-12-08 18:20:00,0.006651706
4159,2013-12-08 18:20:00,1.1360443
4159,2013-12-08 18:30:00,282.46735
4159,2013-12-08 18:30:00,0.006651706
4159,2013-12-08 18:30:00,1.1360443
4159,2013-12-08 18:40:00,215.32132
4159,2013-12-08 18:40:00,0.015739262
4159,2013-12-08 18:50:00,235.53833
4159,2013-12-08 18:50:00,0.015739262
4159,2013-12-08 19:00:00,226.25623
4159,2013-12-08 19:10:00,240.29861
4159,2013-12-08 19:10:00,0.006651706
4159,2013-12-08 19:10:00,0.4213868
4159,2013-12-08 19:20:00,274.00665
4159,2013-12-08 19:20:00,0.29327068
4159,2013-12-08 19:30:00,282.53613
4159,2013-12-08 19:40:00,0.006651706
4159,2013-12-08 19:40:00,270.21332
4159,2013-12-08 19:40:00,0.006651706
4159,2013-12-08 19:40:00,0.006651706
4159,2013-12-08 19:50:00,239.54016
4159,2013-12-08 20:00:00,251.90865
4159,2013-12-08 20:00:00,0.4213868
4159,2013-12-08 20:10:00,0.4213868
4159,2013-12-08 20:10:00,282.1137
4159,2013-12-08 20:10:00,0.006651706
4159,2013-12-08 20:10:00,0.4280385
4159,2013-12-08 20:20:00,272.37955
4159,2013-12-08 20:30:00,282.55634
4159,2013-12-08 20:30:00,0.8427736
4159,2013-12-08 20:40:00,262.1104
4159,2013-12-08 20:40:00,0.006651706
4159,2013-12-08 20:40:00,0.4213868
4159,2013-12-08 20:50:00,0.006651706
4159,2013-12-08 20:50:00,263.97437
4159,2013-12-08 20:50:00,0.02239097
4159,2013-12-08 20:50:00,0.29327068
4159,2013-12-08 21:00:00,283.04984
4159,2013-12-08 21:10:00,293.1853
4159,2013-12-08 21:20:00,304.00082
4159,2013-12-08 21:20:00,0.006651706
4159,2013-12-08 21:20:00,0.4213868
4159,2013-12-08 21:30:00,291.13968
4159,2013-12-08 21:40:00,250.81421
4159,2013-12-08 21:50:00,0.0055768173
4159,2013-12-08 21:50:00,221.33852
4159,2013-12-08 21:50:00,0.006651706
4159,2013-12-08 21:50:00,0.4213868
4159,2013-12-08 22:00:00,240.83676
4159,2013-12-08 22:10:00,242.55504
4159,2013-12-08 22:20:00,273.06046
4159,2013-12-08 22:30:00,265.38684
4159,2013-12-08 22:40:00,272.67307
4159,2013-12-08 22:50:00,257.6947
4159,2013-12-08 23:00:00,228.45866
4159,2013-12-08 23:10:00,0.29327068
4159,2013-12-08 23:10:00,172.04837
4159,2013-12-08 23:10:00,0.58654135
4159,2013-12-08 23:20:00,0.29327068
4159,2013-12-08 23:20:00,168.05896
4159,2013-12-08 23:20:00,0.006651706
4159,2013-12-08 23:30:00,167.74164
4159,2013-12-08 23:40:00,148.71268
4159,2013-12-08 23:40:00,0.006651706
4159,2013-12-08 23:50:00,151.97041
4159,2013-12-09 00:00:00,167.43008
4159,2013-12-09 00:10:00,150.76422
4159,2013-12-09 00:10:00,0.29327068
4159,2013-12-09 00:20:00,151.67984
4159,2013-12-09 00:20:00,0.4213868
4159,2013-12-09 00:30:00,145.21786
4159,2013-12-09 00:40:00,134.50964
4159,2013-12-09 00:50:00,0.29327068
4159,2013-12-09 00:50:00,137.41812
4159,2013-12-09 01:00:00,157.73897
4159,2013-12-09 01:10:00,135.37846
4159,2013-12-09 01:20:00,155.56189
4159,2013-12-09 01:30:00,149.45184
4159,2013-12-09 01:40:00,124.59713
4159,2013-12-09 01:50:00,135.20837
4159,2013-12-09 02:00:00,140.47728
4159,2013-12-09 02:10:00,126.53264
4159,2013-12-09 02:20:00,126.05359
4159,2013-12-09 02:30:00,131.35977
4159,2013-12-09 02:40:00,131.09967
4159,2013-12-09 02:50:00,116.388626
4159,2013-12-09 03:00:00,120.17831
4159,2013-12-09 03:10:00,111.2881
4159,2013-12-09 03:20:00,114.20819
4159,2013-12-09 03:30:00,115.24548
4159,2013-12-09 03:40:00,0.29327068
4159,2013-12-09 03:40:00,118.411125
4159,2013-12-09 03:50:00,111.71054
4159,2013-12-09 04:00:00,112.05691
4159,2013-12-09 04:10:00,114.73913
4159,2013-12-09 04:20:00,115.629295
4159,2013-12-09 04:30:00,0.4213868
4159,2013-12-09 04:30:00,114.44514
4159,2013-12-09 04:40:00,108.89379
4159,2013-12-09 04:50:00,112.70472
4159,2013-12-09 05:00:00,111.949776
4159,2013-12-09 05:10:00,107.67624
4159,2013-12-09 05:10:00,0.4213868
4159,2013-12-09 05:20:00,117.006294
4159,2013-12-09 05:20:00,0.015739262
4159,2013-12-09 05:30:00,126.430305
4159,2013-12-09 05:40:00,144.46689
4159,2013-12-09 05:40:00,1.1360443
4159,2013-12-09 05:50:00,0.015739262
4159,2013-12-09 05:50:00,149.55048
4159,2013-12-09 05:50:00,0.4213868
4159,2013-12-09 06:00:00,163.80023
4159,2013-12-09 06:00:00,0.8427736
4159,2013-12-09 06:10:00,169.8937
4159,2013-12-09 06:10:00,0.4213868
4159,2013-12-09 06:20:00,177.3939
4159,2013-12-09 06:20:00,0.4213868
4159,2013-12-09 06:20:00,0.4213868
4159,2013-12-09 06:30:00,225.53796
4159,2013-12-09 06:30:00,0.4280385
4159,2013-12-09 06:40:00,0.4213868
4159,2013-12-09 06:40:00,236.11533
4159,2013-12-09 06:40:00,0.29327068
4159,2013-12-09 06:50:00,251.53343
4159,2013-12-09 07:00:00,0.006651706
4159,2013-12-09 07:00:00,0.7146575
4159,2013-12-09 07:00:00,270.8501
4159,2013-12-09 07:00:00,1.2641604
4159,2013-12-09 07:10:00,1.2641604
4159,2013-12-09 07:10:00,285.6483
4159,2013-12-09 07:10:00,0.4213868
4159,2013-12-09 07:20:00,316.57794
4159,2013-12-09 07:20:00,0.8494253
4159,2013-12-09 07:30:00,333.8071
4159,2013-12-09 07:30:00,0.8427736
4159,2013-12-09 07:30:00,0.4280385
4159,2013-12-09 07:40:00,342.85953
4159,2013-12-09 07:40:00,0.2999224
4159,2013-12-09 07:50:00,0.8427736
4159,2013-12-09 07:50:00,390.80276
4159,2013-12-09 07:50:00,0.8427736
4159,2013-12-09 07:50:00,0.4213868
4159,2013-12-09 07:50:00,0.4213868
4159,2013-12-09 08:00:00,414.2694
4159,2013-12-09 08:00:00,1.2320178
4159,2013-12-09 08:00:00,0.8427736
4159,2013-12-09 08:10:00,423.71143
4159,2013-12-09 08:10:00,0.006651706
4159,2013-12-09 08:10:00,0.90277314
4159,2013-12-09 08:20:00,0.48138633
4159,2013-12-09 08:20:00,430.35626
4159,2013-12-09 08:30:00,0.4213868
4159,2013-12-09 08:30:00,502.99124
4159,2013-12-09 08:30:00,0.29327068
4159,2013-12-09 08:40:00,477.05865
4159,2013-12-09 08:40:00,1.142696
4159,2013-12-09 08:50:00,473.92697
4159,2013-12-09 08:50:00,0.4213868
4159,2013-12-09 09:00:00,0.006651706
4159,2013-12-09 09:00:00,571.85767
4159,2013-12-09 09:00:00,0.4213868
4159,2013-12-09 09:00:00,1.6855472
4159,2013-12-09 09:10:00,0.8106309
4159,2013-12-09 09:10:00,570.6158
4159,2013-12-09 09:10:00,0.8106309
4159,2013-12-09 09:20:00,0.4213868
4159,2013-12-09 09:20:00,608.7065
4159,2013-12-09 09:20:00,0.4213868
4159,2013-12-09 09:20:00,0.4213868
4159,2013-12-09 09:30:00,0.4213868
4159,2013-12-09 09:30:00,672.66736
4159,2013-12-09 09:30:00,0.015739262
4159,2013-12-09 09:30:00,0.015739262
4159,2013-12-09 09:30:00,0.015739262
4159,2013-12-09 09:40:00,0.4213868
4159,2013-12-09 09:40:00,744.8305
4159,2013-12-09 09:50:00,0.48138633
4159,2013-12-09 09:50:00,0.006651706
4159,2013-12-09 09:50:00,0.48138633
4159,2013-12-09 09:50:00,572.3945
4159,2013-12-09 09:50:00,0.4213868
4159,2013-12-09 10:00:00,588.639
4159,2013-12-09 10:00:00,0.4213868
4159,2013-12-09 10:00:00,0.006651706
4159,2013-12-09 10:10:00,605.4434
4159,2013-12-09 10:20:00,584.1899
4159,2013-12-09 10:20:00,0.4213868
4159,2013-12-09 10:20:00,0.7146575
4159,2013-12-09 10:30:00,593.70935
4159,2013-12-09 10:40:00,564.87665
4159,2013-12-09 10:40:00,0.8427736
4159,2013-12-09 10:50:00,699.47534
4159,2013-12-09 10:50:00,1.2320178
4159,2013-12-09 10:50:00,0.015739262
4159,2013-12-09 11:00:00,660.2996
4159,2013-12-09 11:00:00,0.015739262
4159,2013-12-09 11:10:00,0.4213868
4159,2013-12-09 11:10:00,640.9588
4159,2013-12-09 11:10:00,3.1297061
4159,2013-12-09 11:20:00,0.90277314
4159,2013-12-09 11:20:00,596.19324
4159,2013-12-09 11:20:00,4.995252
4159,2013-12-09 11:20:00,0.4213868
4159,2013-12-09 11:20:00,0.015739262
4159,2013-12-09 11:30:00,0.4213868
4159,2013-12-09 11:30:00,621.25214
4159,2013-12-09 11:30:00,3.1297061
4159,2013-12-09 11:30:00,0.4213868
4159,2013-12-09 11:40:00,0.015739262
4159,2013-12-09 11:40:00,607.84045
4159,2013-12-09 11:40:00,2.226933
4159,2013-12-09 11:40:00,0.29327068
4159,2013-12-09 11:50:00,615.26526
4159,2013-12-09 11:50:00,5.416639
4159,2013-12-09 12:00:00,0.015739262
4159,2013-12-09 12:00:00,547.1135
4159,2013-12-09 12:00:00,3.1297061
4159,2013-12-09 12:00:00,0.015739262
4159,2013-12-09 12:00:00,0.7146575
4159,2013-12-09 12:10:00,0.015739262
4159,2013-12-09 12:10:00,619.2803
4159,2013-12-09 12:10:00,2.2869327
4159,2013-12-09 12:10:00,0.015739262
4159,2013-12-09 12:10:00,0.43712607
4159,2013-12-09 12:20:00,1.2320178
4159,2013-12-09 12:20:00,0.43811727
4159,2013-12-09 12:20:00,614.3175
4159,2013-12-09 12:20:00,0.4213868
4159,2013-12-09 12:30:00,0.8106309
4159,2013-12-09 12:30:00,0.4213868
4159,2013-12-09 12:30:00,653.3128
4159,2013-12-09 12:30:00,1.8055463
4159,2013-12-09 12:30:00,0.29327068
4159,2013-12-09 12:30:00,0.4213868
4159,2013-12-09 12:30:00,0.0055768173
4159,2013-12-09 12:40:00,0.4213868
4159,2013-12-09 12:40:00,652.54034
4159,2013-12-09 12:40:00,0.2999224
4159,2013-12-09 12:40:00,0.4213868
4159,2013-12-09 12:50:00,0.8106309
4159,2013-12-09 12:50:00,669.03687
4159,2013-12-09 12:50:00,0.015739262
4159,2013-12-09 12:50:00,0.4213868
4159,2013-12-09 12:50:00,0.4213868
4159,2013-12-09 13:00:00,0.4213868
4159,2013-12-09 13:00:00,697.2769
4159,2013-12-09 13:00:00,0.015739262
4159,2013-12-09 13:00:00,0.4213868
4159,2013-12-09 13:00:00,0.8427736
4159,2013-12-09 13:10:00,0.8427736
4159,2013-12-09 13:10:00,0.48138633
4159,2013-12-09 13:10:00,0.90277314
4159,2013-12-09 13:10:00,720.92395
4159,2013-12-09 13:10:00,0.8427736
4159,2013-12-09 13:20:00,0.48138633
4159,2013-12-09 13:20:00,688.132
4159,2013-12-09 13:20:00,0.96277267
4159,2013-12-09 13:20:00,1.2641604
4159,2013-12-09 13:30:00,0.015739262
4159,2013-12-09 13:30:00,629.84875
4159,2013-12-09 13:30:00,1.6212618
4159,2013-12-09 13:30:00,0.8427736
4159,2013-12-09 13:40:00,679.7666
4159,2013-12-09 13:50:00,644.261
4159,2013-12-09 14:00:00,577.3707
4159,2013-12-09 14:00:00,0.8106309
4159,2013-12-09 14:10:00,0.4213868
4159,2013-12-09 14:10:00,617.4231
4159,2013-12-09 14:10:00,1.4893146
4159,2013-12-09 14:20:00,582.7233
4159,2013-12-09 14:20:00,0.031478524
4159,2013-12-09 14:20:00,1.4893146
4159,2013-12-09 14:30:00,0.0055768173
4159,2013-12-09 14:30:00,0.48138633
4159,2013-12-09 14:30:00,574.56555
4159,2013-12-09 14:30:00,0.015739262
4159,2013-12-09 14:30:00,0.8427736
4159,2013-12-09 14:30:00,0.006651706
4159,2013-12-09 14:40:00,0.015739262
4159,2013-12-09 14:40:00,1.6855472
4159,2013-12-09 14:40:00,627.4378
4159,2013-12-09 14:40:00,0.4213868
4159,2013-12-09 14:40:00,0.4213868
4159,2013-12-09 14:50:00,619.6216
4159,2013-12-09 14:50:00,0.48138633
4159,2013-12-09 15:00:00,711.9769
4159,2013-12-09 15:00:00,1.2320178
4159,2013-12-09 15:10:00,704.42633
4159,2013-12-09 15:10:00,0.015739262
4159,2013-12-09 15:10:00,0.29327068
4159,2013-12-09 15:20:00,618.49817
4159,2013-12-09 15:20:00,0.015739262
4159,2013-12-09 15:20:00,0.006651706
4159,2013-12-09 15:30:00,595.3316
4159,2013-12-09 15:30:00,0.4213868
4159,2013-12-09 15:30:00,0.4213868
4159,2013-12-09 15:40:00,0.4213868
4159,2013-12-09 15:40:00,566.6755
4159,2013-12-09 15:40:00,0.4213868
4159,2013-12-09 15:50:00,605.9486
4159,2013-12-09 15:50:00,0.8585129
4159,2013-12-09 15:50:00,0.006651706
4159,2013-12-09 16:00:00,0.4213868
4159,2013-12-09 16:00:00,0.4213868
4159,2013-12-09 16:00:00,615.9772
4159,2013-12-09 16:00:00,0.8427736
4159,2013-12-09 16:00:00,0.7146575
4159,2013-12-09 16:10:00,1.713404
4159,2013-12-09 16:10:00,537.72626
4159,2013-12-09 16:10:00,0.006651706
4159,2013-12-09 16:10:00,0.8494253
4159,2013-12-09 16:20:00,0.8106309
4159,2013-12-09 16:20:00,562.20624
4159,2013-12-09 16:30:00,550.91785
4159,2013-12-09 16:30:00,0.4213868
4159,2013-12-09 16:40:00,0.43712607
4159,2013-12-09 16:40:00,0.29327068
4159,2013-12-09 16:40:00,522.49115
4159,2013-12-09 16:40:00,1.2708122
4159,2013-12-09 16:40:00,0.015739262
4159,2013-12-09 16:50:00,571.40796
4159,2013-12-09 16:50:00,1.2320178
4159,2013-12-09 16:50:00,0.48138633
4159,2013-12-09 17:00:00,545.4844
4159,2013-12-09 17:00:00,0.031478524
4159,2013-12-09 17:10:00,466.6434
4159,2013-12-09 17:10:00,1.2641604
4159,2013-12-09 17:20:00,433.49393
4159,2013-12-09 17:20:00,0.013303412
4159,2013-12-09 17:20:00,0.43712607
4159,2013-12-09 17:30:00,430.5485
4159,2013-12-09 17:40:00,0.4971256
4159,2013-12-09 17:40:00,452.7449
4159,2013-12-09 17:40:00,0.4213868
4159,2013-12-09 17:40:00,0.015739262
4159,2013-12-09 17:40:00,0.4213868
4159,2013-12-09 17:50:00,427.4594
4159,2013-12-09 17:50:00,0.006651706
4159,2013-12-09 17:50:00,0.012228523
4159,2013-12-09 18:00:00,0.4213868
4159,2013-12-09 18:00:00,482.01996
4159,2013-12-09 18:00:00,0.3065741
4159,2013-12-09 18:10:00,0.4213868
4159,2013-12-09 18:10:00,0.4213868
4159,2013-12-09 18:10:00,431.32062
4159,2013-12-09 18:10:00,0.013303412
4159,2013-12-09 18:20:00,0.015739262
4159,2013-12-09 18:20:00,421.60175
4159,2013-12-09 18:20:00,0.006651706
4159,2013-12-09 18:30:00,397.95914
4159,2013-12-09 18:30:00,1.1360443
4159,2013-12-09 18:40:00,412.21527
4159,2013-12-09 18:50:00,395.48224
4159,2013-12-09 18:50:00,0.7146575
4159,2013-12-09 19:00:00,0.0055768173
4159,2013-12-09 19:00:00,472.15613
4159,2013-12-09 19:00:00,0.015739262
4159,2013-12-09 19:00:00,0.006651706
4159,2013-12-09 19:00:00,0.7146575
4159,2013-12-09 19:10:00,724.58545
4159,2013-12-09 19:10:00,0.4213868
4159,2013-12-09 19:10:00,0.006651706
4159,2013-12-09 19:20:00,0.90277314
4159,2013-12-09 19:20:00,425.58994
4159,2013-12-09 19:20:00,0.015739262
4159,2013-12-09 19:20:00,0.006651706
4159,2013-12-09 19:20:00,0.7146575
4159,2013-12-09 19:30:00,468.7137
4159,2013-12-09 19:30:00,0.48138633
4159,2013-12-09 19:30:00,0.006651706
4159,2013-12-09 19:40:00,391.75143
4159,2013-12-09 19:50:00,0.4213868
4159,2013-12-09 19:50:00,351.51663
4159,2013-12-09 20:00:00,343.85822
4159,2013-12-09 20:00:00,0.0055768173
4159,2013-12-09 20:00:00,0.006651706
4159,2013-12-09 20:10:00,334.82367
4159,2013-12-09 20:10:00,0.29327068
4159,2013-12-09 20:20:00,312.64575
4159,2013-12-09 20:20:00,0.006651706
4159,2013-12-09 20:20:00,0.015739262
4159,2013-12-09 20:20:00,0.4213868
4159,2013-12-09 20:30:00,323.7837
4159,2013-12-09 20:30:00,0.015739262
4159,2013-12-09 20:30:00,0.006651706
4159,2013-12-09 20:40:00,355.003
4159,2013-12-09 20:40:00,0.013303412
4159,2013-12-09 20:50:00,325.21072
4159,2013-12-09 20:50:00,0.2988475
4159,2013-12-09 21:00:00,335.5434
4159,2013-12-09 21:00:00,0.006651706
4159,2013-12-09 21:00:00,0.031478524
4159,2013-12-09 21:10:00,338.11362
4159,2013-12-09 21:10:00,0.006651706
4159,2013-12-09 21:10:00,0.4213868
4159,2013-12-09 21:20:00,296.956
4159,2013-12-09 21:30:00,0.0055768173
4159,2013-12-09 21:30:00,267.29428
4159,2013-12-09 21:30:00,0.011153635
4159,2013-12-09 21:40:00,286.1013
4159,2013-12-09 21:40:00,0.0055768173
4159,2013-12-09 21:40:00,0.013303412
4159,2013-12-09 21:50:00,242.99411
4159,2013-12-09 22:00:00,298.00052
4159,2013-12-09 22:00:00,0.015739262
4159,2013-12-09 22:00:00,0.006651706
4159,2013-12-09 22:00:00,0.2999224
4159,2013-12-09 22:10:00,312.3033
4159,2013-12-09 22:10:00,0.006651706
4159,2013-12-09 22:20:00,304.93372
4159,2013-12-09 22:20:00,0.4213868
4159,2013-12-09 22:30:00,0.0055768173
4159,2013-12-09 22:30:00,387.35315
4159,2013-12-09 22:40:00,243.69603
4159,2013-12-09 22:40:00,0.29327068
4159,2013-12-09 22:50:00,229.50183
4159,2013-12-09 22:50:00,0.006651706
4159,2013-12-09 23:00:00,213.05301
4159,2013-12-09 23:10:00,216.57164
4159,2013-12-09 23:10:00,0.29327068
4159,2013-12-09 23:20:00,245.106
4159,2013-12-09 23:20:00,0.006651706
4159,2013-12-09 23:20:00,0.29327068
4159,2013-12-09 23:30:00,304.3909
4159,2013-12-09 23:40:00,252.0341
4159,2013-12-09 23:40:00,0.4280385
4159,2013-12-09 23:50:00,191.41853
4159,2013-12-09 23:50:00,0.006651706
4159,2013-12-10 00:00:00,200.48521
4159,2013-12-10 00:10:00,158.87279
4159,2013-12-10 00:20:00,181.48134
4159,2013-12-10 00:30:00,161.2186
4159,2013-12-10 00:30:00,0.006651706
4159,2013-12-10 00:40:00,168.71332
4159,2013-12-10 00:40:00,0.4213868
4159,2013-12-10 00:50:00,174.25684
4159,2013-12-10 01:00:00,151.4548
4159,2013-12-10 01:00:00,0.006651706
4159,2013-12-10 01:10:00,147.09917
4159,2013-12-10 01:10:00,0.015739262
4159,2013-12-10 01:20:00,148.81429
4159,2013-12-10 01:30:00,130.22424
4159,2013-12-10 01:30:00,0.006651706
4159,2013-12-10 01:40:00,133.64058
4159,2013-12-10 01:40:00,0.4213868
4159,2013-12-10 01:50:00,125.30736
4159,2013-12-10 02:00:00,135.61975
4159,2013-12-10 02:00:00,0.006651706
4159,2013-12-10 02:10:00,148.89435
4159,2013-12-10 02:20:00,138.17346
4159,2013-12-10 02:20:00,0.015739262
4159,2013-12-10 02:30:00,0.0055768173
4159,2013-12-10 02:30:00,152.33878
4159,2013-12-10 02:40:00,148.25253
4159,2013-12-10 02:40:00,0.015739262
4159,2013-12-10 02:40:00,0.006651706
4159,2013-12-10 02:50:00,150.57608
4159,2013-12-10 03:00:00,134.67537
4159,2013-12-10 03:10:00,135.4799
4159,2013-12-10 03:10:00,0.006651706
4159,2013-12-10 03:20:00,128.59584
4159,2013-12-10 03:30:00,124.9324
4159,2013-12-10 03:40:00,135.4581
4159,2013-12-10 03:40:00,0.006651706
4159,2013-12-10 03:50:00,128.11555
4159,2013-12-10 04:00:00,132.3495
4159,2013-12-10 04:10:00,138.49721
4159,2013-12-10 04:10:00,0.006651706
4159,2013-12-10 04:20:00,125.004974
4159,2013-12-10 04:30:00,0.4213868
4159,2013-12-10 04:30:00,126.53804
4159,2013-12-10 04:40:00,130.82175
4159,2013-12-10 04:40:00,0.015739262
4159,2013-12-10 04:40:00,0.006651706
4159,2013-12-10 04:50:00,127.87521
4159,2013-12-10 05:00:00,126.65306
4159,2013-12-10 05:10:00,213.36858
4159,2013-12-10 05:20:00,160.10435
4159,2013-12-10 05:20:00,0.006651706
4159,2013-12-10 05:30:00,154.59363
4159,2013-12-10 05:30:00,0.29327068
4159,2013-12-10 05:40:00,158.42677
4159,2013-12-10 05:50:00,0.015739262
4159,2013-12-10 05:50:00,165.44484
4159,2013-12-10 05:50:00,0.006651706
4159,2013-12-10 06:00:00,176.47174
4159,2013-12-10 06:10:00,193.06224
4159,2013-12-10 06:20:00,198.09915
4159,2013-12-10 06:20:00,0.4280385
4159,2013-12-10 06:20:00,0.4213868
4159,2013-12-10 06:30:00,202.67346
4159,2013-12-10 06:30:00,0.4213868
4159,2013-12-10 06:30:00,0.006651706
4159,2013-12-10 06:40:00,221.7253
4159,2013-12-10 06:50:00,0.4213868
4159,2013-12-10 06:50:00,290.15707
4159,2013-12-10 06:50:00,1.1039016
4159,2013-12-10 07:00:00,272.15195
4159,2013-12-10 07:00:00,0.8494253
4159,2013-12-10 07:00:00,0.4213868
4159,2013-12-10 07:10:00,283.49362
4159,2013-12-10 07:20:00,332.06387
4159,2013-12-10 07:20:00,0.4213868
4159,2013-12-10 07:20:00,0.29327068
4159,2013-12-10 07:20:00,0.8106309
4159,2013-12-10 07:20:00,0.8427736
4159,2013-12-10 07:30:00,359.6899
4159,2013-12-10 07:30:00,0.015739262
4159,2013-12-10 07:30:00,0.4280385
4159,2013-12-10 07:30:00,0.29327068
4159,2013-12-10 07:30:00,0.90277314
4159,2013-12-10 07:40:00,0.4213868
4159,2013-12-10 07:40:00,398.61884
4159,2013-12-10 07:40:00,0.8427736
4159,2013-12-10 07:50:00,389.84827
4159,2013-12-10 07:50:00,0.4213868
4159,2013-12-10 08:00:00,421.09875
4159,2013-12-10 08:00:00,0.013303412
4159,2013-12-10 08:10:00,422.46707
4159,2013-12-10 08:10:00,0.006651706
4159,2013-12-10 08:10:00,0.006651706
4159,2013-12-10 08:20:00,443.23926
4159,2013-12-10 08:20:00,0.0055768173
4159,2013-12-10 08:30:00,462.73007
4159,2013-12-10 08:30:00,0.4213868
4159,2013-12-10 08:30:00,0.8106309
4159,2013-12-10 08:30:00,0.006651706
4159,2013-12-10 08:30:00,0.29327068
4159,2013-12-10 08:40:00,471.44562
4159,2013-12-10 08:40:00,0.4213868
4159,2013-12-10 08:40:00,0.006651706
4159,2013-12-10 08:40:00,0.4213868
4159,2013-12-10 08:40:00,0.96277267
4159,2013-12-10 08:50:00,491.4942
4159,2013-12-10 08:50:00,0.015739262
4159,2013-12-10 08:50:00,0.48138633
4159,2013-12-10 09:00:00,0.0055768173
4159,2013-12-10 09:00:00,588.6998
4159,2013-12-10 09:00:00,0.006651706
4159,2013-12-10 09:10:00,532.3805
4159,2013-12-10 09:10:00,0.006651706
4159,2013-12-10 09:10:00,0.4213868
4159,2013-12-10 09:20:00,793.876
4159,2013-12-10 09:20:00,0.4213868
4159,2013-12-10 09:30:00,626.9412
4159,2013-12-10 09:30:00,0.8106309
4159,2013-12-10 09:30:00,0.4280385
4159,2013-12-10 09:30:00,0.4213868
4159,2013-12-10 09:40:00,0.006651706
4159,2013-12-10 09:40:00,576.8009
4159,2013-12-10 09:40:00,0.006651706
4159,2013-12-10 09:40:00,0.01995512
4159,2013-12-10 09:40:00,0.48138633
4159,2013-12-10 09:50:00,592.8541
4159,2013-12-10 09:50:00,0.013303412
4159,2013-12-10 10:00:00,619.5775
4159,2013-12-10 10:00:00,0.006651706
4159,2013-12-10 10:10:00,624.06647
4159,2013-12-10 10:20:00,0.006651706
4159,2013-12-10 10:20:00,577.30084
4159,2013-12-10 10:20:00,0.4213868
4159,2013-12-10 10:20:00,0.4213868
4159,2013-12-10 10:30:00,567.9898
4159,2013-12-10 10:30:00,0.29327068
4159,2013-12-10 10:40:00,625.0292
4159,2013-12-10 10:40:00,0.006651706
4159,2013-12-10 10:50:00,703.7736
4159,2013-12-10 10:50:00,0.006651706
4159,2013-12-10 11:00:00,697.1072
4159,2013-12-10 11:00:00,0.4213868
4159,2013-12-10 11:00:00,0.006651706
4159,2013-12-10 11:00:00,0.0055768173
4159,2013-12-10 11:10:00,704.18225
4159,2013-12-10 11:10:00,0.006651706
4159,2013-12-10 11:10:00,1.2641604
4159,2013-12-10 11:10:00,0.4213868
4159,2013-12-10 11:20:00,0.0055768173
4159,2013-12-10 11:20:00,617.9356
4159,2013-12-10 11:20:00,0.4213868
4159,2013-12-10 11:30:00,720.61096
4159,2013-12-10 11:30:00,1.713404
4159,2013-12-10 11:30:00,0.4213868
4159,2013-12-10 11:30:00,0.4213868
4159,2013-12-10 11:30:00,1.2774638
4159,2013-12-10 11:40:00,0.4213868
4159,2013-12-10 11:40:00,609.2639
4159,2013-12-10 11:40:00,0.006651706
4159,2013-12-10 11:50:00,637.3499
4159,2013-12-10 11:50:00,0.2999224
4159,2013-12-10 12:00:00,650.93335
4159,2013-12-10 12:00:00,0.4213868
4159,2013-12-10 12:10:00,0.4213868
4159,2013-12-10 12:10:00,0.4213868
4159,2013-12-10 12:10:00,612.0929
4159,2013-12-10 12:10:00,1.2320178
4159,2013-12-10 12:10:00,0.4213868
4159,2013-12-10 12:10:00,0.006651706
4159,2013-12-10 12:10:00,1.2320178
4159,2013-12-10 12:10:00,0.90277314
4159,2013-12-10 12:20:00,0.90277314
4159,2013-12-10 12:20:00,0.0055768173
4159,2013-12-10 12:20:00,599.84674
4159,2013-12-10 12:20:00,0.90277314
4159,2013-12-10 12:20:00,0.006651706
4159,2013-12-10 12:30:00,0.015739262
4159,2013-12-10 12:30:00,0.015739262
4159,2013-12-10 12:30:00,599.1195
4159,2013-12-10 12:30:00,0.4213868
4159,2013-12-10 12:30:00,0.4213868
4159,2013-12-10 12:30:00,0.4213868
4159,2013-12-10 12:40:00,0.015739262
4159,2013-12-10 12:40:00,0.4213868
4159,2013-12-10 12:40:00,636.9266
4159,2013-12-10 12:40:00,0.4213868
4159,2013-12-10 12:40:00,0.8494253
4159,2013-12-10 12:50:00,0.48138633
4159,2013-12-10 12:50:00,546.39417
4159,2013-12-10 12:50:00,2.3469322
4159,2013-12-10 12:50:00,0.006651706
4159,2013-12-10 13:00:00,0.4213868
4159,2013-12-10 13:00:00,2.768319
4159,2013-12-10 13:00:00,652.91235
4159,2013-12-10 13:00:00,0.48138633
4159,2013-12-10 13:10:00,1.8055463
4159,2013-12-10 13:10:00,629.2312
4159,2013-12-10 13:10:00,1.0079281
4159,2013-12-10 13:20:00,637.90027
4159,2013-12-10 13:20:00,0.006651706
4159,2013-12-10 13:20:00,0.7146575
4159,2013-12-10 13:30:00,0.48138633
4159,2013-12-10 13:30:00,589.1155
4159,2013-12-10 13:40:00,571.7532
4159,2013-12-10 13:50:00,0.2999224
4159,2013-12-10 13:50:00,540.9291
4159,2013-12-10 13:50:00,0.006651706
4159,2013-12-10 13:50:00,0.8427736
4159,2013-12-10 14:00:00,606.6882
4159,2013-12-10 14:00:00,0.4213868
4159,2013-12-10 14:10:00,0.0055768173
4159,2013-12-10 14:10:00,555.2188
4159,2013-12-10 14:20:00,0.8106309
4159,2013-12-10 14:20:00,575.92017
4159,2013-12-10 14:20:00,0.006651706
4159,2013-12-10 14:30:00,0.015739262
4159,2013-12-10 14:30:00,0.48138633
4159,2013-12-10 14:30:00,582.1438
4159,2013-12-10 14:30:00,0.006651706
4159,2013-12-10 14:40:00,598.66895
4159,2013-12-10 14:40:00,0.4213868
4159,2013-12-10 14:40:00,1.2932031
4159,2013-12-10 14:50:00,612.88544
4159,2013-12-10 14:50:00,1.2320178
4159,2013-12-10 14:50:00,0.2999224
4159,2013-12-10 15:00:00,0.0055768173
4159,2013-12-10 15:00:00,726.8321
4159,2013-12-10 15:00:00,0.006651706
4159,2013-12-10 15:10:00,622.88336
4159,2013-12-10 15:10:00,0.4213868
4159,2013-12-10 15:20:00,586.8576
4159,2013-12-10 15:20:00,0.015739262
4159,2013-12-10 15:20:00,0.4213868
4159,2013-12-10 15:30:00,0.0055768173
4159,2013-12-10 15:30:00,581.2592
4159,2013-12-10 15:30:00,0.006651706
4159,2013-12-10 15:40:00,0.85950404
4159,2013-12-10 15:40:00,537.9886
4159,2013-12-10 15:40:00,0.4213868
4159,2013-12-10 15:50:00,0.0055768173
4159,2013-12-10 15:50:00,583.5297
4159,2013-12-10 15:50:00,0.4213868
4159,2013-12-10 15:50:00,0.4213868
4159,2013-12-10 16:00:00,553.7321
4159,2013-12-10 16:00:00,0.015739262
4159,2013-12-10 16:00:00,0.8106309
4159,2013-12-10 16:00:00,0.006651706
4159,2013-12-10 16:00:00,0.4213868
4159,2013-12-10 16:10:00,0.29327068
4159,2013-12-10 16:10:00,559.2991
4159,2013-12-10 16:10:00,0.006651706
4159,2013-12-10 16:10:00,0.4213868
4159,2013-12-10 16:20:00,0.29327068
4159,2013-12-10 16:20:00,531.15607
4159,2013-12-10 16:30:00,0.006651706
4159,2013-12-10 16:30:00,572.89777
4159,2013-12-10 16:30:00,1.2641604
4159,2013-12-10 16:40:00,0.5921182
4159,2013-12-10 16:40:00,597.4648
4159,2013-12-10 16:40:00,0.015739262
4159,2013-12-10 16:40:00,0.4346902
4159,2013-12-10 16:40:00,0.8427736
4159,2013-12-10 16:40:00,0.4213868
4159,2013-12-10 16:50:00,0.4280385
4159,2013-12-10 16:50:00,542.6889
4159,2013-12-10 17:00:00,0.012228523
4159,2013-12-10 17:00:00,0.012228523
4159,2013-12-10 17:00:00,572.6331
4159,2013-12-10 17:10:00,0.033460904
4159,2013-12-10 17:10:00,513.6275
4159,2013-12-10 17:10:00,0.013303412
4159,2013-12-10 17:10:00,0.48138633
4159,2013-12-10 17:20:00,0.4213868
4159,2013-12-10 17:20:00,0.4213868
4159,2013-12-10 17:20:00,456.79675
4159,2013-12-10 17:20:00,0.29327068
4159,2013-12-10 17:30:00,0.011153635
4159,2013-12-10 17:30:00,0.8106309
4159,2013-12-10 17:30:00,0.4213868
4159,2013-12-10 17:30:00,454.17697
4159,2013-12-10 17:30:00,0.4213868
4159,2013-12-10 17:40:00,455.79184
4159,2013-12-10 17:40:00,0.015739262
4159,2013-12-10 17:40:00,0.013303412
4159,2013-12-10 17:50:00,463.04745
4159,2013-12-10 17:50:00,0.015739262
4159,2013-12-10 17:50:00,0.0055768173
4159,2013-12-10 18:00:00,0.4280385
4159,2013-12-10 18:00:00,437.51837
4159,2013-12-10 18:00:00,0.29327068
4159,2013-12-10 18:10:00,0.4213868
4159,2013-12-10 18:10:00,394.6483
4159,2013-12-10 18:10:00,0.006651706
4159,2013-12-10 18:10:00,0.0055768173
4159,2013-12-10 18:20:00,440.8065
4159,2013-12-10 18:20:00,0.006651706
4159,2013-12-10 18:20:00,0.7146575
4159,2013-12-10 18:30:00,0.4213868
4159,2013-12-10 18:30:00,448.60876
4159,2013-12-10 18:40:00,410.1158
4159,2013-12-10 18:40:00,1.2708122
4159,2013-12-10 18:50:00,0.006651706
4159,2013-12-10 18:50:00,0.4213868
4159,2013-12-10 18:50:00,452.62372
4159,2013-12-10 18:50:00,0.015739262
4159,2013-12-10 18:50:00,0.013303412
4159,2013-12-10 18:50:00,0.8427736
4159,2013-12-10 19:00:00,446.45874
4159,2013-12-10 19:00:00,0.015739262
4159,2013-12-10 19:00:00,3.3977013
4159,2013-12-10 19:10:00,389.6934
4159,2013-12-10 19:20:00,368.29
4159,2013-12-10 19:20:00,0.006651706
4159,2013-12-10 19:30:00,0.015739262
4159,2013-12-10 19:30:00,402.85315
4159,2013-12-10 19:30:00,0.006651706
4159,2013-12-10 19:30:00,0.7146575
4159,2013-12-10 19:40:00,342.93445
4159,2013-12-10 19:40:00,1.0079281
4159,2013-12-10 19:50:00,340.79822
4159,2013-12-10 19:50:00,0.006651706
4159,2013-12-10 19:50:00,0.015739262
4159,2013-12-10 20:00:00,340.95468
4159,2013-12-10 20:00:00,0.006651706
4159,2013-12-10 20:00:00,1.1360443
4159,2013-12-10 20:10:00,0.015739262
4159,2013-12-10 20:10:00,333.49857
4159,2013-12-10 20:20:00,0.015739262
4159,2013-12-10 20:20:00,393.04535
4159,2013-12-10 20:30:00,332.37933
4159,2013-12-10 20:30:00,0.015739262
4159,2013-12-10 20:30:00,0.013303412
4159,2013-12-10 20:40:00,331.12338
4159,2013-12-10 20:40:00,0.015739262
4159,2013-12-10 20:50:00,347.76276
4159,2013-12-10 20:50:00,0.29327068
4159,2013-12-10 21:00:00,444.7379
4159,2013-12-10 21:00:00,0.006651706
4159,2013-12-10 21:10:00,348.81152
4159,2013-12-10 21:10:00,0.006651706
4159,2013-12-10 21:10:00,0.43811727
4159,2013-12-10 21:20:00,351.5605
4159,2013-12-10 21:30:00,309.4115
4159,2013-12-10 21:30:00,0.006651706
4159,2013-12-10 21:30:00,0.4213868
4159,2013-12-10 21:40:00,296.20383
4159,2013-12-10 21:40:00,0.015739262
4159,2013-12-10 21:40:00,0.006651706
4159,2013-12-10 21:40:00,0.2999224
4159,2013-12-10 21:50:00,308.19022
4159,2013-12-10 22:00:00,259.32227
4159,2013-12-10 22:00:00,0.006651706
4159,2013-12-10 22:00:00,0.29327068
4159,2013-12-10 22:10:00,267.46136
4159,2013-12-10 22:20:00,271.41003
4159,2013-12-10 22:20:00,0.006651706
4159,2013-12-10 22:20:00,0.006651706
4159,2013-12-10 22:30:00,0.4213868
4159,2013-12-10 22:30:00,362.99127
4159,2013-12-10 22:30:00,0.015739262
4159,2013-12-10 22:30:00,0.29327068
4159,2013-12-10 22:40:00,327.3433
4159,2013-12-10 22:40:00,0.006651706
4159,2013-12-10 22:50:00,255.85374
4159,2013-12-10 22:50:00,0.006651706
4159,2013-12-10 23:00:00,229.93933
4159,2013-12-10 23:00:00,0.7146575
4159,2013-12-10 23:10:00,226.4124
4159,2013-12-10 23:10:00,0.0055768173
4159,2013-12-10 23:10:00,0.006651706
4159,2013-12-10 23:20:00,222.97487
4159,2013-12-10 23:20:00,0.016730452
4159,2013-12-10 23:30:00,189.16919
4159,2013-12-10 23:30:00,0.006651706
4159,2013-12-10 23:40:00,193.42572
4159,2013-12-10 23:40:00,0.006651706
4159,2013-12-10 23:50:00,208.59404
4159,2013-12-11 00:00:00,174.50096
4159,2013-12-11 00:00:00,0.29327068
4159,2013-12-11 00:10:00,187.25177
4159,2013-12-11 00:10:00,0.006651706
4159,2013-12-11 00:20:00,159.39922
4159,2013-12-11 00:20:00,0.006651706
4159,2013-12-11 00:30:00,167.21788
4159,2013-12-11 00:40:00,170.30989
4159,2013-12-11 00:40:00,0.006651706
4159,2013-12-11 00:50:00,173.93898
4159,2013-12-11 00:50:00,0.006651706
4159,2013-12-11 01:00:00,168.58107
4159,2013-12-11 01:10:00,163.11198
4159,2013-12-11 01:10:00,0.0055768173
4159,2013-12-11 01:10:00,0.006651706
4159,2013-12-11 01:20:00,154.56834
4159,2013-12-11 01:20:00,0.006651706
4159,2013-12-11 01:30:00,154.07895
4159,2013-12-11 01:40:00,140.79747
4159,2013-12-11 01:40:00,0.4213868
4159,2013-12-11 01:50:00,152.01889
4159,2013-12-11 01:50:00,0.006651706
4159,2013-12-11 02:00:00,138.42029
4159,2013-12-11 02:00:00,0.006651706
4159,2013-12-11 02:10:00,167.62009
4159,2013-12-11 02:10:00,0.2999224
4159,2013-12-11 02:20:00,139.4073
4159,2013-12-11 02:20:00,0.006651706
4159,2013-12-11 02:30:00,144.4673
4159,2013-12-11 02:30:00,0.006651706
4159,2013-12-11 02:40:00,143.81705
4159,2013-12-11 02:40:00,0.4280385
4159,2013-12-11 02:50:00,142.08119
4159,2013-12-11 03:00:00,124.770424
4159,2013-12-11 03:00:00,0.013303412
4159,2013-12-11 03:10:00,119.95503
4159,2013-12-11 03:10:00,0.4213868
4159,2013-12-11 03:20:00,129.82358
4159,2013-12-11 03:30:00,124.12413
4159,2013-12-11 03:30:00,0.006651706
4159,2013-12-11 03:40:00,118.49281
4159,2013-12-11 03:40:00,0.006651706
4159,2013-12-11 03:50:00,121.04205
4159,2013-12-11 03:50:00,0.006651706
4159,2013-12-11 04:00:00,123.6498
4159,2013-12-11 04:10:00,120.136765
4159,2013-12-11 04:10:00,0.006651706
4159,2013-12-11 04:20:00,130.14507
4159,2013-12-11 04:20:00,0.006651706
4159,2013-12-11 04:20:00,1.1360443
4159,2013-12-11 04:30:00,0.011153635
4159,2013-12-11 04:30:00,120.22197
4159,2013-12-11 04:30:00,0.4213868
4159,2013-12-11 04:40:00,0.4213868
4159,2013-12-11 04:40:00,116.35363
4159,2013-12-11 04:40:00,0.4213868
4159,2013-12-11 04:50:00,115.79226
4159,2013-12-11 04:50:00,0.006651706
4159,2013-12-11 05:00:00,120.11092
4159,2013-12-11 05:10:00,116.360596
4159,2013-12-11 05:10:00,0.006651706
4159,2013-12-11 05:20:00,138.96892
4159,2013-12-11 05:30:00,139.85175
4159,2013-12-11 05:30:00,0.006651706
4159,2013-12-11 05:40:00,162.0305
4159,2013-12-11 05:50:00,153.729
4159,2013-12-11 06:00:00,158.90991
4159,2013-12-11 06:00:00,0.006651706
4159,2013-12-11 06:10:00,0.006651706
4159,2013-12-11 06:10:00,175.929
4159,2013-12-11 06:10:00,0.4213868
4159,2013-12-11 06:20:00,198.92044
4159,2013-12-11 06:20:00,0.4280385
4159,2013-12-11 06:30:00,245.30157
4159,2013-12-11 06:30:00,0.006651706
4159,2013-12-11 06:30:00,0.006651706
4159,2013-12-11 06:40:00,233.6342
4159,2013-12-11 06:40:00,0.29327068
4159,2013-12-11 06:50:00,0.4213868
4159,2013-12-11 06:50:00,243.10327
4159,2013-12-11 06:50:00,0.0055768173
4159,2013-12-11 07:00:00,289.33618
4159,2013-12-11 07:00:00,0.006651706
4159,2013-12-11 07:00:00,0.4213868
4159,2013-12-11 07:10:00,1.2641604
4159,2013-12-11 07:10:00,316.8757
4159,2013-12-11 07:10:00,0.006651706
4159,2013-12-11 07:10:00,0.4280385
4159,2013-12-11 07:20:00,327.87558
4159,2013-12-11 07:30:00,0.4213868
4159,2013-12-11 07:30:00,351.62183
4159,2013-12-11 07:30:00,0.015739262
4159,2013-12-11 07:30:00,0.4280385
4159,2013-12-11 07:30:00,0.4213868
4159,2013-12-11 07:40:00,540.19836
4159,2013-12-11 07:40:00,0.015739262
4159,2013-12-11 07:40:00,0.006651706
4159,2013-12-11 07:40:00,0.013303412
4159,2013-12-11 07:40:00,0.4213868
4159,2013-12-11 07:50:00,439.2365
4159,2013-12-11 07:50:00,1.1360443
4159,2013-12-11 08:00:00,445.71622
4159,2013-12-11 08:00:00,0.4213868
4159,2013-12-11 08:00:00,0.015739262
4159,2013-12-11 08:10:00,0.015739262
4159,2013-12-11 08:10:00,525.69904
4159,2013-12-11 08:10:00,0.006651706
4159,2013-12-11 08:10:00,0.4213868
4159,2013-12-11 08:20:00,603.1734
4159,2013-12-11 08:20:00,0.006651706
4159,2013-12-11 08:20:00,0.4213868
4159,2013-12-11 08:30:00,0.4213868
4159,2013-12-11 08:30:00,0.4213868
4159,2013-12-11 08:30:00,567.44775
4159,2013-12-11 08:30:00,0.8427736
4159,2013-12-11 08:30:00,0.8494253
4159,2013-12-11 08:40:00,510.03732
4159,2013-12-11 08:40:00,0.4213868
4159,2013-12-11 08:50:00,0.013303412
4159,2013-12-11 08:50:00,562.1482
4159,2013-12-11 08:50:00,0.006651706
4159,2013-12-11 08:50:00,1.3308116
4159,2013-12-11 09:00:00,0.006651706
4159,2013-12-11 09:00:00,551.95575
4159,2013-12-11 09:00:00,1.7455467
4159,2013-12-11 09:10:00,632.2716
4159,2013-12-11 09:10:00,0.006651706
4159,2013-12-11 09:10:00,1.9854696
4159,2013-12-11 09:20:00,613.2698
4159,2013-12-11 09:20:00,0.4213868
4159,2013-12-11 09:20:00,2.784058
4159,2013-12-11 09:30:00,617.9391
4159,2013-12-11 09:30:00,0.4280385
4159,2013-12-11 09:40:00,0.4213868
4159,2013-12-11 09:40:00,519.15845
4159,2013-12-11 09:40:00,0.006651706
4159,2013-12-11 09:50:00,0.4213868
4159,2013-12-11 09:50:00,547.35535
4159,2013-12-11 09:50:00,1.3308116
4159,2013-12-11 09:50:00,0.006651706
4159,2013-12-11 10:00:00,0.006651706
4159,2013-12-11 10:00:00,591.3811
4159,2013-12-11 10:10:00,519.70703
4159,2013-12-11 10:10:00,0.4213868
4159,2013-12-11 10:20:00,550.4478
4159,2013-12-11 10:30:00,0.015739262
4159,2013-12-11 10:30:00,602.422
4159,2013-12-11 10:40:00,550.61096
4159,2013-12-11 10:40:00,0.48138633
4159,2013-12-11 10:50:00,1.2641604
4159,2013-12-11 10:50:00,628.8517
4159,2013-12-11 10:50:00,0.90942484
4159,2013-12-11 11:00:00,631.8765
4159,2013-12-11 11:10:00,650.1326
4159,2013-12-11 11:10:00,0.8427736
4159,2013-12-11 11:10:00,0.48138633
4159,2013-12-11 11:20:00,642.7214
4159,2013-12-11 11:20:00,0.006651706
4159,2013-12-11 11:20:00,0.4213868
4159,2013-12-11 11:30:00,652.5664
4159,2013-12-11 11:30:00,0.4213868
4159,2013-12-11 11:40:00,607.30133
4159,2013-12-11 11:40:00,0.4213868
4159,2013-12-11 11:50:00,631.52356
4159,2013-12-11 11:50:00,0.006651706
4159,2013-12-11 11:50:00,0.4213868
4159,2013-12-11 12:00:00,623.4381
4159,2013-12-11 12:10:00,601.3224
4159,2013-12-11 12:10:00,0.8106309
4159,2013-12-11 12:10:00,0.4213868
4159,2013-12-11 12:20:00,0.48138633
4159,2013-12-11 12:20:00,0.4213868
4159,2013-12-11 12:20:00,0.4213868
4159,2013-12-11 12:20:00,608.48334
4159,2013-12-11 12:20:00,1.32416
4159,2013-12-11 12:20:00,0.4213868
4159,2013-12-11 12:30:00,0.8427736
4159,2013-12-11 12:30:00,598.8686
4159,2013-12-11 12:30:00,0.006651706
4159,2013-12-11 12:40:00,0.8106309
4159,2013-12-11 12:40:00,0.015739262
4159,2013-12-11 12:40:00,550.06805
4159,2013-12-11 12:40:00,1.2641604
4159,2013-12-11 12:40:00,0.90277314
4159,2013-12-11 12:50:00,0.4213868
4159,2013-12-11 12:50:00,0.006651706
4159,2013-12-11 12:50:00,0.48138633
4159,2013-12-11 12:50:00,616.38806
4159,2013-12-11 12:50:00,1.3841594
4159,2013-12-11 12:50:00,0.8585129
4159,2013-12-11 13:00:00,0.8106309
4159,2013-12-11 13:00:00,1.3841594
4159,2013-12-11 13:00:00,586.54565
4159,2013-12-11 13:00:00,0.006651706
4159,2013-12-11 13:00:00,0.96277267
4159,2013-12-11 13:10:00,0.29327068
4159,2013-12-11 13:10:00,587.3846
4159,2013-12-11 13:10:00,0.015739262
4159,2013-12-11 13:10:00,0.006651706
4159,2013-12-11 13:10:00,0.7213092
4159,2013-12-11 13:20:00,0.015739262
4159,2013-12-11 13:20:00,579.7579
4159,2013-12-11 13:30:00,556.9281
4159,2013-12-11 13:30:00,0.8106309
4159,2013-12-11 13:30:00,2.5202038
4159,2013-12-11 13:40:00,538.7298
4159,2013-12-11 13:40:00,0.4213868
4159,2013-12-11 13:40:00,0.006651706
4159,2013-12-11 13:40:00,0.4213868
4159,2013-12-11 13:50:00,0.4213868
4159,2013-12-11 13:50:00,613.3555
4159,2013-12-11 13:50:00,1.1039016
4159,2013-12-11 13:50:00,1.2641604
4159,2013-12-11 14:00:00,594.179
4159,2013-12-11 14:10:00,581.85077
4159,2013-12-11 14:10:00,0.006651706
4159,2013-12-11 14:20:00,0.015739262
4159,2013-12-11 14:20:00,0.8106309
4159,2013-12-11 14:20:00,586.1039
4159,2013-12-11 14:20:00,0.29327068
4159,2013-12-11 14:30:00,0.4213868
4159,2013-12-11 14:30:00,517.5275
4159,2013-12-11 14:30:00,0.0055768173
4159,2013-12-11 14:30:00,0.006651706
4159,2013-12-11 14:40:00,0.015739262
4159,2013-12-11 14:40:00,597.81244
4159,2013-12-11 14:40:00,0.8106309
4159,2013-12-11 14:40:00,0.4213868
4159,2013-12-11 14:40:00,1.5731703
4159,2013-12-11 14:50:00,617.52875
4159,2013-12-11 14:50:00,0.8106309
4159,2013-12-11 14:50:00,0.0055768173
4159,2013-12-11 14:50:00,0.4213868
4159,2013-12-11 15:00:00,696.73016
4159,2013-12-11 15:00:00,0.0055768173
4159,2013-12-11 15:00:00,0.4280385
4159,2013-12-11 15:00:00,1.2641604
4159,2013-12-11 15:10:00,0.015739262
4159,2013-12-11 15:10:00,630.0721
4159,2013-12-11 15:10:00,0.006651706
4159,2013-12-11 15:10:00,0.4213868
4159,2013-12-11 15:10:00,0.4213868
4159,2013-12-11 15:20:00,577.25665
4159,2013-12-11 15:20:00,0.4213868
4159,2013-12-11 15:20:00,0.48138633
4159,2013-12-11 15:30:00,622.5437
4159,2013-12-11 15:30:00,0.4213868
4159,2013-12-11 15:30:00,0.006651706
4159,2013-12-11 15:40:00,590.236
4159,2013-12-11 15:40:00,0.4213868
4159,2013-12-11 15:50:00,572.55347
4159,2013-12-11 16:00:00,556.95917
4159,2013-12-11 16:00:00,0.0055768173
4159,2013-12-11 16:00:00,1.2641604
4159,2013-12-11 16:10:00,511.52805
4159,2013-12-11 16:10:00,0.4280385
4159,2013-12-11 16:20:00,0.006651706
4159,2013-12-11 16:20:00,0.4213868
4159,2013-12-11 16:20:00,532.34155
4159,2013-12-11 16:20:00,0.4213868
4159,2013-12-11 16:20:00,0.006651706
4159,2013-12-11 16:30:00,0.006651706
4159,2013-12-11 16:30:00,0.8427736
4159,2013-12-11 16:30:00,527.55194
4159,2013-12-11 16:30:00,0.006651706
4159,2013-12-11 16:40:00,1.1360443
4159,2013-12-11 16:40:00,576.46173
4159,2013-12-11 16:40:00,0.4213868
4159,2013-12-11 16:40:00,0.8494253
4159,2013-12-11 16:40:00,0.4213868
4159,2013-12-11 16:50:00,548.57214
4159,2013-12-11 17:00:00,501.59213
4159,2013-12-11 17:00:00,0.4213868
4159,2013-12-11 17:10:00,0.4213868
4159,2013-12-11 17:10:00,483.33932
4159,2013-12-11 17:10:00,1.0079281
4159,2013-12-11 17:20:00,0.015739262
4159,2013-12-11 17:20:00,546.8502
4159,2013-12-11 17:20:00,0.013303412
4159,2013-12-11 17:30:00,0.006651706
4159,2013-12-11 17:30:00,530.8489
4159,2013-12-11 17:40:00,511.80753
4159,2013-12-11 17:40:00,0.2999224
4159,2013-12-11 17:50:00,501.19974
4159,2013-12-11 17:50:00,1.8507018
4159,2013-12-11 17:50:00,0.013303412
4159,2013-12-11 17:50:00,0.012228523
4159,2013-12-11 18:00:00,1.2708122
4159,2013-12-11 18:00:00,465.21167
4159,2013-12-11 18:00:00,0.4213868
4159,2013-12-11 18:00:00,1.1360443
4159,2013-12-11 18:10:00,442.56522
4159,2013-12-11 18:10:00,3.9724798
4159,2013-12-11 18:10:00,0.29327068
4159,2013-12-11 18:20:00,0.4213868
4159,2013-12-11 18:20:00,478.5023
4159,2013-12-11 18:20:00,1.32416
4159,2013-12-11 18:20:00,0.013303412
4159,2013-12-11 18:20:00,0.4213868
4159,2013-12-11 18:30:00,482.3798
4159,2013-12-11 18:40:00,469.51904
4159,2013-12-11 18:40:00,2.9175649
4159,2013-12-11 18:40:00,0.4213868
4159,2013-12-11 18:50:00,0.006651706
4159,2013-12-11 18:50:00,0.8483504
4159,2013-12-11 18:50:00,0.48803803
4159,2013-12-11 18:50:00,425.54163
4159,2013-12-11 18:50:00,0.8427736
4159,2013-12-11 18:50:00,0.4213868
4159,2013-12-11 19:00:00,0.8494253
4159,2013-12-11 19:00:00,0.48138633
4159,2013-12-11 19:00:00,390.0359
4159,2013-12-11 19:00:00,0.8693804
4159,2013-12-11 19:10:00,395.6414
4159,2013-12-11 19:10:00,3.551093
4159,2013-12-11 19:10:00,0.006651706
4159,2013-12-11 19:20:00,0.43361533
4159,2013-12-11 19:20:00,353.2378
4159,2013-12-11 19:20:00,0.29327068
4159,2013-12-11 19:30:00,328.4068
4159,2013-12-11 19:30:00,0.006651706
4159,2013-12-11 19:40:00,328.35083
4159,2013-12-11 19:40:00,0.006651706
4159,2013-12-11 19:50:00,268.77863
4159,2013-12-11 20:00:00,293.36725
4159,2013-12-11 20:00:00,0.0055768173
4159,2013-12-11 20:00:00,0.006651706
4159,2013-12-11 20:00:00,1.2708122
4159,2013-12-11 20:10:00,254.32268
4159,2013-12-11 20:10:00,0.006651706
4159,2013-12-11 20:10:00,0.4213868
4159,2013-12-11 20:20:00,0.8427736
4159,2013-12-11 20:20:00,254.01378
4159,2013-12-11 20:20:00,0.015739262
4159,2013-12-11 20:20:00,0.8427736
4159,2013-12-11 20:30:00,0.4213868
4159,2013-12-11 20:30:00,287.57156
4159,2013-12-11 20:30:00,0.4213868
4159,2013-12-11 20:40:00,264.7983
4159,2013-12-11 20:40:00,0.006651706
4159,2013-12-11 20:50:00,283.66925
4159,2013-12-11 20:50:00,0.006651706
4159,2013-12-11 21:00:00,0.006651706
4159,2013-12-11 21:00:00,265.21405
4159,2013-12-11 21:00:00,0.4213868
4159,2013-12-11 21:10:00,256.34628
4159,2013-12-11 21:10:00,0.006651706
4159,2013-12-11 21:20:00,0.4213868
4159,2013-12-11 21:20:00,264.7395
4159,2013-12-11 21:20:00,0.006651706
4159,2013-12-11 21:20:00,0.4213868
4159,2013-12-11 21:30:00,246.44965
4159,2013-12-11 21:30:00,0.30900994
4159,2013-12-11 21:40:00,259.975
4159,2013-12-11 21:40:00,0.006651706
4159,2013-12-11 21:40:00,0.006651706
4159,2013-12-11 21:50:00,0.0055768173
4159,2013-12-11 21:50:00,258.26617
4159,2013-12-11 21:50:00,0.006651706
4159,2013-12-11 21:50:00,0.4213868
4159,2013-12-11 22:00:00,272.79224
4159,2013-12-11 22:00:00,0.006651706
4159,2013-12-11 22:10:00,0.006651706
4159,2013-12-11 22:10:00,267.13074
4159,2013-12-11 22:10:00,0.006651706
4159,2013-12-11 22:20:00,238.33974
4159,2013-12-11 22:20:00,0.047217786
4159,2013-12-11 22:20:00,0.006651706
4159,2013-12-11 22:30:00,215.29514
4159,2013-12-11 22:30:00,0.015739262
4159,2013-12-11 22:30:00,0.006651706
4159,2013-12-11 22:30:00,0.4213868
4159,2013-12-11 22:40:00,214.87396
4159,2013-12-11 22:40:00,0.8494253
4159,2013-12-11 22:50:00,228.13028
4159,2013-12-11 22:50:00,0.006651706
4159,2013-12-11 22:50:00,0.7146575
4159,2013-12-11 23:00:00,202.02785
4159,2013-12-11 23:00:00,0.006651706
4159,2013-12-11 23:10:00,202.52036
4159,2013-12-11 23:10:00,0.015739262
4159,2013-12-11 23:10:00,0.42696363
4159,2013-12-11 23:20:00,184.26318
4159,2013-12-11 23:20:00,0.006651706
4159,2013-12-11 23:20:00,0.29327068
4159,2013-12-11 23:30:00,197.75032
4159,2013-12-11 23:30:00,0.006651706
4159,2013-12-11 23:40:00,231.36957
4159,2013-12-11 23:40:00,0.0055768173
4159,2013-12-11 23:40:00,0.4213868
4159,2013-12-11 23:50:00,185.17758
4159,2013-12-11 23:50:00,0.006651706
4159,2013-12-12 00:00:00,181.0297
4159,2013-12-12 00:10:00,199.42992
4159,2013-12-12 00:10:00,0.006651706
4159,2013-12-12 00:20:00,195.50339
4159,2013-12-12 00:20:00,0.29327068
4159,2013-12-12 00:30:00,204.48505
4159,2013-12-12 00:30:00,0.006651706
4159,2013-12-12 00:40:00,260.40915
4159,2013-12-12 00:40:00,0.006651706
4159,2013-12-12 00:50:00,180.99162
4159,2013-12-12 01:00:00,180.3122
4159,2013-12-12 01:00:00,0.006651706
4159,2013-12-12 01:10:00,175.58202
4159,2013-12-12 01:10:00,0.0055768173
4159,2013-12-12 01:20:00,154.0968
4159,2013-12-12 01:20:00,0.006651706
4159,2013-12-12 01:30:00,165.92209
4159,2013-12-12 01:30:00,0.006651706
4159,2013-12-12 01:30:00,0.8427736
4159,2013-12-12 01:40:00,153.5652
4159,2013-12-12 01:50:00,151.86668
4159,2013-12-12 01:50:00,0.006651706
4159,2013-12-12 02:00:00,183.9369
4159,2013-12-12 02:10:00,141.1057
4159,2013-12-12 02:10:00,0.006651706
4159,2013-12-12 02:20:00,151.72571
4159,2013-12-12 02:20:00,0.006651706
4159,2013-12-12 02:20:00,0.29327068
4159,2013-12-12 02:30:00,150.96896
4159,2013-12-12 02:30:00,0.006651706
4159,2013-12-12 02:40:00,157.77939
4159,2013-12-12 02:50:00,157.49457
4159,2013-12-12 03:00:00,146.7125
4159,2013-12-12 03:00:00,0.02239097
4159,2013-12-12 03:10:00,143.4151
4159,2013-12-12 03:10:00,0.006651706
4159,2013-12-12 03:20:00,146.6129
4159,2013-12-12 03:30:00,147.94176
4159,2013-12-12 03:40:00,135.9695
4159,2013-12-12 03:40:00,0.006651706
4159,2013-12-12 03:50:00,144.35056
4159,2013-12-12 03:50:00,0.006651706
4159,2013-12-12 04:00:00,138.40045
4159,2013-12-12 04:10:00,129.49326
4159,2013-12-12 04:10:00,0.006651706
4159,2013-12-12 04:20:00,136.57605
4159,2013-12-12 04:20:00,0.006651706
4159,2013-12-12 04:30:00,141.00449
4159,2013-12-12 04:40:00,131.41728
4159,2013-12-12 04:40:00,0.0055768173
4159,2013-12-12 04:50:00,130.31699
4159,2013-12-12 04:50:00,0.013303412
4159,2013-12-12 05:00:00,129.43916
4159,2013-12-12 05:10:00,137.37167
4159,2013-12-12 05:10:00,0.006651706
4159,2013-12-12 05:20:00,135.99292
4159,2013-12-12 05:20:00,0.006651706
4159,2013-12-12 05:30:00,142.80502
4159,2013-12-12 05:40:00,155.52708
4159,2013-12-12 05:50:00,0.006651706
4159,2013-12-12 05:50:00,209.309
4159,2013-12-12 05:50:00,0.006651706
4159,2013-12-12 06:00:00,0.015739262
4159,2013-12-12 06:00:00,175.31029
4159,2013-12-12 06:00:00,0.006651706
4159,2013-12-12 06:10:00,0.012228523
4159,2013-12-12 06:10:00,179.24734
4159,2013-12-12 06:20:00,0.90277314
4159,2013-12-12 06:20:00,0.006651706
4159,2013-12-12 06:20:00,210.18959
4159,2013-12-12 06:20:00,0.4213868
4159,2013-12-12 06:30:00,238.74603
4159,2013-12-12 06:30:00,0.4346902
4159,2013-12-12 06:40:00,0.4213868
4159,2013-12-12 06:40:00,219.89633
4159,2013-12-12 06:40:00,0.2999224
4159,2013-12-12 06:50:00,233.2573
4159,2013-12-12 06:50:00,0.8427736
4159,2013-12-12 07:00:00,274.98026
4159,2013-12-12 07:00:00,0.4213868
4159,2013-12-12 07:00:00,0.8427736
4159,2013-12-12 07:10:00,303.50015
4159,2013-12-12 07:10:00,0.006651706
4159,2013-12-12 07:10:00,0.4213868
4159,2013-12-12 07:10:00,0.015739262
4159,2013-12-12 07:20:00,329.18555
4159,2013-12-12 07:20:00,0.42696363
4159,2013-12-12 07:30:00,334.9868
4159,2013-12-12 07:30:00,0.4213868
4159,2013-12-12 07:30:00,0.8427736
4159,2013-12-12 07:40:00,354.22202
4159,2013-12-12 07:40:00,0.48803803
4159,2013-12-12 07:40:00,0.29327068
4159,2013-12-12 07:40:00,0.4213868
4159,2013-12-12 07:50:00,0.4213868
4159,2013-12-12 07:50:00,0.006651706
4159,2013-12-12 07:50:00,430.21854
4159,2013-12-12 07:50:00,0.006651706
4159,2013-12-12 07:50:00,1.5640829
4159,2013-12-12 08:00:00,441.66632
4159,2013-12-12 08:00:00,0.8427736
4159,2013-12-12 08:10:00,529.2056
4159,2013-12-12 08:10:00,0.013303412
4159,2013-12-12 08:10:00,0.8106309
4159,2013-12-12 08:20:00,0.006651706
4159,2013-12-12 08:20:00,0.015739262
4159,2013-12-12 08:20:00,511.0839
4159,2013-12-12 08:20:00,0.006651706
4159,2013-12-12 08:20:00,1.2641604
4159,2013-12-12 08:30:00,0.006651706
4159,2013-12-12 08:30:00,527.8234
4159,2013-12-12 08:30:00,0.4280385
4159,2013-12-12 08:40:00,0.7146575
4159,2013-12-12 08:40:00,518.9511
4159,2013-12-12 08:40:00,0.7279609
4159,2013-12-12 08:50:00,0.0055768173
4159,2013-12-12 08:50:00,0.29327068
4159,2013-12-12 08:50:00,480.34232
4159,2013-12-12 08:50:00,0.006651706
4159,2013-12-12 08:50:00,0.011153635
4159,2013-12-12 09:00:00,0.006651706
4159,2013-12-12 09:00:00,538.70013
4159,2013-12-12 09:00:00,0.011153635
4159,2013-12-12 09:10:00,555.54095
4159,2013-12-12 09:20:00,531.4975
4159,2013-12-12 09:30:00,0.90277314
4159,2013-12-12 09:30:00,606.3083
4159,2013-12-12 09:30:00,0.006651706
4159,2013-12-12 09:30:00,0.90277314
4159,2013-12-12 09:40:00,642.64215
4159,2013-12-12 09:40:00,0.4213868
4159,2013-12-12 09:50:00,0.90277314
4159,2013-12-12 09:50:00,0.015739262
4159,2013-12-12 09:50:00,480.96494
4159,2013-12-12 09:50:00,1.2641604
4159,2013-12-12 09:50:00,0.8106309
4159,2013-12-12 10:00:00,3.6110926
4159,2013-12-12 10:00:00,0.4213868
4159,2013-12-12 10:00:00,501.9755
4159,2013-12-12 10:00:00,0.006651706
4159,2013-12-12 10:00:00,0.42696363
4159,2013-12-12 10:10:00,534.7865
4159,2013-12-12 10:10:00,0.4213868
4159,2013-12-12 10:10:00,2.64832
4159,2013-12-12 10:20:00,0.015739262
4159,2013-12-12 10:20:00,0.4213868
4159,2013-12-12 10:20:00,523.192
4159,2013-12-12 10:20:00,0.29327068
4159,2013-12-12 10:30:00,538.3667
4159,2013-12-12 10:30:00,0.0055768173
4159,2013-12-12 10:30:00,1.2641604
4159,2013-12-12 10:30:00,0.8106309
4159,2013-12-12 10:40:00,506.23346
4159,2013-12-12 10:40:00,0.006651706
4159,2013-12-12 10:40:00,0.7146575
4159,2013-12-12 10:50:00,0.4213868
4159,2013-12-12 10:50:00,587.5899
4159,2013-12-12 10:50:00,1.142696
4159,2013-12-12 11:00:00,561.5273
4159,2013-12-12 11:00:00,0.006651706
4159,2013-12-12 11:00:00,0.7146575
4159,2013-12-12 11:00:00,0.8106309
4159,2013-12-12 11:10:00,613.0683
4159,2013-12-12 11:10:00,0.006651706
4159,2013-12-12 11:20:00,704.48663
4159,2013-12-12 11:20:00,0.4280385
4159,2013-12-12 11:30:00,624.6179
4159,2013-12-12 11:30:00,0.4280385
4159,2013-12-12 11:30:00,0.8106309
4159,2013-12-12 11:40:00,0.29327068
4159,2013-12-12 11:40:00,1.2320178
4159,2013-12-12 11:40:00,654.0537
4159,2013-12-12 11:40:00,0.006651706
4159,2013-12-12 11:40:00,0.8106309
4159,2013-12-12 11:50:00,617.7791
4159,2013-12-12 11:50:00,0.48138633
4159,2013-12-12 11:50:00,0.7146575
4159,2013-12-12 12:00:00,0.012228523
4159,2013-12-12 12:00:00,0.4213868
4159,2013-12-12 12:00:00,663.38763
4159,2013-12-12 12:10:00,0.015739262
4159,2013-12-12 12:10:00,0.4213868
4159,2013-12-12 12:10:00,613.7476
4159,2013-12-12 12:10:00,0.7146575
4159,2013-12-12 12:10:00,0.8106309
4159,2013-12-12 12:20:00,0.4213868
4159,2013-12-12 12:20:00,1.8055463
4159,2013-12-12 12:20:00,582.63983
4159,2013-12-12 12:20:00,0.48803803
4159,2013-12-12 12:20:00,0.90277314
4159,2013-12-12 12:20:00,0.006651706
4159,2013-12-12 12:20:00,0.4280385
4159,2013-12-12 12:30:00,0.047217786
4159,2013-12-12 12:30:00,589.90247
4159,2013-12-12 12:30:00,0.8106309
4159,2013-12-12 12:30:00,1.8655457
4159,2013-12-12 12:30:00,0.8427736
4159,2013-12-12 12:40:00,0.4213868
4159,2013-12-12 12:40:00,630.49567
4159,2013-12-12 12:40:00,1.3998988
4159,2013-12-12 12:40:00,1.3908112
4159,2013-12-12 12:40:00,0.8106309
4159,2013-12-12 12:40:00,1.8055463
4159,2013-12-12 12:50:00,0.8550021
4159,2013-12-12 12:50:00,0.90277314
4159,2013-12-12 12:50:00,606.70215
4159,2013-12-12 12:50:00,0.48138633
4159,2013-12-12 12:50:00,0.006651706
4159,2013-12-12 12:50:00,1.2641604
4159,2013-12-12 13:00:00,0.48138633
4159,2013-12-12 13:00:00,618.59106
4159,2013-12-12 13:00:00,0.8427736
4159,2013-12-12 13:00:00,2.9497077
4159,2013-12-12 13:10:00,0.006651706
4159,2013-12-12 13:10:00,589.3425
4159,2013-12-12 13:10:00,0.96277267
4159,2013-12-12 13:10:00,0.8494253
4159,2013-12-12 13:10:00,0.4213868
4159,2013-12-12 13:20:00,0.015739262
4159,2013-12-12 13:20:00,0.7146575
4159,2013-12-12 13:20:00,669.7933
4159,2013-12-12 13:20:00,1.8055463
4159,2013-12-12 13:20:00,0.4280385
4159,2013-12-12 13:20:00,1.2920172
4159,2013-12-12 13:20:00,0.48138633
4159,2013-12-12 13:30:00,0.015739262
4159,2013-12-12 13:30:00,560.4401
4159,2013-12-12 13:30:00,0.015739262
4159,2013-12-12 13:30:00,0.006651706
4159,2013-12-12 13:30:00,1.6855472
4159,2013-12-12 13:30:00,0.48138633
4159,2013-12-12 13:40:00,0.8106309
4159,2013-12-12 13:40:00,557.9526
4159,2013-12-12 13:40:00,0.2999224
4159,2013-12-12 13:40:00,2.2720885
4159,2013-12-12 13:40:00,1.8055463
4159,2013-12-12 13:50:00,537.43463
4159,2013-12-12 13:50:00,0.006651706
4159,2013-12-12 14:00:00,511.238
4159,2013-12-12 14:00:00,0.4213868
4159,2013-12-12 14:00:00,0.006651706
4159,2013-12-12 14:00:00,0.8427736
4159,2013-12-12 14:10:00,0.4213868
4159,2013-12-12 14:10:00,552.93243
4159,2013-12-12 14:10:00,0.48138633
4159,2013-12-12 14:10:00,0.90277314
4159,2013-12-12 14:20:00,0.015739262
4159,2013-12-12 14:20:00,0.29327068
4159,2013-12-12 14:20:00,566.1948
4159,2013-12-12 14:20:00,1.6855472
4159,2013-12-12 14:30:00,0.4280385
4159,2013-12-12 14:30:00,604.3743
4159,2013-12-12 14:30:00,0.006651706
4159,2013-12-12 14:30:00,0.8427736
4159,2013-12-12 14:40:00,0.48803803
4159,2013-12-12 14:40:00,605.0327
4159,2013-12-12 14:40:00,0.4213868
4159,2013-12-12 14:40:00,1.1360443
4159,2013-12-12 14:50:00,611.6031
4159,2013-12-12 14:50:00,0.4213868
4159,2013-12-12 14:50:00,1.6921989
4159,2013-12-12 15:00:00,623.23
4159,2013-12-12 15:00:00,0.006651706
4159,2013-12-12 15:00:00,0.8427736
4159,2013-12-12 15:10:00,0.8106309
4159,2013-12-12 15:10:00,624.801
4159,2013-12-12 15:10:00,0.48138633
4159,2013-12-12 15:10:00,0.015739262
4159,2013-12-12 15:10:00,0.006651706
4159,2013-12-12 15:10:00,0.48138633
4159,2013-12-12 15:20:00,565.04626
4159,2013-12-12 15:20:00,0.48138633
4159,2013-12-12 15:20:00,0.48138633
4159,2013-12-12 15:30:00,0.015739262
4159,2013-12-12 15:30:00,0.4213868
4159,2013-12-12 15:30:00,547.03235
4159,2013-12-12 15:30:00,0.015739262
4159,2013-12-12 15:30:00,0.006651706
4159,2013-12-12 15:30:00,0.7146575
4159,2013-12-12 15:30:00,0.8106309
4159,2013-12-12 15:40:00,540.80023
4159,2013-12-12 15:40:00,0.015739262
4159,2013-12-12 15:40:00,0.006651706
4159,2013-12-12 15:50:00,544.6294
4159,2013-12-12 15:50:00,0.006651706
4159,2013-12-12 15:50:00,0.8494253
4159,2013-12-12 16:00:00,0.29327068
4159,2013-12-12 16:00:00,551.3646
4159,2013-12-12 16:00:00,0.4280385
4159,2013-12-12 16:10:00,499.9595
4159,2013-12-12 16:10:00,0.015739262
4159,2013-12-12 16:10:00,0.4346902
4159,2013-12-12 16:10:00,0.4213868
4159,2013-12-12 16:20:00,0.4213868
4159,2013-12-12 16:20:00,0.02230727
4159,2013-12-12 16:20:00,529.5604
4159,2013-12-12 16:20:00,0.0055768173
4159,2013-12-12 16:20:00,0.4280385
4159,2013-12-12 16:20:00,0.90277314
4159,2013-12-12 16:30:00,0.4213868
4159,2013-12-12 16:30:00,548.8866
4159,2013-12-12 16:30:00,0.015739262
4159,2013-12-12 16:30:00,0.012228523
4159,2013-12-12 16:30:00,0.8106309
4159,2013-12-12 16:40:00,0.4213868
4159,2013-12-12 16:40:00,471.67892
4159,2013-12-12 16:40:00,0.7279609
4159,2013-12-12 16:50:00,1.8943919
4159,2013-12-12 16:50:00,0.8106309
4159,2013-12-12 16:50:00,503.41522
4159,2013-12-12 16:50:00,0.48138633
4159,2013-12-12 16:50:00,0.4280385
4159,2013-12-12 16:50:00,0.4213868
4159,2013-12-12 16:50:00,0.4213868
4159,2013-12-12 17:00:00,467.30582
4159,2013-12-12 17:00:00,0.4213868
4159,2013-12-12 17:10:00,454.43802
4159,2013-12-12 17:10:00,0.006651706
4159,2013-12-12 17:10:00,0.8106309
4159,2013-12-12 17:20:00,0.016730452
4159,2013-12-12 17:20:00,469.64288
4159,2013-12-12 17:20:00,0.0055768173
4159,2013-12-12 17:20:00,0.4346902
4159,2013-12-12 17:20:00,0.8494253
4159,2013-12-12 17:20:00,0.006651706
4159,2013-12-12 17:20:00,0.4213868
4159,2013-12-12 17:30:00,0.0055768173
4159,2013-12-12 17:30:00,0.29327068
4159,2013-12-12 17:30:00,463.55505
4159,2013-12-12 17:30:00,0.4213868
4159,2013-12-12 17:40:00,0.013303412
4159,2013-12-12 17:40:00,0.4213868
4159,2013-12-12 17:40:00,407.27158
4159,2013-12-12 17:40:00,0.006651706
4159,2013-12-12 17:40:00,0.013303412
4159,2013-12-12 17:40:00,1.2798997
4159,2013-12-12 17:40:00,0.8106309
4159,2013-12-12 17:50:00,416.77423
4159,2013-12-12 17:50:00,0.4346902
4159,2013-12-12 17:50:00,0.90277314
4159,2013-12-12 18:00:00,442.29016
4159,2013-12-12 18:10:00,0.4213868
4159,2013-12-12 18:10:00,504.9752
4159,2013-12-12 18:10:00,0.006651706
4159,2013-12-12 18:10:00,0.0055768173
4159,2013-12-12 18:20:00,0.4213868
4159,2013-12-12 18:20:00,407.60596
4159,2013-12-12 18:20:00,0.90277314
4159,2013-12-12 18:20:00,0.4280385
4159,2013-12-12 18:20:00,0.02230727
4159,2013-12-12 18:30:00,393.6278
4159,2013-12-12 18:30:00,0.006651706
4159,2013-12-12 18:30:00,0.31000113
4159,2013-12-12 18:40:00,0.4280385
4159,2013-12-12 18:40:00,382.21988
4159,2013-12-12 18:40:00,0.72023433
4159,2013-12-12 18:50:00,0.031478524
4159,2013-12-12 18:50:00,1.32416
4159,2013-12-12 18:50:00,1.2320178
4159,2013-12-12 18:50:00,413.6338
4159,2013-12-12 18:50:00,0.015739262
4159,2013-12-12 18:50:00,0.4280385
4159,2013-12-12 18:50:00,0.2999224
4159,2013-12-12 19:00:00,355.06924
4159,2013-12-12 19:00:00,0.013303412
4159,2013-12-12 19:00:00,0.48138633
4159,2013-12-12 19:10:00,0.4213868
4159,2013-12-12 19:10:00,410.91644
4159,2013-12-12 19:10:00,0.006651706
4159,2013-12-12 19:10:00,0.4213868
4159,2013-12-12 19:20:00,369.03998
4159,2013-12-12 19:20:00,0.015739262
4159,2013-12-12 19:20:00,0.006651706
4159,2013-12-12 19:30:00,318.67545
4159,2013-12-12 19:30:00,0.4213868
4159,2013-12-12 19:30:00,0.8427736
4159,2013-12-12 19:40:00,1.2320178
4159,2013-12-12 19:40:00,0.29327068
4159,2013-12-12 19:40:00,1.2320178
4159,2013-12-12 19:40:00,334.85434
4159,2013-12-12 19:40:00,0.006651706
4159,2013-12-12 19:40:00,0.4280385
4159,2013-12-12 19:40:00,0.29327068
4159,2013-12-12 19:50:00,299.83243
4159,2013-12-12 19:50:00,0.4346902
4159,2013-12-12 20:00:00,0.006651706
4159,2013-12-12 20:00:00,0.0055768173
4159,2013-12-12 20:00:00,285.93875
4159,2013-12-12 20:00:00,0.4213868
4159,2013-12-12 20:00:00,0.8427736
4159,2013-12-12 20:10:00,0.29327068
4159,2013-12-12 20:10:00,1.2320178
4159,2013-12-12 20:10:00,300.2332
4159,2013-12-12 20:10:00,0.2999224
4159,2013-12-12 20:20:00,308.7395
4159,2013-12-12 20:20:00,0.4213868
4159,2013-12-12 20:30:00,0.015739262
4159,2013-12-12 20:30:00,301.88922
4159,2013-12-12 20:30:00,0.7213092
4159,2013-12-12 20:30:00,0.006651706
4159,2013-12-12 20:40:00,0.015739262
4159,2013-12-12 20:40:00,295.38773
4159,2013-12-12 20:40:00,0.8263702
4159,2013-12-12 20:50:00,281.9804
4159,2013-12-12 20:50:00,0.006651706
4159,2013-12-12 20:50:00,0.29327068
4159,2013-12-12 21:00:00,0.4213868
4159,2013-12-12 21:00:00,285.0694
4159,2013-12-12 21:00:00,0.4280385
4159,2013-12-12 21:10:00,0.015739262
4159,2013-12-12 21:10:00,278.86963
4159,2013-12-12 21:10:00,0.02239097
4159,2013-12-12 21:10:00,0.015739262
4159,2013-12-12 21:10:00,0.7146575
4159,2013-12-12 21:10:00,0.29327068
4159,2013-12-12 21:20:00,287.48465
4159,2013-12-12 21:20:00,0.006651706
4159,2013-12-12 21:20:00,0.015739262
4159,2013-12-12 21:30:00,0.015739262
4159,2013-12-12 21:30:00,305.68317
4159,2013-12-12 21:30:00,0.8494253
4159,2013-12-12 21:30:00,0.7146575
4159,2013-12-12 21:40:00,0.031478524
4159,2013-12-12 21:40:00,298.00638
4159,2013-12-12 21:40:00,0.8427736
4159,2013-12-12 21:50:00,263.56464
4159,2013-12-12 21:50:00,0.4280385
4159,2013-12-12 22:00:00,0.015739262
4159,2013-12-12 22:00:00,253.85391
4159,2013-12-12 22:00:00,0.013303412
4159,2013-12-12 22:10:00,287.8279
4159,2013-12-12 22:10:00,0.8427736
4159,2013-12-12 22:10:00,0.013303412
4159,2013-12-12 22:20:00,0.006651706
4159,2013-12-12 22:20:00,266.41147
4159,2013-12-12 22:20:00,0.29327068
4159,2013-12-12 22:30:00,286.61432
4159,2013-12-12 22:30:00,0.006651706
4159,2013-12-12 22:30:00,1.2641604
4159,2013-12-12 22:40:00,264.43024
4159,2013-12-12 22:40:00,0.4280385
4159,2013-12-12 22:40:00,0.29327068
4159,2013-12-12 22:50:00,247.8983
4159,2013-12-12 22:50:00,0.4213868
4159,2013-12-12 22:50:00,0.29327068
4159,2013-12-12 23:00:00,0.006651706
4159,2013-12-12 23:00:00,249.4468
4159,2013-12-12 23:10:00,217.96368
4159,2013-12-12 23:10:00,0.4346902
4159,2013-12-12 23:20:00,0.4213868
4159,2013-12-12 23:20:00,214.8521
4159,2013-12-12 23:20:00,0.4213868
4159,2013-12-12 23:30:00,235.88902
4159,2013-12-12 23:30:00,0.013303412
4159,2013-12-12 23:40:00,201.9343
4159,2013-12-12 23:40:00,0.006651706
4159,2013-12-12 23:40:00,0.29327068
4159,2013-12-12 23:50:00,188.06624
4159,2013-12-12 23:50:00,0.7213092
4159,2013-12-12 23:50:00,0.29327068
4159,2013-12-13 00:00:00,225.03621
4159,2013-12-13 00:00:00,0.2999224
4159,2013-12-13 00:10:00,211.471
4159,2013-12-13 00:10:00,0.006651706
4159,2013-12-13 00:10:00,0.2999224
4159,2013-12-13 00:20:00,0.006651706
4159,2013-12-13 00:20:00,218.4662
4159,2013-12-13 00:20:00,0.4280385
4159,2013-12-13 00:30:00,215.83258
4159,2013-12-13 00:30:00,0.4213868
4159,2013-12-13 00:30:00,0.4213868
4159,2013-12-13 00:30:00,0.006651706
4159,2013-12-13 00:40:00,264.35574
4159,2013-12-13 00:40:00,0.4213868
4159,2013-12-13 00:50:00,201.18018
4159,2013-12-13 00:50:00,0.4280385
4159,2013-12-13 01:00:00,176.3421
4159,2013-12-13 01:00:00,0.4280385
4159,2013-12-13 01:10:00,0.013303412
4159,2013-12-13 01:10:00,208.77762
4159,2013-12-13 01:10:00,0.29327068
4159,2013-12-13 01:20:00,153.29414
4159,2013-12-13 01:20:00,0.006651706
4159,2013-12-13 01:30:00,158.99715
4159,2013-12-13 01:30:00,0.013303412
4159,2013-12-13 01:30:00,1.1360443
4159,2013-12-13 01:40:00,148.17418
4159,2013-12-13 01:40:00,0.2999224
4159,2013-12-13 01:40:00,0.006651706
4159,2013-12-13 01:50:00,0.0055768173
4159,2013-12-13 01:50:00,160.36867
4159,2013-12-13 01:50:00,0.8106309
4159,2013-12-13 01:50:00,0.006651706
4159,2013-12-13 01:50:00,0.2999224
4159,2013-12-13 02:00:00,167.19034
4159,2013-12-13 02:00:00,0.8427736
4159,2013-12-13 02:10:00,141.14793
4159,2013-12-13 02:10:00,0.2999224
4159,2013-12-13 02:20:00,146.72635
4159,2013-12-13 02:30:00,156.01463
4159,2013-12-13 02:30:00,0.4346902
4159,2013-12-13 02:40:00,137.21933
4159,2013-12-13 02:40:00,0.7146575
4159,2013-12-13 02:50:00,149.41522
4159,2013-12-13 02:50:00,0.4213868
4159,2013-12-13 03:00:00,151.72879
4159,2013-12-13 03:00:00,0.4346902
4159,2013-12-13 03:00:00,0.7213092
4159,2013-12-13 03:10:00,129.75963
4159,2013-12-13 03:10:00,0.7146575
4159,2013-12-13 03:20:00,151.92163
4159,2013-12-13 03:30:00,139.94533
4159,2013-12-13 03:30:00,0.006651706
4159,2013-12-13 03:40:00,130.03119
4159,2013-12-13 03:40:00,1.142696
4159,2013-12-13 03:50:00,135.60329
4159,2013-12-13 04:00:00,140.21935
4159,2013-12-13 04:00:00,0.006651706
4159,2013-12-13 04:10:00,126.994705
4159,2013-12-13 04:10:00,1.142696
4159,2013-12-13 04:20:00,136.94524
4159,2013-12-13 04:20:00,0.006651706
4159,2013-12-13 04:30:00,135.58778
4159,2013-12-13 04:40:00,137.54926
4159,2013-12-13 04:40:00,1.1360443
4159,2013-12-13 04:50:00,136.1677
4159,2013-12-13 04:50:00,0.013303412
4159,2013-12-13 05:00:00,134.40816
4159,2013-12-13 05:10:00,135.37653
4159,2013-12-13 05:20:00,160.43504
4159,2013-12-13 05:20:00,0.7279609
4159,2013-12-13 05:30:00,151.24312
4159,2013-12-13 05:40:00,0.006651706
4159,2013-12-13 05:40:00,150.52136
4159,2013-12-13 05:50:00,161.90108
4159,2013-12-13 05:50:00,0.7213092
4159,2013-12-13 06:00:00,166.05919
4159,2013-12-13 06:00:00,0.006651706
4159,2013-12-13 06:10:00,0.4280385
4159,2013-12-13 06:10:00,168.2449
4159,2013-12-13 06:20:00,2.0426486
4159,2013-12-13 06:20:00,179.25385
4159,2013-12-13 06:20:00,1.9788179
4159,2013-12-13 06:30:00,198.89139
4159,2013-12-13 06:30:00,0.4213868
4159,2013-12-13 06:30:00,0.013303412
4159,2013-12-13 06:40:00,0.4213868
4159,2013-12-13 06:40:00,201.72093
4159,2013-12-13 06:40:00,0.4213868
4159,2013-12-13 06:40:00,0.29327068
4159,2013-12-13 06:50:00,255.307
4159,2013-12-13 06:50:00,0.4280385
4159,2013-12-13 07:00:00,286.6143
4159,2013-12-13 07:00:00,0.856077
4159,2013-12-13 07:00:00,0.8427736
4159,2013-12-13 07:10:00,284.90088
4159,2013-12-13 07:10:00,0.4213868
4159,2013-12-13 07:20:00,313.7582
4159,2013-12-13 07:30:00,342.22012
4159,2013-12-13 07:30:00,0.8427736
4159,2013-12-13 07:30:00,0.4280385
4159,2013-12-13 07:40:00,0.4213868
4159,2013-12-13 07:40:00,347.38675
4159,2013-12-13 07:40:00,0.013303412
4159,2013-12-13 07:40:00,0.4213868
4159,2013-12-13 07:50:00,0.4213868
4159,2013-12-13 07:50:00,369.9232
4159,2013-12-13 08:00:00,0.48138633
4159,2013-12-13 08:00:00,374.42975
4159,2013-12-13 08:00:00,0.4280385
4159,2013-12-13 08:10:00,406.31122
4159,2013-12-13 08:10:00,0.006651706
4159,2013-12-13 08:10:00,0.4213868
4159,2013-12-13 08:20:00,0.8106309
4159,2013-12-13 08:20:00,404.25327
4159,2013-12-13 08:20:00,1.2641604
4159,2013-12-13 08:30:00,396.85162
4159,2013-12-13 08:30:00,0.4213868
4159,2013-12-13 08:30:00,0.015739262
4159,2013-12-13 08:40:00,0.015739262
4159,2013-12-13 08:40:00,416.91635
4159,2013-12-13 08:40:00,0.006651706
4159,2013-12-13 08:40:00,1.1493477
4159,2013-12-13 08:50:00,0.4213868
4159,2013-12-13 08:50:00,422.10724
4159,2013-12-13 08:50:00,0.006651706
4159,2013-12-13 08:50:00,0.8106309
4159,2013-12-13 09:00:00,446.12338
4159,2013-12-13 09:10:00,0.015739262
4159,2013-12-13 09:10:00,508.95483
4159,2013-12-13 09:10:00,0.4213868
4159,2013-12-13 09:20:00,0.031478524
4159,2013-12-13 09:20:00,470.38315
4159,2013-12-13 09:20:00,0.006651706
4159,2013-12-13 09:20:00,1.5640829
4159,2013-12-13 09:20:00,0.8106309
4159,2013-12-13 09:20:00,0.48138633
4159,2013-12-13 09:30:00,0.006651706
4159,2013-12-13 09:30:00,480.44046
4159,2013-12-13 09:40:00,0.006651706
4159,2013-12-13 09:40:00,0.4213868
4159,2013-12-13 09:40:00,430.43655
4159,2013-12-13 09:40:00,0.8427736
4159,2013-12-13 09:40:00,0.4213868
4159,2013-12-13 09:50:00,0.006651706
4159,2013-12-13 09:50:00,471.5658
4159,2013-12-13 09:50:00,0.4280385
4159,2013-12-13 10:00:00,456.55173
4159,2013-12-13 10:10:00,470.278
4159,2013-12-13 10:10:00,0.4213868
4159,2013-12-13 10:10:00,1.2708122
4159,2013-12-13 10:20:00,447.18634
4159,2013-12-13 10:20:00,0.4213868
4159,2013-12-13 10:30:00,455.29022
4159,2013-12-13 10:30:00,0.90277314
4159,2013-12-13 10:30:00,0.006651706
4159,2013-12-13 10:40:00,432.48782
4159,2013-12-13 10:40:00,0.013303412
4159,2013-12-13 10:50:00,0.015739262
4159,2013-12-13 10:50:00,0.02239097
4159,2013-12-13 10:50:00,487.13992
4159,2013-12-13 10:50:00,0.4213868
4159,2013-12-13 11:00:00,476.01382
4159,2013-12-13 11:00:00,0.006651706
4159,2013-12-13 11:00:00,0.4213868
4159,2013-12-13 11:10:00,0.4213868
4159,2013-12-13 11:10:00,442.31604
4159,2013-12-13 11:10:00,0.4280385
4159,2013-12-13 11:10:00,0.015739262
4159,2013-12-13 11:20:00,0.015739262
4159,2013-12-13 11:20:00,0.006651706
4159,2013-12-13 11:20:00,0.4213868
4159,2013-12-13 11:20:00,440.82047
4159,2013-12-13 11:20:00,1.32416
4159,2013-12-13 11:20:00,0.4213868
4159,2013-12-13 11:20:00,0.44134194
4159,2013-12-13 11:30:00,0.4280385
4159,2013-12-13 11:30:00,0.4213868
4159,2013-12-13 11:30:00,0.90277314
4159,2013-12-13 11:30:00,0.013303412
4159,2013-12-13 11:30:00,1.32416
4159,2013-12-13 11:30:00,702.8612
4159,2013-12-13 11:30:00,0.4280385
4159,2013-12-13 11:30:00,0.4213868
4159,2013-12-13 11:30:00,0.006651706
4159,2013-12-13 11:30:00,0.4213868
4159,2013-12-13 11:30:00,0.006651706
4159,2013-12-13 11:40:00,0.8106309
4159,2013-12-13 11:40:00,0.0055768173
4159,2013-12-13 11:40:00,0.48138633
4159,2013-12-13 11:40:00,1.8655457
4159,2013-12-13 11:40:00,432.4695
4159,2013-12-13 11:40:00,0.96277267
4159,2013-12-13 11:40:00,0.7146575
4159,2013-12-13 11:40:00,0.49468973
4159,2013-12-13 11:50:00,0.006651706
4159,2013-12-13 11:50:00,0.48138633
4159,2013-12-13 11:50:00,474.96713
4159,2013-12-13 11:50:00,0.4213868
4159,2013-12-13 11:50:00,0.4280385
4159,2013-12-13 11:50:00,0.4213868
4159,2013-12-13 11:50:00,0.90277314
4159,2013-12-13 12:00:00,0.006651706
4159,2013-12-13 12:00:00,513.6045
4159,2013-12-13 12:10:00,0.48138633
4159,2013-12-13 12:10:00,1.2320178
4159,2013-12-13 12:10:00,0.90277314
4159,2013-12-13 12:10:00,447.03503
4159,2013-12-13 12:10:00,0.4213868
4159,2013-12-13 12:10:00,0.48138633
4159,2013-12-13 12:10:00,0.006651706
4159,2013-12-13 12:20:00,0.29327068
4159,2013-12-13 12:20:00,0.48138633
4159,2013-12-13 12:20:00,499.1907
4159,2013-12-13 12:20:00,0.90277314
4159,2013-12-13 12:20:00,0.96277267
4159,2013-12-13 12:20:00,0.48138633
4159,2013-12-13 12:20:00,0.4280385
4159,2013-12-13 12:20:00,0.006651706
4159,2013-12-13 12:20:00,0.8106309
4159,2013-12-13 12:20:00,0.48138633
4159,2013-12-13 12:30:00,0.015739262
4159,2013-12-13 12:30:00,0.8106309
4159,2013-12-13 12:30:00,445.96442
4159,2013-12-13 12:30:00,0.4213868
4159,2013-12-13 12:30:00,0.4213868
4159,2013-12-13 12:40:00,436.13312
4159,2013-12-13 12:40:00,0.006651706
4159,2013-12-13 12:40:00,0.8427736
4159,2013-12-13 12:50:00,0.006651706
4159,2013-12-13 12:50:00,0.48138633
4159,2013-12-13 12:50:00,457.80173
4159,2013-12-13 12:50:00,1.142696
4159,2013-12-13 12:50:00,0.8106309
4159,2013-12-13 13:00:00,0.4280385
4159,2013-12-13 13:00:00,438.18198
4159,2013-12-13 13:00:00,0.48138633
4159,2013-12-13 13:00:00,0.3065741
4159,2013-12-13 13:00:00,0.4280385
4159,2013-12-13 13:10:00,436.52365
4159,2013-12-13 13:10:00,0.8106309
4159,2013-12-13 13:10:00,0.8427736
4159,2013-12-13 13:10:00,1.2641604
4159,2013-12-13 13:20:00,0.015739262
4159,2013-12-13 13:20:00,445.82812
4159,2013-12-13 13:20:00,0.4213868
4159,2013-12-13 13:20:00,0.006651706
4159,2013-12-13 13:20:00,0.90277314
4159,2013-12-13 13:30:00,0.4213868
4159,2013-12-13 13:30:00,0.4213868
4159,2013-12-13 13:30:00,417.86963
4159,2013-12-13 13:30:00,0.4213868
4159,2013-12-13 13:30:00,0.96277267
4159,2013-12-13 13:30:00,0.4213868
4159,2013-12-13 13:40:00,446.93958
4159,2013-12-13 13:40:00,0.7813087
4159,2013-12-13 13:50:00,0.015739262
4159,2013-12-13 13:50:00,0.006651706
4159,2013-12-13 13:50:00,495.80075
4159,2013-12-13 13:50:00,0.006651706
4159,2013-12-13 14:00:00,441.6591
4159,2013-12-13 14:00:00,0.2999224
4159,2013-12-13 14:00:00,0.7146575
4159,2013-12-13 14:10:00,0.015739262
4159,2013-12-13 14:10:00,414.48032
4159,2013-12-13 14:10:00,0.4213868
4159,2013-12-13 14:10:00,0.4213868
4159,2013-12-13 14:20:00,0.006651706
4159,2013-12-13 14:20:00,0.015739262
4159,2013-12-13 14:20:00,460.92374
4159,2013-12-13 14:20:00,0.006651706
4159,2013-12-13 14:20:00,1.2641604
4159,2013-12-13 14:30:00,1.32416
4159,2013-12-13 14:30:00,5.674416
4159,2013-12-13 14:30:00,433.15646
4159,2013-12-13 14:30:00,0.006651706
4159,2013-12-13 14:30:00,0.7146575
4159,2013-12-13 14:40:00,0.96277267
4159,2013-12-13 14:40:00,4.0531545
4159,2013-12-13 14:40:00,438.74997
4159,2013-12-13 14:40:00,0.4346902
4159,2013-12-13 14:50:00,0.48138633
4159,2013-12-13 14:50:00,521.8466
4159,2013-12-13 14:50:00,0.4213868
4159,2013-12-13 15:00:00,472.1971
4159,2013-12-13 15:00:00,0.006651706
4159,2013-12-13 15:00:00,0.4213868
4159,2013-12-13 15:10:00,447.0364
4159,2013-12-13 15:10:00,0.4213868
4159,2013-12-13 15:20:00,440.12003
4159,2013-12-13 15:20:00,0.006651706
4159,2013-12-13 15:20:00,0.4213868
4159,2013-12-13 15:30:00,0.013303412
4159,2013-12-13 15:30:00,0.8106309
4159,2013-12-13 15:30:00,407.89767
4159,2013-12-13 15:40:00,0.90277314
4159,2013-12-13 15:40:00,426.76843
4159,2013-12-13 15:40:00,0.006651706
4159,2013-12-13 15:40:00,0.48138633
4159,2013-12-13 15:50:00,1.444159
4159,2013-12-13 15:50:00,432.55295
4159,2013-12-13 15:50:00,0.4213868
4159,2013-12-13 15:50:00,0.006651706
4159,2013-12-13 15:50:00,0.4213868
4159,2013-12-13 16:00:00,0.29327068
4159,2013-12-13 16:00:00,435.06766
4159,2013-12-13 16:00:00,0.4213868
4159,2013-12-13 16:00:00,1.1493477
4159,2013-12-13 16:10:00,388.6248
4159,2013-12-13 16:10:00,0.006651706
4159,2013-12-13 16:10:00,0.29327068
4159,2013-12-13 16:20:00,0.4213868
4159,2013-12-13 16:20:00,399.52914
4159,2013-12-13 16:20:00,0.90277314
4159,2013-12-13 16:20:00,0.4213868
4159,2013-12-13 16:30:00,361.59692
4159,2013-12-13 16:30:00,0.013303412
4159,2013-12-13 16:30:00,0.7146575
4159,2013-12-13 16:40:00,0.0055768173
4159,2013-12-13 16:40:00,1.6212618
4159,2013-12-13 16:40:00,367.25235
4159,2013-12-13 16:40:00,0.29327068
4159,2013-12-13 16:40:00,0.006651706
4159,2013-12-13 16:50:00,366.64774
4159,2013-12-13 16:50:00,0.012228523
4159,2013-12-13 16:50:00,0.4213868
4159,2013-12-13 17:00:00,0.29327068
4159,2013-12-13 17:00:00,0.29327068
4159,2013-12-13 17:00:00,371.36798
4159,2013-12-13 17:00:00,0.006651706
4159,2013-12-13 17:00:00,0.015739262
4159,2013-12-13 17:10:00,388.7532
4159,2013-12-13 17:10:00,0.031478524
4159,2013-12-13 17:10:00,0.73039675
4159,2013-12-13 17:20:00,0.006651706
4159,2013-12-13 17:20:00,380.25137
4159,2013-12-13 17:20:00,1.32416
4159,2013-12-13 17:30:00,341.2436
4159,2013-12-13 17:30:00,0.29327068
4159,2013-12-13 17:40:00,0.006651706
4159,2013-12-13 17:40:00,351.97052
4159,2013-12-13 17:40:00,0.015739262
4159,2013-12-13 17:40:00,0.90277314
4159,2013-12-13 17:50:00,1.2320178
4159,2013-12-13 17:50:00,0.4213868
4159,2013-12-13 17:50:00,361.24335
4159,2013-12-13 17:50:00,1.3308116
4159,2013-12-13 17:50:00,0.015739262
4159,2013-12-13 18:00:00,335.68124
4159,2013-12-13 18:00:00,0.012228523
4159,2013-12-13 18:00:00,0.774657
4159,2013-12-13 18:10:00,0.4213868
4159,2013-12-13 18:10:00,352.3699
4159,2013-12-13 18:10:00,0.03561068
4159,2013-12-13 18:10:00,1.32416
4159,2013-12-13 18:20:00,312.93604
4159,2013-12-13 18:20:00,0.006651706
4159,2013-12-13 18:20:00,0.2999224
4159,2013-12-13 18:20:00,1.32416
4159,2013-12-13 18:30:00,0.006651706
4159,2013-12-13 18:30:00,308.45767
4159,2013-12-13 18:30:00,0.013303412
4159,2013-12-13 18:30:00,0.4213868
4159,2013-12-13 18:40:00,299.3565
4159,2013-12-13 18:40:00,0.012228523
4159,2013-12-13 18:40:00,0.015739262
4159,2013-12-13 18:40:00,0.4280385
4159,2013-12-13 18:50:00,281.2263
4159,2013-12-13 18:50:00,0.015739262
4159,2013-12-13 19:00:00,257.37778
4159,2013-12-13 19:00:00,0.006651706
4159,2013-12-13 19:10:00,251.77556
4159,2013-12-13 19:10:00,0.4280385
4159,2013-12-13 19:10:00,0.58654135
4159,2013-12-13 19:20:00,269.7567
4159,2013-12-13 19:20:00,0.006651706
4159,2013-12-13 19:20:00,1.2641604
4159,2013-12-13 19:20:00,0.8106309
4159,2013-12-13 19:20:00,0.015739262
4159,2013-12-13 19:30:00,0.006651706
4159,2013-12-13 19:30:00,250.61414
4159,2013-12-13 19:30:00,0.006651706
4159,2013-12-13 19:40:00,267.764
4159,2013-12-13 19:40:00,0.4280385
4159,2013-12-13 19:50:00,0.29327068
4159,2013-12-13 19:50:00,2.5561776
4159,2013-12-13 19:50:00,229.00726
4159,2013-12-13 19:50:00,0.006651706
4159,2013-12-13 20:00:00,243.94708
4159,2013-12-13 20:00:00,0.01995512
4159,2013-12-13 20:10:00,232.0624
4159,2013-12-13 20:10:00,0.006651706
4159,2013-12-13 20:10:00,0.006651706
4159,2013-12-13 20:20:00,0.4213868
4159,2013-12-13 20:20:00,232.78094
4159,2013-12-13 20:20:00,0.4280385
4159,2013-12-13 20:30:00,244.4099
4159,2013-12-13 20:40:00,246.41304
4159,2013-12-13 20:40:00,0.006651706
4159,2013-12-13 20:40:00,0.7213092
4159,2013-12-13 20:50:00,0.015739262
4159,2013-12-13 20:50:00,267.27322
4159,2013-12-13 20:50:00,0.006651706
4159,2013-12-13 21:00:00,0.006651706
4159,2013-12-13 21:00:00,298.87885
4159,2013-12-13 21:00:00,0.0055768173
4159,2013-12-13 21:00:00,0.015739262
4159,2013-12-13 21:00:00,0.4213868
4159,2013-12-13 21:10:00,301.43994
4159,2013-12-13 21:10:00,0.006651706
4159,2013-12-13 21:10:00,0.006651706
4159,2013-12-13 21:20:00,0.4213868
4159,2013-12-13 21:20:00,294.18845
4159,2013-12-13 21:20:00,0.006651706
4159,2013-12-13 21:20:00,0.4213868
4159,2013-12-13 21:30:00,259.74594
4159,2013-12-13 21:30:00,0.29327068
4159,2013-12-13 21:30:00,0.013303412
4159,2013-12-13 21:40:00,0.006651706
4159,2013-12-13 21:40:00,206.94812
4159,2013-12-13 21:40:00,0.013303412
4159,2013-12-13 21:40:00,0.006651706
4159,2013-12-13 21:50:00,212.11087
4159,2013-12-13 21:50:00,0.3198775
4159,2013-12-13 22:00:00,206.52884
4159,2013-12-13 22:00:00,0.006651706
4159,2013-12-13 22:00:00,0.006651706
4159,2013-12-13 22:00:00,0.013303412
4159,2013-12-13 22:10:00,0.006651706
4159,2013-12-13 22:10:00,195.58353
4159,2013-12-13 22:10:00,0.013303412
4159,2013-12-13 22:10:00,0.015739262
4159,2013-12-13 22:20:00,202.09995
4159,2013-12-13 22:20:00,0.01995512
4159,2013-12-13 22:20:00,0.006651706
4159,2013-12-13 22:20:00,0.4213868
4159,2013-12-13 22:20:00,0.013303412
4159,2013-12-13 22:30:00,0.4213868
4159,2013-12-13 22:30:00,234.26685
4159,2013-12-13 22:30:00,0.006651706
4159,2013-12-13 22:30:00,0.4213868
4159,2013-12-13 22:40:00,191.74243
4159,2013-12-13 22:40:00,0.025531936
4159,2013-12-13 22:40:00,0.02131608
4159,2013-12-13 22:50:00,197.10782
4159,2013-12-13 22:50:00,0.006651706
4159,2013-12-13 22:50:00,0.006651706
4159,2013-12-13 23:00:00,234.80508
4159,2013-12-13 23:00:00,0.48138633
4159,2013-12-13 23:00:00,0.006651706
4159,2013-12-13 23:10:00,200.74048
4159,2013-12-13 23:10:00,0.43712607
4159,2013-12-13 23:20:00,188.58557
4159,2013-12-13 23:20:00,0.006651706
4159,2013-12-13 23:30:00,190.24297
4159,2013-12-13 23:30:00,0.006651706
4159,2013-12-13 23:30:00,0.006651706
4159,2013-12-13 23:40:00,206.61443
4159,2013-12-13 23:40:00,0.006651706
4159,2013-12-13 23:40:00,0.8427736
4159,2013-12-13 23:50:00,175.58029
4159,2013-12-13 23:50:00,0.4213868
4159,2013-12-14 00:00:00,0.4213868
4159,2013-12-14 00:00:00,186.73517
4159,2013-12-14 00:00:00,0.013303412
4159,2013-12-14 00:00:00,0.58654135
4159,2013-12-14 00:10:00,178.84029
4159,2013-12-14 00:10:00,0.013303412
4159,2013-12-14 00:10:00,0.006651706
4159,2013-12-14 00:20:00,1.2320178
4159,2013-12-14 00:20:00,200.11707
4159,2013-12-14 00:20:00,0.4213868
4159,2013-12-14 00:30:00,172.62256
4159,2013-12-14 00:30:00,0.4213868
4159,2013-12-14 00:40:00,149.72665
4159,2013-12-14 00:40:00,0.029042674
4159,2013-12-14 00:40:00,0.015739262
4159,2013-12-14 00:50:00,156.71463
4159,2013-12-14 00:50:00,0.015739262
4159,2013-12-14 00:50:00,0.4280385
4159,2013-12-14 01:00:00,149.56068
4159,2013-12-14 01:00:00,0.4213868
4159,2013-12-14 01:10:00,143.87349
4159,2013-12-14 01:10:00,0.013303412
4159,2013-12-14 01:20:00,155.38188
4159,2013-12-14 01:20:00,0.4213868
4159,2013-12-14 01:30:00,0.8172826
4159,2013-12-14 01:30:00,152.51334
4159,2013-12-14 01:30:00,0.015739262
4159,2013-12-14 01:40:00,136.15419
4159,2013-12-14 01:40:00,0.4213868
4159,2013-12-14 01:50:00,151.61742
4159,2013-12-14 01:50:00,0.013303412
4159,2013-12-14 01:50:00,0.29327068
4159,2013-12-14 02:00:00,155.72772
4159,2013-12-14 02:00:00,0.015739262
4159,2013-12-14 02:10:00,129.65735
4159,2013-12-14 02:20:00,138.05032
4159,2013-12-14 02:20:00,0.4346902
4159,2013-12-14 02:30:00,138.77464
4159,2013-12-14 02:30:00,0.02239097
4159,2013-12-14 02:40:00,131.3701
4159,2013-12-14 02:50:00,128.49223
4159,2013-12-14 02:50:00,0.013303412
4159,2013-12-14 03:00:00,0.4213868
4159,2013-12-14 03:00:00,136.56061
4159,2013-12-14 03:00:00,0.44377777
4159,2013-12-14 03:00:00,0.2999224
4159,2013-12-14 03:10:00,116.85684
4159,2013-12-14 03:20:00,131.88673
4159,2013-12-14 03:20:00,0.48138633
4159,2013-12-14 03:20:00,0.006651706
4159,2013-12-14 03:30:00,127.23828
4159,2013-12-14 03:30:00,0.8427736
4159,2013-12-14 03:40:00,0.006651706
4159,2013-12-14 03:40:00,111.557335
4159,2013-12-14 03:40:00,0.02239097
4159,2013-12-14 03:50:00,121.11766
4159,2013-12-14 03:50:00,0.006651706
4159,2013-12-14 03:50:00,0.0055768173
4159,2013-12-14 04:00:00,124.96523
4159,2013-12-14 04:00:00,0.4213868
4159,2013-12-14 04:10:00,114.133736
4159,2013-12-14 04:10:00,0.4280385
4159,2013-12-14 04:10:00,0.2999224
4159,2013-12-14 04:20:00,127.91849
4159,2013-12-14 04:30:00,127.50102
4159,2013-12-14 04:30:00,0.006651706
4159,2013-12-14 04:30:00,0.8427736
4159,2013-12-14 04:40:00,113.50913
4159,2013-12-14 04:40:00,0.48138633
4159,2013-12-14 04:40:00,0.4213868
4159,2013-12-14 04:50:00,114.488884
4159,2013-12-14 04:50:00,0.4280385
4159,2013-12-14 05:00:00,120.82229
4159,2013-12-14 05:00:00,0.006651706
4159,2013-12-14 05:10:00,113.00054
4159,2013-12-14 05:10:00,0.4213868
4159,2013-12-14 05:10:00,0.2999224
4159,2013-12-14 05:20:00,121.412704
4159,2013-12-14 05:20:00,0.006651706
4159,2013-12-14 05:30:00,122.09761
4159,2013-12-14 05:30:00,0.4280385
4159,2013-12-14 05:40:00,116.373314
4159,2013-12-14 05:40:00,0.4213868
4159,2013-12-14 05:50:00,0.006651706
4159,2013-12-14 05:50:00,126.189026
4159,2013-12-14 06:00:00,141.6813
4159,2013-12-14 06:00:00,0.006651706
4159,2013-12-14 06:10:00,0.006651706
4159,2013-12-14 06:10:00,130.13712
4159,2013-12-14 06:10:00,0.8494253
4159,2013-12-14 06:10:00,0.006651706
4159,2013-12-14 06:20:00,152.08353
4159,2013-12-14 06:20:00,0.4213868
4159,2013-12-14 06:30:00,174.01137
4159,2013-12-14 06:30:00,0.006651706
4159,2013-12-14 06:40:00,138.41228
4159,2013-12-14 06:40:00,0.4280385
4159,2013-12-14 06:50:00,159.15245
4159,2013-12-14 06:50:00,0.4213868
4159,2013-12-14 07:00:00,0.015739262
4159,2013-12-14 07:00:00,167.45775
4159,2013-12-14 07:10:00,155.40268
4159,2013-12-14 07:10:00,0.013303412
4159,2013-12-14 07:10:00,0.4213868
4159,2013-12-14 07:20:00,0.96277267
4159,2013-12-14 07:20:00,0.90277314
4159,2013-12-14 07:20:00,159.50871
4159,2013-12-14 07:20:00,0.4213868
4159,2013-12-14 07:20:00,1.32416
4159,2013-12-14 07:30:00,197.60703
4159,2013-12-14 07:30:00,0.90277314
4159,2013-12-14 07:30:00,2.5883203
4159,2013-12-14 07:40:00,169.46252
4159,2013-12-14 07:40:00,0.2999224
4159,2013-12-14 07:40:00,2.106934
4159,2013-12-14 07:50:00,0.015739262
4159,2013-12-14 07:50:00,157.45805
4159,2013-12-14 07:50:00,0.006651706
4159,2013-12-14 07:50:00,1.1360443
4159,2013-12-14 08:00:00,191.02647
4159,2013-12-14 08:00:00,0.4213868
4159,2013-12-14 08:10:00,0.4213868
4159,2013-12-14 08:10:00,196.75566
4159,2013-12-14 08:10:00,1.3398992
4159,2013-12-14 08:20:00,201.25728
4159,2013-12-14 08:20:00,0.4346902
4159,2013-12-14 08:20:00,1.5574311
4159,2013-12-14 08:30:00,226.26161
4159,2013-12-14 08:30:00,0.29327068
4159,2013-12-14 08:40:00,0.48138633
4159,2013-12-14 08:40:00,0.8106309
4159,2013-12-14 08:40:00,218.53564
4159,2013-12-14 08:40:00,0.4213868
4159,2013-12-14 08:50:00,0.48138633
4159,2013-12-14 08:50:00,0.48138633
4159,2013-12-14 08:50:00,230.78024
4159,2013-12-14 08:50:00,0.015739262
4159,2013-12-14 08:50:00,0.4346902
4159,2013-12-14 08:50:00,1.8055463
4159,2013-12-14 09:00:00,230.1872
4159,2013-12-14 09:00:00,0.48138633
4159,2013-12-14 09:10:00,211.08769
4159,2013-12-14 09:10:00,0.4213868
4159,2013-12-14 09:20:00,0.4213868
4159,2013-12-14 09:20:00,0.96277267
4159,2013-12-14 09:20:00,268.71512
4159,2013-12-14 09:20:00,0.013303412
4159,2013-12-14 09:20:00,0.7903963
4159,2013-12-14 09:30:00,0.48138633
4159,2013-12-14 09:30:00,255.43935
4159,2013-12-14 09:30:00,0.4213868
4159,2013-12-14 09:30:00,1.3308116
4159,2013-12-14 09:40:00,1.32416
4159,2013-12-14 09:40:00,1.2641604
4159,2013-12-14 09:40:00,237.38173
4159,2013-12-14 09:40:00,0.4213868
4159,2013-12-14 09:40:00,2.300236
4159,2013-12-14 09:50:00,0.48138633
4159,2013-12-14 09:50:00,0.8427736
4159,2013-12-14 09:50:00,253.13628
4159,2013-12-14 09:50:00,0.4213868
4159,2013-12-14 09:50:00,0.48138633
4159,2013-12-14 09:50:00,0.006651706
4159,2013-12-14 10:00:00,1.3841594
4159,2013-12-14 10:00:00,248.31606
4159,2013-12-14 10:00:00,0.013303412
4159,2013-12-14 10:00:00,1.32416
4159,2013-12-14 10:00:00,0.013303412
4159,2013-12-14 10:10:00,1.4913768
4159,2013-12-14 10:10:00,0.006651706
4159,2013-12-14 10:10:00,239.2722
4159,2013-12-14 10:10:00,0.4213868
4159,2013-12-14 10:10:00,1.32416
4159,2013-12-14 10:20:00,1.32416
4159,2013-12-14 10:20:00,1.444159
4159,2013-12-14 10:20:00,265.87976
4159,2013-12-14 10:20:00,0.0055768173
4159,2013-12-14 10:20:00,1.5574311
4159,2013-12-14 10:20:00,0.0055768173
4159,2013-12-14 10:30:00,0.90277314
4159,2013-12-14 10:30:00,253.66547
4159,2013-12-14 10:30:00,0.006651706
4159,2013-12-14 10:30:00,0.4346902
4159,2013-12-14 10:30:00,0.7146575
4159,2013-12-14 10:40:00,0.90277314
4159,2013-12-14 10:40:00,251.66452
4159,2013-12-14 10:40:00,0.48138633
4159,2013-12-14 10:40:00,0.29327068
4159,2013-12-14 10:40:00,0.4213868
4159,2013-12-14 10:50:00,0.48138633
4159,2013-12-14 10:50:00,0.48138633
4159,2013-12-14 10:50:00,267.20456
4159,2013-12-14 10:50:00,3.0097072
4159,2013-12-14 11:00:00,0.48138633
4159,2013-12-14 11:00:00,259.62067
4159,2013-12-14 11:00:00,0.4213868
4159,2013-12-14 11:00:00,0.48803803
4159,2013-12-14 11:00:00,5.784678
4159,2013-12-14 11:10:00,1.32416
4159,2013-12-14 11:10:00,260.34363
4159,2013-12-14 11:10:00,1.4359667
4159,2013-12-14 11:10:00,0.7146575
4159,2013-12-14 11:20:00,2.2869327
4159,2013-12-14 11:20:00,0.90277314
4159,2013-12-14 11:20:00,0.4213868
4159,2013-12-14 11:20:00,271.40836
4159,2013-12-14 11:20:00,0.4213868
4159,2013-12-14 11:30:00,2.8283184
4159,2013-12-14 11:30:00,247.05399
4159,2013-12-14 11:30:00,0.8427736
4159,2013-12-14 11:30:00,0.2999224
4159,2013-12-14 11:30:00,2.233585
4159,2013-12-14 11:40:00,1.9255453
4159,2013-12-14 11:40:00,289.784
4159,2013-12-14 11:40:00,0.7279609
4159,2013-12-14 11:40:00,1.6174306
4159,2013-12-14 11:40:00,0.006651706
4159,2013-12-14 11:50:00,3.6110926
4159,2013-12-14 11:50:00,0.4213868
4159,2013-12-14 11:50:00,268.88354
4159,2013-12-14 11:50:00,1.8055463
4159,2013-12-14 12:00:00,2.7083194
4159,2013-12-14 12:00:00,0.006651706
4159,2013-12-14 12:00:00,256.30392
4159,2013-12-14 12:00:00,0.4213868
4159,2013-12-14 12:00:00,1.7455467
4159,2013-12-14 12:10:00,1.7455467
4159,2013-12-14 12:10:00,0.4213868
4159,2013-12-14 12:10:00,244.96797
4159,2013-12-14 12:10:00,1.2920172
4159,2013-12-14 12:10:00,0.013303412
4159,2013-12-14 12:10:00,0.8427736
4159,2013-12-14 12:20:00,1.8055463
4159,2013-12-14 12:20:00,263.18027
4159,2013-12-14 12:20:00,0.29327068
4159,2013-12-14 12:20:00,0.58654135
4159,2013-12-14 12:20:00,2.1669335
4159,2013-12-14 12:30:00,0.4213868
4159,2013-12-14 12:30:00,261.75626
4159,2013-12-14 12:30:00,0.006651706
4159,2013-12-14 12:30:00,0.4213868
4159,2013-12-14 12:30:00,1.7455467
4159,2013-12-14 12:40:00,1.8055463
4159,2013-12-14 12:40:00,0.015739262
4159,2013-12-14 12:40:00,261.27283
4159,2013-12-14 12:40:00,3.1897056
4159,2013-12-14 12:40:00,0.013303412
4159,2013-12-14 12:40:00,1.2641604
4159,2013-12-14 12:50:00,1.444159
4159,2013-12-14 12:50:00,0.43712607
4159,2013-12-14 12:50:00,333.42938
4159,2013-12-14 12:50:00,2.7083194
4159,2013-12-14 12:50:00,1.142696
4159,2013-12-14 12:50:00,1.32416
4159,2013-12-14 13:00:00,0.48138633
4159,2013-12-14 13:00:00,0.031478524
4159,2013-12-14 13:00:00,248.97173
4159,2013-12-14 13:00:00,0.01995512
4159,2013-12-14 13:00:00,2.226933
4159,2013-12-14 13:00:00,0.4213868
4159,2013-12-14 13:00:00,0.4213868
4159,2013-12-14 13:00:00,0.006651706
4159,2013-12-14 13:10:00,0.90277314
4159,2013-12-14 13:10:00,0.4213868
4159,2013-12-14 13:10:00,249.47969
4159,2013-12-14 13:10:00,0.96277267
4159,2013-12-14 13:10:00,0.006651706
4159,2013-12-14 13:10:00,1.7455467
4159,2013-12-14 13:20:00,1.3841594
4159,2013-12-14 13:20:00,274.87463
4159,2013-12-14 13:20:00,1.32416
4159,2013-12-14 13:20:00,0.2999224
4159,2013-12-14 13:20:00,0.90277314
4159,2013-12-14 13:30:00,0.90277314
4159,2013-12-14 13:30:00,252.84578
4159,2013-12-14 13:30:00,1.32416
4159,2013-12-14 13:30:00,0.006651706
4159,2013-12-14 13:40:00,0.90277314
4159,2013-12-14 13:40:00,241.96756
4159,2013-12-14 13:40:00,0.90277314
4159,2013-12-14 13:40:00,0.4213868
4159,2013-12-14 13:40:00,1.6855472
4159,2013-12-14 13:50:00,2.7083194
4159,2013-12-14 13:50:00,268.88477
4159,2013-12-14 13:50:00,0.4280385
4159,2013-12-14 13:50:00,0.4213868
4159,2013-12-14 14:00:00,3.1897056
4159,2013-12-14 14:00:00,0.0055768173
4159,2013-12-14 14:00:00,262.61096
4159,2013-12-14 14:00:00,1.3841594
4159,2013-12-14 14:00:00,0.2999224
4159,2013-12-14 14:00:00,2.226933
4159,2013-12-14 14:00:00,0.013303412
4159,2013-12-14 14:10:00,0.90277314
4159,2013-12-14 14:10:00,1.2320178
4159,2013-12-14 14:10:00,243.25601
4159,2013-12-14 14:10:00,0.4971256
4159,2013-12-14 14:20:00,3.2497053
4159,2013-12-14 14:20:00,0.015739262
4159,2013-12-14 14:20:00,274.6141
4159,2013-12-14 14:20:00,0.4280385
4159,2013-12-14 14:20:00,2.226933
4159,2013-12-14 14:30:00,2.2869327
4159,2013-12-14 14:30:00,261.4586
4159,2013-12-14 14:30:00,0.006651706
4159,2013-12-14 14:40:00,1.8055463
4159,2013-12-14 14:40:00,254.24571
4159,2013-12-14 14:40:00,0.4213868
4159,2013-12-14 14:40:00,1.3841594
4159,2013-12-14 14:50:00,2.7083194
4159,2013-12-14 14:50:00,254.88443
4159,2013-12-14 14:50:00,0.006651706
4159,2013-12-14 14:50:00,0.48138633
4159,2013-12-14 15:00:00,1.8055463
4159,2013-12-14 15:00:00,0.4213868
4159,2013-12-14 15:00:00,262.85638
4159,2013-12-14 15:00:00,0.4280385
4159,2013-12-14 15:10:00,0.90277314
4159,2013-12-14 15:10:00,312.0241
4159,2013-12-14 15:10:00,1.8212855
4159,2013-12-14 15:20:00,0.4213868
4159,2013-12-14 15:20:00,0.015739262
4159,2013-12-14 15:20:00,352.4175
4159,2013-12-14 15:20:00,0.006651706
4159,2013-12-14 15:20:00,2.7083194
4159,2013-12-14 15:30:00,0.48138633
4159,2013-12-14 15:30:00,423.37527
4159,2013-12-14 15:30:00,0.4213868
4159,2013-12-14 15:30:00,1.8055463
4159,2013-12-14 15:40:00,331.21167
4159,2013-12-14 15:40:00,0.006651706
4159,2013-12-14 15:40:00,1.32416
4159,2013-12-14 15:50:00,0.4213868
4159,2013-12-14 15:50:00,348.2825
4159,2013-12-14 15:50:00,0.8427736
4159,2013-12-14 16:00:00,0.015739262
4159,2013-12-14 16:00:00,335.23715
4159,2013-12-14 16:00:00,0.48138633
4159,2013-12-14 16:00:00,0.4213868
4159,2013-12-14 16:00:00,4.392401
4159,2013-12-14 16:10:00,361.43945
4159,2013-12-14 16:10:00,0.48138633
4159,2013-12-14 16:10:00,0.006651706
4159,2013-12-14 16:10:00,0.8427736
4159,2013-12-14 16:20:00,0.90277314
4159,2013-12-14 16:20:00,347.5722
4159,2013-12-14 16:20:00,0.90277314
4159,2013-12-14 16:30:00,0.48138633
4159,2013-12-14 16:30:00,301.96582
4159,2013-12-14 16:30:00,0.4346902
4159,2013-12-14 16:40:00,0.48138633
4159,2013-12-14 16:40:00,253.03638
4159,2013-12-14 16:40:00,1.444159
4159,2013-12-14 16:40:00,0.4280385
4159,2013-12-14 16:40:00,0.2999224
4159,2013-12-14 16:50:00,281.2753
4159,2013-12-14 17:00:00,250.48465
4159,2013-12-14 17:00:00,0.006651706
4159,2013-12-14 17:00:00,0.2999224
4159,2013-12-14 17:10:00,248.06871
4159,2013-12-14 17:10:00,0.4213868
4159,2013-12-14 17:10:00,0.59319305
4159,2013-12-14 17:20:00,255.12805
4159,2013-12-14 17:20:00,0.006651706
4159,2013-12-14 17:20:00,0.48138633
4159,2013-12-14 17:30:00,254.36145
4159,2013-12-14 17:30:00,0.006651706
4159,2013-12-14 17:40:00,261.27405
4159,2013-12-14 17:40:00,0.4213868
4159,2013-12-14 17:40:00,0.72023433
4159,2013-12-14 17:50:00,218.28429
4159,2013-12-14 17:50:00,0.8651646
4159,2013-12-14 18:00:00,216.73453
4159,2013-12-14 18:00:00,0.88646376
4159,2013-12-14 18:10:00,204.34953
4159,2013-12-14 18:20:00,225.79073
4159,2013-12-14 18:20:00,0.013303412
4159,2013-12-14 18:20:00,0.006651706
4159,2013-12-14 18:30:00,204.16942
4159,2013-12-14 18:30:00,0.012228523
4159,2013-12-14 18:40:00,197.69037
4159,2013-12-14 18:40:00,0.015739262
4159,2013-12-14 18:40:00,0.3065741
4159,2013-12-14 18:50:00,229.76605
4159,2013-12-14 18:50:00,0.58654135
4159,2013-12-14 19:00:00,195.47012
4159,2013-12-14 19:00:00,0.3065741
4159,2013-12-14 19:00:00,0.3065741
4159,2013-12-14 19:10:00,199.25223
4159,2013-12-14 19:10:00,0.006651706
4159,2013-12-14 19:20:00,217.38963
4159,2013-12-14 19:20:00,0.4213868
4159,2013-12-14 19:30:00,220.69185
4159,2013-12-14 19:30:00,0.856077
4159,2013-12-14 19:40:00,228.51334
4159,2013-12-14 19:40:00,1.0079281
4159,2013-12-14 19:50:00,247.50755
4159,2013-12-14 19:50:00,0.006651706
4159,2013-12-14 19:50:00,0.4280385
4159,2013-12-14 20:00:00,221.937
4159,2013-12-14 20:00:00,0.4280385
4159,2013-12-14 20:00:00,0.4280385
4159,2013-12-14 20:00:00,0.0055768173
4159,2013-12-14 20:10:00,241.35791
4159,2013-12-14 20:10:00,0.4280385
4159,2013-12-14 20:10:00,0.29327068
4159,2013-12-14 20:20:00,0.4213868
4159,2013-12-14 20:20:00,237.21585
4159,2013-12-14 20:30:00,216.6624
4159,2013-12-14 20:30:00,0.006651706
4159,2013-12-14 20:30:00,0.4280385
4159,2013-12-14 20:40:00,0.29327068
4159,2013-12-14 20:40:00,216.30753
4159,2013-12-14 20:40:00,0.013303412
4159,2013-12-14 20:50:00,0.013303412
4159,2013-12-14 20:50:00,216.99199
4159,2013-12-14 20:50:00,0.006651706
4159,2013-12-14 20:50:00,0.4213868
4159,2013-12-14 21:00:00,0.006651706
4159,2013-12-14 21:00:00,247.38382
4159,2013-12-14 21:00:00,0.006651706
4159,2013-12-14 21:00:00,0.4213868
4159,2013-12-14 21:00:00,0.29327068
4159,2013-12-14 21:10:00,206.49527
4159,2013-12-14 21:10:00,0.4213868
4159,2013-12-14 21:10:00,0.013303412
4159,2013-12-14 21:10:00,0.023750588
4159,2013-12-14 21:20:00,226.69893
4159,2013-12-14 21:20:00,0.29327068
4159,2013-12-14 21:30:00,255.40656
4159,2013-12-14 21:30:00,0.4213868
4159,2013-12-14 21:30:00,0.43712607
4159,2013-12-14 21:40:00,220.90334
4159,2013-12-14 21:40:00,0.006651706
4159,2013-12-14 21:50:00,232.8528
4159,2013-12-14 21:50:00,0.006651706
4159,2013-12-14 22:00:00,0.006651706
4159,2013-12-14 22:00:00,243.99385
4159,2013-12-14 22:00:00,0.013303412
4159,2013-12-14 22:00:00,0.4213868
4159,2013-12-14 22:10:00,0.0055768173
4159,2013-12-14 22:10:00,224.90717
4159,2013-12-14 22:20:00,242.53632
4159,2013-12-14 22:20:00,0.006651706
4159,2013-12-14 22:30:00,0.006651706
4159,2013-12-14 22:30:00,212.10301
4159,2013-12-14 22:30:00,0.006651706
4159,2013-12-14 22:40:00,198.41583
4159,2013-12-14 22:40:00,0.4280385
4159,2013-12-14 22:50:00,0.006651706
4159,2013-12-14 22:50:00,201.7949
4159,2013-12-14 22:50:00,0.006651706
4159,2013-12-14 22:50:00,0.29327068
4159,2013-12-14 23:00:00,0.006651706
4159,2013-12-14 23:00:00,194.19601
4159,2013-12-14 23:00:00,0.4213868
4159,2013-12-14 23:00:00,0.006651706
4159,2013-12-14 23:10:00,191.09515
4159,2013-12-14 23:10:00,0.013303412
4159,2013-12-14 23:10:00,0.29327068
4159,2013-12-14 23:20:00,0.4280385
4159,2013-12-14 23:20:00,184.71893
4159,2013-12-14 23:20:00,0.4213868
4159,2013-12-14 23:30:00,186.40565
4159,2013-12-14 23:40:00,0.4213868
4159,2013-12-14 23:40:00,193.4721
4159,2013-12-14 23:40:00,0.013303412
4159,2013-12-14 23:50:00,0.8427736
4159,2013-12-14 23:50:00,188.95445
4159,2013-12-14 23:50:00,0.015739262
4159,2013-12-15 00:00:00,0.4213868
4159,2013-12-15 00:00:00,215.8094
4159,2013-12-15 00:00:00,0.4213868
4159,2013-12-15 00:10:00,164.72928
4159,2013-12-15 00:10:00,0.006651706
4159,2013-12-15 00:20:00,199.437
4159,2013-12-15 00:20:00,0.4346902
4159,2013-12-15 00:30:00,0.006651706
4159,2013-12-15 00:30:00,201.1805
4159,2013-12-15 00:30:00,0.4213868
4159,2013-12-15 00:40:00,174.36133
4159,2013-12-15 00:40:00,0.006651706
4159,2013-12-15 00:40:00,0.4213868
4159,2013-12-15 00:50:00,177.5958
4159,2013-12-15 00:50:00,0.4346902
4159,2013-12-15 00:50:00,1.2641604
4159,2013-12-15 01:00:00,189.14142
4159,2013-12-15 01:10:00,171.96127
4159,2013-12-15 01:20:00,0.29327068
4159,2013-12-15 01:20:00,177.5157
4159,2013-12-15 01:20:00,0.4280385
4159,2013-12-15 01:20:00,0.006651706
4159,2013-12-15 01:20:00,0.4213868
4159,2013-12-15 01:30:00,172.2204
4159,2013-12-15 01:30:00,0.006651706
4159,2013-12-15 01:30:00,0.29327068
4159,2013-12-15 01:40:00,178.79356
4159,2013-12-15 01:40:00,0.0055768173
4159,2013-12-15 01:50:00,170.50887
4159,2013-12-15 01:50:00,1.1039016
4159,2013-12-15 01:50:00,0.4280385
4159,2013-12-15 02:00:00,159.32065
4159,2013-12-15 02:10:00,137.77484
4159,2013-12-15 02:10:00,0.006651706
4159,2013-12-15 02:10:00,0.59319305
4159,2013-12-15 02:20:00,153.53029
4159,2013-12-15 02:30:00,144.11719
4159,2013-12-15 02:30:00,0.4346902
4159,2013-12-15 02:30:00,0.4213868
4159,2013-12-15 02:40:00,145.92654
4159,2013-12-15 02:40:00,0.015739262
4159,2013-12-15 02:40:00,0.29327068
4159,2013-12-15 02:50:00,145.92921
4159,2013-12-15 03:00:00,138.52841
4159,2013-12-15 03:00:00,0.013303412
4159,2013-12-15 03:10:00,154.28716
4159,2013-12-15 03:10:00,0.4213868
4159,2013-12-15 03:10:00,0.006651706
4159,2013-12-15 03:20:00,137.52682
4159,2013-12-15 03:20:00,0.006651706
4159,2013-12-15 03:30:00,131.6525
4159,2013-12-15 03:40:00,128.66862
4159,2013-12-15 03:40:00,0.006651706
4159,2013-12-15 03:50:00,0.006651706
4159,2013-12-15 03:50:00,135.49918
4159,2013-12-15 03:50:00,0.4280385
4159,2013-12-15 04:00:00,122.81312
4159,2013-12-15 04:10:00,120.49472
4159,2013-12-15 04:10:00,0.006651706
4159,2013-12-15 04:20:00,122.955315
4159,2013-12-15 04:20:00,0.4213868
4159,2013-12-15 04:30:00,113.42739
4159,2013-12-15 04:30:00,0.0055768173
4159,2013-12-15 04:30:00,0.006651706
4159,2013-12-15 04:40:00,116.013
4159,2013-12-15 04:50:00,117.51648
4159,2013-12-15 04:50:00,0.006651706
4159,2013-12-15 05:00:00,114.21292
4159,2013-12-15 05:00:00,0.4280385
4159,2013-12-15 05:10:00,111.671555
4159,2013-12-15 05:20:00,114.37889
4159,2013-12-15 05:20:00,0.006651706
4159,2013-12-15 05:30:00,110.26125
4159,2013-12-15 05:30:00,0.006651706
4159,2013-12-15 05:40:00,105.42738
4159,2013-12-15 05:40:00,0.48138633
4159,2013-12-15 05:40:00,0.4213868
4159,2013-12-15 05:50:00,111.322586
4159,2013-12-15 05:50:00,0.0055768173
4159,2013-12-15 05:50:00,0.48138633
4159,2013-12-15 05:50:00,0.006651706
4159,2013-12-15 06:00:00,110.137985
4159,2013-12-15 06:10:00,112.53771
4159,2013-12-15 06:10:00,0.006651706
4159,2013-12-15 06:20:00,122.20494
4159,2013-12-15 06:20:00,0.4213868
4159,2013-12-15 06:30:00,116.03478
4159,2013-12-15 06:30:00,0.006651706
4159,2013-12-15 06:40:00,112.802795
4159,2013-12-15 06:40:00,0.006651706
4159,2013-12-15 06:50:00,123.29863
4159,2013-12-15 07:00:00,130.49156
4159,2013-12-15 07:00:00,0.4213868
4159,2013-12-15 07:00:00,0.48696315
4159,2013-12-15 07:10:00,129.38536
4159,2013-12-15 07:10:00,0.0055768173
4159,2013-12-15 07:10:00,0.013303412
4159,2013-12-15 07:20:00,133.79843
4159,2013-12-15 07:30:00,162.46074
4159,2013-12-15 07:30:00,0.4213868
4159,2013-12-15 07:40:00,149.72827
4159,2013-12-15 07:40:00,0.0055768173
4159,2013-12-15 07:40:00,0.006651706
4159,2013-12-15 07:50:00,142.78148
4159,2013-12-15 07:50:00,0.015739262
4159,2013-12-15 07:50:00,0.006651706
4159,2013-12-15 08:00:00,0.4213868
4159,2013-12-15 08:00:00,140.86163
4159,2013-12-15 08:00:00,0.015739262
4159,2013-12-15 08:10:00,136.52046
4159,2013-12-15 08:10:00,0.4280385
4159,2013-12-15 08:20:00,0.013303412
4159,2013-12-15 08:20:00,145.46384
4159,2013-12-15 08:20:00,0.4280385
4159,2013-12-15 08:30:00,0.006651706
4159,2013-12-15 08:30:00,136.94232
4159,2013-12-15 08:30:00,0.4213868
4159,2013-12-15 08:40:00,0.006651706
4159,2013-12-15 08:40:00,151.56616
4159,2013-12-15 08:40:00,0.8427736
4159,2013-12-15 08:50:00,152.57031
4159,2013-12-15 08:50:00,0.015739262
4159,2013-12-15 08:50:00,0.4346902
4159,2013-12-15 09:00:00,152.10289
4159,2013-12-15 09:00:00,0.4213868
4159,2013-12-15 09:10:00,154.68628
4159,2013-12-15 09:10:00,0.2999224
4159,2013-12-15 09:20:00,165.30336
4159,2013-12-15 09:20:00,0.006651706
4159,2013-12-15 09:20:00,0.015739262
4159,2013-12-15 09:30:00,159.05547
4159,2013-12-15 09:30:00,0.8427736
4159,2013-12-15 09:40:00,161.19107
4159,2013-12-15 09:40:00,0.8427736
4159,2013-12-15 09:50:00,151.06157
4159,2013-12-15 09:50:00,0.006651706
4159,2013-12-15 10:00:00,148.99263
4159,2013-12-15 10:00:00,0.006651706
4159,2013-12-15 10:10:00,0.48138633
4159,2013-12-15 10:10:00,1.32416
4159,2013-12-15 10:10:00,149.22977
4159,2013-12-15 10:10:00,0.4280385
4159,2013-12-15 10:20:00,0.012228523
4159,2013-12-15 10:20:00,159.32008
4159,2013-12-15 10:20:00,0.011153635
4159,2013-12-15 10:30:00,148.76036
4159,2013-12-15 10:30:00,0.0055768173
4159,2013-12-15 10:30:00,0.006651706
4159,2013-12-15 10:40:00,0.29327068
4159,2013-12-15 10:40:00,165.4345
4159,2013-12-15 10:40:00,0.8427736
4159,2013-12-15 10:50:00,0.013303412
4159,2013-12-15 10:50:00,181.83301
4159,2013-12-15 10:50:00,0.48138633
4159,2013-12-15 10:50:00,0.4213868
4159,2013-12-15 11:00:00,0.4213868
4159,2013-12-15 11:00:00,201.6454
4159,2013-12-15 11:00:00,0.011153635
4159,2013-12-15 11:00:00,0.006651706
4159,2013-12-15 11:00:00,0.29327068
4159,2013-12-15 11:10:00,0.4213868
4159,2013-12-15 11:10:00,177.00003
4159,2013-12-15 11:20:00,185.05573
4159,2013-12-15 11:20:00,1.142696
4159,2013-12-15 11:30:00,146.39078
4159,2013-12-15 11:30:00,0.4213868
4159,2013-12-15 11:30:00,0.006651706
4159,2013-12-15 11:40:00,0.90277314
4159,2013-12-15 11:40:00,0.4213868
4159,2013-12-15 11:40:00,0.006651706
4159,2013-12-15 11:40:00,0.29327068
4159,2013-12-15 11:40:00,163.74493
4159,2013-12-15 11:40:00,0.006651706
4159,2013-12-15 11:40:00,0.43712607
4159,2013-12-15 11:40:00,0.96277267
4159,2013-12-15 11:50:00,0.4213868
4159,2013-12-15 11:50:00,174.07281
4159,2013-12-15 11:50:00,0.0055768173
4159,2013-12-15 11:50:00,0.4213868
4159,2013-12-15 12:00:00,0.48138633
4159,2013-12-15 12:00:00,0.96277267
4159,2013-12-15 12:00:00,147.03253
4159,2013-12-15 12:00:00,0.006651706
4159,2013-12-15 12:00:00,0.4213868
4159,2013-12-15 12:00:00,0.59319305
4159,2013-12-15 12:10:00,0.48138633
4159,2013-12-15 12:10:00,148.92747
4159,2013-12-15 12:10:00,0.006651706
4159,2013-12-15 12:20:00,1.444159
4159,2013-12-15 12:20:00,0.48138633
4159,2013-12-15 12:20:00,188.5207
4159,2013-12-15 12:20:00,0.4213868
4159,2013-12-15 12:30:00,1.444159
4159,2013-12-15 12:30:00,208.74117
4159,2013-12-15 12:40:00,1.8655457
4159,2013-12-15 12:40:00,0.48138633
4159,2013-12-15 12:40:00,0.48138633
4159,2013-12-15 12:40:00,0.4213868
4159,2013-12-15 12:40:00,181.82881
4159,2013-12-15 12:40:00,0.006651706
4159,2013-12-15 12:50:00,187.70738
4159,2013-12-15 13:00:00,0.4213868
4159,2013-12-15 13:00:00,174.97754
4159,2013-12-15 13:10:00,0.4213868
4159,2013-12-15 13:10:00,191.25598
4159,2013-12-15 13:10:00,0.006651706
4159,2013-12-15 13:10:00,0.4213868
4159,2013-12-15 13:20:00,0.29327068
4159,2013-12-15 13:20:00,181.74515
4159,2013-12-15 13:20:00,0.013303412
4159,2013-12-15 13:30:00,0.015739262
4159,2013-12-15 13:30:00,193.96068
4159,2013-12-15 13:40:00,204.71147
4159,2013-12-15 13:40:00,0.7146575
4159,2013-12-15 13:50:00,188.37129
4159,2013-12-15 13:50:00,0.013303412
4159,2013-12-15 14:00:00,180.24042
4159,2013-12-15 14:00:00,0.4213868
4159,2013-12-15 14:00:00,0.006651706
4159,2013-12-15 14:00:00,0.48138633
4159,2013-12-15 14:10:00,213.80574
4159,2013-12-15 14:10:00,0.006651706
4159,2013-12-15 14:20:00,201.69125
4159,2013-12-15 14:20:00,0.0055768173
4159,2013-12-15 14:20:00,0.006651706
4159,2013-12-15 14:20:00,0.006651706
4159,2013-12-15 14:30:00,176.59787
4159,2013-12-15 14:30:00,0.006651706
4159,2013-12-15 14:30:00,0.4213868
4159,2013-12-15 14:40:00,180.10747
4159,2013-12-15 14:40:00,0.4213868
4159,2013-12-15 14:40:00,0.31566167
4159,2013-12-15 14:50:00,0.006651706
4159,2013-12-15 14:50:00,194.28148
4159,2013-12-15 14:50:00,0.2999224
4159,2013-12-15 15:00:00,180.9295
4159,2013-12-15 15:00:00,0.006651706
4159,2013-12-15 15:10:00,0.8106309
4159,2013-12-15 15:10:00,198.21288
4159,2013-12-15 15:10:00,0.90277314
4159,2013-12-15 15:10:00,0.4213868
4159,2013-12-15 15:20:00,179.02481
4159,2013-12-15 15:20:00,0.006651706
4159,2013-12-15 15:30:00,0.4213868
4159,2013-12-15 15:30:00,203.18791
4159,2013-12-15 15:40:00,0.48138633
4159,2013-12-15 15:40:00,225.01578
4159,2013-12-15 15:40:00,0.4280385
4159,2013-12-15 15:50:00,211.85442
4159,2013-12-15 15:50:00,0.4213868
4159,2013-12-15 16:00:00,0.48138633
4159,2013-12-15 16:00:00,188.52628
4159,2013-12-15 16:10:00,181.00919
4159,2013-12-15 16:10:00,0.4280385
4159,2013-12-15 16:20:00,182.98169
4159,2013-12-15 16:20:00,0.4213868
4159,2013-12-15 16:20:00,0.4213868
4159,2013-12-15 16:30:00,168.04929
4159,2013-12-15 16:30:00,0.4280385
4159,2013-12-15 16:30:00,0.006651706
4159,2013-12-15 16:40:00,0.4213868
4159,2013-12-15 16:40:00,194.74321
4159,2013-12-15 16:40:00,0.015739262
4159,2013-12-15 16:40:00,0.006651706
4159,2013-12-15 16:40:00,0.4213868
4159,2013-12-15 16:40:00,0.006651706
4159,2013-12-15 16:50:00,0.4213868
4159,2013-12-15 16:50:00,219.51299
4159,2013-12-15 16:50:00,0.4213868
4159,2013-12-15 16:50:00,0.006651706
4159,2013-12-15 16:50:00,0.4213868
4159,2013-12-15 17:00:00,224.34193
4159,2013-12-15 17:00:00,0.006651706
4159,2013-12-15 17:00:00,0.006651706
4159,2013-12-15 17:10:00,0.006651706
4159,2013-12-15 17:10:00,251.03328
4159,2013-12-15 17:10:00,1.2641604
4159,2013-12-15 17:20:00,0.4213868
4159,2013-12-15 17:20:00,218.651
4159,2013-12-15 17:20:00,0.8172826
4159,2013-12-15 17:20:00,0.4213868
4159,2013-12-15 17:20:00,0.006651706
4159,2013-12-15 17:20:00,0.4213868
4159,2013-12-15 17:30:00,0.8106309
4159,2013-12-15 17:30:00,186.61626
4159,2013-12-15 17:40:00,173.56316
4159,2013-12-15 17:40:00,0.29327068
4159,2013-12-15 17:50:00,0.48138633
4159,2013-12-15 17:50:00,177.01634
4159,2013-12-15 17:50:00,0.0055768173
4159,2013-12-15 17:50:00,0.006651706
4159,2013-12-15 17:50:00,0.2999224
4159,2013-12-15 18:00:00,197.70071
4159,2013-12-15 18:00:00,0.29327068
4159,2013-12-15 18:10:00,205.09863
4159,2013-12-15 18:10:00,0.006651706
4159,2013-12-15 18:10:00,0.013303412
4159,2013-12-15 18:20:00,185.2344
4159,2013-12-15 18:20:00,0.006651706
4159,2013-12-15 18:30:00,0.4213868
4159,2013-12-15 18:30:00,178.46318
4159,2013-12-15 18:30:00,0.006651706
4159,2013-12-15 18:40:00,191.95822
4159,2013-12-15 18:40:00,0.006651706
4159,2013-12-15 18:50:00,182.46878
4159,2013-12-15 18:50:00,0.8651646
4159,2013-12-15 19:00:00,186.66154
4159,2013-12-15 19:00:00,0.4213868
4159,2013-12-15 19:00:00,0.006651706
4159,2013-12-15 19:00:00,1.3308116
4159,2013-12-15 19:10:00,211.75752
4159,2013-12-15 19:20:00,196.3406
4159,2013-12-15 19:20:00,0.4213868
4159,2013-12-15 19:20:00,0.0055768173
4159,2013-12-15 19:20:00,0.4280385
4159,2013-12-15 19:20:00,0.4280385
4159,2013-12-15 19:30:00,0.031478524
4159,2013-12-15 19:30:00,197.03345
4159,2013-12-15 19:30:00,0.8427736
4159,2013-12-15 19:40:00,199.06648
4159,2013-12-15 19:40:00,0.006651706
4159,2013-12-15 19:40:00,0.4213868
4159,2013-12-15 19:50:00,199.44199
4159,2013-12-15 20:00:00,0.015739262
4159,2013-12-15 20:00:00,188.10358
4159,2013-12-15 20:00:00,0.48138633
4159,2013-12-15 20:00:00,0.44377777
4159,2013-12-15 20:10:00,218.29195
4159,2013-12-15 20:10:00,0.8106309
4159,2013-12-15 20:10:00,0.015739262
4159,2013-12-15 20:10:00,0.011153635
4159,2013-12-15 20:10:00,0.006651706
4159,2013-12-15 20:10:00,0.29327068
4159,2013-12-15 20:20:00,204.6701
4159,2013-12-15 20:20:00,0.29327068
4159,2013-12-15 20:20:00,0.29327068
4159,2013-12-15 20:30:00,193.40646
4159,2013-12-15 20:40:00,0.29327068
4159,2013-12-15 20:40:00,177.10449
4159,2013-12-15 20:40:00,0.48138633
4159,2013-12-15 20:40:00,0.006651706
4159,2013-12-15 20:40:00,0.4280385
4159,2013-12-15 20:40:00,0.006651706
4159,2013-12-15 20:50:00,173.90068
4159,2013-12-15 20:50:00,0.29327068
4159,2013-12-15 21:00:00,190.52626
4159,2013-12-15 21:00:00,0.8106309
4159,2013-12-15 21:10:00,176.54533
4159,2013-12-15 21:10:00,0.8106309
4159,2013-12-15 21:10:00,0.4280385
4159,2013-12-15 21:20:00,185.82109
4159,2013-12-15 21:20:00,0.006651706
4159,2013-12-15 21:30:00,177.4905
4159,2013-12-15 21:40:00,172.16502
4159,2013-12-15 21:40:00,0.02239097
4159,2013-12-15 21:40:00,0.4280385
4159,2013-12-15 21:50:00,174.84738
4159,2013-12-15 21:50:00,0.48138633
4159,2013-12-15 21:50:00,0.006651706
4159,2013-12-15 21:50:00,0.29327068
4159,2013-12-15 22:00:00,180.36446
4159,2013-12-15 22:00:00,0.29327068
4159,2013-12-15 22:10:00,158.4531
4159,2013-12-15 22:10:00,0.48138633
4159,2013-12-15 22:20:00,0.0055768173
4159,2013-12-15 22:20:00,187.74178
4159,2013-12-15 22:20:00,0.013303412
4159,2013-12-15 22:20:00,0.2999224
4159,2013-12-15 22:30:00,0.0055768173
4159,2013-12-15 22:30:00,192.25792
4159,2013-12-15 22:40:00,180.89499
4159,2013-12-15 22:40:00,0.015739262
4159,2013-12-15 22:50:00,164.8084
4159,2013-12-15 22:50:00,0.006651706
4159,2013-12-15 23:00:00,169.22966
4159,2013-12-15 23:00:00,0.006651706
4159,2013-12-15 23:10:00,157.90063
4159,2013-12-15 23:20:00,163.44725
4159,2013-12-15 23:20:00,0.006651706
4159,2013-12-15 23:20:00,0.006651706
4159,2013-12-15 23:30:00,172.32782
4159,2013-12-15 23:30:00,0.006651706
4159,2013-12-15 23:40:00,161.95792
4159,2013-12-15 23:40:00,0.29327068
4159,2013-12-15 23:50:00,149.39351
4159,2013-12-15 23:50:00,0.44377777
4159,2013-12-16 00:00:00,162.58124
4159,2013-12-16 00:10:00,144.50957
4159,2013-12-16 00:10:00,0.006651706
4159,2013-12-16 00:10:00,0.006651706
4159,2013-12-16 00:20:00,139.18044
4159,2013-12-16 00:20:00,0.015739262
4159,2013-12-16 00:30:00,136.82327
4159,2013-12-16 00:30:00,0.48138633
4159,2013-12-16 00:30:00,0.006651706
4159,2013-12-16 00:40:00,131.5472
4159,2013-12-16 00:40:00,0.006651706
4159,2013-12-16 00:40:00,0.006651706
4159,2013-12-16 00:50:00,133.63434
4159,2013-12-16 01:00:00,136.16956
4159,2013-12-16 01:00:00,0.4280385
4159,2013-12-16 01:10:00,0.29327068
4159,2013-12-16 01:10:00,127.272514
4159,2013-12-16 01:20:00,122.13112
4159,2013-12-16 01:20:00,0.006651706
4159,2013-12-16 01:30:00,113.37009
4159,2013-12-16 01:30:00,0.015739262
4159,2013-12-16 01:40:00,123.34332
4159,2013-12-16 01:40:00,0.4213868
4159,2013-12-16 01:40:00,0.015739262
4159,2013-12-16 01:50:00,118.55978
4159,2013-12-16 01:50:00,0.006651706
4159,2013-12-16 02:00:00,121.04928
4159,2013-12-16 02:00:00,0.015739262
4159,2013-12-16 02:10:00,117.1563
4159,2013-12-16 02:20:00,131.05278
4159,2013-12-16 02:30:00,117.09299
4159,2013-12-16 02:30:00,0.006651706
4159,2013-12-16 02:40:00,114.15965
4159,2013-12-16 02:50:00,115.476105
4159,2013-12-16 03:00:00,111.94506
4159,2013-12-16 03:00:00,0.4280385
4159,2013-12-16 03:10:00,106.026115
4159,2013-12-16 03:10:00,0.015739262
4159,2013-12-16 03:20:00,115.541565
4159,2013-12-16 03:30:00,110.4883
4159,2013-12-16 03:40:00,102.51393
4159,2013-12-16 03:40:00,0.02239097
4159,2013-12-16 03:50:00,108.52956
4159,2013-12-16 04:00:00,106.07815
4159,2013-12-16 04:10:00,106.62385
4159,2013-12-16 04:10:00,0.02239097
4159,2013-12-16 04:20:00,111.90518
4159,2013-12-16 04:30:00,109.28908
4159,2013-12-16 04:40:00,102.78313
4159,2013-12-16 04:40:00,0.015739262
4159,2013-12-16 04:50:00,109.05538
4159,2013-12-16 04:50:00,0.006651706
4159,2013-12-16 05:00:00,111.58812
4159,2013-12-16 05:10:00,0.4213868
4159,2013-12-16 05:10:00,111.428024
4159,2013-12-16 05:10:00,0.4213868
4159,2013-12-16 05:20:00,0.006651706
4159,2013-12-16 05:20:00,119.188416
4159,2013-12-16 05:20:00,0.006651706
4159,2013-12-16 05:30:00,128.52704
4159,2013-12-16 05:30:00,0.4213868
4159,2013-12-16 05:40:00,122.78061
4159,2013-12-16 05:50:00,117.537254
4159,2013-12-16 06:00:00,128.1145
4159,2013-12-16 06:00:00,0.006651706
4159,2013-12-16 06:10:00,142.82185
4159,2013-12-16 06:10:00,0.011153635
4159,2013-12-16 06:10:00,0.4213868
4159,2013-12-16 06:20:00,163.56183
4159,2013-12-16 06:30:00,170.9886
4159,2013-12-16 06:30:00,0.4280385
4159,2013-12-16 06:40:00,172.56729
4159,2013-12-16 06:40:00,0.29327068
4159,2013-12-16 06:50:00,241.03952
4159,2013-12-16 07:00:00,235.64877
4159,2013-12-16 07:00:00,0.006651706
4159,2013-12-16 07:10:00,241.36383
4159,2013-12-16 07:10:00,0.006651706
4159,2013-12-16 07:10:00,0.4213868
4159,2013-12-16 07:20:00,265.10846
4159,2013-12-16 07:20:00,0.4213868
4159,2013-12-16 07:20:00,0.4213868
4159,2013-12-16 07:30:00,0.48138633
4159,2013-12-16 07:30:00,256.1147
4159,2013-12-16 07:30:00,1.6398216
4159,2013-12-16 07:30:00,0.4213868
4159,2013-12-16 07:40:00,0.006651706
4159,2013-12-16 07:40:00,304.69852
4159,2013-12-16 07:40:00,0.006651706
4159,2013-12-16 07:50:00,0.4213868
4159,2013-12-16 07:50:00,335.17944
4159,2013-12-16 08:00:00,351.7592
4159,2013-12-16 08:00:00,1.0212315
4159,2013-12-16 08:00:00,0.4213868
4159,2013-12-16 08:10:00,354.55756
4159,2013-12-16 08:10:00,0.006651706
4159,2013-12-16 08:10:00,0.8427736
4159,2013-12-16 08:20:00,373.76968
4159,2013-12-16 08:20:00,0.2999224
4159,2013-12-16 08:20:00,1.2641604
4159,2013-12-16 08:30:00,1.32416
4159,2013-12-16 08:30:00,422.36313
4159,2013-12-16 08:30:00,1.6855472
4159,2013-12-16 08:40:00,2.2869327
4159,2013-12-16 08:40:00,390.0057
4159,2013-12-16 08:40:00,0.4280385
4159,2013-12-16 08:50:00,4.0324793
4159,2013-12-16 08:50:00,410.73892
4159,2013-12-16 09:00:00,1.8055463
4159,2013-12-16 09:00:00,394.132
4159,2013-12-16 09:00:00,0.4213868
4159,2013-12-16 09:00:00,2.7083194
4159,2013-12-16 09:00:00,0.4213868
4159,2013-12-16 09:10:00,0.006651706
4159,2013-12-16 09:10:00,0.90277314
4159,2013-12-16 09:10:00,400.20853
4159,2013-12-16 09:10:00,2.64832
4159,2013-12-16 09:10:00,0.006651706
4159,2013-12-16 09:20:00,1.3841594
4159,2013-12-16 09:20:00,399.01337
4159,2013-12-16 09:20:00,1.444159
4159,2013-12-16 09:20:00,0.4213868
4159,2013-12-16 09:20:00,0.856077
4159,2013-12-16 09:30:00,0.90277314
4159,2013-12-16 09:30:00,409.5335
4159,2013-12-16 09:30:00,0.48138633
4159,2013-12-16 09:30:00,0.4280385
4159,2013-12-16 09:40:00,0.015739262
4159,2013-12-16 09:40:00,416.77106
4159,2013-12-16 09:40:00,0.4213868
4159,2013-12-16 09:40:00,0.006651706
4159,2013-12-16 09:50:00,0.90277314
4159,2013-12-16 09:50:00,418.3938
4159,2013-12-16 09:50:00,0.8427736
4159,2013-12-16 10:00:00,0.48803803
4159,2013-12-16 10:00:00,413.62842
4159,2013-12-16 10:00:00,0.96277267
4159,2013-12-16 10:00:00,0.8427736
4159,2013-12-16 10:10:00,3.6177442
4159,2013-12-16 10:10:00,431.2435
4159,2013-12-16 10:10:00,4.5138655
4159,2013-12-16 10:10:00,1.1360443
4159,2013-12-16 10:20:00,0.015739262
4159,2013-12-16 10:20:00,2.226933
4159,2013-12-16 10:20:00,405.72546
4159,2013-12-16 10:20:00,0.8106309
4159,2013-12-16 10:30:00,1.8055463
4159,2013-12-16 10:30:00,432.81497
4159,2013-12-16 10:40:00,1.8788491
4159,2013-12-16 10:40:00,445.69067
4159,2013-12-16 10:40:00,0.013303412
4159,2013-12-16 10:50:00,0.4213868
4159,2013-12-16 10:50:00,421.95453
4159,2013-12-16 10:50:00,0.8427736
4159,2013-12-16 10:50:00,0.4213868
4159,2013-12-16 11:00:00,1.3908112
4159,2013-12-16 11:00:00,0.015739262
4159,2013-12-16 11:00:00,454.76965
4159,2013-12-16 11:00:00,0.90277314
4159,2013-12-16 11:10:00,0.90277314
4159,2013-12-16 11:10:00,1.247757
4159,2013-12-16 11:10:00,461.50922
4159,2013-12-16 11:10:00,4.941904
4159,2013-12-16 11:20:00,1.32416
4159,2013-12-16 11:20:00,478.4477
4159,2013-12-16 11:20:00,2.7083194
4159,2013-12-16 11:30:00,0.48138633
4159,2013-12-16 11:30:00,1.247757
4159,2013-12-16 11:30:00,470.95374
4159,2013-12-16 11:30:00,0.90277314
4159,2013-12-16 11:40:00,2.226933
4159,2013-12-16 11:40:00,434.29135
4159,2013-12-16 11:40:00,2.2869327
4159,2013-12-16 11:40:00,1.2560433
4159,2013-12-16 11:50:00,0.48138633
4159,2013-12-16 11:50:00,436.42972
4159,2013-12-16 11:50:00,10.106003
4159,2013-12-16 11:50:00,3.1897056
4159,2013-12-16 12:00:00,498.1819
4159,2013-12-16 12:00:00,11.990932
4159,2013-12-16 12:00:00,3.037564
4159,2013-12-16 12:10:00,0.4213868
4159,2013-12-16 12:10:00,496.1615
4159,2013-12-16 12:10:00,4.928071
4159,2013-12-16 12:20:00,0.4213868
4159,2013-12-16 12:20:00,498.62128
4159,2013-12-16 12:20:00,1.2320178
4159,2013-12-16 12:20:00,0.29327068
4159,2013-12-16 12:20:00,0.90277314
4159,2013-12-16 12:30:00,0.48138633
4159,2013-12-16 12:30:00,515.4609
4159,2013-12-16 12:30:00,0.96277267
4159,2013-12-16 12:30:00,2.6549716
4159,2013-12-16 12:40:00,472.92432
4159,2013-12-16 12:40:00,0.96277267
4159,2013-12-16 12:40:00,6.192231
4159,2013-12-16 12:50:00,0.48138633
4159,2013-12-16 12:50:00,456.40015
4159,2013-12-16 12:50:00,2.6679845
4159,2013-12-16 13:00:00,0.48138633
4159,2013-12-16 13:00:00,471.4549
4159,2013-12-16 13:00:00,0.4213868
4159,2013-12-16 13:10:00,470.0678
4159,2013-12-16 13:10:00,0.8106309
4159,2013-12-16 13:20:00,441.65826
4159,2013-12-16 13:20:00,0.4213868
4159,2013-12-16 13:20:00,0.006651706
4159,2013-12-16 13:20:00,1.6921989
4159,2013-12-16 13:30:00,0.4213868
4159,2013-12-16 13:30:00,454.14975
4159,2013-12-16 13:30:00,2.0426486
4159,2013-12-16 13:30:00,2.4002047
4159,2013-12-16 13:40:00,474.1507
4159,2013-12-16 13:40:00,0.011153635
4159,2013-12-16 13:40:00,1.3308116
4159,2013-12-16 13:50:00,422.92844
4159,2013-12-16 13:50:00,0.48138633
4159,2013-12-16 14:00:00,461.6763
4159,2013-12-16 14:00:00,0.4213868
4159,2013-12-16 14:00:00,0.43712607
4159,2013-12-16 14:00:00,1.3841594
4159,2013-12-16 14:10:00,1.8055463
4159,2013-12-16 14:10:00,2.2869327
4159,2013-12-16 14:10:00,438.46652
4159,2013-12-16 14:10:00,0.8427736
4159,2013-12-16 14:20:00,0.015739262
4159,2013-12-16 14:20:00,0.015739262
4159,2013-12-16 14:20:00,2.226933
4159,2013-12-16 14:20:00,449.94336
4159,2013-12-16 14:20:00,0.8427736
4159,2013-12-16 14:30:00,2.2869327
4159,2013-12-16 14:30:00,438.0748
4159,2013-12-16 14:30:00,0.4280385
4159,2013-12-16 14:40:00,2.226933
4159,2013-12-16 14:40:00,415.89398
4159,2013-12-16 14:40:00,1.713404
4159,2013-12-16 14:40:00,0.4280385
4159,2013-12-16 14:50:00,1.3998988
4159,2013-12-16 14:50:00,456.7444
4159,2013-12-16 14:50:00,0.8106309
4159,2013-12-16 14:50:00,1.2093472
4159,2013-12-16 15:00:00,0.4213868
4159,2013-12-16 15:00:00,0.006651706
4159,2013-12-16 15:00:00,443.6371
4159,2013-12-16 15:00:00,2.8854222
4159,2013-12-16 15:00:00,0.29327068
4159,2013-12-16 15:10:00,1.713404
4159,2013-12-16 15:10:00,0.4213868
4159,2013-12-16 15:10:00,415.8308
4159,2013-12-16 15:10:00,2.64832
4159,2013-12-16 15:20:00,0.4213868
4159,2013-12-16 15:20:00,441.0971
4159,2013-12-16 15:20:00,0.006651706
4159,2013-12-16 15:20:00,0.4280385
4159,2013-12-16 15:30:00,0.48138633
4159,2013-12-16 15:30:00,459.55307
4159,2013-12-16 15:30:00,0.90277314
4159,2013-12-16 15:40:00,408.20618
4159,2013-12-16 15:50:00,0.8106309
4159,2013-12-16 15:50:00,443.33957
4159,2013-12-16 15:50:00,0.0055768173
4159,2013-12-16 15:50:00,0.006651706
4159,2013-12-16 16:00:00,1.2320178
4159,2013-12-16 16:00:00,435.52484
4159,2013-12-16 16:00:00,0.4213868
4159,2013-12-16 16:00:00,0.006651706
4159,2013-12-16 16:00:00,0.4213868
4159,2013-12-16 16:10:00,0.8427736
4159,2013-12-16 16:10:00,408.84393
4159,2013-12-16 16:10:00,0.4213868
4159,2013-12-16 16:20:00,397.67853
4159,2013-12-16 16:20:00,0.4213868
4159,2013-12-16 16:20:00,0.01995512
4159,2013-12-16 16:30:00,0.0055768173
4159,2013-12-16 16:30:00,0.3065741
4159,2013-12-16 16:30:00,392.22913
4159,2013-12-16 16:30:00,0.4280385
4159,2013-12-16 16:30:00,0.4213868
4159,2013-12-16 16:40:00,0.59319305
4159,2013-12-16 16:40:00,418.3108
4159,2013-12-16 16:40:00,1.32416
4159,2013-12-16 16:40:00,0.4213868
4159,2013-12-16 16:50:00,420.5063
4159,2013-12-16 16:50:00,0.013303412
4159,2013-12-16 16:50:00,0.006651706
4159,2013-12-16 16:50:00,0.4213868
4159,2013-12-16 17:00:00,406.23886
4159,2013-12-16 17:00:00,2.1947904
4159,2013-12-16 17:00:00,0.006651706
4159,2013-12-16 17:10:00,0.4213868
4159,2013-12-16 17:10:00,402.4449
4159,2013-12-16 17:10:00,0.006651706
4159,2013-12-16 17:10:00,0.29327068
4159,2013-12-16 17:20:00,374.57016
4159,2013-12-16 17:20:00,0.006651706
4159,2013-12-16 17:20:00,0.73039675
4159,2013-12-16 17:30:00,0.90277314
4159,2013-12-16 17:30:00,385.63892
4159,2013-12-16 17:30:00,0.2999224
4159,2013-12-16 17:30:00,0.4280385
4159,2013-12-16 17:30:00,0.4213868
4159,2013-12-16 17:40:00,0.015739262
4159,2013-12-16 17:40:00,0.006651706
4159,2013-12-16 17:40:00,0.006651706
4159,2013-12-16 17:40:00,316.27536
4159,2013-12-16 17:40:00,0.006651706
4159,2013-12-16 17:40:00,0.7146575
4159,2013-12-16 17:50:00,0.29327068
4159,2013-12-16 17:50:00,313.27502
4159,2013-12-16 17:50:00,0.4213868
4159,2013-12-16 17:50:00,0.006651706
4159,2013-12-16 18:00:00,0.7146575
4159,2013-12-16 18:00:00,308.14896
4159,2013-12-16 18:00:00,0.013303412
4159,2013-12-16 18:00:00,0.015739262
4159,2013-12-16 18:10:00,315.1027
4159,2013-12-16 18:10:00,0.006651706
4159,2013-12-16 18:20:00,293.53442
4159,2013-12-16 18:20:00,1.2026955
4159,2013-12-16 18:30:00,0.8106309
4159,2013-12-16 18:30:00,303.0649
4159,2013-12-16 18:30:00,1.2320178
4159,2013-12-16 18:30:00,0.013303412
4159,2013-12-16 18:30:00,0.44377777
4159,2013-12-16 18:40:00,287.64957
4159,2013-12-16 18:40:00,0.48138633
4159,2013-12-16 18:40:00,0.006651706
4159,2013-12-16 18:40:00,0.4213868
4159,2013-12-16 18:40:00,0.4213868
4159,2013-12-16 18:50:00,295.2772
4159,2013-12-16 18:50:00,0.4213868
4159,2013-12-16 18:50:00,1.2641604
4159,2013-12-16 19:00:00,277.39557
4159,2013-12-16 19:00:00,0.4213868
4159,2013-12-16 19:00:00,0.4213868
4159,2013-12-16 19:00:00,0.4213868
4159,2013-12-16 19:10:00,0.29327068
4159,2013-12-16 19:10:00,275.91678
4159,2013-12-16 19:10:00,1.32416
4159,2013-12-16 19:10:00,0.4346902
4159,2013-12-16 19:20:00,306.4798
4159,2013-12-16 19:20:00,0.006651706
4159,2013-12-16 19:20:00,0.8106309
4159,2013-12-16 19:20:00,0.8494253
4159,2013-12-16 19:20:00,0.7146575
4159,2013-12-16 19:30:00,275.87885
4159,2013-12-16 19:30:00,0.4213868
4159,2013-12-16 19:40:00,0.4213868
4159,2013-12-16 19:40:00,275.34778
4159,2013-12-16 19:40:00,0.4346902
4159,2013-12-16 19:40:00,0.006651706
4159,2013-12-16 19:50:00,228.89171
4159,2013-12-16 19:50:00,0.006651706
4159,2013-12-16 19:50:00,0.29327068
4159,2013-12-16 20:00:00,231.4486
4159,2013-12-16 20:00:00,0.7213092
4159,2013-12-16 20:10:00,235.0792
4159,2013-12-16 20:10:00,0.006651706
4159,2013-12-16 20:10:00,0.2999224
4159,2013-12-16 20:20:00,230.05164
4159,2013-12-16 20:20:00,0.006651706
4159,2013-12-16 20:30:00,206.91139
4159,2013-12-16 20:40:00,206.59273
4159,2013-12-16 20:50:00,222.9656
4159,2013-12-16 20:50:00,0.006651706
4159,2013-12-16 20:50:00,0.8494253
4159,2013-12-16 21:00:00,200.60057
4159,2013-12-16 21:00:00,0.48138633
4159,2013-12-16 21:00:00,0.006651706
4159,2013-12-16 21:00:00,0.006651706
4159,2013-12-16 21:10:00,212.29102
4159,2013-12-16 21:10:00,0.29327068
4159,2013-12-16 21:20:00,211.67249
4159,2013-12-16 21:20:00,0.006651706
4159,2013-12-16 21:20:00,0.4213868
4159,2013-12-16 21:30:00,210.73257
4159,2013-12-16 21:30:00,0.006651706
4159,2013-12-16 21:40:00,243.74768
4159,2013-12-16 21:40:00,0.4213868
4159,2013-12-16 21:50:00,243.09042
4159,2013-12-16 21:50:00,0.015739262
4159,2013-12-16 21:50:00,0.29327068
4159,2013-12-16 22:00:00,246.393
4159,2013-12-16 22:00:00,0.013303412
4159,2013-12-16 22:10:00,0.4213868
4159,2013-12-16 22:10:00,236.59589
4159,2013-12-16 22:10:00,0.006651706
4159,2013-12-16 22:20:00,0.006651706
4159,2013-12-16 22:20:00,220.97063
4159,2013-12-16 22:20:00,0.015739262
4159,2013-12-16 22:30:00,216.12581
4159,2013-12-16 22:30:00,0.4213868
4159,2013-12-16 22:30:00,0.006651706
4159,2013-12-16 22:30:00,0.4280385
4159,2013-12-16 22:40:00,236.26154
4159,2013-12-16 22:40:00,0.006651706
4159,2013-12-16 22:40:00,0.7146575
4159,2013-12-16 22:50:00,226.1123
4159,2013-12-16 22:50:00,0.48138633
4159,2013-12-16 22:50:00,0.006651706
4159,2013-12-16 23:00:00,239.16008
4159,2013-12-16 23:00:00,0.4213868
4159,2013-12-16 23:10:00,228.02242
4159,2013-12-16 23:10:00,0.013303412
4159,2013-12-16 23:10:00,0.4213868
4159,2013-12-16 23:20:00,168.88826
4159,2013-12-16 23:30:00,190.67134
4159,2013-12-16 23:40:00,0.015739262
4159,2013-12-16 23:40:00,218.89977
4159,2013-12-16 23:40:00,0.30900994
4159,2013-12-16 23:40:00,0.013303412
4159,2013-12-16 23:50:00,156.48618
4159,2013-12-16 23:50:00,0.0055768173
4159,2013-12-17 00:00:00,155.9597
4159,2013-12-17 00:10:00,133.41588
4159,2013-12-17 00:10:00,0.015739262
4159,2013-12-17 00:10:00,0.006651706
4159,2013-12-17 00:10:00,0.29327068
4159,2013-12-17 00:20:00,137.21614
4159,2013-12-17 00:20:00,0.006651706
4159,2013-12-17 00:20:00,0.4213868
4159,2013-12-17 00:30:00,0.29327068
4159,2013-12-17 00:30:00,136.6077
4159,2013-12-17 00:30:00,0.29327068
4159,2013-12-17 00:30:00,0.015739262
4159,2013-12-17 00:40:00,123.49018
4159,2013-12-17 00:50:00,131.37766
4159,2013-12-17 00:50:00,0.013303412
4159,2013-12-17 00:50:00,0.29327068
4159,2013-12-17 01:00:00,138.13776
4159,2013-12-17 01:00:00,0.006651706
4159,2013-12-17 01:10:00,123.522575
4159,2013-12-17 01:10:00,0.0055768173
4159,2013-12-17 01:20:00,130.2768
4159,2013-12-17 01:20:00,0.006651706
4159,2013-12-17 01:30:00,119.13939
4159,2013-12-17 01:30:00,0.006651706
4159,2013-12-17 01:40:00,113.99874
4159,2013-12-17 01:40:00,0.4213868
4159,2013-12-17 01:50:00,116.85938
4159,2013-12-17 01:50:00,0.006651706
4159,2013-12-17 02:00:00,118.637596
4159,2013-12-17 02:00:00,0.006651706
4159,2013-12-17 02:10:00,109.441
4159,2013-12-17 02:20:00,118.72982
4159,2013-12-17 02:30:00,120.04076
4159,2013-12-17 02:30:00,0.006651706
4159,2013-12-17 02:40:00,104.309326
4159,2013-12-17 02:40:00,0.006651706
4159,2013-12-17 02:50:00,114.99262
4159,2013-12-17 03:00:00,111.646904
4159,2013-12-17 03:00:00,0.48138633
4159,2013-12-17 03:00:00,0.006651706
4159,2013-12-17 03:10:00,103.61129
4159,2013-12-17 03:10:00,0.006651706
4159,2013-12-17 03:20:00,113.72734
4159,2013-12-17 03:30:00,114.42795
4159,2013-12-17 03:30:00,0.006651706
4159,2013-12-17 03:40:00,94.689384
4159,2013-12-17 03:40:00,0.006651706
4159,2013-12-17 03:50:00,115.9539
4159,2013-12-17 04:00:00,116.544174
4159,2013-12-17 04:10:00,108.11658
4159,2013-12-17 04:10:00,0.006651706
4159,2013-12-17 04:20:00,115.05044
4159,2013-12-17 04:20:00,0.0055768173
4159,2013-12-17 04:20:00,0.006651706
4159,2013-12-17 04:30:00,123.882324
4159,2013-12-17 04:30:00,0.006651706
4159,2013-12-17 04:40:00,96.060135
4159,2013-12-17 04:50:00,120.411316
4159,2013-12-17 04:50:00,0.006651706
4159,2013-12-17 05:00:00,119.85828
4159,2013-12-17 05:10:00,104.71216
4159,2013-12-17 05:10:00,0.006651706
4159,2013-12-17 05:20:00,0.4280385
4159,2013-12-17 05:20:00,127.33218
4159,2013-12-17 05:30:00,139.63074
4159,2013-12-17 05:30:00,0.006651706
4159,2013-12-17 05:40:00,119.37462
4159,2013-12-17 05:40:00,0.006651706
4159,2013-12-17 05:50:00,144.73672
4159,2013-12-17 06:00:00,141.26651
4159,2013-12-17 06:00:00,0.006651706
4159,2013-12-17 06:10:00,0.015739262
4159,2013-12-17 06:10:00,130.67488
4159,2013-12-17 06:10:00,0.006651706
4159,2013-12-17 06:20:00,148.52992
4159,2013-12-17 06:20:00,0.4213868
4159,2013-12-17 06:30:00,170.75662
4159,2013-12-17 06:30:00,0.0055768173
4159,2013-12-17 06:30:00,0.8427736
4159,2013-12-17 06:40:00,0.4213868
4159,2013-12-17 06:40:00,163.61943
4159,2013-12-17 06:40:00,0.006651706
4159,2013-12-17 06:40:00,0.006651706
4159,2013-12-17 06:50:00,198.3644
4159,2013-12-17 06:50:00,0.006651706
4159,2013-12-17 07:00:00,220.50447
4159,2013-12-17 07:00:00,1.2641604
4159,2013-12-17 07:10:00,205.50648
4159,2013-12-17 07:10:00,0.96277267
4159,2013-12-17 07:10:00,0.006651706
4159,2013-12-17 07:20:00,228.59935
4159,2013-12-17 07:20:00,0.013303412
4159,2013-12-17 07:30:00,0.006651706
4159,2013-12-17 07:30:00,0.4213868
4159,2013-12-17 07:30:00,259.92926
4159,2013-12-17 07:30:00,1.1360443
4159,2013-12-17 07:40:00,283.88065
4159,2013-12-17 07:40:00,0.48138633
4159,2013-12-17 07:40:00,0.8427736
4159,2013-12-17 07:50:00,304.20154
4159,2013-12-17 07:50:00,3.1297061
4159,2013-12-17 07:50:00,0.013303412
4159,2013-12-17 07:50:00,0.4280385
4159,2013-12-17 07:50:00,0.48138633
4159,2013-12-17 08:00:00,0.4213868
4159,2013-12-17 08:00:00,0.006651706
4159,2013-12-17 08:00:00,322.41302
4159,2013-12-17 08:00:00,1.8055463
4159,2013-12-17 08:00:00,0.4213868
4159,2013-12-17 08:10:00,324.8812
4159,2013-12-17 08:10:00,0.7213092
4159,2013-12-17 08:20:00,0.006651706
4159,2013-12-17 08:20:00,354.86987
4159,2013-12-17 08:20:00,0.013303412
4159,2013-12-17 08:20:00,0.4213868
4159,2013-12-17 08:30:00,385.35092
4159,2013-12-17 08:30:00,0.8427736
4159,2013-12-17 08:40:00,0.015739262
4159,2013-12-17 08:40:00,0.4280385
4159,2013-12-17 08:40:00,407.0229
4159,2013-12-17 08:40:00,0.4280385
4159,2013-12-17 08:50:00,428.37073
4159,2013-12-17 08:50:00,0.48138633
4159,2013-12-17 09:00:00,0.006651706
4159,2013-12-17 09:00:00,421.6951
4159,2013-12-17 09:00:00,0.006651706
4159,2013-12-17 09:00:00,0.006651706
4159,2013-12-17 09:10:00,389.55276
4159,2013-12-17 09:10:00,3.1297061
4159,2013-12-17 09:10:00,0.29327068
4159,2013-12-17 09:20:00,0.006651706
4159,2013-12-17 09:20:00,423.42163
4159,2013-12-17 09:20:00,5.3566394
4159,2013-12-17 09:20:00,0.73039675
4159,2013-12-17 09:30:00,412.9073
4159,2013-12-17 09:30:00,0.8427736
4159,2013-12-17 09:30:00,0.4346902
4159,2013-12-17 09:30:00,1.1360443
4159,2013-12-17 09:40:00,437.27383
4159,2013-12-17 09:40:00,0.48138633
4159,2013-12-17 09:40:00,0.4213868
4159,2013-12-17 09:40:00,0.774657
4159,2013-12-17 09:50:00,0.48138633
4159,2013-12-17 09:50:00,417.992
4159,2013-12-17 10:00:00,0.4213868
4159,2013-12-17 10:00:00,433.0851
4159,2013-12-17 10:00:00,0.006651706
4159,2013-12-17 10:00:00,0.4213868
4159,2013-12-17 10:10:00,396.80814
4159,2013-12-17 10:20:00,0.48138633
4159,2013-12-17 10:20:00,428.36426
4159,2013-12-17 10:20:00,0.4213868
4159,2013-12-17 10:30:00,0.006651706
4159,2013-12-17 10:30:00,414.80664
4159,2013-12-17 10:30:00,1.2320178
4159,2013-12-17 10:40:00,422.27264
4159,2013-12-17 10:40:00,0.4280385
4159,2013-12-17 10:40:00,0.013303412
4159,2013-12-17 10:50:00,432.34488
4159,2013-12-17 11:00:00,0.48138633
4159,2013-12-17 11:00:00,432.65686
4159,2013-12-17 11:10:00,426.252
4159,2013-12-17 11:10:00,1.32416
4159,2013-12-17 11:10:00,0.006651706
4159,2013-12-17 11:20:00,453.70584
4159,2013-12-17 11:20:00,0.4213868
4159,2013-12-17 11:30:00,456.64322
4159,2013-12-17 11:30:00,0.015739262
4159,2013-12-17 11:30:00,0.006651706
4159,2013-12-17 11:40:00,489.49878
4159,2013-12-17 11:40:00,0.48138633
4159,2013-12-17 11:40:00,0.006651706
4159,2013-12-17 11:50:00,0.48138633
4159,2013-12-17 11:50:00,477.8769
4159,2013-12-17 11:50:00,1.3297367
4159,2013-12-17 11:50:00,0.8427736
4159,2013-12-17 12:00:00,513.27515
4159,2013-12-17 12:00:00,0.48138633
4159,2013-12-17 12:10:00,0.4213868
4159,2013-12-17 12:10:00,461.9733
4159,2013-12-17 12:20:00,465.44788
4159,2013-12-17 12:20:00,0.006651706
4159,2013-12-17 12:20:00,1.32416
4159,2013-12-17 12:30:00,0.4213868
4159,2013-12-17 12:30:00,447.1941
4159,2013-12-17 12:30:00,1.32416
4159,2013-12-17 12:40:00,454.90283
4159,2013-12-17 12:50:00,490.365
4159,2013-12-17 12:50:00,0.006651706
4159,2013-12-17 12:50:00,0.4213868
4159,2013-12-17 13:00:00,473.58423
4159,2013-12-17 13:00:00,0.006651706
4159,2013-12-17 13:00:00,0.4213868
4159,2013-12-17 13:10:00,437.1868
4159,2013-12-17 13:10:00,0.0055768173
4159,2013-12-17 13:10:00,1.9788179
4159,2013-12-17 13:20:00,0.4213868
4159,2013-12-17 13:20:00,422.49484
4159,2013-12-17 13:20:00,0.006651706
4159,2013-12-17 13:20:00,0.006651706
4159,2013-12-17 13:20:00,0.8427736
4159,2013-12-17 13:30:00,0.48138633
4159,2013-12-17 13:30:00,440.853
4159,2013-12-17 13:30:00,0.48138633
4159,2013-12-17 13:30:00,0.006651706
4159,2013-12-17 13:30:00,6.3194118
4159,2013-12-17 13:40:00,402.95538
4159,2013-12-17 13:40:00,1.8055463
4159,2013-12-17 13:50:00,440.0269
4159,2013-12-17 13:50:00,0.4213868
4159,2013-12-17 13:50:00,1.4359667
4159,2013-12-17 14:00:00,0.48138633
4159,2013-12-17 14:00:00,451.50613
4159,2013-12-17 14:00:00,0.8427736
4159,2013-12-17 14:10:00,437.378
4159,2013-12-17 14:10:00,0.0055768173
4159,2013-12-17 14:10:00,0.4280385
4159,2013-12-17 14:20:00,0.02239097
4159,2013-12-17 14:20:00,445.67383
4159,2013-12-17 14:20:00,0.006651706
4159,2013-12-17 14:30:00,475.47
4159,2013-12-17 14:30:00,0.006651706
4159,2013-12-17 14:40:00,493.91003
4159,2013-12-17 14:40:00,0.8494253
4159,2013-12-17 14:50:00,482.23834
4159,2013-12-17 14:50:00,0.4213868
4159,2013-12-17 14:50:00,0.90277314
4159,2013-12-17 15:00:00,485.95486
4159,2013-12-17 15:00:00,0.015739262
4159,2013-12-17 15:10:00,480.01984
4159,2013-12-17 15:10:00,0.8106309
4159,2013-12-17 15:10:00,0.006651706
4159,2013-12-17 15:20:00,0.006651706
4159,2013-12-17 15:20:00,0.29327068
4159,2013-12-17 15:20:00,464.5738
4159,2013-12-17 15:20:00,0.8427736
4159,2013-12-17 15:30:00,0.4971256
4159,2013-12-17 15:30:00,457.18893
4159,2013-12-17 15:30:00,0.8427736
4159,2013-12-17 15:40:00,438.23883
4159,2013-12-17 15:40:00,0.4213868
4159,2013-12-17 15:50:00,0.4213868
4159,2013-12-17 15:50:00,461.92978
4159,2013-12-17 15:50:00,0.4213868
4159,2013-12-17 16:00:00,477.7027
4159,2013-12-17 16:10:00,388.72647
4159,2013-12-17 16:10:00,0.4213868
4159,2013-12-17 16:20:00,436.39774
4159,2013-12-17 16:20:00,1.1360443
4159,2013-12-17 16:30:00,0.006651706
4159,2013-12-17 16:30:00,431.81247
4159,2013-12-17 16:30:00,0.4213868
4159,2013-12-17 16:40:00,1.6534045
4159,2013-12-17 16:40:00,432.5811
4159,2013-12-17 16:40:00,0.4213868
4159,2013-12-17 16:40:00,0.90277314
4159,2013-12-17 16:50:00,0.29327068
4159,2013-12-17 16:50:00,419.80646
4159,2013-12-17 16:50:00,0.4213868
4159,2013-12-17 17:00:00,409.90198
4159,2013-12-17 17:10:00,0.4213868
4159,2013-12-17 17:10:00,358.7268
4159,2013-12-17 17:10:00,0.8106309
4159,2013-12-17 17:10:00,0.4213868
4159,2013-12-17 17:20:00,352.06567
4159,2013-12-17 17:20:00,0.4213868
4159,2013-12-17 17:30:00,316.4679
4159,2013-12-17 17:30:00,0.29327068
4159,2013-12-17 17:30:00,0.4213868
4159,2013-12-17 17:40:00,0.48138633
4159,2013-12-17 17:40:00,305.66077
4159,2013-12-17 17:40:00,0.015739262
4159,2013-12-17 17:40:00,0.4213868
4159,2013-12-17 17:50:00,0.48803803
4159,2013-12-17 17:50:00,320.7994
4159,2013-12-17 17:50:00,0.4213868
4159,2013-12-17 17:50:00,0.7146575
4159,2013-12-17 18:00:00,0.4213868
4159,2013-12-17 18:00:00,279.77304
4159,2013-12-17 18:10:00,294.55573
4159,2013-12-17 18:10:00,0.4213868
4159,2013-12-17 18:20:00,0.4213868
4159,2013-12-17 18:20:00,300.53125
4159,2013-12-17 18:20:00,0.4213868
4159,2013-12-17 18:30:00,287.49747
4159,2013-12-17 18:30:00,0.48138633
4159,2013-12-17 18:40:00,0.006651706
4159,2013-12-17 18:40:00,270.97263
4159,2013-12-17 18:50:00,0.006651706
4159,2013-12-17 18:50:00,279.3061
4159,2013-12-17 18:50:00,0.013303412
4159,2013-12-17 19:00:00,0.006651706
4159,2013-12-17 19:00:00,259.9953
4159,2013-12-17 19:00:00,0.4213868
4159,2013-12-17 19:10:00,0.015739262
4159,2013-12-17 19:10:00,264.5456
4159,2013-12-17 19:10:00,0.015739262
4159,2013-12-17 19:10:00,0.006651706
4159,2013-12-17 19:20:00,268.60916
4159,2013-12-17 19:20:00,0.4213868
4159,2013-12-17 19:20:00,0.4213868
4159,2013-12-17 19:30:00,278.87726
4159,2013-12-17 19:30:00,0.4213868
4159,2013-12-17 19:30:00,0.0055768173
4159,2013-12-17 19:30:00,1.4359667
4159,2013-12-17 19:40:00,0.8106309
4159,2013-12-17 19:40:00,258.35138
4159,2013-12-17 19:40:00,0.4213868
4159,2013-12-17 19:40:00,1.5574311
4159,2013-12-17 19:50:00,240.5785
4159,2013-12-17 19:50:00,1.1360443
4159,2013-12-17 20:00:00,0.006651706
4159,2013-12-17 20:00:00,249.38765
4159,2013-12-17 20:00:00,0.4213868
4159,2013-12-17 20:00:00,0.2999224
4159,2013-12-17 20:10:00,235.84856
4159,2013-12-17 20:10:00,0.7146575
4159,2013-12-17 20:20:00,234.31897
4159,2013-12-17 20:20:00,0.4213868
4159,2013-12-17 20:20:00,0.015739262
4159,2013-12-17 20:30:00,0.4213868
4159,2013-12-17 20:30:00,266.6881
4159,2013-12-17 20:30:00,0.015739262
4159,2013-12-17 20:30:00,0.015739262
4159,2013-12-17 20:40:00,229.0196
4159,2013-12-17 20:40:00,0.4213868
4159,2013-12-17 20:50:00,0.006651706
4159,2013-12-17 20:50:00,244.09991
4159,2013-12-17 21:00:00,0.4213868
4159,2013-12-17 21:00:00,264.3818
4159,2013-12-17 21:10:00,245.41978
4159,2013-12-17 21:10:00,0.4280385
4159,2013-12-17 21:10:00,0.006651706
4159,2013-12-17 21:20:00,221.29105
4159,2013-12-17 21:20:00,0.29327068
4159,2013-12-17 21:30:00,0.006651706
4159,2013-12-17 21:30:00,0.4213868
4159,2013-12-17 21:30:00,253.40399
4159,2013-12-17 21:30:00,2.4640355
4159,2013-12-17 21:30:00,0.4346902
4159,2013-12-17 21:40:00,0.006651706
4159,2013-12-17 21:40:00,232.81862
4159,2013-12-17 21:40:00,0.4213868
4159,2013-12-17 21:50:00,234.66315
4159,2013-12-17 21:50:00,0.4280385
4159,2013-12-17 21:50:00,0.02239097
4159,2013-12-17 22:00:00,0.4213868
4159,2013-12-17 22:00:00,0.4213868
4159,2013-12-17 22:00:00,227.73582
4159,2013-12-17 22:00:00,0.4213868
4159,2013-12-17 22:10:00,206.64314
4159,2013-12-17 22:20:00,207.46637
4159,2013-12-17 22:20:00,0.006651706
4159,2013-12-17 22:20:00,0.48803803
4159,2013-12-17 22:30:00,216.90735
4159,2013-12-17 22:30:00,0.006651706
4159,2013-12-17 22:40:00,213.06287
4159,2013-12-17 22:40:00,0.29327068
4159,2013-12-17 22:50:00,296.56644
4159,2013-12-17 23:00:00,255.11607
4159,2013-12-17 23:00:00,0.006651706
4159,2013-12-17 23:00:00,0.29327068
4159,2013-12-17 23:10:00,244.90387
4159,2013-12-17 23:10:00,0.006651706
4159,2013-12-17 23:20:00,0.013303412
4159,2013-12-17 23:20:00,210.0589
4159,2013-12-17 23:20:00,0.4280385
4159,2013-12-17 23:20:00,0.4213868
4159,2013-12-17 23:30:00,0.013303412
4159,2013-12-17 23:30:00,174.05981
4159,2013-12-17 23:30:00,0.006651706
4159,2013-12-17 23:40:00,0.013303412
4159,2013-12-17 23:40:00,146.92987
4159,2013-12-17 23:40:00,0.4213868
4159,2013-12-17 23:40:00,0.006651706
4159,2013-12-17 23:50:00,163.0528
4159,2013-12-18 00:00:00,151.51225
4159,2013-12-18 00:10:00,0.006651706
4159,2013-12-18 00:10:00,157.93619
4159,2013-12-18 00:10:00,0.006651706
4159,2013-12-18 00:20:00,164.3131
4159,2013-12-18 00:20:00,0.4213868
4159,2013-12-18 00:30:00,128.66087
4159,2013-12-18 00:40:00,139.25185
4159,2013-12-18 00:40:00,0.2999224
4159,2013-12-18 00:50:00,140.89879
4159,2013-12-18 01:00:00,119.64159
4159,2013-12-18 01:10:00,121.44958
4159,2013-12-18 01:20:00,129.21146
4159,2013-12-18 01:20:00,0.006651706
4159,2013-12-18 01:30:00,120.26048
4159,2013-12-18 01:40:00,133.09036
4159,2013-12-18 01:40:00,0.29327068
4159,2013-12-18 01:50:00,124.711975
4159,2013-12-18 01:50:00,0.006651706
4159,2013-12-18 02:00:00,114.667
4159,2013-12-18 02:10:00,116.15415
4159,2013-12-18 02:20:00,129.75256
4159,2013-12-18 02:20:00,0.7146575
4159,2013-12-18 02:30:00,116.76398
4159,2013-12-18 02:30:00,0.006651706
4159,2013-12-18 02:40:00,128.0105
4159,2013-12-18 02:50:00,126.88579
4159,2013-12-18 02:50:00,0.29327068
4159,2013-12-18 03:00:00,125.33295
4159,2013-12-18 03:00:00,0.006651706
4159,2013-12-18 03:10:00,123.32427
4159,2013-12-18 03:20:00,121.95203
4159,2013-12-18 03:20:00,0.29327068
4159,2013-12-18 03:30:00,124.6187
4159,2013-12-18 03:30:00,0.4213868
4159,2013-12-18 03:40:00,129.10739
4159,2013-12-18 03:40:00,0.006651706
4159,2013-12-18 03:50:00,121.39274
4159,2013-12-18 03:50:00,0.29327068
4159,2013-12-18 04:00:00,129.6081
4159,2013-12-18 04:10:00,0.4213868
4159,2013-12-18 04:10:00,123.50792
4159,2013-12-18 04:10:00,0.4280385
4159,2013-12-18 04:20:00,125.74806
4159,2013-12-18 04:30:00,138.68158
4159,2013-12-18 04:30:00,0.29327068
4159,2013-12-18 04:40:00,122.60864
4159,2013-12-18 04:50:00,0.4213868
4159,2013-12-18 04:50:00,123.08701
4159,2013-12-18 04:50:00,0.4280385
4159,2013-12-18 05:00:00,132.87663
4159,2013-12-18 05:00:00,0.29327068
4159,2013-12-18 05:10:00,123.553085
4159,2013-12-18 05:20:00,123.872894
4159,2013-12-18 05:20:00,0.006651706
4159,2013-12-18 05:30:00,131.8597
4159,2013-12-18 05:40:00,132.01622
4159,2013-12-18 05:40:00,0.59319305
4159,2013-12-18 05:50:00,145.48972
4159,2013-12-18 06:00:00,140.4348
4159,2013-12-18 06:00:00,0.006651706
4159,2013-12-18 06:00:00,0.4213868
4159,2013-12-18 06:10:00,0.006651706
4159,2013-12-18 06:10:00,157.27316
4159,2013-12-18 06:10:00,0.29327068
4159,2013-12-18 06:20:00,159.35533
4159,2013-12-18 06:30:00,188.48485
4159,2013-12-18 06:30:00,0.4213868
4159,2013-12-18 06:40:00,0.4213868
4159,2013-12-18 06:40:00,210.07466
4159,2013-12-18 06:40:00,0.7213092
4159,2013-12-18 06:50:00,0.29327068
4159,2013-12-18 06:50:00,215.07304
4159,2013-12-18 06:50:00,1.2641604
4159,2013-12-18 06:50:00,1.1493477
4159,2013-12-18 07:00:00,219.91827
4159,2013-12-18 07:10:00,245.16228
4159,2013-12-18 07:10:00,0.0055768173
4159,2013-12-18 07:10:00,0.2999224
4159,2013-12-18 07:20:00,264.30157
4159,2013-12-18 07:20:00,0.0055768173
4159,2013-12-18 07:30:00,284.03287
4159,2013-12-18 07:30:00,0.4213868
4159,2013-12-18 07:30:00,0.8427736
4159,2013-12-18 07:40:00,305.35703
4159,2013-12-18 07:40:00,0.8494253
4159,2013-12-18 07:50:00,0.4213868
4159,2013-12-18 07:50:00,319.9954
4159,2013-12-18 07:50:00,0.006651706
4159,2013-12-18 07:50:00,0.4280385
4159,2013-12-18 08:00:00,343.3272
4159,2013-12-18 08:10:00,0.0055768173
4159,2013-12-18 08:10:00,0.02239097
4159,2013-12-18 08:10:00,366.20157
4159,2013-12-18 08:10:00,0.4213868
4159,2013-12-18 08:20:00,0.011153635
4159,2013-12-18 08:20:00,368.29218
4159,2013-12-18 08:20:00,0.29327068
4159,2013-12-18 08:30:00,0.4213868
4159,2013-12-18 08:30:00,404.31213
4159,2013-12-18 08:30:00,0.006651706
4159,2013-12-18 08:30:00,0.4213868
4159,2013-12-18 08:40:00,0.006651706
4159,2013-12-18 08:40:00,0.48138633
4159,2013-12-18 08:40:00,396.2035
4159,2013-12-18 08:40:00,0.4280385
4159,2013-12-18 08:50:00,363.6332
4159,2013-12-18 08:50:00,0.29327068
4159,2013-12-18 08:50:00,0.4213868
4159,2013-12-18 09:00:00,453.0065
4159,2013-12-18 09:10:00,0.0055768173
4159,2013-12-18 09:10:00,440.35486
4159,2013-12-18 09:10:00,0.006651706
4159,2013-12-18 09:10:00,0.4213868
4159,2013-12-18 09:20:00,400.39075
4159,2013-12-18 09:20:00,0.29327068
4159,2013-12-18 09:30:00,394.31012
4159,2013-12-18 09:30:00,0.8427736
4159,2013-12-18 09:40:00,0.006651706
4159,2013-12-18 09:40:00,390.3696
4159,2013-12-18 09:50:00,0.006651706
4159,2013-12-18 09:50:00,402.37335
4159,2013-12-18 09:50:00,0.90277314
4159,2013-12-18 09:50:00,0.4280385
4159,2013-12-18 09:50:00,0.013303412
4159,2013-12-18 10:00:00,434.61862
4159,2013-12-18 10:00:00,0.7146575
4159,2013-12-18 10:00:00,0.8427736
4159,2013-12-18 10:10:00,395.9203
4159,2013-12-18 10:10:00,0.6131482
4159,2013-12-18 10:20:00,0.48138633
4159,2013-12-18 10:20:00,450.60278
4159,2013-12-18 10:20:00,0.4280385
4159,2013-12-18 10:20:00,0.013303412
4159,2013-12-18 10:30:00,437.64948
4159,2013-12-18 10:30:00,0.7146575
4159,2013-12-18 10:40:00,446.73544
4159,2013-12-18 10:40:00,0.4213868
4159,2013-12-18 10:40:00,0.29327068
4159,2013-12-18 10:50:00,448.80695
4159,2013-12-18 10:50:00,0.4213868
4159,2013-12-18 11:00:00,0.8106309
4159,2013-12-18 11:00:00,450.91592
4159,2013-12-18 11:00:00,0.2999224
4159,2013-12-18 11:10:00,465.56754
4159,2013-12-18 11:10:00,0.015739262
4159,2013-12-18 11:10:00,0.4213868
4159,2013-12-18 11:10:00,0.4213868
4159,2013-12-18 11:20:00,422.19415
4159,2013-12-18 11:20:00,0.8427736
4159,2013-12-18 11:20:00,0.4213868
4159,2013-12-18 11:30:00,489.44623
4159,2013-12-18 11:30:00,2.2869327
4159,2013-12-18 11:30:00,0.006651706
4159,2013-12-18 11:30:00,0.4213868
4159,2013-12-18 11:40:00,513.56696
4159,2013-12-18 11:40:00,0.29327068
4159,2013-12-18 11:40:00,1.247757
4159,2013-12-18 11:50:00,0.006651706
4159,2013-12-18 11:50:00,487.5841
4159,2013-12-18 12:00:00,1.2920172
4159,2013-12-18 12:00:00,496.32507
4159,2013-12-18 12:00:00,1.8055463
4159,2013-12-18 12:00:00,0.29327068
4159,2013-12-18 12:10:00,443.40698
4159,2013-12-18 12:10:00,0.006651706
4159,2013-12-18 12:10:00,0.4213868
4159,2013-12-18 12:20:00,432.88525
4159,2013-12-18 12:20:00,0.006651706
4159,2013-12-18 12:30:00,0.48138633
4159,2013-12-18 12:30:00,419.15067
4159,2013-12-18 12:30:00,0.02239097
4159,2013-12-18 12:40:00,0.48138633
4159,2013-12-18 12:40:00,442.6393
4159,2013-12-18 12:40:00,0.006651706
4159,2013-12-18 12:40:00,0.4213868
4159,2013-12-18 12:50:00,0.48138633
4159,2013-12-18 12:50:00,460.6892
4159,2013-12-18 12:50:00,0.006651706
4159,2013-12-18 12:50:00,1.5574311
4159,2013-12-18 13:00:00,0.4213868
4159,2013-12-18 13:00:00,418.1274
4159,2013-12-18 13:10:00,0.8106309
4159,2013-12-18 13:10:00,408.2783
4159,2013-12-18 13:20:00,0.006651706
4159,2013-12-18 13:20:00,413.17715
4159,2013-12-18 13:20:00,0.013303412
4159,2013-12-18 13:20:00,0.8427736
4159,2013-12-18 13:30:00,0.006651706
4159,2013-12-18 13:30:00,478.56625
4159,2013-12-18 13:30:00,1.2641604
4159,2013-12-18 13:40:00,490.23315
4159,2013-12-18 13:40:00,0.8106309
4159,2013-12-18 13:40:00,0.006651706
4159,2013-12-18 13:50:00,0.02239097
4159,2013-12-18 13:50:00,507.4428
4159,2013-12-18 13:50:00,1.2774638
4159,2013-12-18 14:00:00,0.015739262
4159,2013-12-18 14:00:00,482.59018
4159,2013-12-18 14:00:00,0.8427736
4159,2013-12-18 14:10:00,422.60675
4159,2013-12-18 14:10:00,1.7012864
4159,2013-12-18 14:20:00,0.015739262
4159,2013-12-18 14:20:00,0.8106309
4159,2013-12-18 14:20:00,412.7219
4159,2013-12-18 14:20:00,0.90277314
4159,2013-12-18 14:20:00,0.29327068
4159,2013-12-18 14:20:00,0.8427736
4159,2013-12-18 14:20:00,1.2320178
4159,2013-12-18 14:30:00,430.38437
4159,2013-12-18 14:30:00,0.29327068
4159,2013-12-18 14:40:00,403.10123
4159,2013-12-18 14:40:00,0.006651706
4159,2013-12-18 14:40:00,0.2999224
4159,2013-12-18 14:50:00,0.015739262
4159,2013-12-18 14:50:00,435.749
4159,2013-12-18 14:50:00,1.2320178
4159,2013-12-18 14:50:00,0.29327068
4159,2013-12-18 14:50:00,0.2999224
4159,2013-12-18 15:00:00,0.8106309
4159,2013-12-18 15:00:00,434.71365
4159,2013-12-18 15:00:00,0.8427736
4159,2013-12-18 15:10:00,425.01755
4159,2013-12-18 15:10:00,0.006651706
4159,2013-12-18 15:10:00,0.013303412
4159,2013-12-18 15:20:00,0.8106309
4159,2013-12-18 15:20:00,0.8106309
4159,2013-12-18 15:20:00,408.05273
4159,2013-12-18 15:20:00,0.4213868
4159,2013-12-18 15:20:00,0.29327068
4159,2013-12-18 15:20:00,1.6855472
4159,2013-12-18 15:30:00,0.4213868
4159,2013-12-18 15:30:00,432.26056
4159,2013-12-18 15:30:00,1.7455467
4159,2013-12-18 15:40:00,388.271
4159,2013-12-18 15:40:00,1.2641604
4159,2013-12-18 15:50:00,398.06332
4159,2013-12-18 15:50:00,0.2999224
4159,2013-12-18 16:00:00,0.7146575
4159,2013-12-18 16:00:00,398.6117
4159,2013-12-18 16:00:00,0.29327068
4159,2013-12-18 16:10:00,0.29327068
4159,2013-12-18 16:10:00,396.96335
4159,2013-12-18 16:10:00,0.90277314
4159,2013-12-18 16:20:00,0.2999224
4159,2013-12-18 16:20:00,371.28455
4159,2013-12-18 16:20:00,0.006651706
4159,2013-12-18 16:20:00,0.4213868
4159,2013-12-18 16:30:00,0.8106309
4159,2013-12-18 16:30:00,397.52194
4159,2013-12-18 16:30:00,0.29327068
4159,2013-12-18 16:30:00,0.4213868
4159,2013-12-18 16:40:00,412.77032
4159,2013-12-18 16:40:00,0.0055768173
4159,2013-12-18 16:50:00,2.0426486
4159,2013-12-18 16:50:00,396.72903
4159,2013-12-18 16:50:00,0.4213868
4159,2013-12-18 16:50:00,0.8494253
4159,2013-12-18 17:00:00,388.55603
4159,2013-12-18 17:00:00,0.2999224
4159,2013-12-18 17:10:00,344.37885
4159,2013-12-18 17:10:00,1.1105533
4159,2013-12-18 17:20:00,357.86133
4159,2013-12-18 17:20:00,0.4213868
4159,2013-12-18 17:30:00,338.03314
4159,2013-12-18 17:30:00,0.006651706
4159,2013-12-18 17:30:00,0.015739262
4159,2013-12-18 17:40:00,0.4213868
4159,2013-12-18 17:40:00,302.64587
4159,2013-12-18 17:50:00,0.8106309
4159,2013-12-18 17:50:00,321.8083
4159,2013-12-18 17:50:00,0.4213868
4159,2013-12-18 17:50:00,0.8427736
4159,2013-12-18 18:00:00,0.031478524
4159,2013-12-18 18:00:00,0.8106309
4159,2013-12-18 18:00:00,333.66388
4159,2013-12-18 18:00:00,1.2708122
4159,2013-12-18 18:10:00,0.4213868
4159,2013-12-18 18:10:00,289.3415
4159,2013-12-18 18:10:00,0.006651706
4159,2013-12-18 18:20:00,1.2320178
4159,2013-12-18 18:20:00,314.623
4159,2013-12-18 18:20:00,0.48138633
4159,2013-12-18 18:30:00,0.006651706
4159,2013-12-18 18:30:00,320.6735
4159,2013-12-18 18:40:00,0.29327068
4159,2013-12-18 18:40:00,0.4213868
4159,2013-12-18 18:40:00,271.1908
4159,2013-12-18 18:40:00,0.4346902
4159,2013-12-18 18:40:00,0.006651706
4159,2013-12-18 18:50:00,0.29327068
4159,2013-12-18 18:50:00,273.9048
4159,2013-12-18 18:50:00,0.02230727
4159,2013-12-18 19:00:00,287.71194
4159,2013-12-18 19:00:00,0.8427736
4159,2013-12-18 19:10:00,249.25644
4159,2013-12-18 19:10:00,0.4213868
4159,2013-12-18 19:20:00,0.006651706
4159,2013-12-18 19:20:00,267.00098
4159,2013-12-18 19:20:00,0.006651706
4159,2013-12-18 19:20:00,0.029042674
4159,2013-12-18 19:30:00,282.09686
4159,2013-12-18 19:30:00,0.015739262
4159,2013-12-18 19:30:00,0.006651706
4159,2013-12-18 19:40:00,249.43895
4159,2013-12-18 19:40:00,0.0055768173
4159,2013-12-18 19:50:00,266.9781
4159,2013-12-18 19:50:00,0.4280385
4159,2013-12-18 19:50:00,0.4213868
4159,2013-12-18 20:00:00,253.54208
4159,2013-12-18 20:00:00,0.29327068
4159,2013-12-18 20:10:00,233.38791
4159,2013-12-18 20:20:00,211.76306
4159,2013-12-18 20:20:00,0.006651706
4159,2013-12-18 20:20:00,1.142696
4159,2013-12-18 20:30:00,232.43748
4159,2013-12-18 20:30:00,0.4213868
4159,2013-12-18 20:40:00,250.42015
4159,2013-12-18 20:40:00,0.006651706
4159,2013-12-18 20:50:00,218.69379
4159,2013-12-18 20:50:00,0.4213868
4159,2013-12-18 21:00:00,0.4213868
4159,2013-12-18 21:00:00,255.27585
4159,2013-12-18 21:10:00,216.89821
4159,2013-12-18 21:10:00,0.4213868
4159,2013-12-18 21:20:00,204.44661
4159,2013-12-18 21:20:00,0.006651706
4159,2013-12-18 21:30:00,228.96458
4159,2013-12-18 21:40:00,190.17178
4159,2013-12-18 21:50:00,191.12209
4159,2013-12-18 21:50:00,0.006651706
4159,2013-12-18 21:50:00,0.4213868
4159,2013-12-18 22:00:00,196.92395
4159,2013-12-18 22:00:00,0.4213868
4159,2013-12-18 22:10:00,194.46294
4159,2013-12-18 22:10:00,0.8427736
4159,2013-12-18 22:10:00,0.48138633
4159,2013-12-18 22:20:00,179.99753
4159,2013-12-18 22:20:00,0.006651706
4159,2013-12-18 22:30:00,196.41995
4159,2013-12-18 22:30:00,0.006651706
4159,2013-12-18 22:30:00,0.013303412
4159,2013-12-18 22:40:00,190.32794
4159,2013-12-18 22:40:00,0.4213868
4159,2013-12-18 22:50:00,194.92308
4159,2013-12-18 23:00:00,201.8652
4159,2013-12-18 23:00:00,0.006651706
4159,2013-12-18 23:10:00,211.59512
4159,2013-12-18 23:20:00,183.01277
4159,2013-12-18 23:30:00,0.4213868
4159,2013-12-18 23:30:00,178.17226
4159,2013-12-18 23:40:00,164.97514
4159,2013-12-18 23:40:00,0.006651706
4159,2013-12-18 23:40:00,0.29327068
4159,2013-12-18 23:50:00,163.18436
4159,2013-12-19 00:00:00,181.38863
4159,2013-12-19 00:00:00,0.4280385
4159,2013-12-19 00:10:00,165.33997
4159,2013-12-19 00:20:00,144.88084
4159,2013-12-19 00:20:00,0.006651706
4159,2013-12-19 00:20:00,0.4213868
4159,2013-12-19 00:30:00,156.57776
4159,2013-12-19 00:30:00,0.8172826
4159,2013-12-19 00:40:00,136.58754
4159,2013-12-19 00:50:00,140.50368
4159,2013-12-19 00:50:00,0.006651706
4159,2013-12-19 00:50:00,0.8494253
4159,2013-12-19 01:00:00,150.88872
4159,2013-12-19 01:10:00,129.31082
4159,2013-12-19 01:10:00,0.4213868
4159,2013-12-19 01:20:00,131.15851
4159,2013-12-19 01:30:00,134.50438
4159,2013-12-19 01:30:00,0.006651706
4159,2013-12-19 01:40:00,115.093346
4159,2013-12-19 01:50:00,111.27065
4159,2013-12-19 02:00:00,124.08304
4159,2013-12-19 02:00:00,0.006651706
4159,2013-12-19 02:10:00,112.5405
4159,2013-12-19 02:20:00,115.29367
4159,2013-12-19 02:30:00,126.48834
4159,2013-12-19 02:40:00,110.68047
4159,2013-12-19 02:40:00,0.006651706
4159,2013-12-19 02:50:00,120.50854
4159,2013-12-19 03:00:00,131.90503
4159,2013-12-19 03:10:00,120.52263
4159,2013-12-19 03:20:00,120.443436
4159,2013-12-19 03:20:00,0.006651706
4159,2013-12-19 03:30:00,126.49913
4159,2013-12-19 03:40:00,111.13631
4159,2013-12-19 03:50:00,121.03187
4159,2013-12-19 03:50:00,0.006651706
4159,2013-12-19 04:00:00,126.21571
4159,2013-12-19 04:10:00,116.65266
4159,2013-12-19 04:20:00,116.268234
4159,2013-12-19 04:30:00,134.35591
4159,2013-12-19 04:30:00,0.006651706
4159,2013-12-19 04:40:00,116.41182
4159,2013-12-19 04:50:00,124.47835
4159,2013-12-19 05:00:00,0.4213868
4159,2013-12-19 05:00:00,139.56825
4159,2013-12-19 05:00:00,0.006651706
4159,2013-12-19 05:10:00,126.18686
4159,2013-12-19 05:20:00,127.24734
4159,2013-12-19 05:20:00,0.4213868
4159,2013-12-19 05:30:00,141.92062
4159,2013-12-19 05:40:00,135.3618
4159,2013-12-19 05:40:00,0.006651706
4159,2013-12-19 05:50:00,136.89566
4159,2013-12-19 05:50:00,0.4280385
4159,2013-12-19 06:00:00,154.47592
4159,2013-12-19 06:00:00,0.006651706
4159,2013-12-19 06:10:00,0.4213868
4159,2013-12-19 06:10:00,176.89482
4159,2013-12-19 06:10:00,0.006651706
4159,2013-12-19 06:20:00,159.86723
4159,2013-12-19 06:20:00,0.8427736
4159,2013-12-19 06:20:00,0.4213868
4159,2013-12-19 06:30:00,199.71272
4159,2013-12-19 06:40:00,0.4213868
4159,2013-12-19 06:40:00,187.63683
4159,2013-12-19 06:40:00,0.29327068
4159,2013-12-19 06:50:00,199.93254
4159,2013-12-19 06:50:00,0.006651706
4159,2013-12-19 06:50:00,0.015739262
4159,2013-12-19 07:00:00,0.8106309
4159,2013-12-19 07:00:00,221.97069
4159,2013-12-19 07:10:00,271.2017
4159,2013-12-19 07:20:00,255.22154
4159,2013-12-19 07:30:00,270.231
4159,2013-12-19 07:30:00,0.4280385
4159,2013-12-19 07:30:00,0.8427736
4159,2013-12-19 07:40:00,291.40762
4159,2013-12-19 07:40:00,0.006651706
4159,2013-12-19 07:40:00,0.4213868
4159,2013-12-19 07:50:00,0.4213868
4159,2013-12-19 07:50:00,319.54834
4159,2013-12-19 07:50:00,0.8427736
4159,2013-12-19 08:00:00,0.4213868
4159,2013-12-19 08:00:00,342.64432
4159,2013-12-19 08:00:00,0.0055768173
4159,2013-12-19 08:00:00,0.4280385
4159,2013-12-19 08:00:00,0.8427736
4159,2013-12-19 08:10:00,0.015739262
4159,2013-12-19 08:10:00,331.54852
4159,2013-12-19 08:10:00,0.4213868
4159,2013-12-19 08:10:00,0.42696363
4159,2013-12-19 08:20:00,0.4213868
4159,2013-12-19 08:20:00,364.8821
4159,2013-12-19 08:20:00,0.012228523
4159,2013-12-19 08:20:00,0.96277267
4159,2013-12-19 08:30:00,0.48138633
4159,2013-12-19 08:30:00,390.70828
4159,2013-12-19 08:30:00,0.4213868
4159,2013-12-19 08:30:00,0.006651706
4159,2013-12-19 08:40:00,0.015739262
4159,2013-12-19 08:40:00,436.00418
4159,2013-12-19 08:40:00,0.4280385
4159,2013-12-19 08:40:00,0.015739262
4159,2013-12-19 08:50:00,384.57666
4159,2013-12-19 08:50:00,0.4213868
4159,2013-12-19 08:50:00,0.006651706
4159,2013-12-19 09:00:00,0.015739262
4159,2013-12-19 09:00:00,398.87152
4159,2013-12-19 09:10:00,417.96606
4159,2013-12-19 09:10:00,0.90277314
4159,2013-12-19 09:10:00,0.013303412
4159,2013-12-19 09:10:00,1.8055463
4159,2013-12-19 09:20:00,0.4213868
4159,2013-12-19 09:20:00,0.015739262
4159,2013-12-19 09:20:00,391.7721
4159,2013-12-19 09:20:00,0.006651706
4159,2013-12-19 09:30:00,0.48138633
4159,2013-12-19 09:30:00,401.81958
4159,2013-12-19 09:30:00,1.3297367
4159,2013-12-19 09:30:00,0.2999224
4159,2013-12-19 09:40:00,0.0055768173
4159,2013-12-19 09:40:00,0.006651706
4159,2013-12-19 09:40:00,457.6206
4159,2013-12-19 09:40:00,0.48138633
4159,2013-12-19 09:40:00,0.4213868
4159,2013-12-19 09:50:00,419.85034
4159,2013-12-19 09:50:00,0.96277267
4159,2013-12-19 09:50:00,0.8494253
4159,2013-12-19 09:50:00,0.7146575
4159,2013-12-19 10:00:00,454.88876
4159,2013-12-19 10:00:00,0.4213868
4159,2013-12-19 10:00:00,0.59319305
4159,2013-12-19 10:10:00,0.4213868
4159,2013-12-19 10:10:00,467.5287
4159,2013-12-19 10:10:00,1.2320178
4159,2013-12-19 10:10:00,0.4213868
4159,2013-12-19 10:10:00,0.006651706
4159,2013-12-19 10:20:00,0.2999224
4159,2013-12-19 10:20:00,474.50122
4159,2013-12-19 10:20:00,0.8427736
4159,2013-12-19 10:20:00,1.3841594
4159,2013-12-19 10:20:00,0.015739262
4159,2013-12-19 10:20:00,0.4213868
4159,2013-12-19 10:30:00,0.29327068
4159,2013-12-19 10:30:00,435.63446
4159,2013-12-19 10:30:00,1.2320178
4159,2013-12-19 10:30:00,0.006651706
4159,2013-12-19 10:40:00,395.1787
4159,2013-12-19 10:40:00,0.90277314
4159,2013-12-19 10:40:00,0.4213868
4159,2013-12-19 10:40:00,0.013303412
4159,2013-12-19 10:50:00,411.03085
4159,2013-12-19 10:50:00,0.29327068
4159,2013-12-19 10:50:00,3.3097048
4159,2013-12-19 11:00:00,427.51456
4159,2013-12-19 11:00:00,0.4213868
4159,2013-12-19 11:00:00,1.8655457
4159,2013-12-19 11:00:00,0.006651706
4159,2013-12-19 11:00:00,0.4213868
4159,2013-12-19 11:00:00,0.0055768173
4159,2013-12-19 11:10:00,0.4213868
4159,2013-12-19 11:10:00,458.77768
4159,2013-12-19 11:10:00,1.8655457
4159,2013-12-19 11:10:00,0.0055768173
4159,2013-12-19 11:20:00,457.78348
4159,2013-12-19 11:20:00,0.4213868
4159,2013-12-19 11:20:00,0.48138633
4159,2013-12-19 11:20:00,0.48138633
4159,2013-12-19 11:30:00,0.96277267
4159,2013-12-19 11:30:00,0.4213868
4159,2013-12-19 11:30:00,466.00845
4159,2013-12-19 11:30:00,0.48138633
4159,2013-12-19 11:40:00,0.012228523
4159,2013-12-19 11:40:00,458.82837
4159,2013-12-19 11:40:00,0.48138633
4159,2013-12-19 11:40:00,0.006651706
4159,2013-12-19 11:40:00,0.8427736
4159,2013-12-19 11:40:00,0.48138633
4159,2013-12-19 11:50:00,451.4802
4159,2013-12-19 11:50:00,0.8427736
4159,2013-12-19 12:00:00,527.54395
4159,2013-12-19 12:00:00,0.48138633
4159,2013-12-19 12:00:00,1.2320178
4159,2013-12-19 12:10:00,0.0055768173
4159,2013-12-19 12:10:00,496.2597
4159,2013-12-19 12:10:00,0.90277314
4159,2013-12-19 12:10:00,0.58654135
4159,2013-12-19 12:20:00,450.83157
4159,2013-12-19 12:20:00,0.006651706
4159,2013-12-19 12:20:00,0.4213868
4159,2013-12-19 12:30:00,0.4213868
4159,2013-12-19 12:30:00,1.2320178
4159,2013-12-19 12:30:00,477.03976
4159,2013-12-19 12:30:00,0.006651706
4159,2013-12-19 12:30:00,0.7213092
4159,2013-12-19 12:40:00,470.47952
4159,2013-12-19 12:40:00,0.4213868
4159,2013-12-19 12:40:00,0.45286533
4159,2013-12-19 12:50:00,1.2320178
4159,2013-12-19 12:50:00,430.10876
4159,2013-12-19 12:50:00,0.4213868
4159,2013-12-19 12:50:00,0.006651706
4159,2013-12-19 12:50:00,0.43712607
4159,2013-12-19 13:00:00,441.9019
4159,2013-12-19 13:10:00,426.3891
4159,2013-12-19 13:10:00,0.4213868
4159,2013-12-19 13:10:00,0.006651706
4159,2013-12-19 13:20:00,413.4943
4159,2013-12-19 13:20:00,0.006651706
4159,2013-12-19 13:30:00,0.4213868
4159,2013-12-19 13:30:00,0.4213868
4159,2013-12-19 13:30:00,466.51962
4159,2013-12-19 13:30:00,0.4280385
4159,2013-12-19 13:30:00,0.7213092
4159,2013-12-19 13:40:00,0.006651706
4159,2013-12-19 13:40:00,400.37115
4159,2013-12-19 13:40:00,0.4213868
4159,2013-12-19 13:50:00,0.4213868
4159,2013-12-19 13:50:00,452.06613
4159,2013-12-19 13:50:00,0.4213868
4159,2013-12-19 14:00:00,404.52313
4159,2013-12-19 14:00:00,0.006651706
4159,2013-12-19 14:00:00,1.6600562
4159,2013-12-19 14:10:00,0.8106309
4159,2013-12-19 14:10:00,0.4213868
4159,2013-12-19 14:10:00,404.23257
4159,2013-12-19 14:10:00,0.4213868
4159,2013-12-19 14:20:00,425.89752
4159,2013-12-19 14:20:00,0.4280385
4159,2013-12-19 14:20:00,0.29327068
4159,2013-12-19 14:30:00,422.43695
4159,2013-12-19 14:30:00,0.006651706
4159,2013-12-19 14:30:00,1.2697372
4159,2013-12-19 14:40:00,0.4213868
4159,2013-12-19 14:40:00,433.89252
4159,2013-12-19 14:40:00,0.48138633
4159,2013-12-19 14:40:00,0.4213868
4159,2013-12-19 14:40:00,0.006651706
4159,2013-12-19 14:40:00,1.8573534
4159,2013-12-19 14:50:00,0.8106309
4159,2013-12-19 14:50:00,446.1412
4159,2013-12-19 14:50:00,1.2320178
4159,2013-12-19 15:00:00,0.006651706
4159,2013-12-19 15:00:00,415.26965
4159,2013-12-19 15:00:00,0.006651706
4159,2013-12-19 15:00:00,0.006651706
4159,2013-12-19 15:10:00,0.006651706
4159,2013-12-19 15:10:00,420.36026
4159,2013-12-19 15:10:00,0.013303412
4159,2013-12-19 15:10:00,0.7146575
4159,2013-12-19 15:20:00,0.43361533
4159,2013-12-19 15:20:00,428.68735
4159,2013-12-19 15:20:00,0.8427736
4159,2013-12-19 15:20:00,0.4213868
4159,2013-12-19 15:20:00,0.4213868
4159,2013-12-19 15:30:00,398.43518
4159,2013-12-19 15:30:00,0.4213868
4159,2013-12-19 15:30:00,2.0426486
4159,2013-12-19 15:40:00,0.4213868
4159,2013-12-19 15:40:00,402.19205
4159,2013-12-19 15:40:00,0.015739262
4159,2013-12-19 15:40:00,0.4213868
4159,2013-12-19 15:40:00,0.4213868
4159,2013-12-19 15:50:00,411.08942
4159,2013-12-19 15:50:00,0.4213868
4159,2013-12-19 15:50:00,0.006651706
4159,2013-12-19 15:50:00,1.5252883
4159,2013-12-19 16:00:00,410.2626
4159,2013-12-19 16:00:00,0.015739262
4159,2013-12-19 16:00:00,0.4280385
4159,2013-12-19 16:00:00,0.8427736
4159,2013-12-19 16:00:00,0.48138633
4159,2013-12-19 16:10:00,368.18335
4159,2013-12-19 16:10:00,0.90277314
4159,2013-12-19 16:10:00,0.4213868
4159,2013-12-19 16:10:00,4.1457515
4159,2013-12-19 16:20:00,0.4213868
4159,2013-12-19 16:20:00,369.8158
4159,2013-12-19 16:20:00,0.8494253
4159,2013-12-19 16:20:00,0.4213868
4159,2013-12-19 16:30:00,403.4368
4159,2013-12-19 16:30:00,0.013303412
4159,2013-12-19 16:30:00,0.006651706
4159,2013-12-19 16:40:00,0.29327068
4159,2013-12-19 16:40:00,364.9032
4159,2013-12-19 16:40:00,1.2641604
4159,2013-12-19 16:40:00,0.8106309
4159,2013-12-19 16:50:00,0.4213868
4159,2013-12-19 16:50:00,378.60107
4159,2013-12-19 16:50:00,0.8427736
4159,2013-12-19 17:00:00,352.8085
4159,2013-12-19 17:00:00,0.013303412
4159,2013-12-19 17:00:00,0.4213868
4159,2013-12-19 17:10:00,344.5587
4159,2013-12-19 17:10:00,0.015739262
4159,2013-12-19 17:10:00,0.4213868
4159,2013-12-19 17:20:00,362.29007
4159,2013-12-19 17:20:00,0.4280385
4159,2013-12-19 17:30:00,375.11755
4159,2013-12-19 17:30:00,0.013303412
4159,2013-12-19 17:40:00,0.8483504
4159,2013-12-19 17:40:00,342.3183
4159,2013-12-19 17:50:00,309.42474
4159,2013-12-19 17:50:00,0.0055768173
4159,2013-12-19 17:50:00,0.006651706
4159,2013-12-19 18:00:00,337.23334
4159,2013-12-19 18:00:00,0.006651706
4159,2013-12-19 18:10:00,0.2999224
4159,2013-12-19 18:10:00,0.012228523
4159,2013-12-19 18:10:00,319.28528
4159,2013-12-19 18:10:00,0.006651706
4159,2013-12-19 18:10:00,0.006651706
4159,2013-12-19 18:10:00,1.5252883
4159,2013-12-19 18:20:00,270.80054
4159,2013-12-19 18:20:00,0.58654135
4159,2013-12-19 18:30:00,0.8494253
4159,2013-12-19 18:30:00,311.18253
4159,2013-12-19 18:30:00,0.006651706
4159,2013-12-19 18:40:00,0.4213868
4159,2013-12-19 18:40:00,304.35403
4159,2013-12-19 18:40:00,0.8627287
4159,2013-12-19 18:50:00,300.97852
4159,2013-12-19 18:50:00,0.48138633
4159,2013-12-19 18:50:00,0.006651706
4159,2013-12-19 18:50:00,1.6855472
4159,2013-12-19 19:00:00,0.006651706
4159,2013-12-19 19:00:00,306.46072
4159,2013-12-19 19:10:00,0.4213868
4159,2013-12-19 19:10:00,271.31448
4159,2013-12-19 19:10:00,0.4280385
4159,2013-12-19 19:10:00,0.006651706
4159,2013-12-19 19:20:00,0.031478524
4159,2013-12-19 19:20:00,259.49103
4159,2013-12-19 19:20:00,0.015739262
4159,2013-12-19 19:20:00,0.4280385
4159,2013-12-19 19:20:00,0.006651706
4159,2013-12-19 19:30:00,254.10686
4159,2013-12-19 19:30:00,0.4213868
4159,2013-12-19 19:30:00,0.015739262
4159,2013-12-19 19:30:00,0.012228523
4159,2013-12-19 19:30:00,0.8427736
4159,2013-12-19 19:40:00,274.28268
4159,2013-12-19 19:40:00,0.015739262
4159,2013-12-19 19:40:00,0.4280385
4159,2013-12-19 19:40:00,0.8494253
4159,2013-12-19 19:40:00,0.48138633
4159,2013-12-19 19:50:00,0.006651706
4159,2013-12-19 19:50:00,247.83362
4159,2013-12-19 19:50:00,0.006651706
4159,2013-12-19 20:00:00,0.006651706
4159,2013-12-19 20:00:00,206.27025
4159,2013-12-19 20:00:00,0.59319305
4159,2013-12-19 20:10:00,0.015739262
4159,2013-12-19 20:10:00,231.72028
4159,2013-12-19 20:10:00,0.0055768173
4159,2013-12-19 20:10:00,0.006651706
4159,2013-12-19 20:20:00,233.31473
4159,2013-12-19 20:30:00,204.51758
4159,2013-12-19 20:30:00,0.015739262
4159,2013-12-19 20:30:00,0.006651706
4159,2013-12-19 20:30:00,0.58654135
4159,2013-12-19 20:30:00,0.8106309
4159,2013-12-19 20:40:00,0.013303412
4159,2013-12-19 20:40:00,215.84116
4159,2013-12-19 20:40:00,0.015739262
4159,2013-12-19 20:40:00,0.006651706
4159,2013-12-19 20:40:00,0.006651706
4159,2013-12-19 20:40:00,0.7146575
4159,2013-12-19 20:50:00,221.14613
4159,2013-12-19 20:50:00,0.015739262
4159,2013-12-19 20:50:00,0.006651706
4159,2013-12-19 20:50:00,0.45042947
4159,2013-12-19 21:00:00,321.66006
4159,2013-12-19 21:00:00,0.031478524
4159,2013-12-19 21:00:00,0.006651706
4159,2013-12-19 21:10:00,235.24123
4159,2013-12-19 21:10:00,0.006651706
4159,2013-12-19 21:20:00,239.59601
4159,2013-12-19 21:20:00,1.2641604
4159,2013-12-19 21:20:00,0.006651706
4159,2013-12-19 21:30:00,233.36365
4159,2013-12-19 21:30:00,0.8427736
4159,2013-12-19 21:30:00,0.031478524
4159,2013-12-19 21:30:00,0.006651706
4159,2013-12-19 21:40:00,212.95575
4159,2013-12-19 21:40:00,0.031478524
4159,2013-12-19 21:50:00,0.015739262
4159,2013-12-19 21:50:00,190.95749
4159,2013-12-19 21:50:00,0.4213868
4159,2013-12-19 21:50:00,0.013303412
4159,2013-12-19 21:50:00,0.006651706
4159,2013-12-19 21:50:00,1.1360443
4159,2013-12-19 22:00:00,0.4213868
4159,2013-12-19 22:00:00,221.53145
4159,2013-12-19 22:00:00,1.2641604
4159,2013-12-19 22:00:00,0.006651706
4159,2013-12-19 22:00:00,0.29327068
4159,2013-12-19 22:10:00,209.67673
4159,2013-12-19 22:10:00,0.4280385
4159,2013-12-19 22:20:00,215.9269
4159,2013-12-19 22:20:00,0.006651706
4159,2013-12-19 22:30:00,0.4213868
4159,2013-12-19 22:30:00,0.006651706
4159,2013-12-19 22:30:00,0.006651706
4159,2013-12-19 22:30:00,235.59402
4159,2013-12-19 22:40:00,203.04114
4159,2013-12-19 22:40:00,0.4213868
4159,2013-12-19 22:40:00,0.015739262
4159,2013-12-19 22:50:00,199.119
4159,2013-12-19 22:50:00,0.4213868
4159,2013-12-19 22:50:00,0.30900994
4159,2013-12-19 23:00:00,0.4280385
4159,2013-12-19 23:00:00,225.68555
4159,2013-12-19 23:00:00,0.4213868
4159,2013-12-19 23:00:00,0.006651706
4159,2013-12-19 23:10:00,186.62204
4159,2013-12-19 23:10:00,0.006651706
4159,2013-12-19 23:10:00,0.006651706
4159,2013-12-19 23:10:00,0.4213868
4159,2013-12-19 23:20:00,205.07898
4159,2013-12-19 23:20:00,0.29327068
4159,2013-12-19 23:30:00,0.4213868
4159,2013-12-19 23:30:00,196.45255
4159,2013-12-19 23:30:00,0.48138633
4159,2013-12-19 23:30:00,0.006651706
4159,2013-12-19 23:30:00,0.2999224
4159,2013-12-19 23:40:00,196.268
4159,2013-12-19 23:40:00,0.4213868
4159,2013-12-19 23:50:00,0.4213868
4159,2013-12-19 23:50:00,203.26062
4159,2013-12-19 23:50:00,0.006651706
4159,2013-12-20 00:00:00,184.51845
4159,2013-12-20 00:00:00,0.006651706
4159,2013-12-20 00:10:00,173.55878
4159,2013-12-20 00:10:00,0.4213868
4159,2013-12-20 00:20:00,171.01553
4159,2013-12-20 00:20:00,0.4213868
4159,2013-12-20 00:30:00,163.29672
4159,2013-12-20 00:40:00,0.8427736
4159,2013-12-20 00:40:00,145.2272
4159,2013-12-20 00:40:00,0.006651706
4159,2013-12-20 00:50:00,149.73196
4159,2013-12-20 00:50:00,0.006651706
4159,2013-12-20 01:00:00,148.85658
4159,2013-12-20 01:10:00,142.16885
4159,2013-12-20 01:10:00,0.006651706
4159,2013-12-20 01:10:00,0.29327068
4159,2013-12-20 01:20:00,0.29327068
4159,2013-12-20 01:20:00,140.34648
4159,2013-12-20 01:30:00,147.13998
4159,2013-12-20 01:40:00,138.7263
4159,2013-12-20 01:40:00,0.006651706
4159,2013-12-20 01:40:00,0.006651706
4159,2013-12-20 01:50:00,129.279
4159,2013-12-20 01:50:00,0.4280385
4159,2013-12-20 02:00:00,130.47299
4159,2013-12-20 02:10:00,112.32665
4159,2013-12-20 02:10:00,0.006651706
4159,2013-12-20 02:20:00,120.645676
4159,2013-12-20 02:20:00,0.006651706
4159,2013-12-20 02:30:00,122.07977
4159,2013-12-20 02:40:00,120.67122
4159,2013-12-20 02:40:00,0.006651706
4159,2013-12-20 02:50:00,110.46976
4159,2013-12-20 02:50:00,0.006651706
4159,2013-12-20 03:00:00,0.006651706
4159,2013-12-20 03:00:00,110.682884
4159,2013-12-20 03:10:00,110.58662
4159,2013-12-20 03:20:00,110.98817
4159,2013-12-20 03:20:00,0.006651706
4159,2013-12-20 03:30:00,109.52567
4159,2013-12-20 03:40:00,109.801
4159,2013-12-20 03:50:00,106.38316
4159,2013-12-20 03:50:00,0.006651706
4159,2013-12-20 04:00:00,0.4213868
4159,2013-12-20 04:00:00,110.410965
4159,2013-12-20 04:10:00,113.31079
4159,2013-12-20 04:20:00,115.64562
4159,2013-12-20 04:20:00,0.006651706
4159,2013-12-20 04:30:00,119.07109
4159,2013-12-20 04:40:00,123.66393
4159,2013-12-20 04:50:00,117.47154
4159,2013-12-20 05:00:00,123.714165
4159,2013-12-20 05:00:00,0.006651706
4159,2013-12-20 05:10:00,129.58826
4159,2013-12-20 05:20:00,133.05122
4159,2013-12-20 05:20:00,0.006651706
4159,2013-12-20 05:30:00,130.71031
4159,2013-12-20 05:30:00,0.006651706
4159,2013-12-20 05:40:00,123.109314
4159,2013-12-20 05:40:00,0.4213868
4159,2013-12-20 05:40:00,0.8427736
4159,2013-12-20 05:50:00,137.0999
4159,2013-12-20 05:50:00,0.4213868
4159,2013-12-20 05:50:00,0.4213868
4159,2013-12-20 06:00:00,145.28804
4159,2013-12-20 06:00:00,0.006651706
4159,2013-12-20 06:10:00,141.15848
4159,2013-12-20 06:20:00,176.49577
4159,2013-12-20 06:20:00,0.4213868
4159,2013-12-20 06:30:00,186.33252
4159,2013-12-20 06:30:00,0.006651706
4159,2013-12-20 06:40:00,207.72574
4159,2013-12-20 06:40:00,0.8427736
4159,2013-12-20 06:50:00,0.006651706
4159,2013-12-20 06:50:00,219.47238
4159,2013-12-20 06:50:00,0.4213868
4159,2013-12-20 06:50:00,0.29327068
4159,2013-12-20 07:00:00,236.60764
4159,2013-12-20 07:00:00,0.006651706
4159,2013-12-20 07:10:00,247.57692
4159,2013-12-20 07:10:00,0.013303412
4159,2013-12-20 07:10:00,0.8494253
4159,2013-12-20 07:20:00,235.72446
4159,2013-12-20 07:20:00,0.4280385
4159,2013-12-20 07:30:00,0.015739262
4159,2013-12-20 07:30:00,1.2320178
4159,2013-12-20 07:30:00,268.54236
4159,2013-12-20 07:30:00,0.4213868
4159,2013-12-20 07:30:00,0.4280385
4159,2013-12-20 07:40:00,294.03946
4159,2013-12-20 07:40:00,0.013303412
4159,2013-12-20 07:40:00,0.01995512
4159,2013-12-20 07:50:00,309.0488
4159,2013-12-20 07:50:00,0.8494253
4159,2013-12-20 08:00:00,287.8294
4159,2013-12-20 08:00:00,0.006651706
4159,2013-12-20 08:00:00,1.2641604
4159,2013-12-20 08:10:00,0.4213868
4159,2013-12-20 08:10:00,319.28052
4159,2013-12-20 08:10:00,0.0055768173
4159,2013-12-20 08:10:00,0.29327068
4159,2013-12-20 08:10:00,0.01995512
4159,2013-12-20 08:20:00,301.67117
4159,2013-12-20 08:20:00,0.015739262
4159,2013-12-20 08:20:00,0.006651706
4159,2013-12-20 08:20:00,1.6534045
4159,2013-12-20 08:20:00,0.006651706
4159,2013-12-20 08:30:00,326.4781
4159,2013-12-20 08:30:00,0.7146575
4159,2013-12-20 08:30:00,0.4213868
4159,2013-12-20 08:30:00,0.006651706
4159,2013-12-20 08:40:00,358.53702
4159,2013-12-20 08:40:00,0.006651706
4159,2013-12-20 08:40:00,0.4213868
4159,2013-12-20 08:40:00,0.006651706
4159,2013-12-20 08:50:00,345.10684
4159,2013-12-20 08:50:00,0.7146575
4159,2013-12-20 08:50:00,0.43712607
4159,2013-12-20 08:50:00,0.013303412
4159,2013-12-20 09:00:00,0.015739262
4159,2013-12-20 09:00:00,350.348
4159,2013-12-20 09:00:00,0.4213868
4159,2013-12-20 09:00:00,0.01995512
4159,2013-12-20 09:10:00,356.90192
4159,2013-12-20 09:10:00,0.4213868
4159,2013-12-20 09:10:00,1.2708122
4159,2013-12-20 09:10:00,0.03991024
4159,2013-12-20 09:20:00,346.31964
4159,2013-12-20 09:20:00,0.2999224
4159,2013-12-20 09:20:00,0.7146575
4159,2013-12-20 09:20:00,0.026606824
4159,2013-12-20 09:30:00,0.58654135
4159,2013-12-20 09:30:00,380.27222
4159,2013-12-20 09:30:00,0.006651706
4159,2013-12-20 09:30:00,0.046561945
4159,2013-12-20 09:40:00,365.32462
4159,2013-12-20 09:40:00,0.29327068
4159,2013-12-20 09:40:00,0.046561945
4159,2013-12-20 09:50:00,361.0847
4159,2013-12-20 09:50:00,0.7213092
4159,2013-12-20 09:50:00,0.006651706
4159,2013-12-20 10:00:00,371.90756
4159,2013-12-20 10:00:00,0.01995512
4159,2013-12-20 10:10:00,0.29327068
4159,2013-12-20 10:10:00,357.07053
4159,2013-12-20 10:10:00,0.015739262
4159,2013-12-20 10:10:00,0.4213868
4159,2013-12-20 10:10:00,0.006651706
4159,2013-12-20 10:20:00,0.4213868
4159,2013-12-20 10:20:00,0.8106309
4159,2013-12-20 10:20:00,357.47018
4159,2013-12-20 10:20:00,0.8427736
4159,2013-12-20 10:20:00,0.7279609
4159,2013-12-20 10:30:00,0.4213868
4159,2013-12-20 10:30:00,407.58026
4159,2013-12-20 10:30:00,0.3065741
4159,2013-12-20 10:30:00,0.29327068
4159,2013-12-20 10:40:00,399.8926
4159,2013-12-20 10:40:00,0.013303412
4159,2013-12-20 10:50:00,358.68884
4159,2013-12-20 10:50:00,0.4213868
4159,2013-12-20 10:50:00,0.4213868
4159,2013-12-20 10:50:00,0.4213868
4159,2013-12-20 11:00:00,391.41745
4159,2013-12-20 11:00:00,0.29327068
4159,2013-12-20 11:00:00,0.43712607
4159,2013-12-20 11:00:00,0.03325853
4159,2013-12-20 11:10:00,1.2320178
4159,2013-12-20 11:10:00,378.25842
4159,2013-12-20 11:10:00,0.006651706
4159,2013-12-20 11:10:00,0.006651706
4159,2013-12-20 11:20:00,0.015739262
4159,2013-12-20 11:20:00,0.006651706
4159,2013-12-20 11:20:00,0.4213868
4159,2013-12-20 11:20:00,0.006651706
4159,2013-12-20 11:20:00,374.6635
4159,2013-12-20 11:20:00,0.031478524
4159,2013-12-20 11:20:00,1.2641604
4159,2013-12-20 11:30:00,411.18024
4159,2013-12-20 11:30:00,0.29327068
4159,2013-12-20 11:30:00,0.4280385
4159,2013-12-20 11:30:00,0.013303412
4159,2013-12-20 11:40:00,3.9403372
4159,2013-12-20 11:40:00,382.42902
4159,2013-12-20 11:40:00,0.4280385
4159,2013-12-20 11:50:00,1.6534045
4159,2013-12-20 11:50:00,362.52472
4159,2013-12-20 11:50:00,0.8427736
4159,2013-12-20 11:50:00,0.0055768173
4159,2013-12-20 11:50:00,0.7213092
4159,2013-12-20 12:00:00,393.41583
4159,2013-12-20 12:00:00,0.29327068
4159,2013-12-20 12:00:00,0.29327068
4159,2013-12-20 12:00:00,1.7455467
4159,2013-12-20 12:10:00,0.8106309
4159,2013-12-20 12:10:00,392.8315
4159,2013-12-20 12:10:00,0.856077
4159,2013-12-20 12:20:00,402.87857
4159,2013-12-20 12:20:00,0.4213868
4159,2013-12-20 12:20:00,0.006651706
4159,2013-12-20 12:20:00,0.7146575
4159,2013-12-20 12:30:00,402.76663
4159,2013-12-20 12:30:00,0.4213868
4159,2013-12-20 12:30:00,0.013303412
4159,2013-12-20 12:30:00,0.4213868
4159,2013-12-20 12:30:00,0.006651706
4159,2013-12-20 12:40:00,0.006651706
4159,2013-12-20 12:40:00,346.6734
4159,2013-12-20 12:40:00,2.4640355
4159,2013-12-20 12:40:00,0.29327068
4159,2013-12-20 12:40:00,0.006651706
4159,2013-12-20 12:50:00,387.8446
4159,2013-12-20 12:50:00,0.006651706
4159,2013-12-20 12:50:00,2.0426486
4159,2013-12-20 13:00:00,417.31128
4159,2013-12-20 13:00:00,0.4213868
4159,2013-12-20 13:00:00,1.2641604
4159,2013-12-20 13:10:00,1.2320178
4159,2013-12-20 13:10:00,0.4213868
4159,2013-12-20 13:10:00,383.1698
4159,2013-12-20 13:10:00,0.4213868
4159,2013-12-20 13:10:00,0.2999224
4159,2013-12-20 13:20:00,335.41287
4159,2013-12-20 13:20:00,0.4213868
4159,2013-12-20 13:20:00,0.8427736
4159,2013-12-20 13:30:00,373.7112
4159,2013-12-20 13:30:00,0.7213092
4159,2013-12-20 13:30:00,0.4213868
4159,2013-12-20 13:40:00,349.44376
4159,2013-12-20 13:40:00,0.4213868
4159,2013-12-20 13:40:00,0.4213868
4159,2013-12-20 13:50:00,0.48138633
4159,2013-12-20 13:50:00,344.89713
4159,2013-12-20 13:50:00,0.0055768173
4159,2013-12-20 13:50:00,1.6534045
4159,2013-12-20 14:00:00,396.50522
4159,2013-12-20 14:00:00,0.006651706
4159,2013-12-20 14:00:00,0.8627287
4159,2013-12-20 14:10:00,376.5713
4159,2013-12-20 14:10:00,0.44377777
4159,2013-12-20 14:20:00,387.2374
4159,2013-12-20 14:20:00,0.006651706
4159,2013-12-20 14:30:00,365.91037
4159,2013-12-20 14:40:00,365.79648
4159,2013-12-20 14:40:00,0.006651706
4159,2013-12-20 14:40:00,0.006651706
4159,2013-12-20 14:40:00,0.8427736
4159,2013-12-20 14:50:00,361.1206
4159,2013-12-20 14:50:00,0.0055768173
4159,2013-12-20 14:50:00,0.4213868
4159,2013-12-20 14:50:00,0.4346902
4159,2013-12-20 15:00:00,0.4213868
4159,2013-12-20 15:00:00,0.4213868
4159,2013-12-20 15:00:00,399.00446
4159,2013-12-20 15:00:00,0.29327068
4159,2013-12-20 15:10:00,338.48804
4159,2013-12-20 15:10:00,0.006651706
4159,2013-12-20 15:10:00,0.8427736
4159,2013-12-20 15:20:00,374.1747
4159,2013-12-20 15:20:00,0.006651706
4159,2013-12-20 15:20:00,0.8427736
4159,2013-12-20 15:20:00,1.0079281
4159,2013-12-20 15:30:00,374.9237
4159,2013-12-20 15:30:00,0.4213868
4159,2013-12-20 15:40:00,1.2320178
4159,2013-12-20 15:40:00,342.13034
4159,2013-12-20 15:40:00,0.4346902
4159,2013-12-20 15:50:00,0.2999224
4159,2013-12-20 15:50:00,334.00925
4159,2013-12-20 15:50:00,0.0055768173
4159,2013-12-20 15:50:00,0.006651706
4159,2013-12-20 15:50:00,0.4213868
4159,2013-12-20 16:00:00,376.0134
4159,2013-12-20 16:00:00,0.4213868
4159,2013-12-20 16:10:00,353.48627
4159,2013-12-20 16:10:00,0.4280385
4159,2013-12-20 16:20:00,330.1182
4159,2013-12-20 16:20:00,0.4213868
4159,2013-12-20 16:30:00,1.2320178
4159,2013-12-20 16:30:00,327.345
4159,2013-12-20 16:30:00,0.0055768173
4159,2013-12-20 16:30:00,0.006651706
4159,2013-12-20 16:30:00,0.7146575
4159,2013-12-20 16:40:00,0.015739262
4159,2013-12-20 16:40:00,0.4280385
4159,2013-12-20 16:40:00,305.9893
4159,2013-12-20 16:40:00,0.4213868
4159,2013-12-20 16:50:00,0.4213868
4159,2013-12-20 16:50:00,318.9637
4159,2013-12-20 16:50:00,0.006651706
4159,2013-12-20 16:50:00,0.4213868
4159,2013-12-20 16:50:00,0.4213868
4159,2013-12-20 17:00:00,0.4213868
4159,2013-12-20 17:00:00,343.87698
4159,2013-12-20 17:00:00,0.006651706
4159,2013-12-20 17:10:00,322.92935
4159,2013-12-20 17:20:00,0.8427736
4159,2013-12-20 17:20:00,289.65707
4159,2013-12-20 17:20:00,0.8427736
4159,2013-12-20 17:30:00,307.80292
4159,2013-12-20 17:30:00,0.4213868
4159,2013-12-20 17:40:00,0.4213868
4159,2013-12-20 17:40:00,279.1126
4159,2013-12-20 17:40:00,2.081443
4159,2013-12-20 17:50:00,282.40884
4159,2013-12-20 17:50:00,1.1360443
4159,2013-12-20 18:00:00,0.8106309
4159,2013-12-20 18:00:00,267.65665
4159,2013-12-20 18:10:00,239.30743
4159,2013-12-20 18:10:00,0.7213092
4159,2013-12-20 18:10:00,0.4213868
4159,2013-12-20 18:20:00,0.4213868
4159,2013-12-20 18:20:00,258.77213
4159,2013-12-20 18:20:00,0.0055768173
4159,2013-12-20 18:20:00,0.29327068
4159,2013-12-20 18:20:00,0.0055768173
4159,2013-12-20 18:30:00,0.29327068
4159,2013-12-20 18:30:00,253.40237
4159,2013-12-20 18:40:00,250.41887
4159,2013-12-20 18:40:00,0.8427736
4159,2013-12-20 18:50:00,273.0186
4159,2013-12-20 18:50:00,0.006651706
4159,2013-12-20 18:50:00,0.006651706
4159,2013-12-20 19:00:00,250.50746
4159,2013-12-20 19:00:00,0.48138633
4159,2013-12-20 19:00:00,0.4213868
4159,2013-12-20 19:10:00,252.54172
4159,2013-12-20 19:10:00,0.7146575
4159,2013-12-20 19:20:00,240.9123
4159,2013-12-20 19:20:00,0.8427736
4159,2013-12-20 19:20:00,0.29327068
4159,2013-12-20 19:20:00,0.013303412
4159,2013-12-20 19:30:00,239.68297
4159,2013-12-20 19:30:00,0.006651706
4159,2013-12-20 19:30:00,1.6855472
4159,2013-12-20 19:30:00,0.006651706
4159,2013-12-20 19:40:00,0.015739262
4159,2013-12-20 19:40:00,229.11859
4159,2013-12-20 19:40:00,0.006651706
4159,2013-12-20 19:40:00,0.006651706
4159,2013-12-20 19:50:00,212.71144
4159,2013-12-20 19:50:00,0.8427736
4159,2013-12-20 19:50:00,0.013303412
4159,2013-12-20 19:50:00,0.03325853
4159,2013-12-20 20:00:00,230.6391
4159,2013-12-20 20:00:00,0.4280385
4159,2013-12-20 20:10:00,224.76367
4159,2013-12-20 20:10:00,1.1360443
4159,2013-12-20 20:20:00,237.72804
4159,2013-12-20 20:20:00,0.29327068
4159,2013-12-20 20:30:00,219.84232
4159,2013-12-20 20:30:00,0.4213868
4159,2013-12-20 20:40:00,183.253
4159,2013-12-20 20:40:00,0.4213868
4159,2013-12-20 20:40:00,0.4280385
4159,2013-12-20 20:50:00,0.006651706
4159,2013-12-20 20:50:00,190.41508
4159,2013-12-20 21:00:00,229.65292
4159,2013-12-20 21:00:00,0.4280385
4159,2013-12-20 21:10:00,205.87437
4159,2013-12-20 21:10:00,0.4280385
4159,2013-12-20 21:20:00,215.00984
4159,2013-12-20 21:30:00,222.82816
4159,2013-12-20 21:30:00,0.7213092
4159,2013-12-20 21:40:00,201.63763
4159,2013-12-20 21:50:00,202.4978
4159,2013-12-20 21:50:00,0.4280385
4159,2013-12-20 22:00:00,226.71188
4159,2013-12-20 22:00:00,0.4213868
4159,2013-12-20 22:00:00,0.013303412
4159,2013-12-20 22:10:00,0.015739262
4159,2013-12-20 22:10:00,178.50006
4159,2013-12-20 22:10:00,1.6534045
4159,2013-12-20 22:10:00,0.006651706
4159,2013-12-20 22:20:00,205.51768
4159,2013-12-20 22:30:00,198.49475
4159,2013-12-20 22:30:00,0.4280385
4159,2013-12-20 22:40:00,0.4213868
4159,2013-12-20 22:40:00,187.46063
4159,2013-12-20 22:50:00,198.66714
4159,2013-12-20 22:50:00,0.8427736
4159,2013-12-20 22:50:00,0.0055768173
4159,2013-12-20 23:00:00,182.42484
4159,2013-12-20 23:00:00,0.013303412
4159,2013-12-20 23:10:00,219.13237
4159,2013-12-20 23:10:00,0.4213868
4159,2013-12-20 23:20:00,201.47975
4159,2013-12-20 23:20:00,0.48138633
4159,2013-12-20 23:20:00,0.29327068
4159,2013-12-20 23:30:00,182.55818
4159,2013-12-20 23:30:00,0.29327068
4159,2013-12-20 23:40:00,167.017
4159,2013-12-20 23:40:00,0.4280385
4159,2013-12-20 23:40:00,0.4213868
4159,2013-12-20 23:50:00,183.85889
4159,2013-12-21 00:00:00,165.79396
4159,2013-12-21 00:00:00,0.4213868
4159,2013-12-21 00:10:00,0.8427736
4159,2013-12-21 00:10:00,150.6409
4159,2013-12-21 00:10:00,0.006651706
4159,2013-12-21 00:10:00,0.006651706
4159,2013-12-21 00:20:00,158.48048
4159,2013-12-21 00:20:00,0.015739262
4159,2013-12-21 00:20:00,0.8494253
4159,2013-12-21 00:30:00,0.29327068
4159,2013-12-21 00:30:00,149.01743
4159,2013-12-21 00:30:00,0.48138633
4159,2013-12-21 00:30:00,0.29327068
4159,2013-12-21 00:40:00,151.33401
4159,2013-12-21 00:50:00,150.38248
4159,2013-12-21 00:50:00,0.006651706
4159,2013-12-21 00:50:00,0.4280385
4159,2013-12-21 01:00:00,149.56866
4159,2013-12-21 01:00:00,0.8427736
4159,2013-12-21 01:00:00,0.006651706
4159,2013-12-21 01:10:00,140.84453
4159,2013-12-21 01:20:00,131.63109
4159,2013-12-21 01:20:00,0.006651706
4159,2013-12-21 01:30:00,132.91972
4159,2013-12-21 01:30:00,0.4213868
4159,2013-12-21 01:40:00,126.82323
4159,2013-12-21 01:40:00,0.4213868
4159,2013-12-21 01:40:00,0.29327068
4159,2013-12-21 01:50:00,125.2789
4159,2013-12-21 02:00:00,128.51532
4159,2013-12-21 02:00:00,0.48138633
4159,2013-12-21 02:00:00,0.4280385
4159,2013-12-21 02:00:00,0.4213868
4159,2013-12-21 02:10:00,117.31764
4159,2013-12-21 02:20:00,124.198425
4159,2013-12-21 02:20:00,0.4213868
4159,2013-12-21 02:20:00,0.013303412
4159,2013-12-21 02:30:00,120.679955
4159,2013-12-21 02:30:00,0.006651706
4159,2013-12-21 02:30:00,0.006651706
4159,2013-12-21 02:40:00,121.06573
4159,2013-12-21 02:40:00,0.4213868
4159,2013-12-21 02:40:00,0.7146575
4159,2013-12-21 02:50:00,124.94804
4159,2013-12-21 02:50:00,0.4213868
4159,2013-12-21 03:00:00,125.113884
4159,2013-12-21 03:10:00,116.996574
4159,2013-12-21 03:10:00,0.48138633
4159,2013-12-21 03:10:00,0.4280385
4159,2013-12-21 03:20:00,114.62
4159,2013-12-21 03:30:00,131.51797
4159,2013-12-21 03:30:00,0.4213868
4159,2013-12-21 03:40:00,117.8174
4159,2013-12-21 03:40:00,0.4280385
4159,2013-12-21 03:50:00,125.18788
4159,2013-12-21 04:00:00,122.69039
4159,2013-12-21 04:10:00,108.32475
4159,2013-12-21 04:10:00,0.4213868
4159,2013-12-21 04:10:00,0.4213868
4159,2013-12-21 04:20:00,117.99891
4159,2013-12-21 04:20:00,0.4280385
4159,2013-12-21 04:20:00,0.006651706
4159,2013-12-21 04:30:00,0.4213868
4159,2013-12-21 04:30:00,122.102196
4159,2013-12-21 04:40:00,0.4213868
4159,2013-12-21 04:40:00,105.932724
4159,2013-12-21 04:50:00,116.677795
4159,2013-12-21 04:50:00,0.8427736
4159,2013-12-21 05:00:00,118.75182
4159,2013-12-21 05:00:00,0.006651706
4159,2013-12-21 05:10:00,104.01083
4159,2013-12-21 05:20:00,0.4213868
4159,2013-12-21 05:20:00,110.33767
4159,2013-12-21 05:20:00,0.015739262
4159,2013-12-21 05:20:00,0.8427736
4159,2013-12-21 05:30:00,108.55863
4159,2013-12-21 05:30:00,0.006651706
4159,2013-12-21 05:40:00,106.19185
4159,2013-12-21 05:50:00,106.50049
4159,2013-12-21 06:00:00,116.81295
4159,2013-12-21 06:00:00,0.8427736
4159,2013-12-21 06:10:00,108.19701
4159,2013-12-21 06:10:00,0.006651706
4159,2013-12-21 06:20:00,0.8106309
4159,2013-12-21 06:20:00,125.137856
4159,2013-12-21 06:20:00,0.48138633
4159,2013-12-21 06:20:00,0.4213868
4159,2013-12-21 06:30:00,0.015739262
4159,2013-12-21 06:30:00,134.08427
4159,2013-12-21 06:30:00,0.4213868
4159,2013-12-21 06:40:00,132.59781
4159,2013-12-21 06:40:00,0.4280385
4159,2013-12-21 06:50:00,199.15228
4159,2013-12-21 07:00:00,137.92764
4159,2013-12-21 07:00:00,0.4213868
4159,2013-12-21 07:00:00,0.4213868
4159,2013-12-21 07:10:00,117.680916
4159,2013-12-21 07:10:00,0.8427736
4159,2013-12-21 07:20:00,0.031478524
4159,2013-12-21 07:20:00,131.14975
4159,2013-12-21 07:20:00,0.8494253
4159,2013-12-21 07:20:00,0.006651706
4159,2013-12-21 07:30:00,0.031478524
4159,2013-12-21 07:30:00,0.8494253
4159,2013-12-21 07:30:00,131.49771
4159,2013-12-21 07:40:00,0.015739262
4159,2013-12-21 07:40:00,139.78719
4159,2013-12-21 07:40:00,0.4213868
4159,2013-12-21 07:40:00,0.4213868
4159,2013-12-21 07:50:00,158.59961
4159,2013-12-21 07:50:00,0.8427736
4159,2013-12-21 08:00:00,0.2999224
4159,2013-12-21 08:00:00,150.07582
4159,2013-12-21 08:00:00,0.4280385
4159,2013-12-21 08:00:00,0.4213868
4159,2013-12-21 08:10:00,0.015739262
4159,2013-12-21 08:10:00,0.006651706
4159,2013-12-21 08:10:00,169.88869
4159,2013-12-21 08:10:00,0.4213868
4159,2013-12-21 08:20:00,0.4213868
4159,2013-12-21 08:20:00,178.27264
4159,2013-12-21 08:30:00,0.031478524
4159,2013-12-21 08:30:00,183.30894
4159,2013-12-21 08:30:00,0.8427736
4159,2013-12-21 08:30:00,1.2641604
4159,2013-12-21 08:40:00,0.4213868
4159,2013-12-21 08:40:00,1.429315
4159,2013-12-21 08:40:00,199.82489
4159,2013-12-21 08:40:00,0.006651706
4159,2013-12-21 08:50:00,191.57278
4159,2013-12-21 08:50:00,0.8427736
4159,2013-12-21 08:50:00,0.006651706
4159,2013-12-21 09:00:00,182.07281
4159,2013-12-21 09:00:00,0.29327068
4159,2013-12-21 09:10:00,0.4213868
4159,2013-12-21 09:10:00,0.0055768173
4159,2013-12-21 09:10:00,192.57289
4159,2013-12-21 09:10:00,0.4213868
4159,2013-12-21 09:10:00,0.2999224
4159,2013-12-21 09:10:00,0.4213868
4159,2013-12-21 09:20:00,0.4213868
4159,2013-12-21 09:20:00,216.53636
4159,2013-12-21 09:20:00,0.006651706
4159,2013-12-21 09:20:00,0.006651706
4159,2013-12-21 09:30:00,189.55878
4159,2013-12-21 09:30:00,1.2320178
4159,2013-12-21 09:40:00,242.96172
4159,2013-12-21 09:40:00,0.4213868
4159,2013-12-21 09:40:00,0.026606824
4159,2013-12-21 09:50:00,0.006651706
4159,2013-12-21 09:50:00,190.0453
4159,2013-12-21 09:50:00,0.006651706
4159,2013-12-21 09:50:00,0.006651706
4159,2013-12-21 09:50:00,0.059865355
4159,2013-12-21 10:00:00,185.05093
4159,2013-12-21 10:00:00,0.4213868
4159,2013-12-21 10:00:00,0.03991024
4159,2013-12-21 10:10:00,197.48737
4159,2013-12-21 10:10:00,0.0055768173
4159,2013-12-21 10:10:00,0.4213868
4159,2013-12-21 10:10:00,0.8427736
4159,2013-12-21 10:10:00,0.006651706
4159,2013-12-21 10:20:00,0.29327068
4159,2013-12-21 10:20:00,186.36504
4159,2013-12-21 10:30:00,194.06837
4159,2013-12-21 10:30:00,0.006651706
4159,2013-12-21 10:40:00,0.4213868
4159,2013-12-21 10:40:00,172.88014
4159,2013-12-21 10:40:00,0.4213868
4159,2013-12-21 10:40:00,0.29327068
4159,2013-12-21 10:50:00,215.1818
4159,2013-12-21 10:50:00,0.0055768173
4159,2013-12-21 10:50:00,0.7213092
4159,2013-12-21 11:00:00,0.4213868
4159,2013-12-21 11:00:00,225.37074
4159,2013-12-21 11:00:00,0.006651706
4159,2013-12-21 11:00:00,0.4213868
4159,2013-12-21 11:10:00,0.4213868
4159,2013-12-21 11:10:00,211.41713
4159,2013-12-21 11:10:00,0.4213868
4159,2013-12-21 11:20:00,0.006651706
4159,2013-12-21 11:20:00,204.42072
4159,2013-12-21 11:20:00,0.8427736
4159,2013-12-21 11:30:00,0.4213868
4159,2013-12-21 11:30:00,201.3013
4159,2013-12-21 11:30:00,0.8427736
4159,2013-12-21 11:40:00,176.70529
4159,2013-12-21 11:40:00,0.006651706
4159,2013-12-21 11:40:00,0.29327068
4159,2013-12-21 11:50:00,179.12221
4159,2013-12-21 11:50:00,0.43712607
4159,2013-12-21 12:00:00,0.4213868
4159,2013-12-21 12:00:00,0.0055768173
4159,2013-12-21 12:00:00,181.9614
4159,2013-12-21 12:00:00,0.8427736
4159,2013-12-21 12:10:00,176.42499
4159,2013-12-21 12:10:00,0.015739262
4159,2013-12-21 12:10:00,0.006651706
4159,2013-12-21 12:20:00,181.51453
4159,2013-12-21 12:20:00,0.006651706
4159,2013-12-21 12:30:00,180.63539
4159,2013-12-21 12:30:00,0.29327068
4159,2013-12-21 12:40:00,0.4213868
4159,2013-12-21 12:40:00,0.015739262
4159,2013-12-21 12:40:00,188.31686
4159,2013-12-21 12:50:00,149.10768
4159,2013-12-21 12:50:00,0.006651706
4159,2013-12-21 12:50:00,0.48138633
4159,2013-12-21 13:00:00,176.01477
4159,2013-12-21 13:00:00,0.4213868
4159,2013-12-21 13:10:00,197.73077
4159,2013-12-21 13:10:00,0.4213868
4159,2013-12-21 13:20:00,206.29662
4159,2013-12-21 13:20:00,0.4213868
4159,2013-12-21 13:20:00,0.006651706
4159,2013-12-21 13:30:00,233.14551
4159,2013-12-21 13:40:00,259.75885
4159,2013-12-21 13:40:00,0.006651706
4159,2013-12-21 13:50:00,0.4213868
4159,2013-12-21 13:50:00,202.13399
4159,2013-12-21 13:50:00,0.4280385
4159,2013-12-21 14:00:00,208.59561
4159,2013-12-21 14:00:00,0.006651706
4159,2013-12-21 14:10:00,191.18358
4159,2013-12-21 14:20:00,189.05905
4159,2013-12-21 14:20:00,0.006651706
4159,2013-12-21 14:20:00,0.7146575
4159,2013-12-21 14:30:00,205.42769
4159,2013-12-21 14:30:00,0.006651706
4159,2013-12-21 14:40:00,0.48138633
4159,2013-12-21 14:40:00,200.1567
4159,2013-12-21 14:40:00,0.8427736
4159,2013-12-21 14:50:00,0.012228523
4159,2013-12-21 14:50:00,172.6985
4159,2013-12-21 15:00:00,0.0055768173
4159,2013-12-21 15:00:00,177.65984
4159,2013-12-21 15:00:00,0.4213868
4159,2013-12-21 15:00:00,0.8585129
4159,2013-12-21 15:10:00,2.226933
4159,2013-12-21 15:10:00,178.51173
4159,2013-12-21 15:20:00,187.55627
4159,2013-12-21 15:20:00,0.006651706
4159,2013-12-21 15:30:00,175.26547
4159,2013-12-21 15:30:00,0.48138633
4159,2013-12-21 15:30:00,0.4280385
4159,2013-12-21 15:30:00,0.4213868
4159,2013-12-21 15:40:00,165.05951
4159,2013-12-21 15:40:00,0.006651706
4159,2013-12-21 15:40:00,0.006651706
4159,2013-12-21 15:50:00,169.1848
4159,2013-12-21 16:00:00,0.4213868
4159,2013-12-21 16:00:00,167.49774
4159,2013-12-21 16:10:00,0.006651706
4159,2013-12-21 16:10:00,176.3149
4159,2013-12-21 16:20:00,157.55443
4159,2013-12-21 16:20:00,0.012228523
4159,2013-12-21 16:20:00,0.8427736
4159,2013-12-21 16:30:00,175.6807
4159,2013-12-21 16:30:00,0.0055768173
4159,2013-12-21 16:30:00,0.29327068
4159,2013-12-21 16:40:00,152.85696
4159,2013-12-21 16:50:00,179.72073
4159,2013-12-21 16:50:00,0.0055768173
4159,2013-12-21 17:00:00,0.29327068
4159,2013-12-21 17:00:00,167.12915
4159,2013-12-21 17:00:00,0.006651706
4159,2013-12-21 17:10:00,0.012228523
4159,2013-12-21 17:10:00,158.87265
4159,2013-12-21 17:10:00,0.2988475
4159,2013-12-21 17:10:00,0.4213868
4159,2013-12-21 17:20:00,0.4213868
4159,2013-12-21 17:20:00,153.15057
4159,2013-12-21 17:20:00,0.29327068
4159,2013-12-21 17:30:00,0.006651706
4159,2013-12-21 17:30:00,187.00252
4159,2013-12-21 17:30:00,0.013303412
4159,2013-12-21 17:30:00,0.006651706
4159,2013-12-21 17:40:00,149.14647
4159,2013-12-21 17:40:00,0.4213868
4159,2013-12-21 17:50:00,0.29327068
4159,2013-12-21 17:50:00,150.43777
4159,2013-12-21 17:50:00,0.0055768173
4159,2013-12-21 18:00:00,170.44525
4159,2013-12-21 18:10:00,0.29327068
4159,2013-12-21 18:10:00,163.48906
4159,2013-12-21 18:10:00,0.7146575
4159,2013-12-21 18:20:00,162.64035
4159,2013-12-21 18:20:00,0.4213868
4159,2013-12-21 18:30:00,0.031478524
4159,2013-12-21 18:30:00,164.61873
4159,2013-12-21 18:30:00,0.2999224
4159,2013-12-21 18:40:00,0.4213868
4159,2013-12-21 18:40:00,155.65256
4159,2013-12-21 18:40:00,0.0055768173
4159,2013-12-21 18:40:00,0.4280385
4159,2013-12-21 18:40:00,0.4213868
4159,2013-12-21 18:50:00,164.33165
4159,2013-12-21 18:50:00,0.0055768173
4159,2013-12-21 19:00:00,177.27745
4159,2013-12-21 19:10:00,171.20967
4159,2013-12-21 19:10:00,0.8427736
4159,2013-12-21 19:20:00,162.61267
4159,2013-12-21 19:20:00,0.29327068
4159,2013-12-21 19:30:00,156.93091
4159,2013-12-21 19:30:00,0.006651706
4159,2013-12-21 19:40:00,0.012228523
4159,2013-12-21 19:40:00,175.27505
4159,2013-12-21 19:40:00,0.4213868
4159,2013-12-21 19:50:00,166.61478
4159,2013-12-21 19:50:00,0.8427736
4159,2013-12-21 20:00:00,164.29042
4159,2013-12-21 20:00:00,0.006651706
4159,2013-12-21 20:00:00,0.006651706
4159,2013-12-21 20:10:00,0.4213868
4159,2013-12-21 20:10:00,163.11938
4159,2013-12-21 20:10:00,0.4213868
4159,2013-12-21 20:20:00,0.015739262
4159,2013-12-21 20:20:00,188.23549
4159,2013-12-21 20:20:00,0.4213868
4159,2013-12-21 20:30:00,0.047217786
4159,2013-12-21 20:30:00,143.0209
4159,2013-12-21 20:30:00,0.4280385
4159,2013-12-21 20:40:00,156.20139
4159,2013-12-21 20:40:00,0.006651706
4159,2013-12-21 20:50:00,181.33429
4159,2013-12-21 21:00:00,149.38364
4159,2013-12-21 21:00:00,0.4213868
4159,2013-12-21 21:10:00,0.0055768173
4159,2013-12-21 21:10:00,146.89357
4159,2013-12-21 21:10:00,0.011153635
4159,2013-12-21 21:20:00,0.0055768173
4159,2013-12-21 21:20:00,158.91705
4159,2013-12-21 21:20:00,0.006651706
4159,2013-12-21 21:20:00,0.0055768173
4159,2013-12-21 21:30:00,146.78458
4159,2013-12-21 21:30:00,0.015739262
4159,2013-12-21 21:40:00,206.564
4159,2013-12-21 21:40:00,0.43712607
4159,2013-12-21 21:50:00,0.031478524
4159,2013-12-21 21:50:00,194.26482
4159,2013-12-21 21:50:00,0.006651706
4159,2013-12-21 21:50:00,0.006651706
4159,2013-12-21 21:50:00,0.4213868
4159,2013-12-21 22:00:00,0.047217786
4159,2013-12-21 22:00:00,219.67384
4159,2013-12-21 22:00:00,0.031478524
4159,2013-12-21 22:10:00,0.015739262
4159,2013-12-21 22:10:00,212.21591
4159,2013-12-21 22:10:00,0.015739262
4159,2013-12-21 22:10:00,0.4213868
4159,2013-12-21 22:20:00,0.015739262
4159,2013-12-21 22:20:00,192.52684
4159,2013-12-21 22:20:00,0.015739262
4159,2013-12-21 22:30:00,0.031478524
4159,2013-12-21 22:30:00,154.45848
4159,2013-12-21 22:40:00,0.031478524
4159,2013-12-21 22:40:00,145.18898
4159,2013-12-21 22:40:00,0.006651706
4159,2013-12-21 22:50:00,156.16342
4159,2013-12-21 22:50:00,0.4213868
4159,2013-12-21 23:00:00,0.031478524
4159,2013-12-21 23:00:00,165.37396
4159,2013-12-21 23:00:00,0.0055768173
4159,2013-12-21 23:10:00,0.02131608
4159,2013-12-21 23:10:00,152.15071
4159,2013-12-21 23:10:00,0.006651706
4159,2013-12-21 23:10:00,0.45042947
4159,2013-12-21 23:20:00,0.015739262
4159,2013-12-21 23:20:00,164.44225
4159,2013-12-21 23:20:00,0.29327068
4159,2013-12-21 23:30:00,0.015739262
4159,2013-12-21 23:30:00,153.07246
4159,2013-12-21 23:30:00,0.8427736
4159,2013-12-21 23:30:00,0.4213868
4159,2013-12-21 23:40:00,160.64674
4159,2013-12-21 23:40:00,0.48138633
4159,2013-12-21 23:40:00,0.006651706
4159,2013-12-21 23:50:00,171.03476
4159,2013-12-21 23:50:00,0.006651706
4159,2013-12-22 00:00:00,160.75864
4159,2013-12-22 00:00:00,0.48138633
4159,2013-12-22 00:00:00,0.4213868
4159,2013-12-22 00:10:00,153.69205
4159,2013-12-22 00:10:00,0.8427736
4159,2013-12-22 00:20:00,167.54422
4159,2013-12-22 00:20:00,0.44377777
4159,2013-12-22 00:30:00,0.29327068
4159,2013-12-22 00:30:00,182.17044
4159,2013-12-22 00:30:00,0.4213868
4159,2013-12-22 00:40:00,148.82062
4159,2013-12-22 00:40:00,0.8427736
4159,2013-12-22 00:40:00,0.59319305
4159,2013-12-22 00:50:00,157.15146
4159,2013-12-22 01:00:00,147.62366
4159,2013-12-22 01:00:00,0.48138633
4159,2013-12-22 01:00:00,0.29327068
4159,2013-12-22 01:10:00,130.24722
4159,2013-12-22 01:10:00,0.4213868
4159,2013-12-22 01:10:00,0.006651706
4159,2013-12-22 01:20:00,147.90134
4159,2013-12-22 01:20:00,1.2641604
4159,2013-12-22 01:30:00,144.60144
4159,2013-12-22 01:30:00,0.96277267
4159,2013-12-22 01:30:00,0.015739262
4159,2013-12-22 01:40:00,132.00844
4159,2013-12-22 01:40:00,0.006651706
4159,2013-12-22 01:50:00,0.4213868
4159,2013-12-22 01:50:00,138.24571
4159,2013-12-22 01:50:00,0.4213868
4159,2013-12-22 01:50:00,0.006651706
4159,2013-12-22 02:00:00,131.53105
4159,2013-12-22 02:00:00,0.4213868
4159,2013-12-22 02:10:00,122.29317
4159,2013-12-22 02:10:00,0.006651706
4159,2013-12-22 02:20:00,128.57631
4159,2013-12-22 02:20:00,0.4213868
4159,2013-12-22 02:20:00,0.4213868
4159,2013-12-22 02:30:00,117.02854
4159,2013-12-22 02:30:00,0.48138633
4159,2013-12-22 02:40:00,122.10971
4159,2013-12-22 02:40:00,0.43712607
4159,2013-12-22 02:50:00,116.48724
4159,2013-12-22 03:00:00,108.24147
4159,2013-12-22 03:00:00,0.4213868
4159,2013-12-22 03:10:00,0.8427736
4159,2013-12-22 03:10:00,106.20123
4159,2013-12-22 03:20:00,124.91398
4159,2013-12-22 03:20:00,0.4213868
4159,2013-12-22 03:30:00,119.820496
4159,2013-12-22 03:30:00,0.4213868
4159,2013-12-22 03:40:00,110.82409
4159,2013-12-22 03:50:00,110.13913
4159,2013-12-22 03:50:00,0.48138633
4159,2013-12-22 03:50:00,0.006651706
4159,2013-12-22 03:50:00,0.4213868
4159,2013-12-22 04:00:00,104.91917
4159,2013-12-22 04:00:00,0.4213868
4159,2013-12-22 04:10:00,105.36648
4159,2013-12-22 04:20:00,0.4213868
4159,2013-12-22 04:20:00,101.234436
4159,2013-12-22 04:20:00,0.006651706
4159,2013-12-22 04:30:00,95.52685
4159,2013-12-22 04:30:00,0.8427736
4159,2013-12-22 04:40:00,95.22995
4159,2013-12-22 04:50:00,99.73728
4159,2013-12-22 05:00:00,101.251755
4159,2013-12-22 05:00:00,0.015739262
4159,2013-12-22 05:10:00,0.4213868
4159,2013-12-22 05:10:00,97.858604
4159,2013-12-22 05:10:00,0.48138633
4159,2013-12-22 05:10:00,0.8427736
4159,2013-12-22 05:10:00,0.4213868
4159,2013-12-22 05:20:00,100.17873
4159,2013-12-22 05:30:00,105.37662
4159,2013-12-22 05:30:00,0.4213868
4159,2013-12-22 05:40:00,97.179565
4159,2013-12-22 05:40:00,0.48138633
4159,2013-12-22 05:40:00,0.4213868
4159,2013-12-22 05:50:00,102.06923
4159,2013-12-22 05:50:00,0.4213868
4159,2013-12-22 06:00:00,106.04291
4159,2013-12-22 06:10:00,102.85197
4159,2013-12-22 06:10:00,0.4213868
4159,2013-12-22 06:20:00,103.668274
4159,2013-12-22 06:20:00,0.015739262
4159,2013-12-22 06:30:00,111.546036
4159,2013-12-22 06:30:00,0.4213868
4159,2013-12-22 06:40:00,109.82198
4159,2013-12-22 06:50:00,103.54045
4159,2013-12-22 06:50:00,0.4213868
4159,2013-12-22 07:00:00,121.69744
4159,2013-12-22 07:00:00,0.48138633
4159,2013-12-22 07:00:00,0.8427736
4159,2013-12-22 07:10:00,104.10747
4159,2013-12-22 07:20:00,105.60924
4159,2013-12-22 07:20:00,0.4213868
4159,2013-12-22 07:30:00,113.28871
4159,2013-12-22 07:40:00,115.75929
4159,2013-12-22 07:40:00,0.43712607
4159,2013-12-22 07:50:00,120.512245
4159,2013-12-22 07:50:00,0.4213868
4159,2013-12-22 08:00:00,115.59712
4159,2013-12-22 08:10:00,106.62702
4159,2013-12-22 08:20:00,130.70087
4159,2013-12-22 08:20:00,0.48138633
4159,2013-12-22 08:20:00,0.4213868
4159,2013-12-22 08:30:00,123.35328
4159,2013-12-22 08:30:00,0.4213868
4159,2013-12-22 08:40:00,123.53247
4159,2013-12-22 08:40:00,0.006651706
4159,2013-12-22 08:50:00,0.006651706
4159,2013-12-22 08:50:00,0.29327068
4159,2013-12-22 08:50:00,126.477425
4159,2013-12-22 09:00:00,0.015739262
4159,2013-12-22 09:00:00,158.16827
4159,2013-12-22 09:00:00,0.8427736
4159,2013-12-22 09:00:00,0.4213868
4159,2013-12-22 09:10:00,137.70558
4159,2013-12-22 09:20:00,131.35614
4159,2013-12-22 09:20:00,0.006651706
4159,2013-12-22 09:30:00,138.58926
4159,2013-12-22 09:30:00,0.48138633
4159,2013-12-22 09:30:00,0.4213868
4159,2013-12-22 09:30:00,1.2641604
4159,2013-12-22 09:40:00,0.8427736
4159,2013-12-22 09:40:00,132.93175
4159,2013-12-22 09:50:00,141.13695
4159,2013-12-22 09:50:00,0.006651706
4159,2013-12-22 10:00:00,0.015739262
4159,2013-12-22 10:00:00,0.29327068
4159,2013-12-22 10:00:00,153.16649
4159,2013-12-22 10:00:00,0.015739262
4159,2013-12-22 10:10:00,135.26361
4159,2013-12-22 10:10:00,0.006651706
4159,2013-12-22 10:10:00,0.4213868
4159,2013-12-22 10:20:00,0.006651706
4159,2013-12-22 10:20:00,133.51654
4159,2013-12-22 10:30:00,0.774657
4159,2013-12-22 10:30:00,150.08772
4159,2013-12-22 10:30:00,0.006651706
4159,2013-12-22 10:40:00,0.29327068
4159,2013-12-22 10:40:00,115.767365
4159,2013-12-22 10:40:00,0.0055768173
4159,2013-12-22 10:50:00,0.29327068
4159,2013-12-22 10:50:00,132.70741
4159,2013-12-22 10:50:00,0.4213868
4159,2013-12-22 11:00:00,0.7146575
4159,2013-12-22 11:00:00,139.67351
4159,2013-12-22 11:00:00,0.006651706
4159,2013-12-22 11:00:00,0.4280385
4159,2013-12-22 11:10:00,137.24474
4159,2013-12-22 11:10:00,0.006651706
4159,2013-12-22 11:10:00,0.8427736
4159,2013-12-22 11:10:00,0.015739262
4159,2013-12-22 11:20:00,119.35771
4159,2013-12-22 11:30:00,134.65517
4159,2013-12-22 11:30:00,0.8427736
4159,2013-12-22 11:40:00,134.06277
4159,2013-12-22 11:40:00,0.0055768173
4159,2013-12-22 11:40:00,1.429315
4159,2013-12-22 11:50:00,0.29327068
4159,2013-12-22 11:50:00,151.74759
4159,2013-12-22 12:00:00,148.78671
4159,2013-12-22 12:00:00,0.006651706
4159,2013-12-22 12:10:00,0.58654135
4159,2013-12-22 12:10:00,188.40593
4159,2013-12-22 12:20:00,0.006651706
4159,2013-12-22 12:20:00,213.76703
4159,2013-12-22 12:20:00,0.006651706
4159,2013-12-22 12:30:00,182.43436
4159,2013-12-22 12:30:00,0.4213868
4159,2013-12-22 12:30:00,0.006651706
4159,2013-12-22 12:40:00,0.4213868
4159,2013-12-22 12:40:00,0.4213868
4159,2013-12-22 12:40:00,160.18283
4159,2013-12-22 12:40:00,0.006651706
4159,2013-12-22 12:50:00,153.06972
4159,2013-12-22 12:50:00,1.142696
4159,2013-12-22 13:00:00,153.6294
4159,2013-12-22 13:00:00,0.4280385
4159,2013-12-22 13:00:00,0.013303412
4159,2013-12-22 13:10:00,139.28047
4159,2013-12-22 13:10:00,0.48138633
4159,2013-12-22 13:10:00,0.2999224
4159,2013-12-22 13:20:00,0.48138633
4159,2013-12-22 13:20:00,140.43088
4159,2013-12-22 13:20:00,0.006651706
4159,2013-12-22 13:30:00,131.6822
4159,2013-12-22 13:30:00,0.02239097
4159,2013-12-22 13:30:00,0.006651706
4159,2013-12-22 13:40:00,138.35806
4159,2013-12-22 13:40:00,0.4213868
4159,2013-12-22 13:40:00,0.006651706
4159,2013-12-22 13:50:00,0.8427736
4159,2013-12-22 13:50:00,148.45784
4159,2013-12-22 13:50:00,0.006651706
4159,2013-12-22 14:00:00,140.93295
4159,2013-12-22 14:00:00,0.29327068
4159,2013-12-22 14:00:00,0.006651706
4159,2013-12-22 14:10:00,0.4213868
4159,2013-12-22 14:10:00,128.68677
4159,2013-12-22 14:10:00,0.4280385
4159,2013-12-22 14:10:00,0.2999224
4159,2013-12-22 14:20:00,154.62274
4159,2013-12-22 14:30:00,146.01459
4159,2013-12-22 14:40:00,136.93706
4159,2013-12-22 14:40:00,0.006651706
4159,2013-12-22 14:40:00,0.4213868
4159,2013-12-22 14:40:00,0.006651706
4159,2013-12-22 14:50:00,149.15234
4159,2013-12-22 14:50:00,0.43712607
4159,2013-12-22 15:00:00,169.40788
4159,2013-12-22 15:00:00,0.4213868
4159,2013-12-22 15:10:00,0.006651706
4159,2013-12-22 15:10:00,0.006651706
4159,2013-12-22 15:10:00,0.006651706
4159,2013-12-22 15:10:00,138.39563
4159,2013-12-22 15:10:00,0.4213868
4159,2013-12-22 15:20:00,144.25464
4159,2013-12-22 15:20:00,0.006651706
4159,2013-12-22 15:30:00,0.006651706
4159,2013-12-22 15:30:00,131.62251
4159,2013-12-22 15:30:00,0.015739262
4159,2013-12-22 15:40:00,134.84233
4159,2013-12-22 15:40:00,0.8427736
4159,2013-12-22 15:50:00,151.19598
4159,2013-12-22 15:50:00,0.006651706
4159,2013-12-22 15:50:00,0.58654135
4159,2013-12-22 16:00:00,151.65327
4159,2013-12-22 16:00:00,0.8427736
4159,2013-12-22 16:10:00,0.015739262
4159,2013-12-22 16:10:00,140.7124
4159,2013-12-22 16:20:00,146.01175
4159,2013-12-22 16:20:00,0.015739262
4159,2013-12-22 16:20:00,0.0055768173
4159,2013-12-22 16:30:00,154.15802
4159,2013-12-22 16:30:00,0.4213868
4159,2013-12-22 16:40:00,128.84326
4159,2013-12-22 16:40:00,0.4346902
4159,2013-12-22 16:50:00,160.49866
4159,2013-12-22 16:50:00,0.29327068
4159,2013-12-22 17:00:00,0.29327068
4159,2013-12-22 17:00:00,156.49982
4159,2013-12-22 17:00:00,0.43712607
4159,2013-12-22 17:10:00,145.9227
4159,2013-12-22 17:10:00,0.4213868
4159,2013-12-22 17:20:00,0.006651706
4159,2013-12-22 17:20:00,139.4192
4159,2013-12-22 17:20:00,0.29327068
4159,2013-12-22 17:30:00,138.9566
4159,2013-12-22 17:30:00,0.4280385
4159,2013-12-22 17:30:00,0.012228523
4159,2013-12-22 17:40:00,140.66652
4159,2013-12-22 17:40:00,0.015739262
4159,2013-12-22 17:50:00,0.013303412
4159,2013-12-22 17:50:00,135.49554
4159,2013-12-22 18:00:00,0.29327068
4159,2013-12-22 18:00:00,146.17657
4159,2013-12-22 18:00:00,0.8427736
4159,2013-12-22 18:10:00,0.015739262
4159,2013-12-22 18:10:00,172.04507
4159,2013-12-22 18:10:00,0.4280385
4159,2013-12-22 18:10:00,0.7146575
4159,2013-12-22 18:10:00,0.0055768173
4159,2013-12-22 18:20:00,162.43573
4159,2013-12-22 18:20:00,0.4213868
4159,2013-12-22 18:30:00,162.69145
4159,2013-12-22 18:30:00,0.4213868
4159,2013-12-22 18:40:00,0.015739262
4159,2013-12-22 18:40:00,144.96326
4159,2013-12-22 18:50:00,0.4213868
4159,2013-12-22 18:50:00,160.55237
4159,2013-12-22 18:50:00,0.4346902
4159,2013-12-22 18:50:00,0.4213868
4159,2013-12-22 19:00:00,181.59772
4159,2013-12-22 19:00:00,0.8427736
4159,2013-12-22 19:10:00,159.57094
4159,2013-12-22 19:20:00,140.98323
4159,2013-12-22 19:20:00,0.006651706
4159,2013-12-22 19:30:00,144.72447
4159,2013-12-22 19:30:00,0.015739262
4159,2013-12-22 19:30:00,0.006651706
4159,2013-12-22 19:30:00,0.4280385
4159,2013-12-22 19:40:00,147.05829
4159,2013-12-22 19:40:00,0.4213868
4159,2013-12-22 19:50:00,167.29193
4159,2013-12-22 20:00:00,190.32951
4159,2013-12-22 20:00:00,0.006651706
4159,2013-12-22 20:10:00,149.69026
4159,2013-12-22 20:10:00,0.2999224
4159,2013-12-22 20:20:00,0.006651706
4159,2013-12-22 20:20:00,141.39474
4159,2013-12-22 20:30:00,127.76178
4159,2013-12-22 20:30:00,0.015739262
4159,2013-12-22 20:40:00,127.62607
4159,2013-12-22 20:40:00,0.013303412
4159,2013-12-22 20:50:00,137.36821
4159,2013-12-22 21:00:00,134.56844
4159,2013-12-22 21:00:00,0.015739262
4159,2013-12-22 21:10:00,0.4213868
4159,2013-12-22 21:10:00,115.866425
4159,2013-12-22 21:10:00,0.006651706
4159,2013-12-22 21:20:00,126.26028
4159,2013-12-22 21:30:00,135.74391
4159,2013-12-22 21:30:00,0.015739262
4159,2013-12-22 21:30:00,0.29327068
4159,2013-12-22 21:40:00,136.75658
4159,2013-12-22 21:40:00,0.006651706
4159,2013-12-22 21:40:00,0.0055768173
4159,2013-12-22 21:50:00,129.71646
4159,2013-12-22 21:50:00,0.006651706
4159,2013-12-22 21:50:00,0.29327068
4159,2013-12-22 22:00:00,124.65201
4159,2013-12-22 22:00:00,0.015739262
4159,2013-12-22 22:00:00,0.29327068
4159,2013-12-22 22:10:00,139.70705
4159,2013-12-22 22:10:00,0.0055768173
4159,2013-12-22 22:10:00,0.015739262
4159,2013-12-22 22:20:00,128.90907
4159,2013-12-22 22:20:00,0.006651706
4159,2013-12-22 22:30:00,138.74734
4159,2013-12-22 22:40:00,123.025444
4159,2013-12-22 22:50:00,122.23705
4159,2013-12-22 22:50:00,0.015739262
4159,2013-12-22 23:00:00,119.62
4159,2013-12-22 23:00:00,0.006651706
4159,2013-12-22 23:00:00,0.4280385
4159,2013-12-22 23:10:00,116.978035
4159,2013-12-22 23:20:00,114.14452
4159,2013-12-22 23:20:00,0.8651646
4159,2013-12-22 23:30:00,104.688934
4159,2013-12-22 23:30:00,0.0055768173
4159,2013-12-22 23:30:00,0.4213868
4159,2013-12-22 23:40:00,108.4234
4159,2013-12-22 23:40:00,0.015739262
4159,2013-12-22 23:50:00,112.50102
4159,2013-12-22 23:50:00,0.015739262
4159,2013-12-23 00:00:00,103.62258
4159,2013-12-23 00:00:00,0.4213868
4159,2013-12-23 00:00:00,0.31458676
4159,2013-12-23 00:10:00,107.83997
4159,2013-12-23 00:10:00,0.015739262
4159,2013-12-23 00:20:00,104.70045
4159,2013-12-23 00:20:00,0.015739262
4159,2013-12-23 00:30:00,98.631195
4159,2013-12-23 00:30:00,0.0055768173
4159,2013-12-23 00:30:00,0.4213868
4159,2013-12-23 00:30:00,0.006651706
4159,2013-12-23 00:40:00,0.29327068
4159,2013-12-23 00:40:00,96.699715
4159,2013-12-23 00:40:00,0.006651706
4159,2013-12-23 00:50:00,97.5531
4159,2013-12-23 01:00:00,91.957924
4159,2013-12-23 01:00:00,0.015739262
4159,2013-12-23 01:00:00,0.29327068
4159,2013-12-23 01:10:00,87.63332
4159,2013-12-23 01:10:00,0.4213868
4159,2013-12-23 01:20:00,91.92968
4159,2013-12-23 01:30:00,89.70367
4159,2013-12-23 01:30:00,0.015739262
4159,2013-12-23 01:40:00,94.872475
4159,2013-12-23 01:40:00,0.4213868
4159,2013-12-23 01:40:00,0.006651706
4159,2013-12-23 01:50:00,96.329185
4159,2013-12-23 01:50:00,0.0055768173
4159,2013-12-23 02:00:00,86.371475
4159,2013-12-23 02:00:00,0.015739262
4159,2013-12-23 02:10:00,90.00852
4159,2013-12-23 02:10:00,0.4213868
4159,2013-12-23 02:20:00,105.32617
4159,2013-12-23 02:30:00,108.87528
4159,2013-12-23 02:40:00,84.98902
4159,2013-12-23 02:40:00,0.43712607
4159,2013-12-23 02:50:00,94.222404
4159,2013-12-23 02:50:00,0.29327068
4159,2013-12-23 02:50:00,0.4213868
4159,2013-12-23 03:00:00,83.97893
4159,2013-12-23 03:10:00,84.20662
4159,2013-12-23 03:10:00,0.0055768173
4159,2013-12-23 03:10:00,0.015739262
4159,2013-12-23 03:20:00,89.479706
4159,2013-12-23 03:20:00,0.4213868
4159,2013-12-23 03:30:00,0.015739262
4159,2013-12-23 03:30:00,92.96992
4159,2013-12-23 03:40:00,87.46702
4159,2013-12-23 03:40:00,0.015739262
4159,2013-12-23 03:50:00,91.49409
4159,2013-12-23 03:50:00,0.4213868
4159,2013-12-23 04:00:00,94.5387
4159,2013-12-23 04:10:00,78.05506
4159,2013-12-23 04:20:00,90.37498
4159,2013-12-23 04:20:00,0.0055768173
4159,2013-12-23 04:20:00,0.4213868
4159,2013-12-23 04:30:00,89.3357
4159,2013-12-23 04:40:00,0.4213868
4159,2013-12-23 04:40:00,91.70366
4159,2013-12-23 04:50:00,86.02769
4159,2013-12-23 05:00:00,85.798096
4159,2013-12-23 05:00:00,0.4213868
4159,2013-12-23 05:10:00,80.44738
4159,2013-12-23 05:20:00,102.04888
4159,2013-12-23 05:30:00,111.28713
4159,2013-12-23 05:30:00,0.4213868
4159,2013-12-23 05:40:00,98.74103
4159,2013-12-23 05:40:00,0.4213868
4159,2013-12-23 05:50:00,101.37337
4159,2013-12-23 06:00:00,106.914055
4159,2013-12-23 06:00:00,0.4213868
4159,2013-12-23 06:10:00,107.74112
4159,2013-12-23 06:20:00,0.4213868
4159,2013-12-23 06:20:00,117.45018
4159,2013-12-23 06:20:00,0.4213868
4159,2013-12-23 06:20:00,0.006651706
4159,2013-12-23 06:30:00,116.91966
4159,2013-12-23 06:30:00,0.8106309
4159,2013-12-23 06:40:00,132.18446
4159,2013-12-23 06:40:00,0.48138633
4159,2013-12-23 06:40:00,0.4213868
4159,2013-12-23 06:50:00,0.006651706
4159,2013-12-23 06:50:00,129.6262
4159,2013-12-23 07:00:00,0.006651706
4159,2013-12-23 07:00:00,153.38942
4159,2013-12-23 07:00:00,0.0055768173
4159,2013-12-23 07:10:00,0.006651706
4159,2013-12-23 07:10:00,156.95134
4159,2013-12-23 07:10:00,0.4213868
4159,2013-12-23 07:10:00,0.4213868
4159,2013-12-23 07:20:00,168.25618
4159,2013-12-23 07:20:00,0.8427736
4159,2013-12-23 07:30:00,0.4213868
4159,2013-12-23 07:30:00,195.20384
4159,2013-12-23 07:30:00,0.48138633
4159,2013-12-23 07:30:00,0.4213868
4159,2013-12-23 07:40:00,188.29497
4159,2013-12-23 07:40:00,0.4280385
4159,2013-12-23 07:50:00,0.006651706
4159,2013-12-23 07:50:00,206.35631
4159,2013-12-23 07:50:00,0.015739262
4159,2013-12-23 08:00:00,228.8568
4159,2013-12-23 08:00:00,0.48138633
4159,2013-12-23 08:00:00,0.4213868
4159,2013-12-23 08:00:00,0.4213868
4159,2013-12-23 08:10:00,0.43712607
4159,2013-12-23 08:10:00,197.50009
4159,2013-12-23 08:10:00,0.006651706
4159,2013-12-23 08:10:00,0.4213868
4159,2013-12-23 08:20:00,232.7132
4159,2013-12-23 08:20:00,0.48138633
4159,2013-12-23 08:20:00,0.4213868
4159,2013-12-23 08:20:00,0.7146575
4159,2013-12-23 08:30:00,210.12096
4159,2013-12-23 08:30:00,0.8427736
4159,2013-12-23 08:40:00,0.006651706
4159,2013-12-23 08:40:00,0.013303412
4159,2013-12-23 08:40:00,240.52036
4159,2013-12-23 08:40:00,0.006651706
4159,2013-12-23 08:40:00,0.4213868
4159,2013-12-23 08:50:00,257.89838
4159,2013-12-23 08:50:00,0.4213868
4159,2013-12-23 08:50:00,0.013303412
4159,2013-12-23 09:00:00,0.4213868
4159,2013-12-23 09:00:00,0.006651706
4159,2013-12-23 09:00:00,224.22638
4159,2013-12-23 09:00:00,0.4213868
4159,2013-12-23 09:10:00,235.45497
4159,2013-12-23 09:20:00,0.031478524
4159,2013-12-23 09:20:00,0.4213868
4159,2013-12-23 09:20:00,244.58116
4159,2013-12-23 09:20:00,0.7213092
4159,2013-12-23 09:30:00,247.30893
4159,2013-12-23 09:30:00,0.4280385
4159,2013-12-23 09:40:00,239.30377
4159,2013-12-23 09:40:00,0.006651706
4159,2013-12-23 09:50:00,243.35736
4159,2013-12-23 09:50:00,0.4280385
4159,2013-12-23 09:50:00,0.4213868
4159,2013-12-23 10:00:00,272.2458
4159,2013-12-23 10:00:00,0.29327068
4159,2013-12-23 10:00:00,0.7146575
4159,2013-12-23 10:10:00,0.4213868
4159,2013-12-23 10:10:00,0.031478524
4159,2013-12-23 10:10:00,235.22592
4159,2013-12-23 10:20:00,265.81262
4159,2013-12-23 10:20:00,0.4213868
4159,2013-12-23 10:30:00,237.4904
4159,2013-12-23 10:30:00,0.4280385
4159,2013-12-23 10:40:00,218.6244
4159,2013-12-23 10:40:00,0.96277267
4159,2013-12-23 10:40:00,0.42696363
4159,2013-12-23 10:40:00,0.006651706
4159,2013-12-23 10:50:00,241.6546
4159,2013-12-23 10:50:00,0.8427736
4159,2013-12-23 10:50:00,0.015739262
4159,2013-12-23 11:00:00,239.32726
4159,2013-12-23 11:00:00,0.006651706
4159,2013-12-23 11:00:00,0.8427736
4159,2013-12-23 11:00:00,0.015739262
4159,2013-12-23 11:10:00,236.78345
4159,2013-12-23 11:10:00,0.4213868
4159,2013-12-23 11:20:00,226.58928
4159,2013-12-23 11:20:00,1.2641604
4159,2013-12-23 11:30:00,242.4532
4159,2013-12-23 11:30:00,0.48138633
4159,2013-12-23 11:30:00,0.4213868
4159,2013-12-23 11:30:00,0.7146575
4159,2013-12-23 11:40:00,269.55814
4159,2013-12-23 11:40:00,0.006651706
4159,2013-12-23 11:40:00,0.29327068
4159,2013-12-23 11:50:00,267.36816
4159,2013-12-23 11:50:00,0.29327068
4159,2013-12-23 11:50:00,0.4213868
4159,2013-12-23 12:00:00,251.5682
4159,2013-12-23 12:00:00,0.4213868
4159,2013-12-23 12:10:00,0.4213868
4159,2013-12-23 12:10:00,223.39659
4159,2013-12-23 12:10:00,0.006651706
4159,2013-12-23 12:10:00,0.006651706
4159,2013-12-23 12:20:00,242.93918
4159,2013-12-23 12:20:00,0.006651706
4159,2013-12-23 12:20:00,0.4213868
4159,2013-12-23 12:30:00,227.09886
4159,2013-12-23 12:30:00,2.0426486
4159,2013-12-23 12:30:00,0.4213868
4159,2013-12-23 12:30:00,0.4280385
4159,2013-12-23 12:40:00,221.84454
4159,2013-12-23 12:50:00,232.72025
4159,2013-12-23 12:50:00,0.006651706
4159,2013-12-23 13:00:00,227.6933
4159,2013-12-23 13:00:00,0.48138633
4159,2013-12-23 13:10:00,0.02131608
4159,2013-12-23 13:10:00,239.8799
4159,2013-12-23 13:10:00,0.4213868
4159,2013-12-23 13:20:00,0.4213868
4159,2013-12-23 13:20:00,254.18114
4159,2013-12-23 13:30:00,0.015739262
4159,2013-12-23 13:30:00,231.22646
4159,2013-12-23 13:30:00,0.4213868
4159,2013-12-23 13:40:00,254.86292
4159,2013-12-23 13:40:00,0.4213868
4159,2013-12-23 13:40:00,1.5574311
4159,2013-12-23 13:50:00,0.006651706
4159,2013-12-23 13:50:00,246.79553
4159,2013-12-23 13:50:00,0.4213868
4159,2013-12-23 14:00:00,218.8914
4159,2013-12-23 14:00:00,0.006651706
4159,2013-12-23 14:10:00,0.015739262
4159,2013-12-23 14:10:00,0.4213868
4159,2013-12-23 14:10:00,246.48938
4159,2013-12-23 14:10:00,0.4346902
4159,2013-12-23 14:10:00,0.031478524
4159,2013-12-23 14:20:00,0.015739262
4159,2013-12-23 14:20:00,0.4213868
4159,2013-12-23 14:20:00,235.9995
4159,2013-12-23 14:20:00,0.4213868
4159,2013-12-23 14:30:00,235.8977
4159,2013-12-23 14:40:00,238.05331
4159,2013-12-23 14:40:00,0.4280385
4159,2013-12-23 14:50:00,0.015739262
4159,2013-12-23 14:50:00,229.34618
4159,2013-12-23 14:50:00,0.2999224
4159,2013-12-23 14:50:00,0.006651706
4159,2013-12-23 15:00:00,220.59703
4159,2013-12-23 15:00:00,0.2999224
4159,2013-12-23 15:10:00,227.01628
4159,2013-12-23 15:10:00,0.006651706
4159,2013-12-23 15:10:00,1.7521985
4159,2013-12-23 15:20:00,0.7146575
4159,2013-12-23 15:20:00,226.01593
4159,2013-12-23 15:20:00,0.4213868
4159,2013-12-23 15:20:00,0.7146575
4159,2013-12-23 15:30:00,0.006651706
4159,2013-12-23 15:30:00,220.80641
4159,2013-12-23 15:30:00,1.7200557
4159,2013-12-23 15:30:00,0.4213868
4159,2013-12-23 15:30:00,0.8427736
4159,2013-12-23 15:40:00,0.015739262
4159,2013-12-23 15:40:00,230.98698
4159,2013-12-23 15:40:00,0.4213868
4159,2013-12-23 15:40:00,0.8427736
4159,2013-12-23 15:50:00,219.9109
4159,2013-12-23 15:50:00,0.4213868
4159,2013-12-23 15:50:00,0.006651706
4159,2013-12-23 16:00:00,1.2320178
4159,2013-12-23 16:00:00,218.8762
4159,2013-12-23 16:00:00,0.48138633
4159,2013-12-23 16:00:00,0.006651706
4159,2013-12-23 16:10:00,0.015739262
4159,2013-12-23 16:10:00,237.85025
4159,2013-12-23 16:10:00,1.2320178
4159,2013-12-23 16:10:00,0.7146575
4159,2013-12-23 16:20:00,223.83073
4159,2013-12-23 16:20:00,0.8427736
4159,2013-12-23 16:20:00,0.4213868
4159,2013-12-23 16:30:00,198.58563
4159,2013-12-23 16:30:00,0.4213868
4159,2013-12-23 16:40:00,206.67197
4159,2013-12-23 16:40:00,0.4280385
4159,2013-12-23 16:50:00,211.44884
4159,2013-12-23 17:00:00,204.72717
4159,2013-12-23 17:00:00,0.4213868
4159,2013-12-23 17:00:00,1.1360443
4159,2013-12-23 17:10:00,0.047217786
4159,2013-12-23 17:10:00,0.006651706
4159,2013-12-23 17:10:00,197.558
4159,2013-12-23 17:10:00,0.006651706
4159,2013-12-23 17:20:00,169.40265
4159,2013-12-23 17:20:00,0.4213868
4159,2013-12-23 17:30:00,173.28752
4159,2013-12-23 17:30:00,0.43712607
4159,2013-12-23 17:40:00,167.81635
4159,2013-12-23 17:40:00,0.4213868
4159,2013-12-23 17:50:00,0.015739262
4159,2013-12-23 17:50:00,0.015739262
4159,2013-12-23 17:50:00,154.52954
4159,2013-12-23 17:50:00,0.29327068
4159,2013-12-23 17:50:00,0.29327068
4159,2013-12-23 18:00:00,0.006651706
4159,2013-12-23 18:00:00,149.92505
4159,2013-12-23 18:00:00,0.4213868
4159,2013-12-23 18:10:00,171.5975
4159,2013-12-23 18:20:00,152.90553
4159,2013-12-23 18:30:00,0.29327068
4159,2013-12-23 18:30:00,180.31654
4159,2013-12-23 18:30:00,0.4213868
4159,2013-12-23 18:30:00,0.4213868
4159,2013-12-23 18:40:00,0.015739262
4159,2013-12-23 18:40:00,156.8113
4159,2013-12-23 18:40:00,0.015739262
4159,2013-12-23 18:40:00,0.006651706
4159,2013-12-23 18:50:00,0.48138633
4159,2013-12-23 18:50:00,163.06395
4159,2013-12-23 18:50:00,0.4346902
4159,2013-12-23 19:00:00,174.1593
4159,2013-12-23 19:00:00,0.4213868
4159,2013-12-23 19:10:00,0.4213868
4159,2013-12-23 19:10:00,165.62196
4159,2013-12-23 19:10:00,0.4213868
4159,2013-12-23 19:20:00,166.47508
4159,2013-12-23 19:30:00,0.8427736
4159,2013-12-23 19:30:00,157.8716
4159,2013-12-23 19:30:00,0.7146575
4159,2013-12-23 19:40:00,0.01888023
4159,2013-12-23 19:40:00,157.09901
4159,2013-12-23 19:40:00,0.4213868
4159,2013-12-23 19:40:00,0.006651706
4159,2013-12-23 19:50:00,152.7638
4159,2013-12-23 20:00:00,0.4213868
4159,2013-12-23 20:00:00,139.34085
4159,2013-12-23 20:00:00,0.29327068
4159,2013-12-23 20:10:00,145.96114
4159,2013-12-23 20:10:00,0.006651706
4159,2013-12-23 20:10:00,0.4213868
4159,2013-12-23 20:10:00,0.006651706
4159,2013-12-23 20:20:00,130.35274
4159,2013-12-23 20:30:00,130.96912
4159,2013-12-23 20:30:00,0.48138633
4159,2013-12-23 20:40:00,138.88408
4159,2013-12-23 20:40:00,0.4213868
4159,2013-12-23 20:50:00,0.4213868
4159,2013-12-23 20:50:00,137.67424
4159,2013-12-23 20:50:00,0.4213868
4159,2013-12-23 21:00:00,125.99647
4159,2013-12-23 21:00:00,0.006651706
4159,2013-12-23 21:10:00,0.015739262
4159,2013-12-23 21:10:00,0.4213868
4159,2013-12-23 21:10:00,144.65474
4159,2013-12-23 21:10:00,0.4213868
4159,2013-12-23 21:20:00,0.015739262
4159,2013-12-23 21:20:00,133.50635
4159,2013-12-23 21:20:00,1.2708122
4159,2013-12-23 21:30:00,0.4213868
4159,2013-12-23 21:30:00,121.81256
4159,2013-12-23 21:40:00,0.4213868
4159,2013-12-23 21:40:00,140.76904
4159,2013-12-23 21:40:00,0.29327068
4159,2013-12-23 21:40:00,0.006651706
4159,2013-12-23 21:50:00,0.4213868
4159,2013-12-23 21:50:00,0.006651706
4159,2013-12-23 21:50:00,125.341965
4159,2013-12-23 21:50:00,0.4213868
4159,2013-12-23 22:00:00,0.8427736
4159,2013-12-23 22:00:00,136.62659
4159,2013-12-23 22:00:00,0.4213868
4159,2013-12-23 22:00:00,0.006651706
4159,2013-12-23 22:10:00,0.4213868
4159,2013-12-23 22:10:00,128.5394
4159,2013-12-23 22:10:00,0.006651706
4159,2013-12-23 22:20:00,1.2641604
4159,2013-12-23 22:20:00,127.08276
4159,2013-12-23 22:20:00,0.006651706
4159,2013-12-23 22:30:00,124.277466
4159,2013-12-23 22:30:00,0.4213868
4159,2013-12-23 22:30:00,0.006651706
4159,2013-12-23 22:40:00,0.8106309
4159,2013-12-23 22:40:00,132.8283
4159,2013-12-23 22:40:00,0.4213868
4159,2013-12-23 22:50:00,134.44325
4159,2013-12-23 23:00:00,106.966705
4159,2013-12-23 23:00:00,0.4213868
4159,2013-12-23 23:10:00,0.0055768173
4159,2013-12-23 23:10:00,95.30662
4159,2013-12-23 23:20:00,111.020615
4159,2013-12-23 23:20:00,0.4213868
4159,2013-12-23 23:30:00,103.58458
4159,2013-12-23 23:40:00,110.40118
4159,2013-12-23 23:50:00,102.6179
4159,2013-12-23 23:50:00,0.02239097
4159,2013-12-24 00:00:00,100.778404
4159,2013-12-24 00:00:00,0.8427736
4159,2013-12-24 00:10:00,89.12377
4159,2013-12-24 00:10:00,0.006651706
4159,2013-12-24 00:20:00,84.33011
4159,2013-12-24 00:30:00,90.05195
4159,2013-12-24 00:30:00,0.8427736
4159,2013-12-24 00:40:00,0.013303412
4159,2013-12-24 00:40:00,0.29327068
4159,2013-12-24 00:40:00,91.007675
4159,2013-12-24 00:50:00,86.129234
4159,2013-12-24 01:00:00,82.06818
4159,2013-12-24 01:00:00,0.29327068
4159,2013-12-24 01:10:00,85.43761
4159,2013-12-24 01:10:00,0.8427736
4159,2013-12-24 01:20:00,77.86895
4159,2013-12-24 01:30:00,86.08618
4159,2013-12-24 01:40:00,78.36309
4159,2013-12-24 01:40:00,0.4213868
4159,2013-12-24 01:50:00,74.55984
4159,2013-12-24 01:50:00,0.4213868
4159,2013-12-24 02:00:00,77.86798
4159,2013-12-24 02:10:00,71.67087
4159,2013-12-24 02:10:00,0.4213868
4159,2013-12-24 02:20:00,78.28242
4159,2013-12-24 02:30:00,81.25112
4159,2013-12-24 02:30:00,0.4213868
4159,2013-12-24 02:40:00,81.62286
4159,2013-12-24 02:50:00,72.45879
4159,2013-12-24 03:00:00,76.349236
4159,2013-12-24 03:10:00,81.97933
4159,2013-12-24 03:10:00,0.4213868
4159,2013-12-24 03:20:00,75.27566
4159,2013-12-24 03:30:00,79.013336
4159,2013-12-24 03:40:00,67.42755
4159,2013-12-24 03:40:00,0.4213868
4159,2013-12-24 03:50:00,76.44785
4159,2013-12-24 04:00:00,76.20367
4159,2013-12-24 04:10:00,72.48936
4159,2013-12-24 04:20:00,0.4213868
4159,2013-12-24 04:20:00,69.03067
4159,2013-12-24 04:20:00,0.4213868
4159,2013-12-24 04:30:00,77.93372
4159,2013-12-24 04:40:00,74.233505
4159,2013-12-24 04:50:00,75.17671
4159,2013-12-24 05:00:00,83.93235
4159,2013-12-24 05:00:00,0.4213868
4159,2013-12-24 05:10:00,66.94228
4159,2013-12-24 05:20:00,72.81228
4159,2013-12-24 05:30:00,83.37652
4159,2013-12-24 05:40:00,75.44178
4159,2013-12-24 05:40:00,0.4213868
4159,2013-12-24 05:50:00,0.29327068
4159,2013-12-24 05:50:00,81.877014
4159,2013-12-24 06:00:00,86.92579
4159,2013-12-24 06:10:00,0.015739262
4159,2013-12-24 06:10:00,80.28279
4159,2013-12-24 06:10:00,0.4213868
4159,2013-12-24 06:10:00,0.4213868
4159,2013-12-24 06:20:00,0.015739262
4159,2013-12-24 06:20:00,90.01272
4159,2013-12-24 06:20:00,0.4213868
4159,2013-12-24 06:30:00,99.62185
4159,2013-12-24 06:30:00,0.015739262
4159,2013-12-24 06:40:00,0.2999224
4159,2013-12-24 06:40:00,100.00731
4159,2013-12-24 06:40:00,0.006651706
4159,2013-12-24 06:50:00,103.32028
4159,2013-12-24 06:50:00,0.03325853
4159,2013-12-24 06:50:00,0.4213868
4159,2013-12-24 07:00:00,119.73058
4159,2013-12-24 07:10:00,0.006651706
4159,2013-12-24 07:10:00,115.26717
4159,2013-12-24 07:20:00,0.4213868
4159,2013-12-24 07:20:00,129.80922
4159,2013-12-24 07:30:00,130.23291
4159,2013-12-24 07:30:00,0.4213868
4159,2013-12-24 07:40:00,136.72711
4159,2013-12-24 07:50:00,136.28336
4159,2013-12-24 07:50:00,0.8427736
4159,2013-12-24 07:50:00,0.4213868
4159,2013-12-24 08:00:00,131.23122
4159,2013-12-24 08:00:00,0.006651706
4159,2013-12-24 08:10:00,0.006651706
4159,2013-12-24 08:10:00,136.22511
4159,2013-12-24 08:10:00,0.4213868
4159,2013-12-24 08:10:00,0.4213868
4159,2013-12-24 08:20:00,142.07483
4159,2013-12-24 08:20:00,1.1360443
4159,2013-12-24 08:30:00,133.43001
4159,2013-12-24 08:30:00,0.4213868
4159,2013-12-24 08:30:00,0.006651706
4159,2013-12-24 08:40:00,128.04684
4159,2013-12-24 08:40:00,0.4213868
4159,2013-12-24 08:50:00,138.99292
4159,2013-12-24 08:50:00,0.4213868
4159,2013-12-24 09:00:00,136.12001
4159,2013-12-24 09:00:00,0.2999224
4159,2013-12-24 09:00:00,0.006651706
4159,2013-12-24 09:10:00,164.28368
4159,2013-12-24 09:10:00,0.44134194
4159,2013-12-24 09:10:00,0.006651706
4159,2013-12-24 09:20:00,0.4213868
4159,2013-12-24 09:20:00,167.90718
4159,2013-12-24 09:20:00,0.4213868
4159,2013-12-24 09:20:00,0.4213868
4159,2013-12-24 09:20:00,0.006651706
4159,2013-12-24 09:30:00,153.49959
4159,2013-12-24 09:30:00,0.8427736
4159,2013-12-24 09:30:00,0.4213868
4159,2013-12-24 09:40:00,148.45157
4159,2013-12-24 09:40:00,0.8427736
4159,2013-12-24 09:50:00,168.15991
4159,2013-12-24 09:50:00,0.006651706
4159,2013-12-24 10:00:00,140.80083
4159,2013-12-24 10:00:00,0.4280385
4159,2013-12-24 10:10:00,149.0485
4159,2013-12-24 10:10:00,0.4213868
4159,2013-12-24 10:20:00,0.4213868
4159,2013-12-24 10:20:00,148.71715
4159,2013-12-24 10:20:00,0.015739262
4159,2013-12-24 10:30:00,140.38986
4159,2013-12-24 10:30:00,0.037054002
4159,2013-12-24 10:40:00,141.06296
4159,2013-12-24 10:40:00,0.4213868
4159,2013-12-24 10:40:00,0.29327068
4159,2013-12-24 10:50:00,138.38828
4159,2013-12-24 10:50:00,0.4213868
4159,2013-12-24 11:00:00,0.8427736
4159,2013-12-24 11:00:00,142.44118
4159,2013-12-24 11:10:00,136.59665
4159,2013-12-24 11:20:00,146.37254
4159,2013-12-24 11:30:00,0.87981206
4159,2013-12-24 11:30:00,155.52905
4159,2013-12-24 11:30:00,0.4213868
4159,2013-12-24 11:40:00,0.4213868
4159,2013-12-24 11:40:00,132.46423
4159,2013-12-24 11:50:00,156.31242
4159,2013-12-24 11:50:00,0.006651706
4159,2013-12-24 11:50:00,1.6988506
4159,2013-12-24 12:00:00,167.54376
4159,2013-12-24 12:00:00,0.4213868
4159,2013-12-24 12:00:00,0.4213868
4159,2013-12-24 12:10:00,162.1185
4159,2013-12-24 12:20:00,164.32036
4159,2013-12-24 12:30:00,148.03116
4159,2013-12-24 12:30:00,0.4213868
4159,2013-12-24 12:40:00,144.23479
4159,2013-12-24 12:40:00,0.4213868
4159,2013-12-24 12:40:00,0.29327068
4159,2013-12-24 12:50:00,153.07132
4159,2013-12-24 13:00:00,0.4213868
4159,2013-12-24 13:00:00,135.63406
4159,2013-12-24 13:10:00,0.4213868
4159,2013-12-24 13:10:00,146.10335
4159,2013-12-24 13:10:00,0.4213868
4159,2013-12-24 13:20:00,0.4213868
4159,2013-12-24 13:20:00,150.82188
4159,2013-12-24 13:30:00,156.99939
4159,2013-12-24 13:30:00,0.4213868
4159,2013-12-24 13:40:00,176.05959
4159,2013-12-24 13:40:00,0.4213868
4159,2013-12-24 13:40:00,0.4213868
4159,2013-12-24 13:50:00,141.21115
4159,2013-12-24 13:50:00,0.4213868
4159,2013-12-24 14:00:00,186.78084
4159,2013-12-24 14:10:00,146.82886
4159,2013-12-24 14:10:00,0.015739262
4159,2013-12-24 14:20:00,0.4213868
4159,2013-12-24 14:20:00,152.39522
4159,2013-12-24 14:20:00,0.4213868
4159,2013-12-24 14:30:00,144.05424
4159,2013-12-24 14:30:00,0.4213868
4159,2013-12-24 14:40:00,146.94917
4159,2013-12-24 14:50:00,130.71648
4159,2013-12-24 14:50:00,0.4213868
4159,2013-12-24 15:00:00,152.14214
4159,2013-12-24 15:00:00,0.90277314
4159,2013-12-24 15:00:00,0.4213868
4159,2013-12-24 15:10:00,142.70488
4159,2013-12-24 15:20:00,139.7855
4159,2013-12-24 15:20:00,0.4213868
4159,2013-12-24 15:20:00,0.8427736
4159,2013-12-24 15:30:00,127.75318
4159,2013-12-24 15:30:00,0.015739262
4159,2013-12-24 15:40:00,140.45409
4159,2013-12-24 15:40:00,0.4213868
4159,2013-12-24 15:50:00,132.14037
4159,2013-12-24 15:50:00,0.29327068
4159,2013-12-24 16:00:00,0.4280385
4159,2013-12-24 16:00:00,124.83406
4159,2013-12-24 16:00:00,0.4213868
4159,2013-12-24 16:10:00,0.4213868
4159,2013-12-24 16:10:00,131.48848
4159,2013-12-24 16:20:00,121.76395
4159,2013-12-24 16:20:00,0.2999224
4159,2013-12-24 16:30:00,148.47968
4159,2013-12-24 16:30:00,0.4213868
4159,2013-12-24 16:30:00,0.015739262
4159,2013-12-24 16:30:00,0.027884087
4159,2013-12-24 16:40:00,158.25575
4159,2013-12-24 16:40:00,0.006651706
4159,2013-12-24 16:50:00,142.37119
4159,2013-12-24 16:50:00,0.006651706
4159,2013-12-24 17:00:00,125.24354
4159,2013-12-24 17:00:00,0.4213868
4159,2013-12-24 17:00:00,0.0055768173
4159,2013-12-24 17:10:00,133.09506
4159,2013-12-24 17:20:00,112.2308
4159,2013-12-24 17:30:00,118.855446
4159,2013-12-24 17:30:00,0.44377777
4159,2013-12-24 17:40:00,0.015739262
4159,2013-12-24 17:40:00,106.00563
4159,2013-12-24 17:40:00,0.29327068
4159,2013-12-24 17:40:00,0.29327068
4159,2013-12-24 17:50:00,0.29327068
4159,2013-12-24 17:50:00,114.927216
4159,2013-12-24 17:50:00,0.29327068
4159,2013-12-24 18:00:00,128.35262
4159,2013-12-24 18:00:00,0.006651706
4159,2013-12-24 18:00:00,0.011153635
4159,2013-12-24 18:10:00,0.4213868
4159,2013-12-24 18:10:00,122.72074
4159,2013-12-24 18:10:00,0.43712607
4159,2013-12-24 18:20:00,0.29327068
4159,2013-12-24 18:20:00,118.63922
4159,2013-12-24 18:20:00,0.015739262
4159,2013-12-24 18:20:00,0.4213868
4159,2013-12-24 18:30:00,110.364746
4159,2013-12-24 18:30:00,0.4213868
4159,2013-12-24 18:40:00,138.71361
4159,2013-12-24 18:40:00,0.006651706
4159,2013-12-24 18:40:00,0.0055768173
4159,2013-12-24 18:50:00,130.62155
4159,2013-12-24 18:50:00,0.4213868
4159,2013-12-24 19:00:00,108.46959
4159,2013-12-24 19:00:00,0.006651706
4159,2013-12-24 19:00:00,0.4213868
4159,2013-12-24 19:10:00,132.2069
4159,2013-12-24 19:10:00,0.015739262
4159,2013-12-24 19:10:00,0.016730452
4159,2013-12-24 19:20:00,140.8641
4159,2013-12-24 19:20:00,0.4280385
4159,2013-12-24 19:20:00,0.4213868
4159,2013-12-24 19:20:00,0.006651706
4159,2013-12-24 19:20:00,0.02230727
4159,2013-12-24 19:30:00,0.015739262
4159,2013-12-24 19:30:00,106.93522
4159,2013-12-24 19:30:00,0.016730452
4159,2013-12-24 19:40:00,119.64026
4159,2013-12-24 19:40:00,0.015739262
4159,2013-12-24 19:40:00,0.011153635
4159,2013-12-24 19:50:00,124.36268
4159,2013-12-24 19:50:00,0.4213868
4159,2013-12-24 19:50:00,0.0055768173
4159,2013-12-24 20:00:00,113.98507
4159,2013-12-24 20:00:00,0.006651706
4159,2013-12-24 20:00:00,0.011153635
4159,2013-12-24 20:10:00,114.14145
4159,2013-12-24 20:20:00,101.53511
4159,2013-12-24 20:20:00,0.4213868
4159,2013-12-24 20:20:00,0.011153635
4159,2013-12-24 20:30:00,99.9684
4159,2013-12-24 20:30:00,0.0055768173
4159,2013-12-24 20:40:00,102.79495
4159,2013-12-24 20:40:00,0.006651706
4159,2013-12-24 20:40:00,0.011153635
4159,2013-12-24 20:50:00,116.644585
4159,2013-12-24 21:00:00,103.85197
4159,2013-12-24 21:00:00,0.006651706
4159,2013-12-24 21:00:00,0.4213868
4159,2013-12-24 21:00:00,0.0055768173
4159,2013-12-24 21:10:00,113.00064
4159,2013-12-24 21:10:00,0.4213868
4159,2013-12-24 21:10:00,0.027884087
4159,2013-12-24 21:20:00,114.84412
4159,2013-12-24 21:20:00,0.0055768173
4159,2013-12-24 21:30:00,110.25119
4159,2013-12-24 21:30:00,0.4213868
4159,2013-12-24 21:40:00,0.29327068
4159,2013-12-24 21:40:00,0.006651706
4159,2013-12-24 21:40:00,116.42419
4159,2013-12-24 21:50:00,0.006651706
4159,2013-12-24 21:50:00,0.026606824
4159,2013-12-24 21:50:00,106.871025
4159,2013-12-24 22:00:00,117.6864
4159,2013-12-24 22:00:00,0.4213868
4159,2013-12-24 22:10:00,115.58022
4159,2013-12-24 22:20:00,115.92154
4159,2013-12-24 22:30:00,114.998405
4159,2013-12-24 22:40:00,111.38976
4159,2013-12-24 22:50:00,112.16838
4159,2013-12-24 23:00:00,0.4213868
4159,2013-12-24 23:00:00,106.26334
4159,2013-12-24 23:00:00,0.015739262
4159,2013-12-24 23:10:00,111.17698
4159,2013-12-24 23:10:00,0.015739262
4159,2013-12-24 23:20:00,109.189865
4159,2013-12-24 23:30:00,93.41671
4159,2013-12-24 23:30:00,0.2999224
4159,2013-12-24 23:40:00,0.006651706
4159,2013-12-24 23:40:00,86.72851
4159,2013-12-24 23:40:00,0.4213868
4159,2013-12-24 23:50:00,0.01995512
4159,2013-12-24 23:50:00,107.87012
4159,2013-12-25 00:00:00,97.85548
4159,2013-12-25 00:00:00,0.4213868
4159,2013-12-25 00:10:00,113.24191
4159,2013-12-25 00:10:00,0.4213868
4159,2013-12-25 00:20:00,106.75766
4159,2013-12-25 00:20:00,0.4213868
4159,2013-12-25 00:30:00,91.04695
4159,2013-12-25 00:40:00,98.11147
4159,2013-12-25 00:40:00,0.29327068
4159,2013-12-25 00:50:00,89.766464
4159,2013-12-25 00:50:00,0.4213868
4159,2013-12-25 01:00:00,80.874756
4159,2013-12-25 01:10:00,98.51599
4159,2013-12-25 01:20:00,0.29327068
4159,2013-12-25 01:20:00,91.87137
4159,2013-12-25 01:30:00,77.08913
4159,2013-12-25 01:40:00,89.58483
4159,2013-12-25 01:50:00,74.42283
4159,2013-12-25 01:50:00,0.8427736
4159,2013-12-25 02:00:00,75.733315
4159,2013-12-25 02:10:00,82.94319
4159,2013-12-25 02:20:00,83.598236
4159,2013-12-25 02:30:00,80.63186
4159,2013-12-25 02:30:00,0.4213868
4159,2013-12-25 02:40:00,76.61479
4159,2013-12-25 02:50:00,78.46032
4159,2013-12-25 02:50:00,0.29327068
4159,2013-12-25 03:00:00,79.93554
4159,2013-12-25 03:00:00,0.4213868
4159,2013-12-25 03:10:00,76.74617
4159,2013-12-25 03:20:00,80.66551
4159,2013-12-25 03:30:00,75.24393
4159,2013-12-25 03:30:00,0.4213868
4159,2013-12-25 03:40:00,74.37998
4159,2013-12-25 03:50:00,72.07246
4159,2013-12-25 04:00:00,70.39949
4159,2013-12-25 04:00:00,0.29327068
4159,2013-12-25 04:10:00,67.25135
4159,2013-12-25 04:10:00,0.4213868
4159,2013-12-25 04:20:00,73.62222
4159,2013-12-25 04:30:00,63.455387
4159,2013-12-25 04:40:00,67.44187
4159,2013-12-25 04:40:00,0.4213868
4159,2013-12-25 04:50:00,70.91485
4159,2013-12-25 05:00:00,61.58549
4159,2013-12-25 05:10:00,76.15399
4159,2013-12-25 05:10:00,0.4213868
4159,2013-12-25 05:20:00,80.272026
4159,2013-12-25 05:30:00,77.30323
4159,2013-12-25 05:30:00,0.29327068
4159,2013-12-25 05:40:00,78.48924
4159,2013-12-25 05:50:00,67.537094
4159,2013-12-25 05:50:00,0.4213868
4159,2013-12-25 06:00:00,63.89286
4159,2013-12-25 06:10:00,84.561485
4159,2013-12-25 06:20:00,76.598495
4159,2013-12-25 06:30:00,68.55516
4159,2013-12-25 06:40:00,71.14807
4159,2013-12-25 06:50:00,77.04023
4159,2013-12-25 06:50:00,0.4213868
4159,2013-12-25 07:00:00,75.38233
4159,2013-12-25 07:10:00,74.08829
4159,2013-12-25 07:20:00,72.88115
4159,2013-12-25 07:20:00,0.4213868
4159,2013-12-25 07:30:00,77.45173
4159,2013-12-25 07:40:00,76.36843
4159,2013-12-25 07:50:00,90.99529
4159,2013-12-25 07:50:00,0.4213868
4159,2013-12-25 08:00:00,76.64161
4159,2013-12-25 08:00:00,0.4213868
4159,2013-12-25 08:10:00,99.699715
4159,2013-12-25 08:10:00,0.006651706
4159,2013-12-25 08:20:00,85.89626
4159,2013-12-25 08:20:00,0.4213868
4159,2013-12-25 08:30:00,92.56053
4159,2013-12-25 08:40:00,106.278305
4159,2013-12-25 08:50:00,85.32362
4159,2013-12-25 09:00:00,0.015739262
4159,2013-12-25 09:00:00,106.437515
4159,2013-12-25 09:00:00,0.4213868
4159,2013-12-25 09:10:00,88.35108
4159,2013-12-25 09:10:00,0.006651706
4159,2013-12-25 09:20:00,95.85424
4159,2013-12-25 09:30:00,107.14531
4159,2013-12-25 09:30:00,0.006651706
4159,2013-12-25 09:30:00,0.4213868
4159,2013-12-25 09:40:00,108.44533
4159,2013-12-25 09:50:00,0.4213868
4159,2013-12-25 09:50:00,106.8586
4159,2013-12-25 10:00:00,103.9477
4159,2013-12-25 10:00:00,0.4213868
4159,2013-12-25 10:10:00,102.23141
4159,2013-12-25 10:20:00,96.9625
4159,2013-12-25 10:30:00,109.63151
4159,2013-12-25 10:40:00,130.76613
4159,2013-12-25 10:40:00,0.4213868
4159,2013-12-25 10:50:00,136.22073
4159,2013-12-25 10:50:00,0.4213868
4159,2013-12-25 10:50:00,0.4213868
4159,2013-12-25 11:00:00,114.20657
4159,2013-12-25 11:10:00,118.91731
4159,2013-12-25 11:10:00,0.4213868
4159,2013-12-25 11:20:00,0.4213868
4159,2013-12-25 11:20:00,110.446815
4159,2013-12-25 11:20:00,0.4213868
4159,2013-12-25 11:20:00,0.006651706
4159,2013-12-25 11:30:00,0.4213868
4159,2013-12-25 11:30:00,113.85311
4159,2013-12-25 11:30:00,0.29327068
4159,2013-12-25 11:40:00,120.269295
4159,2013-12-25 11:40:00,0.4213868
4159,2013-12-25 11:40:00,0.006651706
4159,2013-12-25 11:50:00,0.29327068
4159,2013-12-25 11:50:00,106.331894
4159,2013-12-25 12:00:00,0.015739262
4159,2013-12-25 12:00:00,122.08803
4159,2013-12-25 12:00:00,0.006651706
4159,2013-12-25 12:10:00,108.62091
4159,2013-12-25 12:10:00,0.015739262
4159,2013-12-25 12:20:00,93.83214
4159,2013-12-25 12:20:00,0.4213868
4159,2013-12-25 12:30:00,93.66696
4159,2013-12-25 12:40:00,97.28295
4159,2013-12-25 12:50:00,104.90488
4159,2013-12-25 12:50:00,0.4213868
4159,2013-12-25 12:50:00,0.8494253
4159,2013-12-25 13:00:00,85.291176
4159,2013-12-25 13:10:00,85.59153
4159,2013-12-25 13:20:00,83.29129
4159,2013-12-25 13:20:00,0.4213868
4159,2013-12-25 13:30:00,77.017975
4159,2013-12-25 13:40:00,82.53676
4159,2013-12-25 13:50:00,80.264275
4159,2013-12-25 14:00:00,86.951164
4159,2013-12-25 14:10:00,89.230255
4159,2013-12-25 14:10:00,0.006651706
4159,2013-12-25 14:20:00,80.88686
4159,2013-12-25 14:30:00,84.06195
4159,2013-12-25 14:40:00,0.8427736
4159,2013-12-25 14:40:00,81.92068
4159,2013-12-25 14:50:00,94.59079
4159,2013-12-25 15:00:00,84.27348
4159,2013-12-25 15:00:00,0.4213868
4159,2013-12-25 15:10:00,86.12774
4159,2013-12-25 15:10:00,0.006651706
4159,2013-12-25 15:20:00,91.81316
4159,2013-12-25 15:30:00,84.00611
4159,2013-12-25 15:40:00,0.8427736
4159,2013-12-25 15:40:00,111.89107
4159,2013-12-25 15:40:00,0.4213868
4159,2013-12-25 15:50:00,103.97818
4159,2013-12-25 15:50:00,0.4213868
4159,2013-12-25 16:00:00,0.4213868
4159,2013-12-25 16:00:00,92.06826
4159,2013-12-25 16:10:00,101.3435
4159,2013-12-25 16:20:00,120.865616
4159,2013-12-25 16:20:00,0.4213868
4159,2013-12-25 16:30:00,109.74448
4159,2013-12-25 16:40:00,107.94318
4159,2013-12-25 16:40:00,0.4213868
4159,2013-12-25 16:50:00,0.006651706
4159,2013-12-25 16:50:00,102.25044
4159,2013-12-25 17:00:00,0.4213868
4159,2013-12-25 17:00:00,90.965996
4159,2013-12-25 17:00:00,0.006651706
4159,2013-12-25 17:10:00,104.6244
4159,2013-12-25 17:10:00,0.4213868
4159,2013-12-25 17:20:00,0.006651706
4159,2013-12-25 17:20:00,106.316185
4159,2013-12-25 17:30:00,122.61805
4159,2013-12-25 17:40:00,101.530685
4159,2013-12-25 17:40:00,0.4213868
4159,2013-12-25 17:40:00,0.006651706
4159,2013-12-25 17:50:00,97.436485
4159,2013-12-25 17:50:00,0.4213868
4159,2013-12-25 18:00:00,96.47512
4159,2013-12-25 18:00:00,0.006651706
4159,2013-12-25 18:10:00,109.883606
4159,2013-12-25 18:10:00,0.4280385
4159,2013-12-25 18:20:00,91.04335
4159,2013-12-25 18:20:00,0.006651706
4159,2013-12-25 18:30:00,101.24054
4159,2013-12-25 18:40:00,117.83569
4159,2013-12-25 18:40:00,0.013303412
4159,2013-12-25 18:50:00,82.274994
4159,2013-12-25 18:50:00,0.015739262
4159,2013-12-25 18:50:00,0.4213868
4159,2013-12-25 19:00:00,103.4035
4159,2013-12-25 19:00:00,0.90277314
4159,2013-12-25 19:10:00,0.015739262
4159,2013-12-25 19:10:00,103.2427
4159,2013-12-25 19:10:00,0.006651706
4159,2013-12-25 19:10:00,1.932197
4159,2013-12-25 19:20:00,78.49957
4159,2013-12-25 19:20:00,0.4280385
4159,2013-12-25 19:30:00,0.4213868
4159,2013-12-25 19:30:00,122.97346
4159,2013-12-25 19:40:00,104.40028
4159,2013-12-25 19:50:00,101.68443
4159,2013-12-25 19:50:00,0.4346902
4159,2013-12-25 20:00:00,0.006651706
4159,2013-12-25 20:00:00,110.16094
4159,2013-12-25 20:00:00,0.4213868
4159,2013-12-25 20:10:00,91.508514
4159,2013-12-25 20:20:00,108.10865
4159,2013-12-25 20:20:00,0.4346902
4159,2013-12-25 20:30:00,126.121666
4159,2013-12-25 20:30:00,0.29327068
4159,2013-12-25 20:40:00,95.24275
4159,2013-12-25 20:50:00,106.27222
4159,2013-12-25 21:00:00,120.97338
4159,2013-12-25 21:00:00,0.015739262
4159,2013-12-25 21:00:00,0.4346902
4159,2013-12-25 21:10:00,118.41271
4159,2013-12-25 21:20:00,104.57678
4159,2013-12-25 21:30:00,119.19426
4159,2013-12-25 21:30:00,0.4280385
4159,2013-12-25 21:30:00,0.4213868
4159,2013-12-25 21:40:00,118.4126
4159,2013-12-25 21:40:00,0.0055768173
4159,2013-12-25 21:50:00,103.70824
4159,2013-12-25 22:00:00,95.86502
4159,2013-12-25 22:00:00,0.4213868
4159,2013-12-25 22:10:00,0.013303412
4159,2013-12-25 22:10:00,99.52555
4159,2013-12-25 22:10:00,0.006651706
4159,2013-12-25 22:20:00,91.17112
4159,2013-12-25 22:20:00,1.0145799
4159,2013-12-25 22:30:00,92.48021
4159,2013-12-25 22:30:00,0.8427736
4159,2013-12-25 22:40:00,96.34771
4159,2013-12-25 22:40:00,0.4280385
4159,2013-12-25 22:50:00,91.03862
4159,2013-12-25 23:00:00,110.78907
4159,2013-12-25 23:00:00,0.4213868
4159,2013-12-25 23:10:00,104.02229
4159,2013-12-25 23:10:00,0.4213868
4159,2013-12-25 23:20:00,0.4213868
4159,2013-12-25 23:20:00,0.015739262
4159,2013-12-25 23:20:00,87.15375
4159,2013-12-25 23:20:00,0.29327068
4159,2013-12-25 23:20:00,0.006651706
4159,2013-12-25 23:30:00,95.954475
4159,2013-12-25 23:40:00,98.71369
4159,2013-12-25 23:40:00,0.4213868
4159,2013-12-25 23:50:00,97.05521
4159,2013-12-26 00:00:00,104.965485
4159,2013-12-26 00:00:00,0.006651706
4159,2013-12-26 00:10:00,97.30489
4159,2013-12-26 00:20:00,102.5062
4159,2013-12-26 00:20:00,0.4213868
4159,2013-12-26 00:30:00,107.07244
4159,2013-12-26 00:30:00,0.006651706
4159,2013-12-26 00:40:00,88.499825
4159,2013-12-26 00:50:00,88.37036
4159,2013-12-26 00:50:00,0.4213868
4159,2013-12-26 01:00:00,86.752014
4159,2013-12-26 01:10:00,80.90521
4159,2013-12-26 01:10:00,0.006651706
4159,2013-12-26 01:20:00,79.00032
4159,2013-12-26 01:20:00,0.4213868
4159,2013-12-26 01:30:00,80.13121
4159,2013-12-26 01:30:00,0.29327068
4159,2013-12-26 01:40:00,84.83712
4159,2013-12-26 01:50:00,78.96772
4159,2013-12-26 01:50:00,0.4280385
4159,2013-12-26 02:00:00,77.84378
4159,2013-12-26 02:10:00,85.40301
4159,2013-12-26 02:20:00,71.08842
4159,2013-12-26 02:20:00,0.006651706
4159,2013-12-26 02:30:00,71.896324
4159,2013-12-26 02:30:00,0.4213868
4159,2013-12-26 02:40:00,82.01921
4159,2013-12-26 02:50:00,71.482864
4159,2013-12-26 03:00:00,70.89038
4159,2013-12-26 03:00:00,0.4280385
4159,2013-12-26 03:10:00,73.20936
4159,2013-12-26 03:20:00,65.30639
4159,2013-12-26 03:30:00,62.025597
4159,2013-12-26 03:30:00,0.4213868
4159,2013-12-26 03:40:00,68.38384
4159,2013-12-26 03:40:00,0.006651706
4159,2013-12-26 03:50:00,56.322563
4159,2013-12-26 04:00:00,61.943428
4159,2013-12-26 04:10:00,64.21195
4159,2013-12-26 04:10:00,0.4213868
4159,2013-12-26 04:20:00,53.398186
4159,2013-12-26 04:20:00,0.006651706
4159,2013-12-26 04:30:00,55.386097
4159,2013-12-26 04:40:00,64.065216
4159,2013-12-26 04:40:00,0.4213868
4159,2013-12-26 04:50:00,0.4213868
4159,2013-12-26 04:50:00,59.100727
4159,2013-12-26 04:50:00,0.006651706
4159,2013-12-26 05:00:00,55.007847
4159,2013-12-26 05:10:00,62.540253
4159,2013-12-26 05:10:00,0.4280385
4159,2013-12-26 05:20:00,55.942642
4159,2013-12-26 05:30:00,60.478977
4159,2013-12-26 05:30:00,0.006651706
4159,2013-12-26 05:40:00,0.4213868
4159,2013-12-26 05:40:00,66.28536
4159,2013-12-26 05:50:00,62.04224
4159,2013-12-26 05:50:00,0.4213868
4159,2013-12-26 06:00:00,66.67351
4159,2013-12-26 06:10:00,74.572105
4159,2013-12-26 06:10:00,0.4280385
4159,2013-12-26 06:20:00,72.254906
4159,2013-12-26 06:30:00,72.41667
4159,2013-12-26 06:40:00,71.88659
4159,2013-12-26 06:40:00,0.006651706
4159,2013-12-26 06:50:00,83.2799
4159,2013-12-26 06:50:00,0.4213868
4159,2013-12-26 07:00:00,67.18317
4159,2013-12-26 07:10:00,78.77094
4159,2013-12-26 07:20:00,76.60427
4159,2013-12-26 07:20:00,0.4280385
4159,2013-12-26 07:30:00,69.54418
4159,2013-12-26 07:40:00,85.243454
4159,2013-12-26 07:50:00,72.759605
4159,2013-12-26 07:50:00,0.4280385
4159,2013-12-26 08:00:00,65.88314
4159,2013-12-26 08:10:00,85.40049
4159,2013-12-26 08:20:00,81.14634
4159,2013-12-26 08:20:00,1.2708122
4159,2013-12-26 08:30:00,89.18823
4159,2013-12-26 08:30:00,0.006651706
4159,2013-12-26 08:40:00,0.4213868
4159,2013-12-26 08:40:00,81.07838
4159,2013-12-26 08:50:00,84.712944
4159,2013-12-26 09:00:00,0.015739262
4159,2013-12-26 09:00:00,90.281044
4159,2013-12-26 09:00:00,0.4213868
4159,2013-12-26 09:10:00,98.69645
4159,2013-12-26 09:20:00,81.49356
4159,2013-12-26 09:30:00,78.42976
4159,2013-12-26 09:30:00,0.4280385
4159,2013-12-26 09:40:00,95.71317
4159,2013-12-26 09:50:00,80.954315
4159,2013-12-26 10:00:00,98.62069
4159,2013-12-26 10:00:00,0.4280385
4159,2013-12-26 10:10:00,83.58381
4159,2013-12-26 10:20:00,86.35903
4159,2013-12-26 10:30:00,86.768654
4159,2013-12-26 10:40:00,88.806755
4159,2013-12-26 10:40:00,0.4280385
4159,2013-12-26 10:40:00,0.29327068
4159,2013-12-26 10:50:00,93.931335
4159,2013-12-26 11:00:00,88.12954
4159,2013-12-26 11:10:00,86.448524
4159,2013-12-26 11:10:00,0.4280385
4159,2013-12-26 11:20:00,99.0309
4159,2013-12-26 11:30:00,0.8427736
4159,2013-12-26 11:30:00,86.888016
4159,2013-12-26 11:30:00,0.006651706
4159,2013-12-26 11:30:00,0.29327068
4159,2013-12-26 11:40:00,96.645515
4159,2013-12-26 11:40:00,0.4213868
4159,2013-12-26 11:50:00,89.0715
4159,2013-12-26 11:50:00,0.4213868
4159,2013-12-26 12:00:00,86.652145
4159,2013-12-26 12:10:00,90.89889
4159,2013-12-26 12:10:00,0.4213868
4159,2013-12-26 12:20:00,88.48409
4159,2013-12-26 12:30:00,83.30768
4159,2013-12-26 12:40:00,92.09995
4159,2013-12-26 12:40:00,0.006651706
4159,2013-12-26 12:50:00,75.69465
4159,2013-12-26 13:00:00,80.880905
4159,2013-12-26 13:10:00,82.85577
4159,2013-12-26 13:10:00,0.006651706
4159,2013-12-26 13:10:00,0.4213868
4159,2013-12-26 13:20:00,82.64856
4159,2013-12-26 13:30:00,76.662224
4159,2013-12-26 13:40:00,80.33869
4159,2013-12-26 13:50:00,86.75451
4159,2013-12-26 13:50:00,0.006651706
4159,2013-12-26 14:00:00,84.55332
4159,2013-12-26 14:00:00,0.4213868
4159,2013-12-26 14:10:00,72.84338
4159,2013-12-26 14:10:00,0.8427736
4159,2013-12-26 14:10:00,0.006651706
4159,2013-12-26 14:20:00,101.54896
4159,2013-12-26 14:20:00,0.006651706
4159,2013-12-26 14:30:00,104.94138
4159,2013-12-26 14:40:00,101.41811
4159,2013-12-26 14:40:00,0.006651706
4159,2013-12-26 14:50:00,113.42172
4159,2013-12-26 14:50:00,0.006651706
4159,2013-12-26 15:00:00,118.07937
4159,2013-12-26 15:10:00,0.7146575
4159,2013-12-26 15:10:00,111.097145
4159,2013-12-26 15:10:00,0.006651706
4159,2013-12-26 15:20:00,112.4363
4159,2013-12-26 15:30:00,124.41093
4159,2013-12-26 15:30:00,0.006651706
4159,2013-12-26 15:40:00,0.29327068
4159,2013-12-26 15:40:00,127.02639
4159,2013-12-26 15:40:00,0.015739262
4159,2013-12-26 15:40:00,0.006651706
4159,2013-12-26 15:50:00,93.17304
4159,2013-12-26 16:00:00,84.99155
4159,2013-12-26 16:00:00,0.006651706
4159,2013-12-26 16:10:00,0.4213868
4159,2013-12-26 16:10:00,110.01375
4159,2013-12-26 16:20:00,98.45812
4159,2013-12-26 16:20:00,0.006651706
4159,2013-12-26 16:30:00,113.99701
4159,2013-12-26 16:30:00,0.006651706
4159,2013-12-26 16:40:00,0.012228523
4159,2013-12-26 16:40:00,100.28393
4159,2013-12-26 16:50:00,121.17813
4159,2013-12-26 16:50:00,0.006651706
4159,2013-12-26 17:00:00,116.29133
4159,2013-12-26 17:00:00,0.4280385
4159,2013-12-26 17:10:00,114.37178
4159,2013-12-26 17:10:00,0.29327068
4159,2013-12-26 17:20:00,104.80714
4159,2013-12-26 17:20:00,0.4280385
4159,2013-12-26 17:30:00,94.23108
4159,2013-12-26 17:30:00,0.4213868
4159,2013-12-26 17:40:00,103.59719
4159,2013-12-26 17:50:00,106.94799
4159,2013-12-26 17:50:00,0.29327068
4159,2013-12-26 18:00:00,0.015739262
4159,2013-12-26 18:00:00,109.8015
4159,2013-12-26 18:00:00,0.006651706
4159,2013-12-26 18:10:00,92.23143
4159,2013-12-26 18:10:00,0.013303412
4159,2013-12-26 18:20:00,98.810905
4159,2013-12-26 18:20:00,0.4213868
4159,2013-12-26 18:30:00,101.173134
4159,2013-12-26 18:30:00,0.006651706
4159,2013-12-26 18:40:00,116.11175
4159,2013-12-26 18:40:00,0.013303412
4159,2013-12-26 18:50:00,123.82046
4159,2013-12-26 19:00:00,113.833275
4159,2013-12-26 19:00:00,0.7146575
4159,2013-12-26 19:10:00,124.42968
4159,2013-12-26 19:10:00,0.006651706
4159,2013-12-26 19:20:00,111.427376
4159,2013-12-26 19:20:00,0.006651706
4159,2013-12-26 19:30:00,115.945114
4159,2013-12-26 19:40:00,135.55467
4159,2013-12-26 19:50:00,118.115944
4159,2013-12-26 19:50:00,0.006651706
4159,2013-12-26 19:50:00,0.4213868
4159,2013-12-26 20:00:00,113.26124
4159,2013-12-26 20:10:00,102.21025
4159,2013-12-26 20:10:00,0.013303412
4159,2013-12-26 20:20:00,113.09215
4159,2013-12-26 20:30:00,93.32695
4159,2013-12-26 20:30:00,0.006651706
4159,2013-12-26 20:40:00,99.37076
4159,2013-12-26 20:50:00,0.4213868
4159,2013-12-26 20:50:00,105.19845
4159,2013-12-26 21:00:00,88.93177
4159,2013-12-26 21:00:00,0.006651706
4159,2013-12-26 21:10:00,87.50723
4159,2013-12-26 21:20:00,108.429405
4159,2013-12-26 21:30:00,117.41638
4159,2013-12-26 21:30:00,0.4213868
4159,2013-12-26 21:40:00,95.554665
4159,2013-12-26 21:40:00,0.006651706
4159,2013-12-26 21:40:00,0.015739262
4159,2013-12-26 21:50:00,103.79644
4159,2013-12-26 22:00:00,98.535576
4159,2013-12-26 22:10:00,0.4213868
4159,2013-12-26 22:10:00,103.41879
4159,2013-12-26 22:10:00,0.006651706
4159,2013-12-26 22:20:00,111.6129
4159,2013-12-26 22:20:00,0.4213868
4159,2013-12-26 22:30:00,113.96937
4159,2013-12-26 22:40:00,121.92376
4159,2013-12-26 22:50:00,128.52328
4159,2013-12-26 22:50:00,0.006651706
4159,2013-12-26 22:50:00,0.7146575
4159,2013-12-26 23:00:00,124.812325
4159,2013-12-26 23:10:00,0.4213868
4159,2013-12-26 23:10:00,130.1681
4159,2013-12-26 23:20:00,154.15561
4159,2013-12-26 23:20:00,0.006651706
4159,2013-12-26 23:30:00,125.20583
4159,2013-12-26 23:40:00,111.34245
4159,2013-12-26 23:40:00,0.29327068
4159,2013-12-26 23:50:00,114.71756
4159,2013-12-27 00:00:00,90.58911
4159,2013-12-27 00:00:00,0.006651706
4159,2013-12-27 00:00:00,0.006651706
4159,2013-12-27 00:10:00,0.006651706
4159,2013-12-27 00:10:00,84.388084
4159,2013-12-27 00:20:00,88.359085
4159,2013-12-27 00:30:00,71.517555
4159,2013-12-27 00:40:00,75.996475
4159,2013-12-27 00:40:00,0.006651706
4159,2013-12-27 00:50:00,86.43682
4159,2013-12-27 01:00:00,72.16448
4159,2013-12-27 01:10:00,71.92484
4159,2013-12-27 01:10:00,0.006651706
4159,2013-12-27 01:20:00,79.97048
4159,2013-12-27 01:30:00,65.39704
4159,2013-12-27 01:40:00,74.52462
4159,2013-12-27 01:50:00,76.41038
4159,2013-12-27 01:50:00,0.006651706
4159,2013-12-27 02:00:00,70.199684
4159,2013-12-27 02:10:00,65.14778
4159,2013-12-27 02:20:00,76.645035
4159,2013-12-27 02:30:00,63.602295
4159,2013-12-27 02:30:00,0.006651706
4159,2013-12-27 02:40:00,67.83615
4159,2013-12-27 02:50:00,66.84994
4159,2013-12-27 03:00:00,57.844193
4159,2013-12-27 03:00:00,0.006651706
4159,2013-12-27 03:10:00,64.23359
4159,2013-12-27 03:20:00,75.97377
4159,2013-12-27 03:30:00,59.822773
4159,2013-12-27 03:40:00,64.232704
4159,2013-12-27 03:40:00,0.006651706
4159,2013-12-27 03:50:00,68.17882
4159,2013-12-27 04:00:00,54.649063
4159,2013-12-27 04:10:00,67.40037
4159,2013-12-27 04:20:00,64.42951
4159,2013-12-27 04:20:00,0.006651706
4159,2013-12-27 04:30:00,49.43948
4159,2013-12-27 04:40:00,60.587517
4159,2013-12-27 04:50:00,57.290714
4159,2013-12-27 04:50:00,0.006651706
4159,2013-12-27 05:00:00,50.704292
4159,2013-12-27 05:10:00,65.71547
4159,2013-12-27 05:20:00,68.00822
4159,2013-12-27 05:30:00,0.4213868
4159,2013-12-27 05:30:00,62.18503
4159,2013-12-27 05:30:00,0.006651706
4159,2013-12-27 05:30:00,0.006651706
4159,2013-12-27 05:40:00,0.4213868
4159,2013-12-27 05:40:00,64.839806
4159,2013-12-27 05:40:00,0.4213868
4159,2013-12-27 05:50:00,67.94419
4159,2013-12-27 06:00:00,70.01989
4159,2013-12-27 06:10:00,81.57214
4159,2013-12-27 06:10:00,0.006651706
4159,2013-12-27 06:20:00,81.97468
4159,2013-12-27 06:30:00,87.57034
4159,2013-12-27 06:40:00,95.96535
4159,2013-12-27 06:40:00,0.006651706
4159,2013-12-27 06:50:00,96.32209
4159,2013-12-27 06:50:00,0.006651706
4159,2013-12-27 07:00:00,76.05637
4159,2013-12-27 07:00:00,0.4213868
4159,2013-12-27 07:10:00,96.98439
4159,2013-12-27 07:10:00,0.006651706
4159,2013-12-27 07:20:00,131.01355
4159,2013-12-27 07:20:00,0.006651706
4159,2013-12-27 07:30:00,89.79886
4159,2013-12-27 07:40:00,103.15454
4159,2013-12-27 07:40:00,0.4213868
4159,2013-12-27 07:50:00,109.870186
4159,2013-12-27 07:50:00,0.006651706
4159,2013-12-27 07:50:00,0.006651706
4159,2013-12-27 08:00:00,107.43226
4159,2013-12-27 08:00:00,1.2641604
4159,2013-12-27 08:10:00,114.28368
4159,2013-12-27 08:10:00,0.4213868
4159,2013-12-27 08:20:00,131.4961
4159,2013-12-27 08:20:00,0.015739262
4159,2013-12-27 08:30:00,115.156746
4159,2013-12-27 08:30:00,0.006651706
4159,2013-12-27 08:40:00,128.00038
4159,2013-12-27 08:50:00,145.36362
4159,2013-12-27 08:50:00,0.015739262
4159,2013-12-27 09:00:00,127.63124
4159,2013-12-27 09:10:00,0.44377777
4159,2013-12-27 09:10:00,142.64677
4159,2013-12-27 09:10:00,0.006651706
4159,2013-12-27 09:20:00,148.6968
4159,2013-12-27 09:20:00,0.015739262
4159,2013-12-27 09:30:00,123.5254
4159,2013-12-27 09:40:00,145.5196
4159,2013-12-27 09:40:00,0.0055768173
4159,2013-12-27 09:40:00,0.006651706
4159,2013-12-27 09:40:00,0.006651706
4159,2013-12-27 09:50:00,143.1261
4159,2013-12-27 09:50:00,0.006651706
4159,2013-12-27 10:00:00,160.97858
4159,2013-12-27 10:00:00,0.015739262
4159,2013-12-27 10:10:00,151.15501
4159,2013-12-27 10:20:00,149.71523
4159,2013-12-27 10:20:00,0.006651706
4159,2013-12-27 10:30:00,134.0675
4159,2013-12-27 10:40:00,141.11133
4159,2013-12-27 10:50:00,144.26941
4159,2013-12-27 10:50:00,0.006651706
4159,2013-12-27 11:00:00,139.34123
4159,2013-12-27 11:00:00,0.015739262
4159,2013-12-27 11:00:00,0.48696315
4159,2013-12-27 11:10:00,0.90277314
4159,2013-12-27 11:10:00,134.52666
4159,2013-12-27 11:10:00,0.006651706
4159,2013-12-27 11:10:00,0.90277314
4159,2013-12-27 11:20:00,144.16464
4159,2013-12-27 11:30:00,132.49165
4159,2013-12-27 11:30:00,0.44377777
4159,2013-12-27 11:40:00,143.558
4159,2013-12-27 11:50:00,133.82027
4159,2013-12-27 11:50:00,0.006651706
4159,2013-12-27 12:00:00,126.4337
4159,2013-12-27 12:00:00,0.006651706
4159,2013-12-27 12:10:00,135.3355
4159,2013-12-27 12:10:00,0.015739262
4159,2013-12-27 12:20:00,119.8726
4159,2013-12-27 12:20:00,0.4280385
4159,2013-12-27 12:30:00,130.47287
4159,2013-12-27 12:40:00,131.91402
4159,2013-12-27 12:40:00,0.02239097
4159,2013-12-27 12:50:00,134.137
4159,2013-12-27 12:50:00,0.006651706
4159,2013-12-27 13:00:00,0.015739262
4159,2013-12-27 13:00:00,0.0055768173
4159,2013-12-27 13:00:00,119.70786
4159,2013-12-27 13:00:00,0.006651706
4159,2013-12-27 13:10:00,129.75903
4159,2013-12-27 13:10:00,0.029042674
4159,2013-12-27 13:10:00,0.29327068
4159,2013-12-27 13:20:00,136.01422
4159,2013-12-27 13:20:00,0.006651706
4159,2013-12-27 13:20:00,0.8427736
4159,2013-12-27 13:30:00,0.29327068
4159,2013-12-27 13:30:00,135.75925
4159,2013-12-27 13:30:00,0.4213868
4159,2013-12-27 13:40:00,0.015739262
4159,2013-12-27 13:40:00,142.63641
4159,2013-12-27 13:40:00,0.4213868
4159,2013-12-27 13:50:00,153.1338
4159,2013-12-27 13:50:00,0.02239097
4159,2013-12-27 13:50:00,0.4213868
4159,2013-12-27 14:00:00,0.031478524
4159,2013-12-27 14:00:00,139.06815
4159,2013-12-27 14:10:00,138.79482
4159,2013-12-27 14:20:00,0.015739262
4159,2013-12-27 14:20:00,128.35335
4159,2013-12-27 14:30:00,0.8106309
4159,2013-12-27 14:30:00,156.72543
4159,2013-12-27 14:40:00,184.99835
4159,2013-12-27 14:40:00,0.29327068
4159,2013-12-27 14:50:00,157.52051
4159,2013-12-27 14:50:00,0.006651706
4159,2013-12-27 15:00:00,196.52751
4159,2013-12-27 15:00:00,0.006651706
4159,2013-12-27 15:00:00,0.29327068
4159,2013-12-27 15:10:00,0.4213868
4159,2013-12-27 15:10:00,188.00748
4159,2013-12-27 15:20:00,0.4213868
4159,2013-12-27 15:20:00,145.6344
4159,2013-12-27 15:20:00,0.006651706
4159,2013-12-27 15:20:00,0.006651706
4159,2013-12-27 15:30:00,111.64261
4159,2013-12-27 15:30:00,0.4213868
4159,2013-12-27 15:40:00,156.93799
4159,2013-12-27 15:40:00,0.4280385
4159,2013-12-27 15:40:00,0.006651706
4159,2013-12-27 15:50:00,151.75438
4159,2013-12-27 16:00:00,0.4213868
4159,2013-12-27 16:00:00,163.85745
4159,2013-12-27 16:10:00,0.8427736
4159,2013-12-27 16:10:00,136.81912
4159,2013-12-27 16:10:00,0.013303412
4159,2013-12-27 16:10:00,1.6212618
4159,2013-12-27 16:10:00,0.8427736
4159,2013-12-27 16:20:00,113.256516
4159,2013-12-27 16:20:00,0.006651706
4159,2013-12-27 16:20:00,0.8427736
4159,2013-12-27 16:20:00,0.8494253
4159,2013-12-27 16:30:00,0.30900994
4159,2013-12-27 16:30:00,119.27088
4159,2013-12-27 16:30:00,0.006651706
4159,2013-12-27 16:30:00,0.29327068
4159,2013-12-27 16:40:00,0.90277314
4159,2013-12-27 16:40:00,145.35176
4159,2013-12-27 16:40:00,0.013303412
4159,2013-12-27 16:40:00,0.29327068
4159,2013-12-27 16:50:00,117.73773
4159,2013-12-27 16:50:00,0.013303412
4159,2013-12-27 17:00:00,116.44187
4159,2013-12-27 17:00:00,0.4213868
4159,2013-12-27 17:00:00,0.015739262
4159,2013-12-27 17:10:00,140.22362
4159,2013-12-27 17:10:00,0.4213868
4159,2013-12-27 17:20:00,123.7081
4159,2013-12-27 17:20:00,0.013303412
4159,2013-12-27 17:30:00,149.15404
4159,2013-12-27 17:30:00,0.8106309
4159,2013-12-27 17:30:00,0.4280385
4159,2013-12-27 17:40:00,159.35735
4159,2013-12-27 17:40:00,0.4213868
4159,2013-12-27 17:50:00,152.07516
4159,2013-12-27 18:00:00,120.4021
4159,2013-12-27 18:00:00,0.4280385
4159,2013-12-27 18:00:00,0.8106309
4159,2013-12-27 18:10:00,129.7441
4159,2013-12-27 18:10:00,0.006651706
4159,2013-12-27 18:20:00,125.873314
4159,2013-12-27 18:30:00,107.027374
4159,2013-12-27 18:30:00,0.4213868
4159,2013-12-27 18:40:00,115.65858
4159,2013-12-27 18:40:00,0.006651706
4159,2013-12-27 18:40:00,0.006651706
4159,2013-12-27 18:50:00,124.74162
4159,2013-12-27 18:50:00,0.006651706
4159,2013-12-27 19:00:00,0.0055768173
4159,2013-12-27 19:00:00,126.217064
4159,2013-12-27 19:10:00,0.4213868
4159,2013-12-27 19:10:00,105.828125
4159,2013-12-27 19:10:00,0.4213868
4159,2013-12-27 19:10:00,0.006651706
4159,2013-12-27 19:20:00,121.61807
4159,2013-12-27 19:20:00,0.006651706
4159,2013-12-27 19:30:00,95.2768
4159,2013-12-27 19:40:00,100.974464
4159,2013-12-27 19:40:00,0.4213868
4159,2013-12-27 19:50:00,105.9824
4159,2013-12-27 20:00:00,102.13095
4159,2013-12-27 20:00:00,0.006651706
4159,2013-12-27 20:00:00,0.015739262
4159,2013-12-27 20:10:00,0.0055768173
4159,2013-12-27 20:10:00,105.20344
4159,2013-12-27 20:10:00,0.4213868
4159,2013-12-27 20:20:00,118.016815
4159,2013-12-27 20:20:00,0.8427736
4159,2013-12-27 20:30:00,114.28208
4159,2013-12-27 20:30:00,0.006651706
4159,2013-12-27 20:40:00,107.56644
4159,2013-12-27 20:40:00,0.012228523
4159,2013-12-27 20:50:00,113.34809
4159,2013-12-27 20:50:00,0.4213868
4159,2013-12-27 20:50:00,0.006651706
4159,2013-12-27 21:00:00,100.039955
4159,2013-12-27 21:10:00,100.68563
4159,2013-12-27 21:10:00,0.006651706
4159,2013-12-27 21:20:00,102.29537
4159,2013-12-27 21:20:00,0.4213868
4159,2013-12-27 21:30:00,110.31798
4159,2013-12-27 21:30:00,0.011153635
4159,2013-12-27 21:40:00,105.30679
4159,2013-12-27 21:40:00,0.006651706
4159,2013-12-27 21:50:00,115.17203
4159,2013-12-27 21:50:00,0.4280385
4159,2013-12-27 21:50:00,0.006651706
4159,2013-12-27 22:00:00,0.0055768173
4159,2013-12-27 22:00:00,110.37383
4159,2013-12-27 22:10:00,95.160645
4159,2013-12-27 22:10:00,0.4213868
4159,2013-12-27 22:20:00,95.65214
4159,2013-12-27 22:20:00,0.006651706
4159,2013-12-27 22:30:00,91.01655
4159,2013-12-27 22:30:00,0.4213868
4159,2013-12-27 22:40:00,0.4213868
4159,2013-12-27 22:40:00,0.02230727
4159,2013-12-27 22:40:00,104.36783
4159,2013-12-27 22:40:00,0.01780534
4159,2013-12-27 22:50:00,0.016730452
4159,2013-12-27 22:50:00,97.112915
4159,2013-12-27 22:50:00,0.29327068
4159,2013-12-27 23:00:00,0.0055768173
4159,2013-12-27 23:00:00,100.89488
4159,2013-12-27 23:00:00,0.4280385
4159,2013-12-27 23:00:00,0.4213868
4159,2013-12-27 23:00:00,0.006651706
4159,2013-12-27 23:10:00,102.7591
4159,2013-12-27 23:10:00,0.011153635
4159,2013-12-27 23:20:00,97.47174
4159,2013-12-27 23:30:00,99.4526
4159,2013-12-27 23:30:00,0.4213868
4159,2013-12-27 23:40:00,0.0055768173
4159,2013-12-27 23:40:00,108.53224
4159,2013-12-27 23:40:00,0.006651706
4159,2013-12-27 23:50:00,104.549576
4159,2013-12-28 00:00:00,93.40423
4159,2013-12-28 00:00:00,0.4213868
4159,2013-12-28 00:10:00,92.359695
4159,2013-12-28 00:10:00,0.006651706
4159,2013-12-28 00:20:00,83.63552
4159,2013-12-28 00:20:00,0.0055768173
4159,2013-12-28 00:30:00,0.29327068
4159,2013-12-28 00:30:00,87.523155
4159,2013-12-28 00:30:00,0.013303412
4159,2013-12-28 00:30:00,0.006651706
4159,2013-12-28 00:40:00,91.75971
4159,2013-12-28 00:40:00,0.4213868
4159,2013-12-28 00:40:00,0.29327068
4159,2013-12-28 00:50:00,96.219284
4159,2013-12-28 00:50:00,0.006651706
4159,2013-12-28 00:50:00,0.006651706
4159,2013-12-28 01:00:00,75.02277
4159,2013-12-28 01:10:00,84.813614
4159,2013-12-28 01:10:00,0.4213868
4159,2013-12-28 01:20:00,0.4213868
4159,2013-12-28 01:20:00,85.12337
4159,2013-12-28 01:20:00,0.4280385
4159,2013-12-28 01:30:00,77.1303
4159,2013-12-28 01:30:00,0.006651706
4159,2013-12-28 01:40:00,79.5944
4159,2013-12-28 01:40:00,0.4213868
4159,2013-12-28 01:50:00,84.578926
4159,2013-12-28 02:00:00,94.81016
4159,2013-12-28 02:00:00,0.006651706
4159,2013-12-28 02:10:00,80.30423
4159,2013-12-28 02:10:00,0.29327068
4159,2013-12-28 02:20:00,95.02475
4159,2013-12-28 02:20:00,0.4213868
4159,2013-12-28 02:30:00,85.812546
4159,2013-12-28 02:40:00,71.557785
4159,2013-12-28 02:40:00,0.006651706
4159,2013-12-28 02:50:00,77.99295
4159,2013-12-28 02:50:00,0.4213868
4159,2013-12-28 03:00:00,61.796543
4159,2013-12-28 03:10:00,65.117195
4159,2013-12-28 03:20:00,63.265106
4159,2013-12-28 03:20:00,0.4280385
4159,2013-12-28 03:30:00,58.926212
4159,2013-12-28 03:30:00,0.8172826
4159,2013-12-28 03:40:00,63.36031
4159,2013-12-28 03:50:00,59.757736
4159,2013-12-28 03:50:00,0.4280385
4159,2013-12-28 04:00:00,57.877827
4159,2013-12-28 04:10:00,67.371796
4159,2013-12-28 04:20:00,61.070354
4159,2013-12-28 04:20:00,0.4213868
4159,2013-12-28 04:30:00,54.264168
4159,2013-12-28 04:30:00,0.006651706
4159,2013-12-28 04:40:00,64.69886
4159,2013-12-28 04:50:00,57.826576
4159,2013-12-28 05:00:00,58.70573
4159,2013-12-28 05:00:00,0.4280385
4159,2013-12-28 05:10:00,62.893353
4159,2013-12-28 05:20:00,56.402496
4159,2013-12-28 05:30:00,48.219826
4159,2013-12-28 05:30:00,0.4213868
4159,2013-12-28 05:40:00,61.241573
4159,2013-12-28 05:40:00,0.006651706
4159,2013-12-28 05:50:00,65.00297
4159,2013-12-28 05:50:00,0.4213868
4159,2013-12-28 05:50:00,0.015739262
4159,2013-12-28 06:00:00,59.16585
4159,2013-12-28 06:10:00,68.85553
4159,2013-12-28 06:10:00,0.006651706
4159,2013-12-28 06:20:00,71.7288
4159,2013-12-28 06:20:00,0.4213868
4159,2013-12-28 06:20:00,0.006651706
4159,2013-12-28 06:30:00,70.869804
4159,2013-12-28 06:30:00,0.006651706
4159,2013-12-28 06:40:00,70.04358
4159,2013-12-28 06:40:00,0.006651706
4159,2013-12-28 06:50:00,77.22493
4159,2013-12-28 06:50:00,0.4213868
4159,2013-12-28 06:50:00,0.006651706
4159,2013-12-28 07:00:00,66.940155
4159,2013-12-28 07:10:00,71.70417
4159,2013-12-28 07:20:00,79.11459
4159,2013-12-28 07:20:00,0.006651706
4159,2013-12-28 07:30:00,67.14349
4159,2013-12-28 07:30:00,0.4213868
4159,2013-12-28 07:30:00,0.42696363
4159,2013-12-28 07:40:00,90.56263
4159,2013-12-28 07:50:00,90.50223
4159,2013-12-28 07:50:00,0.006651706
4159,2013-12-28 07:50:00,0.4213868
4159,2013-12-28 08:00:00,77.63819
4159,2013-12-28 08:00:00,0.4213868
4159,2013-12-28 08:00:00,0.8106309
4159,2013-12-28 08:10:00,106.54063
4159,2013-12-28 08:20:00,0.013303412
4159,2013-12-28 08:20:00,102.62998
4159,2013-12-28 08:30:00,85.01579
4159,2013-12-28 08:30:00,0.4280385
4159,2013-12-28 08:30:00,0.013303412
4159,2013-12-28 08:40:00,102.65253
4159,2013-12-28 08:40:00,0.4213868
4159,2013-12-28 08:50:00,109.65343
4159,2013-12-28 08:50:00,0.4213868
4159,2013-12-28 09:00:00,89.25935
4159,2013-12-28 09:10:00,99.026985
4159,2013-12-28 09:10:00,0.006651706
4159,2013-12-28 09:20:00,102.36763
4159,2013-12-28 09:30:00,90.20955
4159,2013-12-28 09:30:00,0.006651706
4159,2013-12-28 09:40:00,101.83697
4159,2013-12-28 09:40:00,0.29327068
4159,2013-12-28 09:40:00,0.006651706
4159,2013-12-28 09:40:00,0.4213868
4159,2013-12-28 09:50:00,96.997
4159,2013-12-28 10:00:00,94.77223
4159,2013-12-28 10:10:00,103.77995
4159,2013-12-28 10:20:00,99.27123
4159,2013-12-28 10:20:00,0.006651706
4159,2013-12-28 10:20:00,0.8494253
4159,2013-12-28 10:30:00,101.28666
4159,2013-12-28 10:30:00,0.4213868
4159,2013-12-28 10:40:00,0.0055768173
4159,2013-12-28 10:40:00,101.20768
4159,2013-12-28 10:40:00,0.015739262
4159,2013-12-28 10:40:00,0.4213868
4159,2013-12-28 10:50:00,123.861
4159,2013-12-28 10:50:00,0.006651706
4159,2013-12-28 11:00:00,101.14079
4159,2013-12-28 11:00:00,0.4280385
4159,2013-12-28 11:10:00,96.38667
4159,2013-12-28 11:20:00,106.6433
4159,2013-12-28 11:20:00,0.01995512
4159,2013-12-28 11:20:00,0.4213868
4159,2013-12-28 11:30:00,94.20188
4159,2013-12-28 11:30:00,0.02239097
4159,2013-12-28 11:30:00,0.006651706
4159,2013-12-28 11:40:00,107.386055
4159,2013-12-28 11:40:00,0.006651706
4159,2013-12-28 11:40:00,0.4213868
4159,2013-12-28 11:50:00,94.97811
4159,2013-12-28 12:00:00,0.4213868
4159,2013-12-28 12:00:00,108.23799
4159,2013-12-28 12:10:00,106.756035
4159,2013-12-28 12:10:00,0.006651706
4159,2013-12-28 12:20:00,112.94244
4159,2013-12-28 12:20:00,0.006651706
4159,2013-12-28 12:20:00,0.8427736
4159,2013-12-28 12:30:00,123.45192
4159,2013-12-28 12:30:00,0.0055768173
4159,2013-12-28 12:40:00,148.60582
4159,2013-12-28 12:50:00,105.07478
4159,2013-12-28 12:50:00,0.006651706
4159,2013-12-28 13:00:00,0.006651706
4159,2013-12-28 13:00:00,88.21695
4159,2013-12-28 13:10:00,110.07955
4159,2013-12-28 13:10:00,0.4213868
4159,2013-12-28 13:10:00,0.43712607
4159,2013-12-28 13:20:00,96.20656
4159,2013-12-28 13:20:00,0.006651706
4159,2013-12-28 13:30:00,74.27195
4159,2013-12-28 13:30:00,0.4213868
4159,2013-12-28 13:30:00,0.015739262
4159,2013-12-28 13:40:00,93.21915
4159,2013-12-28 13:40:00,0.4213868
4159,2013-12-28 13:50:00,0.4213868
4159,2013-12-28 13:50:00,94.65843
4159,2013-12-28 13:50:00,0.015739262
4159,2013-12-28 14:00:00,101.69044
4159,2013-12-28 14:00:00,0.44377777
4159,2013-12-28 14:10:00,101.37528
4159,2013-12-28 14:10:00,0.4213868
4159,2013-12-28 14:20:00,92.372795
4159,2013-12-28 14:20:00,0.015739262
4159,2013-12-28 14:30:00,119.90425
4159,2013-12-28 14:40:00,98.33779
4159,2013-12-28 14:40:00,0.006651706
4159,2013-12-28 14:50:00,84.679306
4159,2013-12-28 14:50:00,0.8427736
4159,2013-12-28 15:00:00,85.85901
4159,2013-12-28 15:00:00,0.29327068
4159,2013-12-28 15:10:00,87.101555
4159,2013-12-28 15:10:00,0.006651706
4159,2013-12-28 15:20:00,87.53724
4159,2013-12-28 15:20:00,0.4213868
4159,2013-12-28 15:20:00,0.006651706
4159,2013-12-28 15:30:00,90.49043
4159,2013-12-28 15:40:00,101.4754
4159,2013-12-28 15:50:00,103.287865
4159,2013-12-28 15:50:00,0.4280385
4159,2013-12-28 16:00:00,103.06132
4159,2013-12-28 16:00:00,0.4213868
4159,2013-12-28 16:10:00,0.4213868
4159,2013-12-28 16:10:00,117.120705
4159,2013-12-28 16:20:00,103.60833
4159,2013-12-28 16:20:00,0.006651706
4159,2013-12-28 16:20:00,0.48138633
4159,2013-12-28 16:30:00,100.12032
4159,2013-12-28 16:30:00,0.4213868
4159,2013-12-28 16:40:00,114.47194
4159,2013-12-28 16:50:00,108.04711
4159,2013-12-28 16:50:00,0.4213868
4159,2013-12-28 16:50:00,0.4213868
4159,2013-12-28 17:00:00,94.34654
4159,2013-12-28 17:00:00,0.4280385
4159,2013-12-28 17:00:00,0.8427736
4159,2013-12-28 17:10:00,105.8339
4159,2013-12-28 17:20:00,114.63103
4159,2013-12-28 17:30:00,97.88549
4159,2013-12-28 17:30:00,0.4280385
4159,2013-12-28 17:30:00,0.49361485
4159,2013-12-28 17:40:00,121.00397
4159,2013-12-28 17:40:00,0.4213868
4159,2013-12-28 17:50:00,106.5579
4159,2013-12-28 18:00:00,0.02230727
4159,2013-12-28 18:00:00,106.474724
4159,2013-12-28 18:00:00,0.29327068
4159,2013-12-28 18:10:00,117.3575
4159,2013-12-28 18:10:00,0.4280385
4159,2013-12-28 18:10:00,0.4213868
4159,2013-12-28 18:20:00,114.13268
4159,2013-12-28 18:30:00,87.033615
4159,2013-12-28 18:30:00,0.006651706
4159,2013-12-28 18:40:00,110.57454
4159,2013-12-28 18:40:00,0.4280385
4159,2013-12-28 18:40:00,0.29327068
4159,2013-12-28 18:50:00,103.53747
4159,2013-12-28 19:00:00,0.015739262
4159,2013-12-28 19:00:00,95.06399
4159,2013-12-28 19:00:00,0.48138633
4159,2013-12-28 19:10:00,88.19649
4159,2013-12-28 19:10:00,0.4213868
4159,2013-12-28 19:20:00,95.36029
4159,2013-12-28 19:20:00,0.006651706
4159,2013-12-28 19:20:00,0.006651706
4159,2013-12-28 19:30:00,98.346924
4159,2013-12-28 19:40:00,103.47485
4159,2013-12-28 19:50:00,113.253975
4159,2013-12-28 19:50:00,0.4280385
4159,2013-12-28 20:00:00,99.740135
4159,2013-12-28 20:00:00,0.29327068
4159,2013-12-28 20:10:00,97.39261
4159,2013-12-28 20:10:00,0.015739262
4159,2013-12-28 20:20:00,88.90139
4159,2013-12-28 20:20:00,0.4213868
4159,2013-12-28 20:20:00,1.32416
4159,2013-12-28 20:30:00,91.65205
4159,2013-12-28 20:30:00,0.006651706
4159,2013-12-28 20:30:00,0.006651706
4159,2013-12-28 20:40:00,98.01144
4159,2013-12-28 20:40:00,0.29327068
4159,2013-12-28 20:40:00,0.015739262
4159,2013-12-28 20:50:00,101.581825
4159,2013-12-28 20:50:00,0.4213868
4159,2013-12-28 21:00:00,93.42263
4159,2013-12-28 21:10:00,97.55445
4159,2013-12-28 21:10:00,0.02239097
4159,2013-12-28 21:20:00,92.07491
4159,2013-12-28 21:20:00,0.4213868
4159,2013-12-28 21:30:00,91.617905
4159,2013-12-28 21:30:00,0.90277314
4159,2013-12-28 21:40:00,105.197624
4159,2013-12-28 21:40:00,0.006651706
4159,2013-12-28 21:50:00,114.66702
4159,2013-12-28 22:00:00,104.92652
4159,2013-12-28 22:00:00,0.43361533
4159,2013-12-28 22:10:00,105.88011
4159,2013-12-28 22:10:00,0.006651706
4159,2013-12-28 22:20:00,106.50988
4159,2013-12-28 22:30:00,105.13344
4159,2013-12-28 22:30:00,0.8427736
4159,2013-12-28 22:40:00,123.18585
4159,2013-12-28 22:40:00,0.006651706
4159,2013-12-28 22:40:00,0.4213868
4159,2013-12-28 22:50:00,132.0619
4159,2013-12-28 22:50:00,0.29327068
4159,2013-12-28 23:00:00,119.983
4159,2013-12-28 23:00:00,0.4213868
4159,2013-12-28 23:10:00,132.6473
4159,2013-12-28 23:10:00,0.015739262
4159,2013-12-28 23:20:00,0.4213868
4159,2013-12-28 23:20:00,143.40248
4159,2013-12-28 23:20:00,0.006651706
4159,2013-12-28 23:30:00,0.015739262
4159,2013-12-28 23:30:00,164.19725
4159,2013-12-28 23:40:00,187.35924
4159,2013-12-28 23:40:00,0.4213868
4159,2013-12-28 23:50:00,0.4213868
4159,2013-12-28 23:50:00,159.71898
4159,2013-12-28 23:50:00,0.015739262
4159,2013-12-28 23:50:00,0.8427736
4159,2013-12-29 00:00:00,170.09158
4159,2013-12-29 00:00:00,0.006651706
4159,2013-12-29 00:10:00,152.69388
4159,2013-12-29 00:10:00,0.4213868
4159,2013-12-29 00:10:00,0.4280385
4159,2013-12-29 00:20:00,141.00455
4159,2013-12-29 00:20:00,0.8106309
4159,2013-12-29 00:30:00,155.22314
4159,2013-12-29 00:30:00,0.006651706
4159,2013-12-29 00:40:00,179.24794
4159,2013-12-29 00:40:00,0.4213868
4159,2013-12-29 00:50:00,131.0028
4159,2013-12-29 00:50:00,0.015739262
4159,2013-12-29 01:00:00,125.44394
4159,2013-12-29 01:00:00,0.4213868
4159,2013-12-29 01:10:00,164.4516
4159,2013-12-29 01:10:00,0.4280385
4159,2013-12-29 01:20:00,148.34282
4159,2013-12-29 01:30:00,138.45618
4159,2013-12-29 01:30:00,0.015739262
4159,2013-12-29 01:40:00,151.2279
4159,2013-12-29 01:40:00,0.4213868
4159,2013-12-29 01:50:00,145.49821
4159,2013-12-29 01:50:00,0.006651706
4159,2013-12-29 02:00:00,119.242226
4159,2013-12-29 02:00:00,0.015739262
4159,2013-12-29 02:10:00,115.28388
4159,2013-12-29 02:20:00,91.291756
4159,2013-12-29 02:20:00,0.4213868
4159,2013-12-29 02:30:00,96.30561
4159,2013-12-29 02:30:00,0.02239097
4159,2013-12-29 02:40:00,99.55213
4159,2013-12-29 02:50:00,92.968544
4159,2013-12-29 02:50:00,0.4213868
4159,2013-12-29 03:00:00,84.41092
4159,2013-12-29 03:00:00,0.006651706
4159,2013-12-29 03:10:00,0.4213868
4159,2013-12-29 03:10:00,92.03409
4159,2013-12-29 03:10:00,0.015739262
4159,2013-12-29 03:20:00,88.7168
4159,2013-12-29 03:20:00,0.4213868
4159,2013-12-29 03:30:00,91.31611
4159,2013-12-29 03:40:00,86.837524
4159,2013-12-29 03:40:00,0.02239097
4159,2013-12-29 03:50:00,84.34691
4159,2013-12-29 03:50:00,0.4213868
4159,2013-12-29 04:00:00,87.00537
4159,2013-12-29 04:10:00,89.97735
4159,2013-12-29 04:10:00,0.015739262
4159,2013-12-29 04:20:00,81.95232
4159,2013-12-29 04:20:00,0.006651706
4159,2013-12-29 04:30:00,78.576904
4159,2013-12-29 04:30:00,0.4213868
4159,2013-12-29 04:40:00,83.42727
4159,2013-12-29 04:40:00,0.015739262
4159,2013-12-29 04:50:00,77.86504
4159,2013-12-29 04:50:00,0.006651706
4159,2013-12-29 05:00:00,79.592606
4159,2013-12-29 05:00:00,0.4213868
4159,2013-12-29 05:10:00,86.922905
4159,2013-12-29 05:20:00,80.606766
4159,2013-12-29 05:30:00,0.29327068
4159,2013-12-29 05:30:00,85.051125
4159,2013-12-29 05:30:00,0.4280385
4159,2013-12-29 05:40:00,93.13083
4159,2013-12-29 05:50:00,77.91568
4159,2013-12-29 06:00:00,94.51261
4159,2013-12-29 06:10:00,91.92266
4159,2013-12-29 06:10:00,0.4280385
4159,2013-12-29 06:20:00,84.18142
4159,2013-12-29 06:30:00,84.4493
4159,2013-12-29 06:40:00,102.65844
4159,2013-12-29 06:40:00,0.4280385
4159,2013-12-29 06:50:00,0.006651706
4159,2013-12-29 06:50:00,90.341194
4159,2013-12-29 07:00:00,0.015739262
4159,2013-12-29 07:00:00,104.63905
4159,2013-12-29 07:10:00,98.061935
4159,2013-12-29 07:10:00,0.4213868
4159,2013-12-29 07:20:00,88.5169
4159,2013-12-29 07:20:00,0.006651706
4159,2013-12-29 07:30:00,89.35549
4159,2013-12-29 07:40:00,99.05122
4159,2013-12-29 07:50:00,89.29846
4159,2013-12-29 07:50:00,0.4213868
4159,2013-12-29 08:00:00,94.58596
4159,2013-12-29 08:00:00,0.006651706
4159,2013-12-29 08:10:00,100.67837
4159,2013-12-29 08:20:00,0.015739262
4159,2013-12-29 08:20:00,94.8532
4159,2013-12-29 08:20:00,0.4213868
4159,2013-12-29 08:30:00,93.717735
4159,2013-12-29 08:30:00,0.006651706
4159,2013-12-29 08:40:00,0.006651706
4159,2013-12-29 08:40:00,100.999794
4159,2013-12-29 08:40:00,0.8427736
4159,2013-12-29 08:50:00,98.646645
4159,2013-12-29 08:50:00,0.4213868
4159,2013-12-29 08:50:00,0.006651706
4159,2013-12-29 09:00:00,109.6105
4159,2013-12-29 09:10:00,106.70422
4159,2013-12-29 09:10:00,0.006651706
4159,2013-12-29 09:20:00,115.351685
4159,2013-12-29 09:20:00,0.4213868
4159,2013-12-29 09:30:00,127.75502
4159,2013-12-29 09:30:00,0.4213868
4159,2013-12-29 09:40:00,149.72693
4159,2013-12-29 09:50:00,118.121216
4159,2013-12-29 09:50:00,0.4213868
4159,2013-12-29 09:50:00,0.006651706
4159,2013-12-29 10:00:00,108.75773
4159,2013-12-29 10:00:00,0.4213868
4159,2013-12-29 10:10:00,114.84406
4159,2013-12-29 10:10:00,0.4280385
4159,2013-12-29 10:10:00,0.4213868
4159,2013-12-29 10:20:00,116.204155
4159,2013-12-29 10:20:00,0.006651706
4159,2013-12-29 10:30:00,116.253716
4159,2013-12-29 10:30:00,0.4213868
4159,2013-12-29 10:40:00,109.43039
4159,2013-12-29 10:40:00,0.4213868
4159,2013-12-29 10:40:00,0.4280385
4159,2013-12-29 10:50:00,132.55385
4159,2013-12-29 11:00:00,106.42356
4159,2013-12-29 11:00:00,0.4213868
4159,2013-12-29 11:00:00,0.006651706
4159,2013-12-29 11:00:00,0.0055768173
4159,2013-12-29 11:10:00,112.33702
4159,2013-12-29 11:20:00,100.82977
4159,2013-12-29 11:20:00,0.013303412
4159,2013-12-29 11:30:00,89.88541
4159,2013-12-29 11:40:00,94.15595
4159,2013-12-29 11:40:00,0.8427736
4159,2013-12-29 11:50:00,84.28581
4159,2013-12-29 12:00:00,87.6289
4159,2013-12-29 12:00:00,0.006651706
4159,2013-12-29 12:10:00,86.09844
4159,2013-12-29 12:10:00,0.4213868
4159,2013-12-29 12:20:00,112.37824
4159,2013-12-29 12:30:00,0.4213868
4159,2013-12-29 12:30:00,80.317604
4159,2013-12-29 12:30:00,0.006651706
4159,2013-12-29 12:40:00,88.79265
4159,2013-12-29 12:50:00,86.457
4159,2013-12-29 12:50:00,0.4213868
4159,2013-12-29 13:00:00,87.41554
4159,2013-12-29 13:10:00,85.8646
4159,2013-12-29 13:10:00,0.4213868
4159,2013-12-29 13:20:00,89.89873
4159,2013-12-29 13:20:00,0.4213868
4159,2013-12-29 13:30:00,82.36469
4159,2013-12-29 13:40:00,103.10728
4159,2013-12-29 13:50:00,93.46613
4159,2013-12-29 13:50:00,0.8427736
4159,2013-12-29 13:50:00,0.006651706
4159,2013-12-29 14:00:00,81.36959
4159,2013-12-29 14:10:00,123.68883
4159,2013-12-29 14:20:00,128.85161
4159,2013-12-29 14:30:00,117.505104
4159,2013-12-29 14:30:00,0.4213868
4159,2013-12-29 14:40:00,97.57896
4159,2013-12-29 14:50:00,113.03235
4159,2013-12-29 15:00:00,105.84793
4159,2013-12-29 15:00:00,0.4213868
4159,2013-12-29 15:10:00,0.006651706
4159,2013-12-29 15:10:00,99.82
4159,2013-12-29 15:20:00,104.515396
4159,2013-12-29 15:30:00,108.69443
4159,2013-12-29 15:30:00,0.8427736
4159,2013-12-29 15:40:00,93.840935
4159,2013-12-29 15:50:00,95.18878
4159,2013-12-29 16:00:00,95.68238
4159,2013-12-29 16:00:00,0.4213868
4159,2013-12-29 16:00:00,0.8427736
4159,2013-12-29 16:10:00,104.033104
4159,2013-12-29 16:20:00,100.95686
4159,2013-12-29 16:20:00,0.006651706
4159,2013-12-29 16:30:00,106.313736
4159,2013-12-29 16:30:00,0.006651706
4159,2013-12-29 16:40:00,0.015739262
4159,2013-12-29 16:40:00,0.4213868
4159,2013-12-29 16:40:00,106.53821
4159,2013-12-29 16:40:00,0.4280385
4159,2013-12-29 16:50:00,103.48544
4159,2013-12-29 17:00:00,102.733864
4159,2013-12-29 17:10:00,100.243004
4159,2013-12-29 17:10:00,0.4213868
4159,2013-12-29 17:20:00,97.05155
4159,2013-12-29 17:20:00,0.006651706
4159,2013-12-29 17:30:00,102.47677
4159,2013-12-29 17:40:00,104.983444
4159,2013-12-29 17:40:00,0.4213868
4159,2013-12-29 17:40:00,0.006651706
4159,2013-12-29 17:50:00,95.27651
4159,2013-12-29 17:50:00,0.4280385
4159,2013-12-29 18:00:00,101.15456
4159,2013-12-29 18:10:00,109.08669
4159,2013-12-29 18:10:00,0.29327068
4159,2013-12-29 18:10:00,0.4213868
4159,2013-12-29 18:20:00,94.10208
4159,2013-12-29 18:20:00,0.4280385
4159,2013-12-29 18:20:00,0.015739262
4159,2013-12-29 18:30:00,103.092865
4159,2013-12-29 18:40:00,123.89484
4159,2013-12-29 18:40:00,0.006651706
4159,2013-12-29 18:50:00,127.6356
4159,2013-12-29 18:50:00,0.4213868
4159,2013-12-29 19:00:00,116.39606
4159,2013-12-29 19:00:00,0.006651706
4159,2013-12-29 19:00:00,0.4213868
4159,2013-12-29 19:10:00,128.72144
4159,2013-12-29 19:20:00,119.582214
4159,2013-12-29 19:20:00,0.4213868
4159,2013-12-29 19:30:00,117.53678
4159,2013-12-29 19:30:00,0.8494253
4159,2013-12-29 19:40:00,129.54062
4159,2013-12-29 19:40:00,0.006651706
4159,2013-12-29 19:50:00,122.26178
4159,2013-12-29 19:50:00,0.006651706
4159,2013-12-29 20:00:00,129.83047
4159,2013-12-29 20:00:00,0.4213868
4159,2013-12-29 20:10:00,121.81039
4159,2013-12-29 20:10:00,0.006651706
4159,2013-12-29 20:20:00,114.891785
4159,2013-12-29 20:30:00,106.283646
4159,2013-12-29 20:30:00,0.4213868
4159,2013-12-29 20:30:00,0.006651706
4159,2013-12-29 20:40:00,105.172104
4159,2013-12-29 20:40:00,0.006651706
4159,2013-12-29 20:50:00,97.91613
4159,2013-12-29 21:00:00,88.61231
4159,2013-12-29 21:00:00,0.4213868
4159,2013-12-29 21:10:00,95.05228
4159,2013-12-29 21:10:00,0.7146575
4159,2013-12-29 21:20:00,82.263214
4159,2013-12-29 21:20:00,0.006651706
4159,2013-12-29 21:30:00,85.40824
4159,2013-12-29 21:30:00,0.8427736
4159,2013-12-29 21:40:00,94.19458
4159,2013-12-29 21:50:00,83.86739
4159,2013-12-29 21:50:00,0.006651706
4159,2013-12-29 22:00:00,83.29245
4159,2013-12-29 22:00:00,0.013303412
4159,2013-12-29 22:00:00,0.8106309
4159,2013-12-29 22:10:00,0.29327068
4159,2013-12-29 22:10:00,97.38989
4159,2013-12-29 22:10:00,0.006651706
4159,2013-12-29 22:10:00,0.4213868
4159,2013-12-29 22:20:00,95.24581
4159,2013-12-29 22:30:00,92.12636
4159,2013-12-29 22:30:00,0.006651706
4159,2013-12-29 22:40:00,105.228355
4159,2013-12-29 22:40:00,0.4213868
4159,2013-12-29 22:50:00,103.49322
4159,2013-12-29 23:00:00,75.521866
4159,2013-12-29 23:00:00,0.006651706
4159,2013-12-29 23:10:00,81.79218
4159,2013-12-29 23:10:00,0.4280385
4159,2013-12-29 23:20:00,79.04312
4159,2013-12-29 23:30:00,68.40526
4159,2013-12-29 23:40:00,89.4725
4159,2013-12-29 23:40:00,0.006651706
4159,2013-12-29 23:50:00,77.55033
4159,2013-12-29 23:50:00,0.4213868
4159,2013-12-30 00:00:00,70.85664
4159,2013-12-30 00:10:00,77.23646
4159,2013-12-30 00:10:00,0.4213868
4159,2013-12-30 00:20:00,70.6243
4159,2013-12-30 00:20:00,0.006651706
4159,2013-12-30 00:30:00,65.5709
4159,2013-12-30 00:40:00,73.45029
4159,2013-12-30 00:50:00,65.19693
4159,2013-12-30 00:50:00,0.4280385
4159,2013-12-30 01:00:00,66.91815
4159,2013-12-30 01:10:00,62.976006
4159,2013-12-30 01:20:00,58.134796
4159,2013-12-30 01:20:00,0.4213868
4159,2013-12-30 01:30:00,53.77951
4159,2013-12-30 01:40:00,63.001858
4159,2013-12-30 01:40:00,0.006651706
4159,2013-12-30 01:50:00,59.373425
4159,2013-12-30 01:50:00,0.006651706
4159,2013-12-30 02:00:00,59.654594
4159,2013-12-30 02:10:00,59.646454
4159,2013-12-30 02:10:00,0.006651706
4159,2013-12-30 02:20:00,50.663326
4159,2013-12-30 02:30:00,59.884266
4159,2013-12-30 02:40:00,63.74227
4159,2013-12-30 02:50:00,55.535896
4159,2013-12-30 03:00:00,59.917244
4159,2013-12-30 03:10:00,59.9674
4159,2013-12-30 03:20:00,0.4213868
4159,2013-12-30 03:20:00,51.039673
4159,2013-12-30 03:30:00,58.10192
4159,2013-12-30 03:40:00,61.434814
4159,2013-12-30 03:50:00,53.512516
4159,2013-12-30 04:00:00,59.224487
4159,2013-12-30 04:10:00,59.365005
4159,2013-12-30 04:20:00,53.344193
4159,2013-12-30 04:30:00,59.72524
4159,2013-12-30 04:40:00,60.816265
4159,2013-12-30 04:50:00,55.13642
4159,2013-12-30 05:00:00,57.90332
4159,2013-12-30 05:10:00,64.76193
4159,2013-12-30 05:20:00,59.951298
4159,2013-12-30 05:30:00,0.015739262
4159,2013-12-30 05:30:00,67.62721
4159,2013-12-30 05:40:00,90.52579
4159,2013-12-30 05:40:00,0.7146575
4159,2013-12-30 05:50:00,70.2814
4159,2013-12-30 05:50:00,0.4213868
4159,2013-12-30 06:00:00,79.71214
4159,2013-12-30 06:00:00,0.006651706
4159,2013-12-30 06:10:00,75.984276
4159,2013-12-30 06:10:00,0.42696363
4159,2013-12-30 06:20:00,77.62672
4159,2013-12-30 06:20:00,0.4213868
4159,2013-12-30 06:30:00,86.53508
4159,2013-12-30 06:30:00,0.006651706
4159,2013-12-30 06:40:00,0.006651706
4159,2013-12-30 06:40:00,81.25982
4159,2013-12-30 06:40:00,0.29327068
4159,2013-12-30 06:40:00,0.006651706
4159,2013-12-30 06:50:00,93.94125
4159,2013-12-30 06:50:00,0.4213868
4159,2013-12-30 07:00:00,0.006651706
4159,2013-12-30 07:00:00,103.93362
4159,2013-12-30 07:00:00,0.4213868
4159,2013-12-30 07:10:00,0.4213868
4159,2013-12-30 07:10:00,0.006651706
4159,2013-12-30 07:10:00,115.54306
4159,2013-12-30 07:10:00,0.006651706
4159,2013-12-30 07:20:00,118.62556
4159,2013-12-30 07:20:00,0.013303412
4159,2013-12-30 07:30:00,0.006651706
4159,2013-12-30 07:30:00,112.068184
4159,2013-12-30 07:30:00,0.4213868
4159,2013-12-30 07:30:00,0.4213868
4159,2013-12-30 07:40:00,0.006651706
4159,2013-12-30 07:40:00,117.52422
4159,2013-12-30 07:40:00,0.006651706
4159,2013-12-30 07:50:00,0.006651706
4159,2013-12-30 07:50:00,143.42747
4159,2013-12-30 07:50:00,0.4280385
4159,2013-12-30 08:00:00,0.4280385
4159,2013-12-30 08:00:00,122.023415
4159,2013-12-30 08:00:00,0.4213868
4159,2013-12-30 08:00:00,0.006651706
4159,2013-12-30 08:10:00,0.006651706
4159,2013-12-30 08:10:00,153.5954
4159,2013-12-30 08:10:00,0.013303412
4159,2013-12-30 08:10:00,0.01995512
4159,2013-12-30 08:20:00,0.02239097
4159,2013-12-30 08:20:00,123.87815
4159,2013-12-30 08:20:00,0.013303412
4159,2013-12-30 08:20:00,0.006651706
4159,2013-12-30 08:30:00,116.31138
4159,2013-12-30 08:30:00,0.4280385
4159,2013-12-30 08:40:00,0.006651706
4159,2013-12-30 08:40:00,184.38698
4159,2013-12-30 08:40:00,0.006651706
4159,2013-12-30 08:40:00,0.29327068
4159,2013-12-30 08:50:00,0.015739262
4159,2013-12-30 08:50:00,0.4213868
4159,2013-12-30 08:50:00,157.00558
4159,2013-12-30 08:50:00,0.006651706
4159,2013-12-30 08:50:00,0.4280385
4159,2013-12-30 09:00:00,0.4213868
4159,2013-12-30 09:00:00,0.006651706
4159,2013-12-30 09:00:00,143.15762
4159,2013-12-30 09:00:00,0.4213868
4159,2013-12-30 09:00:00,1.2641604
4159,2013-12-30 09:10:00,0.006651706
4159,2013-12-30 09:10:00,156.88414
4159,2013-12-30 09:10:00,0.29327068
4159,2013-12-30 09:20:00,0.006651706
4159,2013-12-30 09:20:00,0.29327068
4159,2013-12-30 09:20:00,148.66324
4159,2013-12-30 09:20:00,0.4280385
4159,2013-12-30 09:30:00,0.4213868
4159,2013-12-30 09:30:00,149.6976
4159,2013-12-30 09:30:00,0.013303412
4159,2013-12-30 09:30:00,0.006651706
4159,2013-12-30 09:30:00,0.29327068
4159,2013-12-30 09:40:00,0.006651706
4159,2013-12-30 09:40:00,164.4895
4159,2013-12-30 09:40:00,0.006651706
4159,2013-12-30 09:40:00,0.4213868
4159,2013-12-30 09:40:00,0.006651706
4159,2013-12-30 09:50:00,0.42696363
4159,2013-12-30 09:50:00,158.56232
4159,2013-12-30 09:50:00,0.4213868
4159,2013-12-30 10:00:00,148.627
4159,2013-12-30 10:00:00,0.006651706
4159,2013-12-30 10:00:00,0.4213868
4159,2013-12-30 10:10:00,157.58316
4159,2013-12-30 10:10:00,0.4213868
4159,2013-12-30 10:10:00,0.7146575
4159,2013-12-30 10:20:00,142.59079
4159,2013-12-30 10:20:00,0.4213868
4159,2013-12-30 10:20:00,0.006651706
4159,2013-12-30 10:30:00,162.61525
4159,2013-12-30 10:30:00,0.006651706
4159,2013-12-30 10:30:00,0.29327068
4159,2013-12-30 10:40:00,0.006651706
4159,2013-12-30 10:40:00,180.98882
4159,2013-12-30 10:40:00,0.4280385
4159,2013-12-30 10:50:00,0.006651706
4159,2013-12-30 10:50:00,174.46556
4159,2013-12-30 10:50:00,0.4213868
4159,2013-12-30 11:00:00,187.87239
4159,2013-12-30 11:00:00,0.006651706
4159,2013-12-30 11:00:00,0.8427736
4159,2013-12-30 11:10:00,187.06065
4159,2013-12-30 11:10:00,0.4213868
4159,2013-12-30 11:20:00,0.48138633
4159,2013-12-30 11:20:00,167.17616
4159,2013-12-30 11:20:00,0.006651706
4159,2013-12-30 11:20:00,0.8494253
4159,2013-12-30 11:30:00,0.006651706
4159,2013-12-30 11:30:00,208.60086
4159,2013-12-30 11:30:00,0.006651706
4159,2013-12-30 11:30:00,0.29327068
4159,2013-12-30 11:30:00,0.29327068
4159,2013-12-30 11:40:00,184.65125
4159,2013-12-30 11:40:00,0.006651706
4159,2013-12-30 11:40:00,0.006651706
4159,2013-12-30 11:50:00,148.41263
4159,2013-12-30 11:50:00,0.4280385
4159,2013-12-30 11:50:00,0.8427736
4159,2013-12-30 12:00:00,0.4213868
4159,2013-12-30 12:00:00,165.5836
4159,2013-12-30 12:00:00,0.006651706
4159,2013-12-30 12:00:00,0.8427736
4159,2013-12-30 12:10:00,161.28842
4159,2013-12-30 12:10:00,0.8494253
4159,2013-12-30 12:10:00,0.4280385
4159,2013-12-30 12:20:00,135.49007
4159,2013-12-30 12:20:00,0.006651706
4159,2013-12-30 12:20:00,0.006651706
4159,2013-12-30 12:20:00,0.4213868
4159,2013-12-30 12:30:00,140.2545
4159,2013-12-30 12:40:00,0.4213868
4159,2013-12-30 12:40:00,144.73138
4159,2013-12-30 12:40:00,0.006651706
4159,2013-12-30 12:50:00,0.4213868
4159,2013-12-30 12:50:00,159.05927
4159,2013-12-30 12:50:00,0.4213868
4159,2013-12-30 12:50:00,0.4213868
4159,2013-12-30 13:00:00,0.006651706
4159,2013-12-30 13:00:00,156.88086
4159,2013-12-30 13:00:00,0.006651706
4159,2013-12-30 13:00:00,0.4213868
4159,2013-12-30 13:10:00,161.36003
4159,2013-12-30 13:10:00,0.006651706
4159,2013-12-30 13:10:00,1.2641604
4159,2013-12-30 13:20:00,0.29327068
4159,2013-12-30 13:20:00,144.48962
4159,2013-12-30 13:20:00,0.4213868
4159,2013-12-30 13:20:00,0.44377777
4159,2013-12-30 13:30:00,196.10013
4159,2013-12-30 13:30:00,0.006651706
4159,2013-12-30 13:30:00,0.4213868
4159,2013-12-30 13:40:00,0.015739262
4159,2013-12-30 13:40:00,176.31828
4159,2013-12-30 13:40:00,0.4213868
4159,2013-12-30 13:50:00,0.015739262
4159,2013-12-30 13:50:00,155.65234
4159,2013-12-30 13:50:00,0.4213868
4159,2013-12-30 13:50:00,0.4213868
4159,2013-12-30 14:00:00,134.6615
4159,2013-12-30 14:00:00,0.006651706
4159,2013-12-30 14:00:00,0.006651706
4159,2013-12-30 14:10:00,0.015739262
4159,2013-12-30 14:10:00,140.75853
4159,2013-12-30 14:10:00,0.2999224
4159,2013-12-30 14:20:00,0.015739262
4159,2013-12-30 14:20:00,136.45229
4159,2013-12-30 14:20:00,0.006651706
4159,2013-12-30 14:30:00,127.67161
4159,2013-12-30 14:30:00,0.4213868
4159,2013-12-30 14:40:00,139.32074
4159,2013-12-30 14:40:00,0.006651706
4159,2013-12-30 14:50:00,0.015739262
4159,2013-12-30 14:50:00,127.3649
4159,2013-12-30 15:00:00,152.25986
4159,2013-12-30 15:00:00,0.4213868
4159,2013-12-30 15:10:00,136.47852
4159,2013-12-30 15:20:00,146.92113
4159,2013-12-30 15:20:00,0.006651706
4159,2013-12-30 15:20:00,0.0055768173
4159,2013-12-30 15:30:00,161.18597
4159,2013-12-30 15:30:00,0.4213868
4159,2013-12-30 15:40:00,133.80638
4159,2013-12-30 15:50:00,126.66476
4159,2013-12-30 15:50:00,0.006651706
4159,2013-12-30 16:00:00,145.15231
4159,2013-12-30 16:00:00,0.4280385
4159,2013-12-30 16:00:00,0.43712607
4159,2013-12-30 16:10:00,0.4213868
4159,2013-12-30 16:10:00,179.51668
4159,2013-12-30 16:10:00,0.006651706
4159,2013-12-30 16:20:00,0.013303412
4159,2013-12-30 16:20:00,157.97092
4159,2013-12-30 16:20:00,0.006651706
4159,2013-12-30 16:30:00,0.015739262
4159,2013-12-30 16:30:00,137.90099
4159,2013-12-30 16:40:00,129.26234
4159,2013-12-30 16:40:00,0.4346902
4159,2013-12-30 16:40:00,0.006651706
4159,2013-12-30 16:50:00,132.81264
4159,2013-12-30 17:00:00,0.4213868
4159,2013-12-30 17:00:00,127.813805
4159,2013-12-30 17:00:00,0.4213868
4159,2013-12-30 17:10:00,128.52315
4159,2013-12-30 17:20:00,129.37741
4159,2013-12-30 17:20:00,0.006651706
4159,2013-12-30 17:20:00,0.006651706
4159,2013-12-30 17:20:00,0.4213868
4159,2013-12-30 17:30:00,127.73798
4159,2013-12-30 17:40:00,115.921234
4159,2013-12-30 17:50:00,104.21212
4159,2013-12-30 18:00:00,0.4213868
4159,2013-12-30 18:00:00,112.59358
4159,2013-12-30 18:00:00,0.006651706
4159,2013-12-30 18:00:00,0.4280385
4159,2013-12-30 18:10:00,109.14208
4159,2013-12-30 18:10:00,0.29327068
4159,2013-12-30 18:20:00,92.37317
4159,2013-12-30 18:30:00,98.57027
4159,2013-12-30 18:30:00,0.4280385
4159,2013-12-30 18:40:00,110.53591
4159,2013-12-30 18:50:00,95.169235
4159,2013-12-30 18:50:00,0.006651706
4159,2013-12-30 19:00:00,130.54991
4159,2013-12-30 19:00:00,0.4213868
4159,2013-12-30 19:10:00,116.0388
4159,2013-12-30 19:10:00,0.006651706
4159,2013-12-30 19:10:00,0.4213868
4159,2013-12-30 19:20:00,114.93142
4159,2013-12-30 19:20:00,0.4213868
4159,2013-12-30 19:20:00,0.4213868
4159,2013-12-30 19:30:00,116.52038
4159,2013-12-30 19:40:00,116.77434
4159,2013-12-30 19:40:00,0.013303412
4159,2013-12-30 19:40:00,0.006651706
4159,2013-12-30 19:50:00,116.65295
4159,2013-12-30 19:50:00,0.4213868
4159,2013-12-30 20:00:00,0.015739262
4159,2013-12-30 20:00:00,112.057594
4159,2013-12-30 20:00:00,0.006651706
4159,2013-12-30 20:10:00,119.32922
4159,2013-12-30 20:10:00,0.013303412
4159,2013-12-30 20:10:00,0.4280385
4159,2013-12-30 20:20:00,108.66162
4159,2013-12-30 20:20:00,0.006651706
4159,2013-12-30 20:20:00,0.006651706
4159,2013-12-30 20:30:00,130.5962
4159,2013-12-30 20:40:00,0.015739262
4159,2013-12-30 20:40:00,127.01726
4159,2013-12-30 20:40:00,0.01995512
4159,2013-12-30 20:50:00,115.22194
4159,2013-12-30 20:50:00,0.01995512
4159,2013-12-30 20:50:00,0.006651706
4159,2013-12-30 20:50:00,0.006651706
4159,2013-12-30 21:00:00,95.341606
4159,2013-12-30 21:00:00,0.013303412
4159,2013-12-30 21:00:00,0.4213868
4159,2013-12-30 21:10:00,93.653435
4159,2013-12-30 21:10:00,0.006651706
4159,2013-12-30 21:20:00,0.015739262
4159,2013-12-30 21:20:00,101.855774
4159,2013-12-30 21:20:00,0.07316877
4159,2013-12-30 21:20:00,0.006651706
4159,2013-12-30 21:20:00,1.2320178
4159,2013-12-30 21:30:00,0.015739262
4159,2013-12-30 21:30:00,87.144875
4159,2013-12-30 21:30:00,0.03991024
4159,2013-12-30 21:40:00,0.015739262
4159,2013-12-30 21:40:00,134.75294
4159,2013-12-30 21:40:00,0.06651706
4159,2013-12-30 21:40:00,0.006651706
4159,2013-12-30 21:50:00,89.09942
4159,2013-12-30 21:50:00,0.006651706
4159,2013-12-30 22:00:00,83.85397
4159,2013-12-30 22:00:00,0.006651706
4159,2013-12-30 22:00:00,0.006651706
4159,2013-12-30 22:00:00,0.006651706
4159,2013-12-30 22:10:00,101.14653
4159,2013-12-30 22:10:00,0.006651706
4159,2013-12-30 22:20:00,95.56374
4159,2013-12-30 22:20:00,0.006651706
4159,2013-12-30 22:30:00,86.951324
4159,2013-12-30 22:40:00,111.55675
4159,2013-12-30 22:40:00,0.006651706
4159,2013-12-30 22:50:00,102.02475
4159,2013-12-30 23:00:00,87.77264
4159,2013-12-30 23:10:00,98.37834
4159,2013-12-30 23:20:00,90.79457
4159,2013-12-30 23:20:00,0.013303412
4159,2013-12-30 23:20:00,0.006651706
4159,2013-12-30 23:30:00,79.68546
4159,2013-12-30 23:40:00,78.64465
4159,2013-12-30 23:40:00,0.01995512
4159,2013-12-30 23:50:00,90.76159
4159,2013-12-30 23:50:00,0.01995512
4159,2013-12-30 23:50:00,0.006651706
4159,2013-12-30 23:50:00,0.8106309
4159,2013-12-31 00:00:00,61.70595
4159,2013-12-31 00:00:00,0.01995512
4159,2013-12-31 00:10:00,104.16493
4159,2013-12-31 00:20:00,98.659935
4159,2013-12-31 00:30:00,72.68184
4159,2013-12-31 00:30:00,0.006651706
4159,2013-12-31 00:40:00,84.87314
4159,2013-12-31 00:50:00,75.40705
4159,2013-12-31 00:50:00,0.4213868
4159,2013-12-31 01:00:00,57.808548
4159,2013-12-31 01:00:00,0.006651706
4159,2013-12-31 01:10:00,69.58498
4159,2013-12-31 01:20:00,64.394775
4159,2013-12-31 01:20:00,0.4213868
4159,2013-12-31 01:30:00,55.629066
4159,2013-12-31 01:40:00,69.22221
4159,2013-12-31 01:40:00,0.006651706
4159,2013-12-31 01:50:00,64.062096
4159,2013-12-31 02:00:00,55.510822
4159,2013-12-31 02:10:00,74.364365
4159,2013-12-31 02:10:00,0.006651706
4159,2013-12-31 02:20:00,60.391357
4159,2013-12-31 02:30:00,54.45738
4159,2013-12-31 02:40:00,72.259315
4159,2013-12-31 02:50:00,62.26481
4159,2013-12-31 02:50:00,0.006651706
4159,2013-12-31 03:00:00,56.21019
4159,2013-12-31 03:10:00,66.81021
4159,2013-12-31 03:20:00,57.467014
4159,2013-12-31 03:20:00,0.006651706
4159,2013-12-31 03:30:00,57.0591
4159,2013-12-31 03:40:00,66.737976
4159,2013-12-31 03:40:00,0.4213868
4159,2013-12-31 03:50:00,59.977848
4159,2013-12-31 04:00:00,47.618725
4159,2013-12-31 04:00:00,0.006651706
4159,2013-12-31 04:10:00,63.908817
4159,2013-12-31 04:20:00,56.38002
4159,2013-12-31 04:30:00,54.510635
4159,2013-12-31 04:30:00,0.015739262
4159,2013-12-31 04:40:00,63.479454
4159,2013-12-31 04:40:00,0.013303412
4159,2013-12-31 04:50:00,64.04007
4159,2013-12-31 05:00:00,53.85195
4159,2013-12-31 05:10:00,61.93784
4159,2013-12-31 05:20:00,0.4213868
4159,2013-12-31 05:20:00,66.191956
4159,2013-12-31 05:20:00,0.006651706
4159,2013-12-31 05:30:00,56.58988
4159,2013-12-31 05:30:00,0.8106309
4159,2013-12-31 05:40:00,70.43597
4159,2013-12-31 05:50:00,0.4213868
4159,2013-12-31 05:50:00,65.59428
4159,2013-12-31 06:00:00,63.611588
4159,2013-12-31 06:00:00,0.006651706
4159,2013-12-31 06:10:00,73.95178
4159,2013-12-31 06:10:00,0.4213868
4159,2013-12-31 06:10:00,0.006651706
4159,2013-12-31 06:20:00,0.006651706
4159,2013-12-31 06:20:00,63.221676
4159,2013-12-31 06:30:00,72.3482
4159,2013-12-31 06:40:00,89.08586
4159,2013-12-31 06:40:00,0.006651706
4159,2013-12-31 06:50:00,78.44577
4159,2013-12-31 07:00:00,0.015739262
4159,2013-12-31 07:00:00,97.930855
4159,2013-12-31 07:10:00,103.84714
4159,2013-12-31 07:10:00,0.006651706
4159,2013-12-31 07:20:00,96.2394
4159,2013-12-31 07:30:00,103.94863
4159,2013-12-31 07:30:00,0.4213868
4159,2013-12-31 07:40:00,107.6516
4159,2013-12-31 07:40:00,0.006651706
4159,2013-12-31 07:40:00,1.2641604
4159,2013-12-31 07:50:00,100.272095
4159,2013-12-31 07:50:00,0.90277314
4159,2013-12-31 08:00:00,0.015739262
4159,2013-12-31 08:00:00,96.09641
4159,2013-12-31 08:00:00,0.006651706
4159,2013-12-31 08:10:00,117.49409
4159,2013-12-31 08:20:00,130.29398
4159,2013-12-31 08:20:00,0.006651706
4159,2013-12-31 08:30:00,108.72962
4159,2013-12-31 08:40:00,134.53319
4159,2013-12-31 08:50:00,106.66657
4159,2013-12-31 08:50:00,0.006651706
4159,2013-12-31 08:50:00,0.006651706
4159,2013-12-31 09:00:00,112.64744
4159,2013-12-31 09:10:00,120.350975
4159,2013-12-31 09:20:00,138.13922
4159,2013-12-31 09:30:00,0.4213868
4159,2013-12-31 09:30:00,129.43773
4159,2013-12-31 09:30:00,0.006651706
4159,2013-12-31 09:40:00,0.4213868
4159,2013-12-31 09:40:00,0.4213868
4159,2013-12-31 09:40:00,148.7987
4159,2013-12-31 09:50:00,0.015739262
4159,2013-12-31 09:50:00,159.70193
4159,2013-12-31 10:00:00,129.55794
4159,2013-12-31 10:00:00,0.02239097
4159,2013-12-31 10:10:00,0.4213868
4159,2013-12-31 10:10:00,139.8201
4159,2013-12-31 10:10:00,0.8106309
4159,2013-12-31 10:20:00,123.23276
4159,2013-12-31 10:30:00,0.4213868
4159,2013-12-31 10:30:00,126.45574
4159,2013-12-31 10:40:00,128.56033
4159,2013-12-31 10:40:00,0.006651706
4159,2013-12-31 10:50:00,0.4213868
4159,2013-12-31 10:50:00,139.84633
4159,2013-12-31 11:00:00,0.4213868
4159,2013-12-31 11:00:00,118.28372
4159,2013-12-31 11:00:00,0.4213868
4159,2013-12-31 11:10:00,131.33997
4159,2013-12-31 11:10:00,0.013303412
4159,2013-12-31 11:20:00,122.90343
4159,2013-12-31 11:30:00,109.17366
4159,2013-12-31 11:40:00,125.8191
4159,2013-12-31 11:50:00,120.51952
4159,2013-12-31 11:50:00,0.006651706
4159,2013-12-31 11:50:00,0.006651706
4159,2013-12-31 12:00:00,116.09581
4159,2013-12-31 12:10:00,107.99107
4159,2013-12-31 12:10:00,0.015739262
4159,2013-12-31 12:20:00,108.899185
4159,2013-12-31 12:20:00,0.006651706
4159,2013-12-31 12:30:00,0.015739262
4159,2013-12-31 12:30:00,101.61029
4159,2013-12-31 12:30:00,0.006651706
4159,2013-12-31 12:40:00,98.7788
4159,2013-12-31 12:50:00,0.4213868
4159,2013-12-31 12:50:00,115.8547
4159,2013-12-31 12:50:00,0.006651706
4159,2013-12-31 13:00:00,107.415474
4159,2013-12-31 13:10:00,105.617546
4159,2013-12-31 13:10:00,0.29327068
4159,2013-12-31 13:20:00,118.40206
4159,2013-12-31 13:20:00,0.8427736
4159,2013-12-31 13:30:00,0.29327068
4159,2013-12-31 13:30:00,108.29277
4159,2013-12-31 13:30:00,0.006651706
4159,2013-12-31 13:40:00,119.36513
4159,2013-12-31 13:50:00,121.66843
4159,2013-12-31 14:00:00,117.533585
4159,2013-12-31 14:00:00,0.006651706
4159,2013-12-31 14:10:00,129.82916
4159,2013-12-31 14:10:00,0.015739262
4159,2013-12-31 14:20:00,127.08344
4159,2013-12-31 14:30:00,111.70045
4159,2013-12-31 14:40:00,123.82563
4159,2013-12-31 14:40:00,0.006651706
4159,2013-12-31 14:40:00,0.4213868
4159,2013-12-31 14:50:00,0.96277267
4159,2013-12-31 14:50:00,104.448715
4159,2013-12-31 14:50:00,0.015739262
4159,2013-12-31 15:00:00,85.92728
4159,2013-12-31 15:10:00,96.49906
4159,2013-12-31 15:10:00,0.006651706
4159,2013-12-31 15:10:00,0.8427736
4159,2013-12-31 15:20:00,110.9285
4159,2013-12-31 15:20:00,0.0055768173
4159,2013-12-31 15:30:00,0.006651706
4159,2013-12-31 15:30:00,0.4213868
4159,2013-12-31 15:30:00,103.78266
4159,2013-12-31 15:40:00,98.61998
4159,2013-12-31 15:50:00,0.013303412
4159,2013-12-31 15:50:00,117.72844
4159,2013-12-31 15:50:00,0.006651706
4159,2013-12-31 16:00:00,112.74192
4159,2013-12-31 16:00:00,0.4213868
4159,2013-12-31 16:10:00,0.011153635
4159,2013-12-31 16:10:00,110.79865
4159,2013-12-31 16:20:00,0.012228523
4159,2013-12-31 16:20:00,100.8235
4159,2013-12-31 16:20:00,0.4280385
4159,2013-12-31 16:20:00,0.006651706
4159,2013-12-31 16:30:00,0.0055768173
4159,2013-12-31 16:30:00,108.14929
4159,2013-12-31 16:40:00,110.39854
4159,2013-12-31 16:40:00,0.4280385
4159,2013-12-31 16:50:00,100.47944
4159,2013-12-31 16:50:00,0.4213868
4159,2013-12-31 16:50:00,0.013303412
4159,2013-12-31 17:00:00,94.28952
4159,2013-12-31 17:00:00,1.6212618
4159,2013-12-31 17:10:00,102.10342
4159,2013-12-31 17:20:00,99.99904
4159,2013-12-31 17:20:00,0.006651706
4159,2013-12-31 17:20:00,0.015739262
4159,2013-12-31 17:30:00,95.69494
4159,2013-12-31 17:30:00,0.006651706
4159,2013-12-31 17:40:00,117.680435
4159,2013-12-31 17:50:00,90.874794
4159,2013-12-31 17:50:00,0.006651706
4159,2013-12-31 17:50:00,0.015739262
4159,2013-12-31 18:00:00,114.29152
4159,2013-12-31 18:00:00,0.29327068
4159,2013-12-31 18:10:00,116.86809
4159,2013-12-31 18:10:00,0.4213868
4159,2013-12-31 18:20:00,103.60165
4159,2013-12-31 18:20:00,0.4213868
4159,2013-12-31 18:30:00,108.79596
4159,2013-12-31 18:30:00,0.006651706
4159,2013-12-31 18:30:00,0.8106309
4159,2013-12-31 18:40:00,0.0055768173
4159,2013-12-31 18:40:00,130.92673
4159,2013-12-31 18:40:00,0.006651706
4159,2013-12-31 18:40:00,0.4280385
4159,2013-12-31 18:50:00,125.62226
4159,2013-12-31 18:50:00,0.006651706
4159,2013-12-31 18:50:00,0.006651706
4159,2013-12-31 19:00:00,129.94225
4159,2013-12-31 19:00:00,0.006651706
4159,2013-12-31 19:10:00,108.2617
4159,2013-12-31 19:10:00,0.48138633
4159,2013-12-31 19:10:00,0.4280385
4159,2013-12-31 19:20:00,99.14529
4159,2013-12-31 19:30:00,91.73391
4159,2013-12-31 19:30:00,0.4213868
4159,2013-12-31 19:30:00,0.006651706
4159,2013-12-31 19:40:00,101.394585
4159,2013-12-31 19:40:00,0.006651706
4159,2013-12-31 19:50:00,0.8427736
4159,2013-12-31 19:50:00,99.50857
4159,2013-12-31 20:00:00,114.15578
4159,2013-12-31 20:10:00,95.256195
4159,2013-12-31 20:10:00,0.006651706
4159,2013-12-31 20:20:00,110.54
4159,2013-12-31 20:30:00,102.73791
4159,2013-12-31 20:30:00,0.013303412
4159,2013-12-31 20:40:00,93.40197
4159,2013-12-31 20:40:00,0.006651706
4159,2013-12-31 20:40:00,0.006651706
4159,2013-12-31 20:50:00,104.96301
4159,2013-12-31 21:00:00,0.4213868
4159,2013-12-31 21:00:00,84.106476
4159,2013-12-31 21:00:00,0.4213868
4159,2013-12-31 21:00:00,0.29327068
4159,2013-12-31 21:10:00,0.4213868
4159,2013-12-31 21:10:00,0.4213868
4159,2013-12-31 21:10:00,103.113625
4159,2013-12-31 21:20:00,108.72288
4159,2013-12-31 21:20:00,0.006651706
4159,2013-12-31 21:30:00,91.17063
4159,2013-12-31 21:40:00,98.781235
4159,2013-12-31 21:50:00,89.360954
4159,2013-12-31 21:50:00,0.006651706
4159,2013-12-31 22:00:00,100.386734
4159,2013-12-31 22:10:00,101.466484
4159,2013-12-31 22:10:00,0.8427736
4159,2013-12-31 22:20:00,96.55297
4159,2013-12-31 22:30:00,107.57938
4159,2013-12-31 22:30:00,0.006651706
4159,2013-12-31 22:40:00,136.55228
4159,2013-12-31 22:50:00,127.87548
4159,2013-12-31 22:50:00,0.4213868
4159,2013-12-31 23:00:00,111.24577
4159,2013-12-31 23:00:00,0.006651706
4159,2013-12-31 23:10:00,114.75696
4159,2013-12-31 23:10:00,0.4213868
4159,2013-12-31 23:10:00,1.2320178
4159,2013-12-31 23:20:00,0.4213868
4159,2013-12-31 23:20:00,101.92162
4159,2013-12-31 23:20:00,1.2320178
4159,2013-12-31 23:30:00,124.17589
4159,2013-12-31 23:30:00,2.4318926
4159,2013-12-31 23:40:00,122.78403
4159,2013-12-31 23:40:00,0.006651706
4159,2013-12-31 23:50:00,115.19382
4159,2013-12-31 23:50:00,0.29327068
4159,2013-12-31 23:50:00,0.4213868
4159,2014-01-01 00:00:00,0.4213868
4159,2014-01-01 00:00:00,130.11623
4159,2014-01-01 00:00:00,0.013303412
4159,2014-01-01 00:00:00,0.8172826
4159,2014-01-01 00:10:00,148.14935
4159,2014-01-01 00:10:00,0.006651706
4159,2014-01-01 00:10:00,0.006651706
4159,2014-01-01 00:10:00,0.4213868
4159,2014-01-01 00:20:00,147.34254
4159,2014-01-01 00:20:00,1.2320178
4159,2014-01-01 00:30:00,0.29327068
4159,2014-01-01 00:30:00,146.13232
4159,2014-01-01 00:30:00,0.8106309
4159,2014-01-01 00:40:00,150.23344
4159,2014-01-01 00:40:00,0.4213868
4159,2014-01-01 00:40:00,1.6279135
4159,2014-01-01 00:50:00,174.32364
4159,2014-01-01 00:50:00,0.006651706
4159,2014-01-01 00:50:00,0.8106309
4159,2014-01-01 01:00:00,0.4213868
4159,2014-01-01 01:00:00,0.48138633
4159,2014-01-01 01:00:00,161.34402
4159,2014-01-01 01:00:00,0.015739262
4159,2014-01-01 01:10:00,1.32416
4159,2014-01-01 01:10:00,160.5447
4159,2014-01-01 01:10:00,0.4213868
4159,2014-01-01 01:20:00,0.8106309
4159,2014-01-01 01:20:00,186.14865
4159,2014-01-01 01:20:00,0.006651706
4159,2014-01-01 01:20:00,0.7146575
4159,2014-01-01 01:30:00,0.8427736
4159,2014-01-01 01:30:00,170.17255
4159,2014-01-01 01:30:00,0.29327068
4159,2014-01-01 01:40:00,0.8427736
4159,2014-01-01 01:40:00,147.94809
4159,2014-01-01 01:40:00,1.953327
4159,2014-01-01 01:50:00,139.10089
4159,2014-01-01 02:00:00,135.23756
4159,2014-01-01 02:00:00,0.012228523
4159,2014-01-01 02:00:00,0.006651706
4159,2014-01-01 02:10:00,135.93965
4159,2014-01-01 02:20:00,141.3421
4159,2014-01-01 02:30:00,134.54466
4159,2014-01-01 02:30:00,0.2999224
4159,2014-01-01 02:30:00,0.006651706
4159,2014-01-01 02:40:00,141.16774
4159,2014-01-01 02:40:00,0.4213868
4159,2014-01-01 02:50:00,117.13478
4159,2014-01-01 02:50:00,0.013303412
4159,2014-01-01 03:00:00,107.669395
4159,2014-01-01 03:00:00,0.015739262
4159,2014-01-01 03:10:00,126.347176
4159,2014-01-01 03:10:00,0.006651706
4159,2014-01-01 03:20:00,0.29327068
4159,2014-01-01 03:20:00,98.015236
4159,2014-01-01 03:30:00,103.919685
4159,2014-01-01 03:40:00,95.181816
4159,2014-01-01 03:40:00,0.4213868
4159,2014-01-01 03:50:00,96.28563
4159,2014-01-01 03:50:00,0.006651706
4159,2014-01-01 04:00:00,87.95007
4159,2014-01-01 04:10:00,91.32285
4159,2014-01-01 04:20:00,80.53984
4159,2014-01-01 04:20:00,0.006651706
4159,2014-01-01 04:30:00,82.92104
4159,2014-01-01 04:40:00,72.76636
4159,2014-01-01 04:40:00,0.006651706
4159,2014-01-01 04:50:00,0.4213868
4159,2014-01-01 04:50:00,70.70352
4159,2014-01-01 04:50:00,0.8427736
4159,2014-01-01 05:00:00,70.11096
4159,2014-01-01 05:10:00,68.70824
4159,2014-01-01 05:20:00,62.551876
4159,2014-01-01 05:20:00,0.006651706
4159,2014-01-01 05:20:00,0.4213868
4159,2014-01-01 05:30:00,67.159424
4159,2014-01-01 05:40:00,0.006651706
4159,2014-01-01 05:40:00,67.740814
4159,2014-01-01 05:50:00,59.46344
4159,2014-01-01 05:50:00,0.006651706
4159,2014-01-01 05:50:00,0.8106309
4159,2014-01-01 06:00:00,62.09293
4159,2014-01-01 06:10:00,0.4213868
4159,2014-01-01 06:10:00,59.851818
4159,2014-01-01 06:10:00,0.4213868
4159,2014-01-01 06:20:00,65.10919
4159,2014-01-01 06:30:00,61.870754
4159,2014-01-01 06:30:00,0.006651706
4159,2014-01-01 06:40:00,56.59588
4159,2014-01-01 06:50:00,54.308125
4159,2014-01-01 06:50:00,0.006651706
4159,2014-01-01 07:00:00,60.50001
4159,2014-01-01 07:00:00,0.006651706
4159,2014-01-01 07:10:00,58.238773
4159,2014-01-01 07:20:00,50.813137
4159,2014-01-01 07:30:00,55.011955
4159,2014-01-01 07:40:00,51.30188
4159,2014-01-01 07:40:00,0.006651706
4159,2014-01-01 07:50:00,50.96789
4159,2014-01-01 07:50:00,0.4213868
4159,2014-01-01 08:00:00,51.537415
4159,2014-01-01 08:10:00,0.4213868
4159,2014-01-01 08:10:00,46.835724
4159,2014-01-01 08:10:00,0.006651706
4159,2014-01-01 08:20:00,52.707256
4159,2014-01-01 08:30:00,61.906906
4159,2014-01-01 08:40:00,0.015739262
4159,2014-01-01 08:40:00,64.73367
4159,2014-01-01 08:40:00,0.006651706
4159,2014-01-01 08:50:00,78.08557
4159,2014-01-01 09:00:00,66.928665
4159,2014-01-01 09:10:00,73.978676
4159,2014-01-01 09:20:00,61.504383
4159,2014-01-01 09:20:00,0.006651706
4159,2014-01-01 09:30:00,67.20381
4159,2014-01-01 09:40:00,61.558495
4159,2014-01-01 09:50:00,67.85114
4159,2014-01-01 09:50:00,0.006651706
4159,2014-01-01 09:50:00,0.006651706
4159,2014-01-01 10:00:00,70.30685
4159,2014-01-01 10:10:00,65.46866
4159,2014-01-01 10:10:00,0.013303412
4159,2014-01-01 10:20:00,0.4213868
4159,2014-01-01 10:20:00,68.73178
4159,2014-01-01 10:20:00,0.006651706
4159,2014-01-01 10:30:00,70.21854
4159,2014-01-01 10:30:00,0.006651706
4159,2014-01-01 10:30:00,0.006651706
4159,2014-01-01 10:40:00,79.23878
4159,2014-01-01 10:40:00,0.006651706
4159,2014-01-01 10:50:00,79.359566
4159,2014-01-01 10:50:00,0.4280385
4159,2014-01-01 11:00:00,74.70027
4159,2014-01-01 11:00:00,0.006651706
4159,2014-01-01 11:00:00,0.3132258
4159,2014-01-01 11:10:00,72.391525
4159,2014-01-01 11:20:00,91.83704
4159,2014-01-01 11:30:00,79.14802
4159,2014-01-01 11:40:00,0.4213868
4159,2014-01-01 11:40:00,71.039505
4159,2014-01-01 11:40:00,0.006651706
4159,2014-01-01 11:50:00,78.610146
4159,2014-01-01 12:00:00,82.64996
4159,2014-01-01 12:10:00,78.28551
4159,2014-01-01 12:10:00,0.006651706
4159,2014-01-01 12:20:00,0.01995512
4159,2014-01-01 12:20:00,88.05495
4159,2014-01-01 12:20:00,0.8106309
4159,2014-01-01 12:20:00,0.2999224
4159,2014-01-01 12:30:00,0.4213868
4159,2014-01-01 12:30:00,82.54854
4159,2014-01-01 12:40:00,71.63002
4159,2014-01-01 12:40:00,0.006651706
4159,2014-01-01 12:50:00,0.4213868
4159,2014-01-01 12:50:00,78.298706
4159,2014-01-01 12:50:00,0.006651706
4159,2014-01-01 13:00:00,0.006651706
4159,2014-01-01 13:00:00,79.95754
4159,2014-01-01 13:00:00,0.006651706
4159,2014-01-01 13:00:00,0.006651706
4159,2014-01-01 13:10:00,80.27095
4159,2014-01-01 13:10:00,0.013303412
4159,2014-01-01 13:20:00,76.528305
4159,2014-01-01 13:20:00,0.006651706
4159,2014-01-01 13:30:00,0.006651706
4159,2014-01-01 13:30:00,83.32114
4159,2014-01-01 13:30:00,0.4213868
4159,2014-01-01 13:40:00,0.006651706
4159,2014-01-01 13:40:00,94.70406
4159,2014-01-01 13:50:00,93.586494
4159,2014-01-01 13:50:00,0.006651706
4159,2014-01-01 14:00:00,0.015739262
4159,2014-01-01 14:00:00,70.043976
4159,2014-01-01 14:10:00,84.48248
4159,2014-01-01 14:20:00,0.015739262
4159,2014-01-01 14:20:00,93.1414
4159,2014-01-01 14:20:00,0.29327068
4159,2014-01-01 14:30:00,77.38181
4159,2014-01-01 14:30:00,0.006651706
4159,2014-01-01 14:40:00,78.32155
4159,2014-01-01 14:40:00,0.026606824
4159,2014-01-01 14:50:00,77.21846
4159,2014-01-01 14:50:00,0.006651706
4159,2014-01-01 15:00:00,106.6653
4159,2014-01-01 15:00:00,0.4280385
4159,2014-01-01 15:00:00,0.006651706
4159,2014-01-01 15:10:00,81.117615
4159,2014-01-01 15:10:00,0.006651706
4159,2014-01-01 15:20:00,92.73976
4159,2014-01-01 15:20:00,0.026606824
4159,2014-01-01 15:30:00,82.07657
4159,2014-01-01 15:30:00,0.013303412
4159,2014-01-01 15:40:00,82.60279
4159,2014-01-01 15:40:00,0.026606824
4159,2014-01-01 15:40:00,0.006651706
4159,2014-01-01 15:50:00,94.7362
4159,2014-01-01 15:50:00,0.01995512
4159,2014-01-01 16:00:00,84.209694
4159,2014-01-01 16:10:00,0.29327068
4159,2014-01-01 16:10:00,0.006651706
4159,2014-01-01 16:10:00,121.75717
4159,2014-01-01 16:10:00,0.006651706
4159,2014-01-01 16:20:00,0.2999224
4159,2014-01-01 16:20:00,89.70357
4159,2014-01-01 16:20:00,0.4280385
4159,2014-01-01 16:30:00,96.92446
4159,2014-01-01 16:30:00,0.006651706
4159,2014-01-01 16:40:00,98.67958
4159,2014-01-01 16:40:00,0.006651706
4159,2014-01-01 16:50:00,110.11433
4159,2014-01-01 17:00:00,0.006651706
4159,2014-01-01 17:00:00,96.01059
4159,2014-01-01 17:10:00,95.081795
4159,2014-01-01 17:10:00,0.011153635
4159,2014-01-01 17:20:00,0.006651706
4159,2014-01-01 17:20:00,87.284836
4159,2014-01-01 17:20:00,0.006651706
4159,2014-01-01 17:20:00,0.4280385
4159,2014-01-01 17:20:00,0.013303412
4159,2014-01-01 17:30:00,83.24688
4159,2014-01-01 17:40:00,0.015739262
4159,2014-01-01 17:40:00,99.03381
4159,2014-01-01 17:40:00,0.4213868
4159,2014-01-01 17:40:00,0.4213868
4159,2014-01-01 17:50:00,93.58945
4159,2014-01-01 17:50:00,0.006651706
4159,2014-01-01 17:50:00,0.8585129
4159,2014-01-01 18:00:00,100.15344
4159,2014-01-01 18:00:00,0.4213868
4159,2014-01-01 18:10:00,0.48138633
4159,2014-01-01 18:10:00,101.31664
4159,2014-01-01 18:10:00,0.30900994
4159,2014-01-01 18:20:00,0.006651706
4159,2014-01-01 18:20:00,111.295784
4159,2014-01-01 18:30:00,0.02239097
4159,2014-01-01 18:30:00,102.08867
4159,2014-01-01 18:30:00,0.006651706
4159,2014-01-01 18:40:00,106.11684
4159,2014-01-01 18:40:00,0.006651706
4159,2014-01-01 18:50:00,0.015739262
4159,2014-01-01 18:50:00,80.997345
4159,2014-01-01 19:00:00,99.32749
4159,2014-01-01 19:00:00,0.013303412
4159,2014-01-01 19:00:00,0.43712607
4159,2014-01-01 19:10:00,0.015739262
4159,2014-01-01 19:10:00,90.23797
4159,2014-01-01 19:10:00,0.006651706
4159,2014-01-01 19:10:00,0.006651706
4159,2014-01-01 19:20:00,91.97253
4159,2014-01-01 19:20:00,0.026606824
4159,2014-01-01 19:30:00,103.215645
4159,2014-01-01 19:30:00,0.006651706
4159,2014-01-01 19:40:00,1.2641604
4159,2014-01-01 19:40:00,80.65139
4159,2014-01-01 19:40:00,0.013303412
4159,2014-01-01 19:40:00,0.006651706
4159,2014-01-01 19:50:00,0.031478524
4159,2014-01-01 19:50:00,82.39048
4159,2014-01-01 20:00:00,0.015739262
4159,2014-01-01 20:00:00,130.73775
4159,2014-01-01 20:00:00,0.006651706
4159,2014-01-01 20:00:00,0.4213868
4159,2014-01-01 20:10:00,83.88588
4159,2014-01-01 20:10:00,0.013303412
4159,2014-01-01 20:10:00,0.02239097
4159,2014-01-01 20:20:00,102.92625
4159,2014-01-01 20:20:00,0.006651706
4159,2014-01-01 20:30:00,0.006651706
4159,2014-01-01 20:30:00,107.04128
4159,2014-01-01 20:40:00,111.28417
4159,2014-01-01 20:40:00,0.006651706
4159,2014-01-01 20:40:00,0.015739262
4159,2014-01-01 20:50:00,108.850815
4159,2014-01-01 20:50:00,0.006651706
4159,2014-01-01 21:00:00,0.015739262
4159,2014-01-01 21:00:00,90.542755
4159,2014-01-01 21:10:00,0.29327068
4159,2014-01-01 21:10:00,99.108475
4159,2014-01-01 21:10:00,0.015739262
4159,2014-01-01 21:20:00,140.96227
4159,2014-01-01 21:20:00,0.006651706
4159,2014-01-01 21:30:00,0.29327068
4159,2014-01-01 21:30:00,132.38441
4159,2014-01-01 21:40:00,91.09271
4159,2014-01-01 21:40:00,0.015739262
4159,2014-01-01 21:50:00,106.06101
4159,2014-01-01 21:50:00,0.006651706
4159,2014-01-01 22:00:00,0.4213868
4159,2014-01-01 22:00:00,96.2371
4159,2014-01-01 22:00:00,0.006651706
4159,2014-01-01 22:10:00,93.96172
4159,2014-01-01 22:10:00,0.0055768173
4159,2014-01-01 22:10:00,0.006651706
4159,2014-01-01 22:10:00,0.4213868
4159,2014-01-01 22:20:00,91.22781
4159,2014-01-01 22:30:00,0.0055768173
4159,2014-01-01 22:30:00,86.72377
4159,2014-01-01 22:30:00,0.01995512
4159,2014-01-01 22:40:00,77.437195
4159,2014-01-01 22:40:00,0.026606824
4159,2014-01-01 22:40:00,0.02239097
4159,2014-01-01 22:50:00,0.29327068
4159,2014-01-01 22:50:00,103.27034
4159,2014-01-01 22:50:00,0.013303412
