square_id,time_interval,internet_traffic
4556,2013-10-31 23:00:00,1.8506075
4556,2013-10-31 23:00:00,1129.8323
4556,2013-10-31 23:00:00,0.9853416
4556,2013-10-31 23:00:00,0.9853416
4556,2013-10-31 23:00:00,0.9853416
4556,2013-10-31 23:10:00,0.92530376
4556,2013-10-31 23:10:00,0.9853416
4556,2013-10-31 23:10:00,981.0203
4556,2013-10-31 23:10:00,0.92530376
4556,2013-10-31 23:20:00,998.1107
4556,2013-10-31 23:30:00,960.9836
4556,2013-10-31 23:30:00,0.9853416
4556,2013-10-31 23:30:00,0.9853416
4556,2013-10-31 23:40:00,0.9853416
4556,2013-10-31 23:40:00,934.794
4556,2013-10-31 23:40:00,0.002807078
4556,2013-10-31 23:50:00,982.6596
4556,2013-11-01 00:00:00,0.9853416
4556,2013-11-01 00:00:00,0.002807078
4556,2013-11-01 00:00:00,1100.1915
4556,2013-11-01 00:00:00,0.002807078
4556,2013-11-01 00:10:00,833.3809
4556,2013-11-01 00:10:00,0.002807078
4556,2013-11-01 00:20:00,886.5671
4556,2013-11-01 00:30:00,871.0063
4556,2013-11-01 00:30:00,0.9853416
4556,2013-11-01 00:40:00,823.789
4556,2013-11-01 00:40:00,0.002807078
4556,2013-11-01 00:50:00,0.002807078
4556,2013-11-01 00:50:00,0.002807078
4556,2013-11-01 00:50:00,678.19464
4556,2013-11-01 01:00:00,0.008421234
4556,2013-11-01 01:00:00,656.03125
4556,2013-11-01 01:00:00,0.92530376
4556,2013-11-01 01:10:00,0.92811084
4556,2013-11-01 01:10:00,610.27094
4556,2013-11-01 01:20:00,559.6664
4556,2013-11-01 01:30:00,482.23218
4556,2013-11-01 01:40:00,471.77176
4556,2013-11-01 01:50:00,498.20413
4556,2013-11-01 02:00:00,0.002807078
4556,2013-11-01 02:00:00,431.7405
4556,2013-11-01 02:10:00,0.002807078
4556,2013-11-01 02:10:00,385.02197
4556,2013-11-01 02:20:00,0.002807078
4556,2013-11-01 02:20:00,363.43466
4556,2013-11-01 02:20:00,2.7759113
4556,2013-11-01 02:30:00,366.9895
4556,2013-11-01 02:40:00,335.1529
4556,2013-11-01 02:50:00,0.002807078
4556,2013-11-01 02:50:00,369.97702
4556,2013-11-01 03:00:00,0.002807078
4556,2013-11-01 03:00:00,386.62408
4556,2013-11-01 03:00:00,1.8115057
4556,2013-11-01 03:10:00,471.39313
4556,2013-11-01 03:20:00,527.8595
4556,2013-11-01 03:20:00,0.92530376
4556,2013-11-01 03:30:00,0.002807078
4556,2013-11-01 03:30:00,341.86874
4556,2013-11-01 03:40:00,313.73407
4556,2013-11-01 03:50:00,322.86746
4556,2013-11-01 04:00:00,267.07254
4556,2013-11-01 04:10:00,289.00076
4556,2013-11-01 04:20:00,0.002807078
4556,2013-11-01 04:20:00,272.84103
4556,2013-11-01 04:30:00,258.1528
4556,2013-11-01 04:40:00,266.34103
4556,2013-11-01 04:40:00,1.9106454
4556,2013-11-01 04:50:00,357.4608
4556,2013-11-01 05:00:00,276.96756
4556,2013-11-01 05:10:00,313.56088
4556,2013-11-01 05:20:00,271.55115
4556,2013-11-01 05:30:00,219.02803
4556,2013-11-01 05:40:00,231.25917
4556,2013-11-01 05:50:00,256.4545
4556,2013-11-01 06:00:00,237.12685
4556,2013-11-01 06:10:00,257.88776
4556,2013-11-01 06:20:00,239.26897
4556,2013-11-01 06:30:00,262.30515
4556,2013-11-01 06:30:00,0.92530376
4556,2013-11-01 06:40:00,256.32898
4556,2013-11-01 06:50:00,236.95053
4556,2013-11-01 06:50:00,1.8506075
4556,2013-11-01 07:00:00,236.35065
4556,2013-11-01 07:10:00,253.99991
4556,2013-11-01 07:10:00,0.9853416
4556,2013-11-01 07:20:00,256.04468
4556,2013-11-01 07:20:00,0.92530376
4556,2013-11-01 07:30:00,277.43454
4556,2013-11-01 07:30:00,0.9853416
4556,2013-11-01 07:40:00,310.19797
4556,2013-11-01 07:40:00,0.92530376
4556,2013-11-01 07:50:00,321.21835
4556,2013-11-01 08:00:00,0.002807078
4556,2013-11-01 08:00:00,308.42996
4556,2013-11-01 08:00:00,0.9853416
4556,2013-11-01 08:10:00,327.5474
4556,2013-11-01 08:10:00,0.9853416
4556,2013-11-01 08:20:00,351.42365
4556,2013-11-01 08:20:00,0.9853416
4556,2013-11-01 08:20:00,0.9853416
4556,2013-11-01 08:30:00,312.78586
4556,2013-11-01 08:40:00,0.008421234
4556,2013-11-01 08:40:00,363.0913
4556,2013-11-01 08:50:00,0.002807078
4556,2013-11-01 08:50:00,410.04224
4556,2013-11-01 09:00:00,0.002807078
4556,2013-11-01 09:00:00,0.9853416
4556,2013-11-01 09:00:00,458.85126
4556,2013-11-01 09:10:00,577.66925
4556,2013-11-01 09:20:00,536.7073
4556,2013-11-01 09:30:00,1.9106454
4556,2013-11-01 09:30:00,507.96695
4556,2013-11-01 09:30:00,0.92530376
4556,2013-11-01 09:40:00,1.9106454
4556,2013-11-01 09:40:00,547.72266
4556,2013-11-01 09:40:00,2.7759113
4556,2013-11-01 09:40:00,0.002807078
4556,2013-11-01 09:50:00,0.002807078
4556,2013-11-01 09:50:00,506.7926
4556,2013-11-01 09:50:00,0.92530376
4556,2013-11-01 10:00:00,459.20047
4556,2013-11-01 10:00:00,0.9853416
4556,2013-11-01 10:10:00,0.9853416
4556,2013-11-01 10:10:00,476.96375
4556,2013-11-01 10:10:00,0.92530376
4556,2013-11-01 10:20:00,364.48862
4556,2013-11-01 10:20:00,1.9106454
4556,2013-11-01 10:20:00,0.92530376
4556,2013-11-01 10:30:00,417.48364
4556,2013-11-01 10:30:00,2.7759113
4556,2013-11-01 10:30:00,2.7368095
4556,2013-11-01 10:40:00,418.46127
4556,2013-11-01 10:40:00,0.82616407
4556,2013-11-01 10:40:00,0.002807078
4556,2013-11-01 10:40:00,0.9853416
4556,2013-11-01 10:40:00,0.92530376
4556,2013-11-01 10:50:00,1.7514678
4556,2013-11-01 10:50:00,508.69717
4556,2013-11-01 11:00:00,1.7514678
4556,2013-11-01 11:00:00,0.9853416
4556,2013-11-01 11:00:00,544.11774
4556,2013-11-01 11:00:00,0.92530376
4556,2013-11-01 11:00:00,0.92530376
4556,2013-11-01 11:10:00,0.9853416
4556,2013-11-01 11:10:00,534.86505
4556,2013-11-01 11:20:00,0.9853416
4556,2013-11-01 11:20:00,1.9734904
4556,2013-11-01 11:20:00,539.51636
4556,2013-11-01 11:30:00,0.82616407
4556,2013-11-01 11:30:00,509.5858
4556,2013-11-01 11:30:00,1.8506075
4556,2013-11-01 11:30:00,0.002807078
4556,2013-11-01 11:40:00,0.9853416
4556,2013-11-01 11:40:00,636.1814
4556,2013-11-01 11:40:00,3.701215
4556,2013-11-01 11:40:00,0.002807078
4556,2013-11-01 11:50:00,0.9853416
4556,2013-11-01 11:50:00,1.7514678
4556,2013-11-01 11:50:00,582.8819
4556,2013-11-01 11:50:00,0.92530376
4556,2013-11-01 12:00:00,1.9106454
4556,2013-11-01 12:00:00,505.41165
4556,2013-11-01 12:00:00,0.002807078
4556,2013-11-01 12:10:00,0.92811084
4556,2013-11-01 12:10:00,643.3566
4556,2013-11-01 12:10:00,0.92530376
4556,2013-11-01 12:20:00,0.002807078
4556,2013-11-01 12:20:00,613.3316
4556,2013-11-01 12:20:00,2.7368095
4556,2013-11-01 12:30:00,0.002807078
4556,2013-11-01 12:30:00,554.42206
4556,2013-11-01 12:30:00,2.895987
4556,2013-11-01 12:40:00,1.9706832
4556,2013-11-01 12:40:00,566.2899
4556,2013-11-01 12:40:00,5.731936
4556,2013-11-01 12:50:00,0.82616407
4556,2013-11-01 12:50:00,585.28973
4556,2013-11-01 12:50:00,1.9106454
4556,2013-11-01 13:00:00,1.9106454
4556,2013-11-01 13:00:00,601.96136
4556,2013-11-01 13:00:00,0.92530376
4556,2013-11-01 13:10:00,623.5381
4556,2013-11-01 13:20:00,590.1537
4556,2013-11-01 13:20:00,0.9853416
4556,2013-11-01 13:20:00,4.7465944
4556,2013-11-01 13:20:00,1.9706832
4556,2013-11-01 13:30:00,0.92530376
4556,2013-11-01 13:30:00,563.42316
4556,2013-11-01 13:30:00,0.92530376
4556,2013-11-01 13:40:00,612.55475
4556,2013-11-01 13:40:00,1.9706832
4556,2013-11-01 13:50:00,1.9734904
4556,2013-11-01 13:50:00,572.05505
4556,2013-11-01 13:50:00,0.9853416
4556,2013-11-01 14:00:00,1.8506075
4556,2013-11-01 14:00:00,577.48535
4556,2013-11-01 14:00:00,0.002807078
4556,2013-11-01 14:10:00,0.82616407
4556,2013-11-01 14:10:00,673.1589
4556,2013-11-01 14:10:00,0.9853416
4556,2013-11-01 14:10:00,1.9106454
4556,2013-11-01 14:20:00,0.9853416
4556,2013-11-01 14:20:00,0.002807078
4556,2013-11-01 14:20:00,560.2231
4556,2013-11-01 14:30:00,1.9106454
4556,2013-11-01 14:30:00,498.59512
4556,2013-11-01 14:30:00,0.92530376
4556,2013-11-01 14:30:00,2.895987
4556,2013-11-01 14:40:00,1.8506075
4556,2013-11-01 14:40:00,0.82616407
4556,2013-11-01 14:40:00,488.15018
4556,2013-11-01 14:40:00,0.92530376
4556,2013-11-01 14:40:00,0.002807078
4556,2013-11-01 14:50:00,1.8506075
4556,2013-11-01 14:50:00,513.9222
4556,2013-11-01 14:50:00,0.92530376
4556,2013-11-01 14:50:00,1.9706832
4556,2013-11-01 14:50:00,0.9853416
4556,2013-11-01 15:00:00,0.002807078
4556,2013-11-01 15:00:00,500.79376
4556,2013-11-01 15:00:00,1.8506075
4556,2013-11-01 15:10:00,2.8359492
4556,2013-11-01 15:10:00,572.1901
4556,2013-11-01 15:10:00,0.92530376
4556,2013-11-01 15:10:00,3.8212907
4556,2013-11-01 15:10:00,0.002807078
4556,2013-11-01 15:20:00,0.002807078
4556,2013-11-01 15:20:00,571.12805
4556,2013-11-01 15:20:00,0.92530376
4556,2013-11-01 15:20:00,1.9106454
4556,2013-11-01 15:20:00,1.9106454
4556,2013-11-01 15:30:00,0.008421234
4556,2013-11-01 15:30:00,489.7438
4556,2013-11-01 15:30:00,1.8506075
4556,2013-11-01 15:30:00,3.8212907
4556,2013-11-01 15:40:00,1.9706832
4556,2013-11-01 15:40:00,460.08563
4556,2013-11-01 15:40:00,1.9106454
4556,2013-11-01 15:40:00,4.686557
4556,2013-11-01 15:50:00,633.82776
4556,2013-11-01 15:50:00,2.7759113
4556,2013-11-01 16:00:00,594.8908
4556,2013-11-01 16:00:00,7.40243
4556,2013-11-01 16:00:00,0.92530376
4556,2013-11-01 16:10:00,586.04034
4556,2013-11-01 16:10:00,5.6118603
4556,2013-11-01 16:20:00,644.2817
4556,2013-11-01 16:20:00,0.92530376
4556,2013-11-01 16:20:00,11.163683
4556,2013-11-01 16:30:00,538.2256
4556,2013-11-01 16:30:00,0.9853416
4556,2013-11-01 16:30:00,1.9106454
4556,2013-11-01 16:40:00,0.99376285
4556,2013-11-01 16:40:00,554.119
4556,2013-11-01 16:40:00,1.9106454
4556,2013-11-01 16:40:00,0.92530376
4556,2013-11-01 16:50:00,0.002807078
4556,2013-11-01 16:50:00,677.13965
4556,2013-11-01 16:50:00,1.9106454
4556,2013-11-01 16:50:00,0.9853416
4556,2013-11-01 17:00:00,0.002807078
4556,2013-11-01 17:00:00,0.9853416
4556,2013-11-01 17:00:00,581.5007
4556,2013-11-01 17:00:00,0.92530376
4556,2013-11-01 17:10:00,6.7172775
4556,2013-11-01 17:10:00,576.58887
4556,2013-11-01 17:10:00,1.8506075
4556,2013-11-01 17:10:00,2.6767716
4556,2013-11-01 17:10:00,1.8506075
4556,2013-11-01 17:10:00,0.92530376
4556,2013-11-01 17:10:00,0.9853416
4556,2013-11-01 17:20:00,0.92811084
4556,2013-11-01 17:20:00,0.92530376
4556,2013-11-01 17:20:00,579.08154
4556,2013-11-01 17:30:00,0.9853416
4556,2013-11-01 17:30:00,0.002807078
4556,2013-11-01 17:30:00,590.7062
4556,2013-11-01 17:30:00,2.6767716
4556,2013-11-01 17:30:00,0.92530376
4556,2013-11-01 17:30:00,1.8506075
4556,2013-11-01 17:40:00,631.7778
4556,2013-11-01 17:40:00,0.92530376
4556,2013-11-01 17:50:00,1.7514678
4556,2013-11-01 17:50:00,692.8239
4556,2013-11-01 18:00:00,657.0913
4556,2013-11-01 18:00:00,1.9106454
4556,2013-11-01 18:00:00,0.92530376
4556,2013-11-01 18:10:00,0.002807078
4556,2013-11-01 18:10:00,0.92811084
4556,2013-11-01 18:10:00,1.8506075
4556,2013-11-01 18:10:00,0.92530376
4556,2013-11-01 18:10:00,1032.1611
4556,2013-11-01 18:10:00,1.9106454
4556,2013-11-01 18:10:00,0.9881487
4556,2013-11-01 18:10:00,0.92530376
4556,2013-11-01 18:10:00,0.92530376
4556,2013-11-01 18:20:00,0.005614156
4556,2013-11-01 18:20:00,1.9106454
4556,2013-11-01 18:20:00,5.5518227
4556,2013-11-01 18:20:00,850.33124
4556,2013-11-01 18:20:00,0.002807078
4556,2013-11-01 18:20:00,1.8506075
4556,2013-11-01 18:20:00,0.9853416
4556,2013-11-01 18:20:00,3.701215
4556,2013-11-01 18:30:00,0.9853416
4556,2013-11-01 18:30:00,2.7759113
4556,2013-11-01 18:30:00,1.7514678
4556,2013-11-01 18:30:00,852.43207
4556,2013-11-01 18:30:00,0.92530376
4556,2013-11-01 18:30:00,0.9853416
4556,2013-11-01 18:30:00,0.92530376
4556,2013-11-01 18:30:00,1.8506075
4556,2013-11-01 18:40:00,0.9853416
4556,2013-11-01 18:40:00,1.9106454
4556,2013-11-01 18:40:00,866.44183
4556,2013-11-01 18:40:00,0.92530376
4556,2013-11-01 18:40:00,0.9853416
4556,2013-11-01 18:40:00,0.92530376
4556,2013-11-01 18:50:00,0.008421234
4556,2013-11-01 18:50:00,0.99376285
4556,2013-11-01 18:50:00,6.7172775
4556,2013-11-01 18:50:00,882.5154
4556,2013-11-01 18:50:00,0.9853416
4556,2013-11-01 18:50:00,0.92530376
4556,2013-11-01 18:50:00,3.701215
4556,2013-11-01 19:00:00,0.002807078
4556,2013-11-01 19:00:00,2.895987
4556,2013-11-01 19:00:00,1196.9374
4556,2013-11-01 19:00:00,0.002807078
4556,2013-11-01 19:00:00,0.92530376
4556,2013-11-01 19:00:00,0.92530376
4556,2013-11-01 19:10:00,0.9853416
4556,2013-11-01 19:10:00,3.8813286
4556,2013-11-01 19:10:00,0.9853416
4556,2013-11-01 19:10:00,1.8506075
4556,2013-11-01 19:10:00,908.4274
4556,2013-11-01 19:10:00,0.92530376
4556,2013-11-01 19:10:00,0.9853416
4556,2013-11-01 19:10:00,0.9853416
4556,2013-11-01 19:10:00,6.477126
4556,2013-11-01 19:20:00,1.9706832
4556,2013-11-01 19:20:00,0.92811084
4556,2013-11-01 19:20:00,5.5727587
4556,2013-11-01 19:20:00,890.74066
4556,2013-11-01 19:20:00,1.9106454
4556,2013-11-01 19:20:00,0.005614156
4556,2013-11-01 19:20:00,3.7612529
4556,2013-11-01 19:30:00,0.92530376
4556,2013-11-01 19:30:00,0.92530376
4556,2013-11-01 19:30:00,3.6621132
4556,2013-11-01 19:30:00,898.89496
4556,2013-11-01 19:30:00,0.002807078
4556,2013-11-01 19:30:00,0.002807078
4556,2013-11-01 19:40:00,0.9853416
4556,2013-11-01 19:40:00,1.9162595
4556,2013-11-01 19:40:00,821.66736
4556,2013-11-01 19:40:00,1.9106454
4556,2013-11-01 19:40:00,0.002807078
4556,2013-11-01 19:50:00,0.92530376
4556,2013-11-01 19:50:00,0.92530376
4556,2013-11-01 19:50:00,0.92530376
4556,2013-11-01 19:50:00,0.9853416
4556,2013-11-01 19:50:00,809.7258
4556,2013-11-01 19:50:00,0.92811084
4556,2013-11-01 19:50:00,2.7368095
4556,2013-11-01 20:00:00,0.92811084
4556,2013-11-01 20:00:00,0.92811084
4556,2013-11-01 20:00:00,0.92530376
4556,2013-11-01 20:00:00,0.9853416
4556,2013-11-01 20:00:00,933.6991
4556,2013-11-01 20:00:00,0.9853416
4556,2013-11-01 20:00:00,0.92530376
4556,2013-11-01 20:00:00,0.9853416
4556,2013-11-01 20:10:00,0.92530376
4556,2013-11-01 20:10:00,0.92530376
4556,2013-11-01 20:10:00,4.686557
4556,2013-11-01 20:10:00,2.8359492
4556,2013-11-01 20:10:00,2.895987
4556,2013-11-01 20:10:00,994.18915
4556,2013-11-01 20:10:00,1.9106454
4556,2013-11-01 20:10:00,0.9853416
4556,2013-11-01 20:10:00,0.9853416
4556,2013-11-01 20:10:00,1.9106454
4556,2013-11-01 20:20:00,0.92530376
4556,2013-11-01 20:20:00,4.7465944
4556,2013-11-01 20:20:00,0.9881487
4556,2013-11-01 20:20:00,1.9106454
4556,2013-11-01 20:20:00,0.9853416
4556,2013-11-01 20:20:00,906.16144
4556,2013-11-01 20:20:00,1.9106454
4556,2013-11-01 20:20:00,2.7759113
4556,2013-11-01 20:30:00,1.9106454
4556,2013-11-01 20:30:00,2.8987942
4556,2013-11-01 20:30:00,5.314441
4556,2013-11-01 20:30:00,1022.6914
4556,2013-11-01 20:30:00,0.92530376
4556,2013-11-01 20:30:00,0.92530376
4556,2013-11-01 20:30:00,0.9881487
4556,2013-11-01 20:30:00,1.9106454
4556,2013-11-01 20:40:00,0.9853416
4556,2013-11-01 20:40:00,0.92811084
4556,2013-11-01 20:40:00,0.002807078
4556,2013-11-01 20:40:00,5.6803193
4556,2013-11-01 20:40:00,1036.8993
4556,2013-11-01 20:40:00,1.9106454
4556,2013-11-01 20:40:00,0.9853416
4556,2013-11-01 20:50:00,0.9853416
4556,2013-11-01 20:50:00,0.92530376
4556,2013-11-01 20:50:00,3.7612529
4556,2013-11-01 20:50:00,1.8506075
4556,2013-11-01 20:50:00,919.018
4556,2013-11-01 20:50:00,0.99095577
4556,2013-11-01 20:50:00,1.8506075
4556,2013-11-01 20:50:00,0.92530376
4556,2013-11-01 21:00:00,1.9106454
4556,2013-11-01 21:00:00,0.9853416
4556,2013-11-01 21:00:00,0.92530376
4556,2013-11-01 21:00:00,0.92530376
4556,2013-11-01 21:00:00,876.2764
4556,2013-11-01 21:00:00,0.92530376
4556,2013-11-01 21:00:00,0.92530376
4556,2013-11-01 21:10:00,5.6718984
4556,2013-11-01 21:10:00,0.92530376
4556,2013-11-01 21:10:00,1027.2535
4556,2013-11-01 21:20:00,0.92530376
4556,2013-11-01 21:20:00,0.9853416
4556,2013-11-01 21:20:00,4.629326
4556,2013-11-01 21:20:00,938.85284
4556,2013-11-01 21:20:00,0.9853416
4556,2013-11-01 21:30:00,0.92530376
4556,2013-11-01 21:30:00,1.9106454
4556,2013-11-01 21:30:00,936.1431
4556,2013-11-01 21:40:00,0.92530376
4556,2013-11-01 21:40:00,1006.85284
4556,2013-11-01 21:40:00,0.92530376
4556,2013-11-01 21:40:00,0.92530376
4556,2013-11-01 21:40:00,0.92530376
4556,2013-11-01 21:50:00,0.92530376
4556,2013-11-01 21:50:00,0.92530376
4556,2013-11-01 21:50:00,831.48175
4556,2013-11-01 22:00:00,0.9853416
4556,2013-11-01 22:00:00,863.8099
4556,2013-11-01 22:00:00,0.92530376
4556,2013-11-01 22:10:00,0.002807078
4556,2013-11-01 22:10:00,2.895987
4556,2013-11-01 22:10:00,920.1907
4556,2013-11-01 22:10:00,0.9853416
4556,2013-11-01 22:20:00,0.005614156
4556,2013-11-01 22:20:00,1.8506075
4556,2013-11-01 22:20:00,991.49475
4556,2013-11-01 22:20:00,1.9706832
4556,2013-11-01 22:30:00,0.92530376
4556,2013-11-01 22:30:00,990.63257
4556,2013-11-01 22:30:00,0.92530376
4556,2013-11-01 22:30:00,0.9881487
4556,2013-11-01 22:30:00,0.9853416
4556,2013-11-01 22:40:00,1.8506075
4556,2013-11-01 22:40:00,0.002807078
4556,2013-11-01 22:40:00,803.33105
4556,2013-11-01 22:40:00,0.9853416
4556,2013-11-01 22:50:00,0.002807078
4556,2013-11-01 22:50:00,0.002807078
4556,2013-11-01 22:50:00,878.18787
4556,2013-11-01 22:50:00,1.9134525
4556,2013-11-01 22:50:00,0.9853416
4556,2013-11-01 23:00:00,0.002807078
4556,2013-11-01 23:00:00,0.002807078
4556,2013-11-01 23:00:00,3.701215
4556,2013-11-01 23:00:00,804.5696
4556,2013-11-01 23:00:00,1.9106454
4556,2013-11-01 23:00:00,3.9413664
4556,2013-11-01 23:00:00,0.92530376
4556,2013-11-01 23:10:00,0.92530376
4556,2013-11-01 23:10:00,748.3442
4556,2013-11-01 23:10:00,1.8506075
4556,2013-11-01 23:10:00,0.002807078
4556,2013-11-01 23:20:00,0.002807078
4556,2013-11-01 23:20:00,0.005614156
4556,2013-11-01 23:20:00,748.873
4556,2013-11-01 23:20:00,1.9106454
4556,2013-11-01 23:20:00,0.92530376
4556,2013-11-01 23:30:00,0.008421234
4556,2013-11-01 23:30:00,884.6829
4556,2013-11-01 23:30:00,0.92811084
4556,2013-11-01 23:40:00,0.002807078
4556,2013-11-01 23:40:00,0.008421234
4556,2013-11-01 23:40:00,679.4233
4556,2013-11-01 23:50:00,850.24554
4556,2013-11-02 00:00:00,0.82616407
4556,2013-11-02 00:00:00,1018.61084
4556,2013-11-02 00:00:00,0.92530376
4556,2013-11-02 00:10:00,750.375
4556,2013-11-02 00:10:00,1.9106454
4556,2013-11-02 00:20:00,628.23346
4556,2013-11-02 00:20:00,0.92811084
4556,2013-11-02 00:30:00,0.002807078
4556,2013-11-02 00:30:00,0.92530376
4556,2013-11-02 00:30:00,552.14984
4556,2013-11-02 00:30:00,2.895987
4556,2013-11-02 00:40:00,649.1504
4556,2013-11-02 00:40:00,0.92530376
4556,2013-11-02 00:50:00,428.44534
4556,2013-11-02 01:00:00,628.8939
4556,2013-11-02 01:00:00,0.002807078
4556,2013-11-02 01:10:00,0.92530376
4556,2013-11-02 01:10:00,394.19193
4556,2013-11-02 01:10:00,0.002807078
4556,2013-11-02 01:20:00,391.008
4556,2013-11-02 01:30:00,5.731936
4556,2013-11-02 01:30:00,424.156
4556,2013-11-02 01:40:00,4.6474547
4556,2013-11-02 01:40:00,516.17224
4556,2013-11-02 01:40:00,3.8212907
4556,2013-11-02 01:50:00,5.413581
4556,2013-11-02 01:50:00,0.9853416
4556,2013-11-02 01:50:00,404.5571
4556,2013-11-02 02:00:00,0.92530376
4556,2013-11-02 02:00:00,455.68842
4556,2013-11-02 02:10:00,0.9853416
4556,2013-11-02 02:10:00,292.7192
4556,2013-11-02 02:20:00,5.731936
4556,2013-11-02 02:20:00,1.9106454
4556,2013-11-02 02:20:00,251.45148
4556,2013-11-02 02:30:00,1.9106454
4556,2013-11-02 02:30:00,269.5152
4556,2013-11-02 02:30:00,1.9106454
4556,2013-11-02 02:40:00,280.8201
4556,2013-11-02 02:50:00,0.92530376
4556,2013-11-02 02:50:00,205.92032
4556,2013-11-02 03:00:00,249.90082
4556,2013-11-02 03:10:00,1.8506075
4556,2013-11-02 03:10:00,211.06712
4556,2013-11-02 03:20:00,0.92530376
4556,2013-11-02 03:20:00,220.85396
4556,2013-11-02 03:30:00,240.56082
4556,2013-11-02 03:40:00,211.27098
4556,2013-11-02 03:50:00,0.92530376
4556,2013-11-02 03:50:00,194.2854
4556,2013-11-02 04:00:00,207.35786
4556,2013-11-02 04:00:00,1.9106454
4556,2013-11-02 04:10:00,242.29012
4556,2013-11-02 04:10:00,5.5727587
4556,2013-11-02 04:20:00,186.29889
4556,2013-11-02 04:20:00,4.6474547
4556,2013-11-02 04:30:00,196.80678
4556,2013-11-02 04:30:00,0.92530376
4556,2013-11-02 04:30:00,0.002807078
4556,2013-11-02 04:40:00,0.002807078
4556,2013-11-02 04:40:00,184.4297
4556,2013-11-02 04:50:00,182.24025
4556,2013-11-02 05:00:00,0.92530376
4556,2013-11-02 05:00:00,190.11324
4556,2013-11-02 05:10:00,0.002807078
4556,2013-11-02 05:10:00,191.58917
4556,2013-11-02 05:20:00,197.96347
4556,2013-11-02 05:20:00,1.9106454
4556,2013-11-02 05:30:00,171.95769
4556,2013-11-02 05:40:00,189.86748
4556,2013-11-02 05:50:00,337.40723
4556,2013-11-02 06:00:00,196.31145
4556,2013-11-02 06:00:00,0.92530376
4556,2013-11-02 06:10:00,311.25824
4556,2013-11-02 06:20:00,203.3411
4556,2013-11-02 06:30:00,195.31075
4556,2013-11-02 06:40:00,230.08514
4556,2013-11-02 06:50:00,229.43536
4556,2013-11-02 07:00:00,222.32297
4556,2013-11-02 07:00:00,3.5029356
4556,2013-11-02 07:10:00,0.92530376
4556,2013-11-02 07:10:00,224.96913
4556,2013-11-02 07:20:00,0.002807078
4556,2013-11-02 07:20:00,332.52078
4556,2013-11-02 07:30:00,307.6148
4556,2013-11-02 07:40:00,238.96051
4556,2013-11-02 07:40:00,0.9853416
4556,2013-11-02 07:50:00,275.27103
4556,2013-11-02 07:50:00,0.9853416
4556,2013-11-02 08:00:00,317.3086
4556,2013-11-02 08:10:00,344.48602
4556,2013-11-02 08:20:00,491.77133
4556,2013-11-02 08:20:00,0.92530376
4556,2013-11-02 08:20:00,6.65724
4556,2013-11-02 08:30:00,402.0365
4556,2013-11-02 08:30:00,3.8212907
4556,2013-11-02 08:40:00,367.0553
4556,2013-11-02 08:50:00,0.002807078
4556,2013-11-02 08:50:00,5.5518227
4556,2013-11-02 08:50:00,428.37778
4556,2013-11-02 09:00:00,0.005614156
4556,2013-11-02 09:00:00,2.8359492
4556,2013-11-02 09:00:00,448.25543
4556,2013-11-02 09:00:00,5.731936
4556,2013-11-02 09:10:00,1.9706832
4556,2013-11-02 09:10:00,0.92530376
4556,2013-11-02 09:10:00,388.01907
4556,2013-11-02 09:10:00,1.9106454
4556,2013-11-02 09:20:00,5.91205
4556,2013-11-02 09:20:00,1.7514678
4556,2013-11-02 09:20:00,427.55542
4556,2013-11-02 09:20:00,2.8359492
4556,2013-11-02 09:20:00,0.9853416
4556,2013-11-02 09:30:00,1.9706832
4556,2013-11-02 09:30:00,1.9106454
4556,2013-11-02 09:30:00,379.59366
4556,2013-11-02 09:30:00,3.8212907
4556,2013-11-02 09:30:00,0.92530376
4556,2013-11-02 09:30:00,0.92530376
4556,2013-11-02 09:40:00,1.9106454
4556,2013-11-02 09:40:00,1.9706832
4556,2013-11-02 09:40:00,0.9853416
4556,2013-11-02 09:40:00,457.68466
4556,2013-11-02 09:40:00,6.5581
4556,2013-11-02 09:40:00,0.92530376
4556,2013-11-02 09:50:00,1.9106454
4556,2013-11-02 09:50:00,477.19778
4556,2013-11-02 09:50:00,0.92530376
4556,2013-11-02 09:50:00,6.65724
4556,2013-11-02 09:50:00,0.9853416
4556,2013-11-02 09:50:00,1.8506075
4556,2013-11-02 10:00:00,1.9106454
4556,2013-11-02 10:00:00,2.8359492
4556,2013-11-02 10:00:00,0.92530376
4556,2013-11-02 10:00:00,451.63208
4556,2013-11-02 10:00:00,5.731936
4556,2013-11-02 10:00:00,1.8506075
4556,2013-11-02 10:00:00,0.92530376
4556,2013-11-02 10:10:00,1.9106454
4556,2013-11-02 10:10:00,683.268
4556,2013-11-02 10:10:00,2.956025
4556,2013-11-02 10:10:00,0.92530376
4556,2013-11-02 10:20:00,5.5727587
4556,2013-11-02 10:20:00,563.77826
4556,2013-11-02 10:20:00,0.92530376
4556,2013-11-02 10:30:00,1.9106454
4556,2013-11-02 10:30:00,576.28314
4556,2013-11-02 10:30:00,1.9106454
4556,2013-11-02 10:30:00,1.9106454
4556,2013-11-02 10:30:00,2.7759113
4556,2013-11-02 10:40:00,0.002807078
4556,2013-11-02 10:40:00,3.6621132
4556,2013-11-02 10:40:00,698.6666
4556,2013-11-02 10:40:00,0.9853416
4556,2013-11-02 10:50:00,0.002807078
4556,2013-11-02 10:50:00,540.3178
4556,2013-11-02 10:50:00,0.82616407
4556,2013-11-02 10:50:00,1.8506075
4556,2013-11-02 11:00:00,0.92530376
4556,2013-11-02 11:00:00,638.3049
4556,2013-11-02 11:00:00,0.92530376
4556,2013-11-02 11:00:00,1.8506075
4556,2013-11-02 11:10:00,1.9106454
4556,2013-11-02 11:10:00,8.34867
4556,2013-11-02 11:10:00,545.6717
4556,2013-11-02 11:10:00,1.9106454
4556,2013-11-02 11:10:00,0.002807078
4556,2013-11-02 11:10:00,0.92530376
4556,2013-11-02 11:10:00,0.92530376
4556,2013-11-02 11:20:00,633.873
4556,2013-11-02 11:20:00,0.9853416
4556,2013-11-02 11:20:00,0.92530376
4556,2013-11-02 11:30:00,2.895987
4556,2013-11-02 11:30:00,0.92530376
4556,2013-11-02 11:30:00,624.97955
4556,2013-11-02 11:30:00,2.8359492
4556,2013-11-02 11:30:00,0.002807078
4556,2013-11-02 11:40:00,0.002807078
4556,2013-11-02 11:40:00,625.6497
4556,2013-11-02 11:40:00,0.9853416
4556,2013-11-02 11:50:00,495.61887
4556,2013-11-02 11:50:00,0.008421234
4556,2013-11-02 11:50:00,1.8506075
4556,2013-11-02 11:50:00,2.7368095
4556,2013-11-02 12:00:00,526.1605
4556,2013-11-02 12:00:00,3.8212907
4556,2013-11-02 12:00:00,1.6523281
4556,2013-11-02 12:00:00,2.5804389
4556,2013-11-02 12:10:00,0.92530376
4556,2013-11-02 12:10:00,659.5396
4556,2013-11-02 12:10:00,0.9881487
4556,2013-11-02 12:10:00,1.9106454
4556,2013-11-02 12:20:00,632.091
4556,2013-11-02 12:20:00,5.5574365
4556,2013-11-02 12:20:00,0.92530376
4556,2013-11-02 12:30:00,1.8506075
4556,2013-11-02 12:30:00,3.8212907
4556,2013-11-02 12:30:00,536.91003
4556,2013-11-02 12:30:00,1.9134525
4556,2013-11-02 12:30:00,0.002807078
4556,2013-11-02 12:40:00,8.567885
4556,2013-11-02 12:40:00,525.2114
4556,2013-11-02 12:40:00,1.8506075
4556,2013-11-02 12:40:00,0.92530376
4556,2013-11-02 12:40:00,0.9853416
4556,2013-11-02 12:50:00,5.6718984
4556,2013-11-02 12:50:00,613.80664
4556,2013-11-02 12:50:00,1.9106454
4556,2013-11-02 12:50:00,0.92811084
4556,2013-11-02 12:50:00,0.002807078
4556,2013-11-02 13:00:00,5.452683
4556,2013-11-02 13:00:00,596.0281
4556,2013-11-02 13:00:00,0.002807078
4556,2013-11-02 13:10:00,0.9853416
4556,2013-11-02 13:10:00,595.8768
4556,2013-11-02 13:20:00,666.788
4556,2013-11-02 13:30:00,0.92530376
4556,2013-11-02 13:30:00,6.498062
4556,2013-11-02 13:30:00,677.9033
4556,2013-11-02 13:30:00,0.92530376
4556,2013-11-02 13:30:00,0.92530376
4556,2013-11-02 13:40:00,3.6020753
4556,2013-11-02 13:40:00,760.1005
4556,2013-11-02 13:40:00,0.9853416
4556,2013-11-02 13:40:00,4.7494016
4556,2013-11-02 13:50:00,0.92530376
4556,2013-11-02 13:50:00,695.689
4556,2013-11-02 13:50:00,0.92530376
4556,2013-11-02 13:50:00,0.92530376
4556,2013-11-02 14:00:00,2.7759113
4556,2013-11-02 14:00:00,0.9853416
4556,2013-11-02 14:00:00,690.7728
4556,2013-11-02 14:00:00,0.92530376
4556,2013-11-02 14:00:00,1.9106454
4556,2013-11-02 14:00:00,1.9706832
4556,2013-11-02 14:00:00,0.9853416
4556,2013-11-02 14:10:00,0.92530376
4556,2013-11-02 14:10:00,0.9853416
4556,2013-11-02 14:10:00,2.8359492
4556,2013-11-02 14:10:00,671.88544
4556,2013-11-02 14:10:00,0.92530376
4556,2013-11-02 14:10:00,0.92530376
4556,2013-11-02 14:10:00,1.9106454
4556,2013-11-02 14:20:00,808.53033
4556,2013-11-02 14:20:00,0.92530376
4556,2013-11-02 14:30:00,703.57294
4556,2013-11-02 14:30:00,1.9106454
4556,2013-11-02 14:40:00,0.9853416
4556,2013-11-02 14:40:00,671.03876
4556,2013-11-02 14:40:00,1.8506075
4556,2013-11-02 14:40:00,5.5518227
4556,2013-11-02 14:50:00,660.5153
4556,2013-11-02 14:50:00,0.92530376
4556,2013-11-02 15:00:00,855.41095
4556,2013-11-02 15:00:00,0.92530376
4556,2013-11-02 15:00:00,0.92530376
4556,2013-11-02 15:00:00,0.9853416
4556,2013-11-02 15:10:00,1.9106454
4556,2013-11-02 15:10:00,0.9853416
4556,2013-11-02 15:10:00,695.36804
4556,2013-11-02 15:10:00,2.895987
4556,2013-11-02 15:10:00,2.8387563
4556,2013-11-02 15:20:00,1.9106454
4556,2013-11-02 15:20:00,0.933725
4556,2013-11-02 15:20:00,604.8929
4556,2013-11-02 15:20:00,0.92530376
4556,2013-11-02 15:20:00,0.9853416
4556,2013-11-02 15:30:00,0.9853416
4556,2013-11-02 15:30:00,580.96277
4556,2013-11-02 15:30:00,0.92530376
4556,2013-11-02 15:40:00,0.92530376
4556,2013-11-02 15:40:00,613.2439
4556,2013-11-02 15:40:00,0.92530376
4556,2013-11-02 15:40:00,0.9853416
4556,2013-11-02 15:50:00,0.9853416
4556,2013-11-02 15:50:00,671.58685
4556,2013-11-02 15:50:00,0.92530376
4556,2013-11-02 16:00:00,584.9788
4556,2013-11-02 16:00:00,3.8212907
4556,2013-11-02 16:10:00,3.8212907
4556,2013-11-02 16:10:00,507.0096
4556,2013-11-02 16:10:00,0.92530376
4556,2013-11-02 16:20:00,0.92530376
4556,2013-11-02 16:20:00,582.319
4556,2013-11-02 16:20:00,0.92530376
4556,2013-11-02 16:20:00,0.92530376
4556,2013-11-02 16:30:00,0.92530376
4556,2013-11-02 16:30:00,606.8515
4556,2013-11-02 16:30:00,1.9106454
4556,2013-11-02 16:30:00,0.92530376
4556,2013-11-02 16:30:00,0.9853416
4556,2013-11-02 16:40:00,594.91516
4556,2013-11-02 16:50:00,0.9853416
4556,2013-11-02 16:50:00,645.9886
4556,2013-11-02 17:00:00,0.002807078
4556,2013-11-02 17:00:00,719.7923
4556,2013-11-02 17:10:00,889.0035
4556,2013-11-02 17:10:00,0.92530376
4556,2013-11-02 17:10:00,0.92530376
4556,2013-11-02 17:10:00,0.92530376
4556,2013-11-02 17:20:00,666.262
4556,2013-11-02 17:20:00,0.92530376
4556,2013-11-02 17:20:00,0.92530376
4556,2013-11-02 17:30:00,0.9853416
4556,2013-11-02 17:30:00,0.9309179
4556,2013-11-02 17:30:00,819.8711
4556,2013-11-02 17:30:00,0.9853416
4556,2013-11-02 17:30:00,0.9853416
4556,2013-11-02 17:40:00,0.92811084
4556,2013-11-02 17:40:00,741.6826
4556,2013-11-02 17:50:00,1.9134525
4556,2013-11-02 17:50:00,0.92530376
4556,2013-11-02 17:50:00,823.00397
4556,2013-11-02 18:00:00,0.82616407
4556,2013-11-02 18:00:00,0.002807078
4556,2013-11-02 18:00:00,807.36774
4556,2013-11-02 18:10:00,0.005614156
4556,2013-11-02 18:10:00,3.8813286
4556,2013-11-02 18:10:00,842.595
4556,2013-11-02 18:10:00,0.92530376
4556,2013-11-02 18:10:00,0.92530376
4556,2013-11-02 18:20:00,0.9309179
4556,2013-11-02 18:20:00,0.9853416
4556,2013-11-02 18:20:00,0.9853416
4556,2013-11-02 18:20:00,802.6072
4556,2013-11-02 18:20:00,1.9106454
4556,2013-11-02 18:20:00,0.92530376
4556,2013-11-02 18:30:00,0.002807078
4556,2013-11-02 18:30:00,1.8506075
4556,2013-11-02 18:30:00,0.9853416
4556,2013-11-02 18:30:00,869.49896
4556,2013-11-02 18:30:00,0.002807078
4556,2013-11-02 18:40:00,0.9853416
4556,2013-11-02 18:40:00,0.9881487
4556,2013-11-02 18:40:00,1.9106454
4556,2013-11-02 18:40:00,0.9853416
4556,2013-11-02 18:40:00,735.0996
4556,2013-11-02 18:40:00,0.92530376
4556,2013-11-02 18:40:00,1.8506075
4556,2013-11-02 18:50:00,0.92530376
4556,2013-11-02 18:50:00,0.9853416
4556,2013-11-02 18:50:00,0.9853416
4556,2013-11-02 18:50:00,0.9853416
4556,2013-11-02 18:50:00,990.8023
4556,2013-11-02 19:00:00,0.92530376
4556,2013-11-02 19:00:00,0.9853416
4556,2013-11-02 19:00:00,0.92530376
4556,2013-11-02 19:00:00,2.8359492
4556,2013-11-02 19:00:00,900.0777
4556,2013-11-02 19:00:00,0.002807078
4556,2013-11-02 19:00:00,0.9853416
4556,2013-11-02 19:10:00,1.9706832
4556,2013-11-02 19:10:00,1.9106454
4556,2013-11-02 19:10:00,7.6425815
4556,2013-11-02 19:10:00,0.92530376
4556,2013-11-02 19:10:00,0.9853416
4556,2013-11-02 19:10:00,816.14246
4556,2013-11-02 19:10:00,0.92530376
4556,2013-11-02 19:20:00,1.9106454
4556,2013-11-02 19:20:00,1.9106454
4556,2013-11-02 19:20:00,2.8359492
4556,2013-11-02 19:20:00,860.55695
4556,2013-11-02 19:20:00,0.9853416
4556,2013-11-02 19:20:00,1.8506075
4556,2013-11-02 19:20:00,1.9106454
4556,2013-11-02 19:30:00,0.92530376
4556,2013-11-02 19:30:00,0.002807078
4556,2013-11-02 19:30:00,1.9106454
4556,2013-11-02 19:30:00,0.9853416
4556,2013-11-02 19:30:00,0.002807078
4556,2013-11-02 19:30:00,902.9385
4556,2013-11-02 19:30:00,0.92530376
4556,2013-11-02 19:30:00,1.8506075
4556,2013-11-02 19:30:00,0.9853416
4556,2013-11-02 19:40:00,0.002807078
4556,2013-11-02 19:40:00,0.9853416
4556,2013-11-02 19:40:00,3.701215
4556,2013-11-02 19:40:00,1.8506075
4556,2013-11-02 19:40:00,921.02386
4556,2013-11-02 19:40:00,0.002807078
4556,2013-11-02 19:50:00,1.9106454
4556,2013-11-02 19:50:00,1.9106454
4556,2013-11-02 19:50:00,1.9106454
4556,2013-11-02 19:50:00,992.2197
4556,2013-11-02 19:50:00,0.002807078
4556,2013-11-02 19:50:00,0.9853416
4556,2013-11-02 20:00:00,0.9853416
4556,2013-11-02 20:00:00,1.9106454
4556,2013-11-02 20:00:00,0.9881487
4556,2013-11-02 20:00:00,1.9734904
4556,2013-11-02 20:00:00,0.92530376
4556,2013-11-02 20:00:00,992.46265
4556,2013-11-02 20:00:00,0.9853416
4556,2013-11-02 20:10:00,1.9218737
4556,2013-11-02 20:10:00,1.9106454
4556,2013-11-02 20:10:00,1.9190665
4556,2013-11-02 20:10:00,1.9706832
4556,2013-11-02 20:10:00,963.4934
4556,2013-11-02 20:10:00,3.7612529
4556,2013-11-02 20:10:00,0.002807078
4556,2013-11-02 20:20:00,0.93933916
4556,2013-11-02 20:20:00,5.5518227
4556,2013-11-02 20:20:00,1.9134525
4556,2013-11-02 20:20:00,969.4939
4556,2013-11-02 20:20:00,0.9853416
4556,2013-11-02 20:30:00,3.8212907
4556,2013-11-02 20:30:00,0.005614156
4556,2013-11-02 20:30:00,4.8094397
4556,2013-11-02 20:30:00,1081.0754
4556,2013-11-02 20:30:00,0.92530376
4556,2013-11-02 20:40:00,2.958832
4556,2013-11-02 20:40:00,3.8212907
4556,2013-11-02 20:40:00,0.92530376
4556,2013-11-02 20:40:00,3.76406
4556,2013-11-02 20:40:00,1017.8627
4556,2013-11-02 20:40:00,0.92530376
4556,2013-11-02 20:40:00,0.9853416
4556,2013-11-02 20:50:00,0.92811084
4556,2013-11-02 20:50:00,0.002807078
4556,2013-11-02 20:50:00,1.9762974
4556,2013-11-02 20:50:00,1.9706832
4556,2013-11-02 20:50:00,1018.5618
4556,2013-11-02 20:50:00,1.8562217
4556,2013-11-02 20:50:00,0.92530376
4556,2013-11-02 21:00:00,1.9134525
4556,2013-11-02 21:00:00,1.9162595
4556,2013-11-02 21:00:00,5.6327963
4556,2013-11-02 21:00:00,1141.5754
4556,2013-11-02 21:00:00,1.7514678
4556,2013-11-02 21:00:00,0.9853416
4556,2013-11-02 21:10:00,2.8443704
4556,2013-11-02 21:10:00,0.9853416
4556,2013-11-02 21:10:00,1.8115057
4556,2013-11-02 21:10:00,1.7514678
4556,2013-11-02 21:10:00,1211.718
4556,2013-11-02 21:10:00,0.002807078
4556,2013-11-02 21:10:00,0.9853416
4556,2013-11-02 21:20:00,10.541375
4556,2013-11-02 21:20:00,0.92530376
4556,2013-11-02 21:20:00,0.002807078
4556,2013-11-02 21:20:00,0.92530376
4556,2013-11-02 21:20:00,1183.8934
4556,2013-11-02 21:20:00,0.9853416
4556,2013-11-02 21:20:00,1.9734904
4556,2013-11-02 21:30:00,5.6384106
4556,2013-11-02 21:30:00,0.9853416
4556,2013-11-02 21:30:00,0.9853416
4556,2013-11-02 21:30:00,4.6474547
4556,2013-11-02 21:30:00,1165.2512
4556,2013-11-02 21:30:00,2.4784923
4556,2013-11-02 21:30:00,0.9853416
4556,2013-11-02 21:40:00,2.8387563
4556,2013-11-02 21:40:00,0.005614156
4556,2013-11-02 21:40:00,2.6767716
4556,2013-11-02 21:40:00,3.8212907
4556,2013-11-02 21:40:00,0.92530376
4556,2013-11-02 21:40:00,1300.2921
4556,2013-11-02 21:40:00,0.002807078
4556,2013-11-02 21:40:00,0.92811084
4556,2013-11-02 21:40:00,1.9106454
4556,2013-11-02 21:40:00,0.9853416
4556,2013-11-02 21:50:00,0.92811084
4556,2013-11-02 21:50:00,0.92530376
4556,2013-11-02 21:50:00,2.6767716
4556,2013-11-02 21:50:00,1000.58075
4556,2013-11-02 21:50:00,1.9106454
4556,2013-11-02 22:00:00,3.7612529
4556,2013-11-02 22:00:00,1.8506075
4556,2013-11-02 22:00:00,1124.6581
4556,2013-11-02 22:00:00,0.92530376
4556,2013-11-02 22:00:00,1.9106454
4556,2013-11-02 22:10:00,4.7465944
4556,2013-11-02 22:10:00,1.8506075
4556,2013-11-02 22:10:00,0.002807078
4556,2013-11-02 22:10:00,0.002807078
4556,2013-11-02 22:10:00,1.8506075
4556,2013-11-02 22:10:00,0.92530376
4556,2013-11-02 22:10:00,1108.0116
4556,2013-11-02 22:10:00,0.92530376
4556,2013-11-02 22:10:00,1.9134525
4556,2013-11-02 22:20:00,8.309568
4556,2013-11-02 22:20:00,3.8813286
4556,2013-11-02 22:20:00,2.8387563
4556,2013-11-02 22:20:00,1124.2876
4556,2013-11-02 22:20:00,0.92530376
4556,2013-11-02 22:20:00,0.92530376
4556,2013-11-02 22:30:00,5.6356034
4556,2013-11-02 22:30:00,0.92530376
4556,2013-11-02 22:30:00,1370.6332
4556,2013-11-02 22:30:00,0.92530376
4556,2013-11-02 22:30:00,0.92530376
4556,2013-11-02 22:40:00,3.826905
4556,2013-11-02 22:40:00,0.92811084
4556,2013-11-02 22:40:00,1.8115057
4556,2013-11-02 22:40:00,1.9106454
4556,2013-11-02 22:40:00,1273.5433
4556,2013-11-02 22:40:00,0.92530376
4556,2013-11-02 22:40:00,0.9853416
4556,2013-11-02 22:40:00,0.92530376
4556,2013-11-02 22:50:00,2.8387563
4556,2013-11-02 22:50:00,0.92530376
4556,2013-11-02 22:50:00,1114.9603
4556,2013-11-02 22:50:00,1.9106454
4556,2013-11-02 23:00:00,2.895987
4556,2013-11-02 23:00:00,1.9706832
4556,2013-11-02 23:00:00,1020.4458
4556,2013-11-02 23:00:00,0.82616407
4556,2013-11-02 23:10:00,0.92530376
4556,2013-11-02 23:10:00,1.9106454
4556,2013-11-02 23:10:00,0.008421234
4556,2013-11-02 23:10:00,1058.115
4556,2013-11-02 23:10:00,0.002807078
4556,2013-11-02 23:20:00,0.005614156
4556,2013-11-02 23:20:00,1125.7295
4556,2013-11-02 23:20:00,0.9853416
4556,2013-11-02 23:30:00,921.37286
4556,2013-11-02 23:30:00,1.9106454
4556,2013-11-02 23:40:00,0.92530376
4556,2013-11-02 23:40:00,1013.7682
4556,2013-11-02 23:50:00,0.9853416
4556,2013-11-02 23:50:00,0.002807078
4556,2013-11-02 23:50:00,863.91907
4556,2013-11-03 00:00:00,7.6425815
4556,2013-11-03 00:00:00,0.9853416
4556,2013-11-03 00:00:00,0.005614156
4556,2013-11-03 00:00:00,924.4391
4556,2013-11-03 00:00:00,0.002807078
4556,2013-11-03 00:10:00,2.895987
4556,2013-11-03 00:10:00,826.6824
4556,2013-11-03 00:10:00,0.9853416
4556,2013-11-03 00:10:00,0.008421234
4556,2013-11-03 00:20:00,4.7465944
4556,2013-11-03 00:20:00,0.92811084
4556,2013-11-03 00:20:00,640.097
4556,2013-11-03 00:30:00,0.92811084
4556,2013-11-03 00:30:00,665.18604
4556,2013-11-03 00:30:00,0.002807078
4556,2013-11-03 00:40:00,658.4051
4556,2013-11-03 00:50:00,514.0496
4556,2013-11-03 01:00:00,561.59973
4556,2013-11-03 01:10:00,527.03
4556,2013-11-03 01:20:00,481.702
4556,2013-11-03 01:30:00,402.12848
4556,2013-11-03 01:30:00,0.92530376
4556,2013-11-03 01:40:00,397.38678
4556,2013-11-03 01:50:00,364.29828
4556,2013-11-03 01:50:00,1.9106454
4556,2013-11-03 02:00:00,0.92530376
4556,2013-11-03 02:00:00,331.1761
4556,2013-11-03 02:10:00,403.08603
4556,2013-11-03 02:20:00,328.52945
4556,2013-11-03 02:30:00,0.002807078
4556,2013-11-03 02:30:00,285.17276
4556,2013-11-03 02:30:00,0.92530376
4556,2013-11-03 02:40:00,313.60037
4556,2013-11-03 02:50:00,268.50162
4556,2013-11-03 02:50:00,2.8359492
4556,2013-11-03 03:00:00,269.102
4556,2013-11-03 03:10:00,256.6137
4556,2013-11-03 03:20:00,250.97621
4556,2013-11-03 03:30:00,242.00842
4556,2013-11-03 03:40:00,266.83768
4556,2013-11-03 03:50:00,253.7046
4556,2013-11-03 04:00:00,239.16405
4556,2013-11-03 04:10:00,220.59215
4556,2013-11-03 04:10:00,0.92530376
4556,2013-11-03 04:20:00,206.334
4556,2013-11-03 04:30:00,219.33482
4556,2013-11-03 04:40:00,211.97113
4556,2013-11-03 04:50:00,219.0234
4556,2013-11-03 05:00:00,222.94417
4556,2013-11-03 05:10:00,216.46501
4556,2013-11-03 05:20:00,184.13927
4556,2013-11-03 05:30:00,192.46793
4556,2013-11-03 05:40:00,202.5997
4556,2013-11-03 05:50:00,209.57213
4556,2013-11-03 06:00:00,209.49141
4556,2013-11-03 06:00:00,1.9106454
4556,2013-11-03 06:10:00,202.28134
4556,2013-11-03 06:20:00,181.8046
4556,2013-11-03 06:30:00,177.69467
4556,2013-11-03 06:30:00,1.9106454
4556,2013-11-03 06:40:00,208.9708
4556,2013-11-03 06:50:00,171.60532
4556,2013-11-03 06:50:00,0.92530376
4556,2013-11-03 07:00:00,205.09111
4556,2013-11-03 07:00:00,0.82616407
4556,2013-11-03 07:10:00,214.89127
4556,2013-11-03 07:20:00,0.92530376
4556,2013-11-03 07:20:00,220.58633
4556,2013-11-03 07:30:00,0.92530376
4556,2013-11-03 07:30:00,2.8359492
4556,2013-11-03 07:30:00,221.94069
4556,2013-11-03 07:40:00,4.7465944
4556,2013-11-03 07:40:00,240.96733
4556,2013-11-03 07:50:00,1.8506075
4556,2013-11-03 07:50:00,225.71152
4556,2013-11-03 08:00:00,1.8506075
4556,2013-11-03 08:00:00,1.9106454
4556,2013-11-03 08:00:00,361.2609
4556,2013-11-03 08:00:00,0.92530376
4556,2013-11-03 08:10:00,1.9106454
4556,2013-11-03 08:10:00,339.03854
4556,2013-11-03 08:10:00,0.002807078
4556,2013-11-03 08:20:00,2.8359492
4556,2013-11-03 08:20:00,267.15787
4556,2013-11-03 08:20:00,0.002807078
4556,2013-11-03 08:30:00,0.92530376
4556,2013-11-03 08:30:00,11.463872
4556,2013-11-03 08:30:00,319.90295
4556,2013-11-03 08:40:00,5.731936
4556,2013-11-03 08:40:00,348.3751
4556,2013-11-03 08:40:00,0.92530376
4556,2013-11-03 08:40:00,0.92530376
4556,2013-11-03 08:50:00,322.13153
4556,2013-11-03 08:50:00,0.002807078
4556,2013-11-03 08:50:00,1.8506075
4556,2013-11-03 09:00:00,0.9853416
4556,2013-11-03 09:00:00,325.02786
4556,2013-11-03 09:10:00,324.84424
4556,2013-11-03 09:20:00,0.92530376
4556,2013-11-03 09:20:00,288.66037
4556,2013-11-03 09:30:00,0.92530376
4556,2013-11-03 09:30:00,446.67154
4556,2013-11-03 09:30:00,0.9853416
4556,2013-11-03 09:40:00,1.8506075
4556,2013-11-03 09:40:00,416.27594
4556,2013-11-03 09:50:00,1.9106454
4556,2013-11-03 09:50:00,481.8226
4556,2013-11-03 10:00:00,0.92530376
4556,2013-11-03 10:00:00,0.002807078
4556,2013-11-03 10:00:00,495.84564
4556,2013-11-03 10:10:00,0.92530376
4556,2013-11-03 10:10:00,443.9322
4556,2013-11-03 10:20:00,3.8212907
4556,2013-11-03 10:20:00,0.92530376
4556,2013-11-03 10:20:00,632.02997
4556,2013-11-03 10:20:00,0.9853416
4556,2013-11-03 10:20:00,11.304695
4556,2013-11-03 10:30:00,2.895987
4556,2013-11-03 10:30:00,0.92530376
4556,2013-11-03 10:30:00,782.6171
4556,2013-11-03 10:30:00,4.8066325
4556,2013-11-03 10:40:00,2.8359492
4556,2013-11-03 10:40:00,5.731936
4556,2013-11-03 10:40:00,0.92530376
4556,2013-11-03 10:40:00,603.74176
4556,2013-11-03 10:40:00,0.92530376
4556,2013-11-03 10:40:00,16.270504
4556,2013-11-03 10:50:00,0.92530376
4556,2013-11-03 10:50:00,503.55682
4556,2013-11-03 10:50:00,0.005614156
4556,2013-11-03 10:50:00,9.493189
4556,2013-11-03 11:00:00,0.92530376
4556,2013-11-03 11:00:00,0.92530376
4556,2013-11-03 11:00:00,452.5291
4556,2013-11-03 11:00:00,0.002807078
4556,2013-11-03 11:00:00,13.31448
4556,2013-11-03 11:10:00,1.9106454
4556,2013-11-03 11:10:00,1.9106454
4556,2013-11-03 11:10:00,0.92530376
4556,2013-11-03 11:10:00,485.10355
4556,2013-11-03 11:10:00,4.7494016
4556,2013-11-03 11:10:00,7.7026196
4556,2013-11-03 11:10:00,1.9106454
4556,2013-11-03 11:20:00,484.35904
4556,2013-11-03 11:20:00,0.82616407
4556,2013-11-03 11:20:00,6.5581
4556,2013-11-03 11:30:00,0.92530376
4556,2013-11-03 11:30:00,556.7874
4556,2013-11-03 11:30:00,0.002807078
4556,2013-11-03 11:30:00,1.9106454
4556,2013-11-03 11:40:00,1.9106454
4556,2013-11-03 11:40:00,408.6402
4556,2013-11-03 11:50:00,460.605
4556,2013-11-03 11:50:00,0.92530376
4556,2013-11-03 11:50:00,0.92530376
4556,2013-11-03 12:00:00,473.65375
4556,2013-11-03 12:00:00,1.8506075
4556,2013-11-03 12:10:00,0.82616407
4556,2013-11-03 12:10:00,488.76764
4556,2013-11-03 12:10:00,1.8506075
4556,2013-11-03 12:20:00,0.82616407
4556,2013-11-03 12:20:00,590.99457
4556,2013-11-03 12:20:00,1.9106454
4556,2013-11-03 12:20:00,0.9853416
4556,2013-11-03 12:20:00,0.82616407
4556,2013-11-03 12:30:00,0.9853416
4556,2013-11-03 12:30:00,455.95767
4556,2013-11-03 12:40:00,0.9853416
4556,2013-11-03 12:40:00,571.8549
4556,2013-11-03 12:40:00,0.002807078
4556,2013-11-03 12:40:00,0.92530376
4556,2013-11-03 12:50:00,2.895987
4556,2013-11-03 12:50:00,593.6658
4556,2013-11-03 12:50:00,2.7759113
4556,2013-11-03 13:00:00,586.12854
4556,2013-11-03 13:00:00,18.506075
4556,2013-11-03 13:10:00,0.002807078
4556,2013-11-03 13:10:00,788.0349
4556,2013-11-03 13:10:00,11.103645
4556,2013-11-03 13:20:00,0.9881487
4556,2013-11-03 13:20:00,605.12634
4556,2013-11-03 13:20:00,2.7759113
4556,2013-11-03 13:30:00,0.92530376
4556,2013-11-03 13:30:00,538.52954
4556,2013-11-03 13:30:00,7.40243
4556,2013-11-03 13:30:00,0.92530376
4556,2013-11-03 13:40:00,607.3983
4556,2013-11-03 13:40:00,3.701215
4556,2013-11-03 13:40:00,0.92530376
4556,2013-11-03 13:50:00,652.12213
4556,2013-11-03 13:50:00,0.92530376
4556,2013-11-03 13:50:00,1.9706832
4556,2013-11-03 14:00:00,1.9706832
4556,2013-11-03 14:00:00,752.06464
4556,2013-11-03 14:00:00,3.701215
4556,2013-11-03 14:00:00,1.9106454
4556,2013-11-03 14:10:00,0.92530376
4556,2013-11-03 14:10:00,854.3543
4556,2013-11-03 14:10:00,0.92530376
4556,2013-11-03 14:10:00,0.92530376
4556,2013-11-03 14:10:00,3.6649203
4556,2013-11-03 14:20:00,673.6088
4556,2013-11-03 14:20:00,0.92530376
4556,2013-11-03 14:20:00,0.9853416
4556,2013-11-03 14:30:00,0.92530376
4556,2013-11-03 14:30:00,667.4375
4556,2013-11-03 14:30:00,1.9106454
4556,2013-11-03 14:40:00,642.9216
4556,2013-11-03 14:40:00,0.92530376
4556,2013-11-03 14:50:00,744.91425
4556,2013-11-03 15:00:00,0.9853416
4556,2013-11-03 15:00:00,649.4966
4556,2013-11-03 15:00:00,0.92530376
4556,2013-11-03 15:10:00,0.9853416
4556,2013-11-03 15:10:00,591.00995
4556,2013-11-03 15:10:00,0.002807078
4556,2013-11-03 15:10:00,2.8359492
4556,2013-11-03 15:20:00,0.002807078
4556,2013-11-03 15:20:00,503.7349
4556,2013-11-03 15:20:00,0.002807078
4556,2013-11-03 15:20:00,0.9853416
4556,2013-11-03 15:30:00,0.9853416
4556,2013-11-03 15:30:00,598.7125
4556,2013-11-03 15:40:00,2.8359492
4556,2013-11-03 15:40:00,555.7633
4556,2013-11-03 15:50:00,2.895987
4556,2013-11-03 15:50:00,0.9853416
4556,2013-11-03 15:50:00,2.895987
4556,2013-11-03 15:50:00,530.02405
4556,2013-11-03 15:50:00,0.92530376
4556,2013-11-03 16:00:00,1.8506075
4556,2013-11-03 16:00:00,581.3223
4556,2013-11-03 16:00:00,0.002807078
4556,2013-11-03 16:00:00,0.9853416
4556,2013-11-03 16:10:00,1.9106454
4556,2013-11-03 16:10:00,8.627923
4556,2013-11-03 16:10:00,592.4066
4556,2013-11-03 16:10:00,0.9853416
4556,2013-11-03 16:20:00,558.5918
4556,2013-11-03 16:20:00,0.9853416
4556,2013-11-03 16:30:00,0.92811084
4556,2013-11-03 16:30:00,609.4667
4556,2013-11-03 16:30:00,0.002807078
4556,2013-11-03 16:40:00,3.8212907
4556,2013-11-03 16:40:00,656.7942
4556,2013-11-03 16:40:00,0.9853416
4556,2013-11-03 16:40:00,2.7759113
4556,2013-11-03 16:50:00,5.731936
4556,2013-11-03 16:50:00,835.8929
4556,2013-11-03 17:00:00,0.9853416
4556,2013-11-03 17:00:00,0.92530376
4556,2013-11-03 17:00:00,521.1609
4556,2013-11-03 17:00:00,0.92530376
4556,2013-11-03 17:00:00,0.82616407
4556,2013-11-03 17:10:00,1.9106454
4556,2013-11-03 17:10:00,0.92530376
4556,2013-11-03 17:10:00,606.8097
4556,2013-11-03 17:10:00,0.92530376
4556,2013-11-03 17:20:00,1.9106454
4556,2013-11-03 17:20:00,0.9853416
4556,2013-11-03 17:20:00,7.6425815
4556,2013-11-03 17:20:00,703.76245
4556,2013-11-03 17:20:00,0.92530376
4556,2013-11-03 17:30:00,1.9106454
4556,2013-11-03 17:30:00,1.9106454
4556,2013-11-03 17:30:00,716.7506
4556,2013-11-03 17:40:00,1.9106454
4556,2013-11-03 17:40:00,908.8131
4556,2013-11-03 17:50:00,653.8379
4556,2013-11-03 17:50:00,0.002807078
4556,2013-11-03 18:00:00,0.9853416
4556,2013-11-03 18:00:00,827.64624
4556,2013-11-03 18:10:00,0.002807078
4556,2013-11-03 18:10:00,1.7514678
4556,2013-11-03 18:10:00,716.04095
4556,2013-11-03 18:20:00,1.9134525
4556,2013-11-03 18:20:00,790.18243
4556,2013-11-03 18:30:00,648.0512
4556,2013-11-03 18:30:00,4.8066325
4556,2013-11-03 18:40:00,0.82616407
4556,2013-11-03 18:40:00,0.92530376
4556,2013-11-03 18:40:00,1.9106454
4556,2013-11-03 18:40:00,700.26953
4556,2013-11-03 18:40:00,1.8506075
4556,2013-11-03 18:40:00,0.005614156
4556,2013-11-03 18:40:00,0.002807078
4556,2013-11-03 18:50:00,1.8562217
4556,2013-11-03 18:50:00,0.92530376
4556,2013-11-03 18:50:00,857.1114
4556,2013-11-03 18:50:00,2.7759113
4556,2013-11-03 18:50:00,0.002807078
4556,2013-11-03 18:50:00,0.92530376
4556,2013-11-03 18:50:00,0.002807078
4556,2013-11-03 19:00:00,0.9853416
4556,2013-11-03 19:00:00,828.4192
4556,2013-11-03 19:10:00,1.9106454
4556,2013-11-03 19:10:00,685.6066
4556,2013-11-03 19:10:00,0.92530376
4556,2013-11-03 19:10:00,0.002807078
4556,2013-11-03 19:10:00,1.9106454
4556,2013-11-03 19:20:00,0.9853416
4556,2013-11-03 19:20:00,2.8359492
4556,2013-11-03 19:20:00,890.79675
4556,2013-11-03 19:20:00,0.92530376
4556,2013-11-03 19:20:00,2.7759113
4556,2013-11-03 19:30:00,852.3247
4556,2013-11-03 19:30:00,2.7759113
4556,2013-11-03 19:30:00,1.8506075
4556,2013-11-03 19:30:00,0.92530376
4556,2013-11-03 19:40:00,0.9853416
4556,2013-11-03 19:40:00,0.92811084
4556,2013-11-03 19:40:00,3.8212907
4556,2013-11-03 19:40:00,820.6539
4556,2013-11-03 19:40:00,4.6265187
4556,2013-11-03 19:50:00,1.9106454
4556,2013-11-03 19:50:00,899.39105
4556,2013-11-03 19:50:00,0.002807078
4556,2013-11-03 20:00:00,0.9853416
4556,2013-11-03 20:00:00,898.85876
4556,2013-11-03 20:00:00,0.92530376
4556,2013-11-03 20:00:00,0.92530376
4556,2013-11-03 20:10:00,3.8212907
4556,2013-11-03 20:10:00,918.4177
4556,2013-11-03 20:20:00,3.8212907
4556,2013-11-03 20:20:00,967.5583
4556,2013-11-03 20:30:00,3.8212907
4556,2013-11-03 20:30:00,989.262
4556,2013-11-03 20:30:00,1.9106454
4556,2013-11-03 20:30:00,0.002807078
4556,2013-11-03 20:30:00,1.9106454
4556,2013-11-03 20:40:00,971.1096
4556,2013-11-03 20:40:00,0.92530376
4556,2013-11-03 20:40:00,0.92530376
4556,2013-11-03 20:50:00,1.9106454
4556,2013-11-03 20:50:00,0.9853416
4556,2013-11-03 20:50:00,1081.4808
4556,2013-11-03 20:50:00,7.40243
4556,2013-11-03 21:00:00,0.92530376
4556,2013-11-03 21:00:00,0.92530376
4556,2013-11-03 21:00:00,1155.719
4556,2013-11-03 21:00:00,0.92530376
4556,2013-11-03 21:00:00,0.9853416
4556,2013-11-03 21:00:00,0.002807078
4556,2013-11-03 21:10:00,8.327734
4556,2013-11-03 21:10:00,817.21484
4556,2013-11-03 21:10:00,0.92530376
4556,2013-11-03 21:10:00,0.002807078
4556,2013-11-03 21:10:00,2.7759113
4556,2013-11-03 21:20:00,0.9853416
4556,2013-11-03 21:20:00,6.477126
4556,2013-11-03 21:20:00,1010.5487
4556,2013-11-03 21:20:00,0.92530376
4556,2013-11-03 21:20:00,0.9853416
4556,2013-11-03 21:30:00,2.7759113
4556,2013-11-03 21:30:00,0.92530376
4556,2013-11-03 21:30:00,0.002807078
4556,2013-11-03 21:30:00,1149.6726
4556,2013-11-03 21:30:00,0.92530376
4556,2013-11-03 21:30:00,0.92530376
4556,2013-11-03 21:40:00,1.8506075
4556,2013-11-03 21:40:00,1.9106454
4556,2013-11-03 21:40:00,784.46497
4556,2013-11-03 21:40:00,1.8506075
4556,2013-11-03 21:50:00,685.6596
4556,2013-11-03 21:50:00,0.92530376
4556,2013-11-03 21:50:00,0.002807078
4556,2013-11-03 21:50:00,1.8506075
4556,2013-11-03 22:00:00,726.54315
4556,2013-11-03 22:00:00,0.82616407
4556,2013-11-03 22:00:00,2.8359492
4556,2013-11-03 22:10:00,1.9106454
4556,2013-11-03 22:10:00,697.9274
4556,2013-11-03 22:10:00,0.002807078
4556,2013-11-03 22:20:00,593.1509
4556,2013-11-03 22:20:00,0.002807078
4556,2013-11-03 22:30:00,0.92530376
4556,2013-11-03 22:30:00,595.26965
4556,2013-11-03 22:30:00,0.9853416
4556,2013-11-03 22:40:00,0.82616407
4556,2013-11-03 22:40:00,684.59375
4556,2013-11-03 22:40:00,0.92530376
4556,2013-11-03 22:50:00,538.7033
4556,2013-11-03 22:50:00,0.9853416
4556,2013-11-03 23:00:00,2.895987
4556,2013-11-03 23:00:00,568.0215
4556,2013-11-03 23:00:00,0.002807078
4556,2013-11-03 23:10:00,537.1142
4556,2013-11-03 23:20:00,522.12286
4556,2013-11-03 23:30:00,472.54758
4556,2013-11-03 23:40:00,0.002807078
4556,2013-11-03 23:40:00,495.274
4556,2013-11-03 23:40:00,0.002807078
4556,2013-11-03 23:50:00,492.00354
4556,2013-11-03 23:50:00,0.82616407
4556,2013-11-04 00:00:00,0.92530376
4556,2013-11-04 00:00:00,481.23236
4556,2013-11-04 00:00:00,0.92530376
4556,2013-11-04 00:10:00,404.85898
4556,2013-11-04 00:20:00,436.6314
4556,2013-11-04 00:20:00,0.002807078
4556,2013-11-04 00:30:00,397.86597
4556,2013-11-04 00:40:00,448.1913
4556,2013-11-04 00:50:00,379.25616
4556,2013-11-04 01:00:00,0.92530376
4556,2013-11-04 01:00:00,350.56674
4556,2013-11-04 01:00:00,0.002807078
4556,2013-11-04 01:10:00,350.22733
4556,2013-11-04 01:20:00,310.02112
4556,2013-11-04 01:30:00,345.80325
4556,2013-11-04 01:30:00,0.92530376
4556,2013-11-04 01:30:00,0.002807078
4556,2013-11-04 01:40:00,327.9292
4556,2013-11-04 01:50:00,305.18982
4556,2013-11-04 01:50:00,2.7759113
4556,2013-11-04 02:00:00,0.92530376
4556,2013-11-04 02:00:00,286.8379
4556,2013-11-04 02:10:00,278.6117
4556,2013-11-04 02:10:00,0.002807078
4556,2013-11-04 02:20:00,274.04745
4556,2013-11-04 02:20:00,0.92530376
4556,2013-11-04 02:30:00,289.86325
4556,2013-11-04 02:40:00,3.8212907
4556,2013-11-04 02:40:00,295.1949
4556,2013-11-04 02:40:00,0.92530376
4556,2013-11-04 02:40:00,0.92530376
4556,2013-11-04 02:50:00,261.10202
4556,2013-11-04 02:50:00,0.92530376
4556,2013-11-04 02:50:00,0.002807078
4556,2013-11-04 03:00:00,263.1305
4556,2013-11-04 03:00:00,0.9853416
4556,2013-11-04 03:10:00,254.65016
4556,2013-11-04 03:20:00,237.23639
4556,2013-11-04 03:30:00,259.61502
4556,2013-11-04 03:30:00,0.002807078
4556,2013-11-04 03:40:00,259.9283
4556,2013-11-04 03:40:00,0.92530376
4556,2013-11-04 03:40:00,0.92530376
4556,2013-11-04 03:50:00,228.5419
4556,2013-11-04 04:00:00,241.55956
4556,2013-11-04 04:00:00,0.92530376
4556,2013-11-04 04:10:00,235.89828
4556,2013-11-04 04:20:00,223.09201
4556,2013-11-04 04:20:00,4.6265187
4556,2013-11-04 04:30:00,242.2488
4556,2013-11-04 04:30:00,0.92530376
4556,2013-11-04 04:40:00,230.4806
4556,2013-11-04 04:40:00,0.002807078
4556,2013-11-04 04:50:00,224.4442
4556,2013-11-04 05:00:00,241.55241
4556,2013-11-04 05:10:00,250.10173
4556,2013-11-04 05:20:00,0.002807078
4556,2013-11-04 05:20:00,227.5943
4556,2013-11-04 05:20:00,0.002807078
4556,2013-11-04 05:30:00,0.002807078
4556,2013-11-04 05:30:00,250.88234
4556,2013-11-04 05:40:00,224.30647
4556,2013-11-04 05:50:00,260.77957
4556,2013-11-04 06:00:00,0.92530376
4556,2013-11-04 06:00:00,258.70337
4556,2013-11-04 06:00:00,0.002807078
4556,2013-11-04 06:10:00,300.3098
4556,2013-11-04 06:20:00,316.64172
4556,2013-11-04 06:20:00,0.002807078
4556,2013-11-04 06:30:00,344.45975
4556,2013-11-04 06:40:00,394.9655
4556,2013-11-04 06:50:00,427.48343
4556,2013-11-04 07:00:00,375.4833
4556,2013-11-04 07:00:00,0.92530376
4556,2013-11-04 07:00:00,0.92530376
4556,2013-11-04 07:10:00,442.6806
4556,2013-11-04 07:10:00,1.8506075
4556,2013-11-04 07:20:00,459.48813
4556,2013-11-04 07:30:00,513.35583
4556,2013-11-04 07:40:00,545.4659
4556,2013-11-04 07:50:00,0.82616407
4556,2013-11-04 07:50:00,536.07556
4556,2013-11-04 07:50:00,0.9853416
4556,2013-11-04 08:00:00,432.04773
4556,2013-11-04 08:00:00,0.002807078
4556,2013-11-04 08:10:00,434.37857
4556,2013-11-04 08:10:00,0.002807078
4556,2013-11-04 08:10:00,0.002807078
4556,2013-11-04 08:20:00,560.4095
4556,2013-11-04 08:20:00,1.9106454
4556,2013-11-04 08:20:00,0.9853416
4556,2013-11-04 08:30:00,535.88745
4556,2013-11-04 08:30:00,0.9853416
4556,2013-11-04 08:30:00,0.9853416
4556,2013-11-04 08:40:00,550.068
4556,2013-11-04 08:40:00,0.92530376
4556,2013-11-04 08:40:00,0.002807078
4556,2013-11-04 08:50:00,0.92530376
4556,2013-11-04 08:50:00,660.3727
4556,2013-11-04 09:00:00,517.5518
4556,2013-11-04 09:00:00,0.9853416
4556,2013-11-04 09:10:00,514.3691
4556,2013-11-04 09:10:00,0.002807078
4556,2013-11-04 09:20:00,467.4128
4556,2013-11-04 09:20:00,1.9706832
4556,2013-11-04 09:30:00,1.9106454
4556,2013-11-04 09:30:00,507.26428
4556,2013-11-04 09:40:00,570.90796
4556,2013-11-04 09:50:00,501.15002
4556,2013-11-04 09:50:00,0.002807078
4556,2013-11-04 10:00:00,693.78784
4556,2013-11-04 10:00:00,0.002807078
4556,2013-11-04 10:10:00,0.9853416
4556,2013-11-04 10:10:00,651.751
4556,2013-11-04 10:10:00,3.8212907
4556,2013-11-04 10:20:00,472.36017
4556,2013-11-04 10:20:00,0.002807078
4556,2013-11-04 10:20:00,1.9106454
4556,2013-11-04 10:30:00,0.92530376
4556,2013-11-04 10:30:00,397.98715
4556,2013-11-04 10:40:00,460.69394
4556,2013-11-04 10:50:00,532.52094
4556,2013-11-04 10:50:00,0.002807078
4556,2013-11-04 11:00:00,429.21368
4556,2013-11-04 11:10:00,1.9106454
4556,2013-11-04 11:10:00,460.79538
4556,2013-11-04 11:20:00,523.95447
4556,2013-11-04 11:20:00,0.002807078
4556,2013-11-04 11:30:00,421.362
4556,2013-11-04 11:30:00,0.002807078
4556,2013-11-04 11:40:00,451.0076
4556,2013-11-04 11:50:00,465.5422
4556,2013-11-04 11:50:00,0.92530376
4556,2013-11-04 12:00:00,515.36566
4556,2013-11-04 12:00:00,0.002807078
4556,2013-11-04 12:10:00,571.5638
4556,2013-11-04 12:10:00,0.9853416
4556,2013-11-04 12:20:00,491.97504
4556,2013-11-04 12:30:00,515.6736
4556,2013-11-04 12:30:00,0.9881487
4556,2013-11-04 12:40:00,563.1137
4556,2013-11-04 12:50:00,504.2834
4556,2013-11-04 12:50:00,0.92530376
4556,2013-11-04 13:00:00,0.92530376
4556,2013-11-04 13:00:00,571.1273
4556,2013-11-04 13:10:00,0.82616407
4556,2013-11-04 13:10:00,535.0183
4556,2013-11-04 13:10:00,0.002807078
4556,2013-11-04 13:10:00,2.956025
4556,2013-11-04 13:20:00,0.92530376
4556,2013-11-04 13:20:00,0.002807078
4556,2013-11-04 13:20:00,539.25244
4556,2013-11-04 13:20:00,0.9853416
4556,2013-11-04 13:20:00,0.9853416
4556,2013-11-04 13:30:00,1.7514678
4556,2013-11-04 13:30:00,544.9165
4556,2013-11-04 13:30:00,0.92530376
4556,2013-11-04 13:40:00,487.44995
4556,2013-11-04 13:40:00,0.002807078
4556,2013-11-04 13:40:00,3.701215
4556,2013-11-04 13:50:00,528.33636
4556,2013-11-04 13:50:00,0.92530376
4556,2013-11-04 14:00:00,534.06384
4556,2013-11-04 14:00:00,0.002807078
4556,2013-11-04 14:10:00,493.9656
4556,2013-11-04 14:10:00,0.002807078
4556,2013-11-04 14:10:00,0.002807078
4556,2013-11-04 14:20:00,470.3391
4556,2013-11-04 14:30:00,510.06598
4556,2013-11-04 14:40:00,530.21796
4556,2013-11-04 14:40:00,0.002807078
4556,2013-11-04 14:50:00,560.8539
4556,2013-11-04 15:00:00,492.3801
4556,2013-11-04 15:00:00,0.9853416
4556,2013-11-04 15:10:00,559.7441
4556,2013-11-04 15:10:00,0.9853416
4556,2013-11-04 15:10:00,0.002807078
4556,2013-11-04 15:20:00,0.002807078
4556,2013-11-04 15:20:00,630.68396
4556,2013-11-04 15:20:00,0.9881487
4556,2013-11-04 15:30:00,552.0092
4556,2013-11-04 15:40:00,543.3527
4556,2013-11-04 15:50:00,631.17737
4556,2013-11-04 15:50:00,0.002807078
4556,2013-11-04 16:00:00,540.0031
4556,2013-11-04 16:00:00,0.002807078
4556,2013-11-04 16:10:00,542.03796
4556,2013-11-04 16:10:00,0.92530376
4556,2013-11-04 16:10:00,0.9853416
4556,2013-11-04 16:20:00,566.9639
4556,2013-11-04 16:20:00,0.92530376
4556,2013-11-04 16:20:00,0.82616407
4556,2013-11-04 16:20:00,0.002807078
4556,2013-11-04 16:30:00,547.38885
4556,2013-11-04 16:30:00,0.9853416
4556,2013-11-04 16:40:00,604.4461
4556,2013-11-04 16:50:00,0.9853416
4556,2013-11-04 16:50:00,615.10175
4556,2013-11-04 17:00:00,751.68726
4556,2013-11-04 17:00:00,0.002807078
4556,2013-11-04 17:10:00,584.2192
4556,2013-11-04 17:20:00,746.2959
4556,2013-11-04 17:20:00,0.9853416
4556,2013-11-04 17:30:00,0.82616407
4556,2013-11-04 17:30:00,931.0822
4556,2013-11-04 17:30:00,0.002807078
4556,2013-11-04 17:40:00,665.13196
4556,2013-11-04 17:40:00,0.002807078
4556,2013-11-04 17:50:00,0.9853416
4556,2013-11-04 17:50:00,849.8098
4556,2013-11-04 18:00:00,2.8359492
4556,2013-11-04 18:00:00,719.7537
4556,2013-11-04 18:00:00,0.002807078
4556,2013-11-04 18:10:00,2.4812994
4556,2013-11-04 18:10:00,573.06354
4556,2013-11-04 18:20:00,0.9853416
4556,2013-11-04 18:20:00,604.69916
4556,2013-11-04 18:30:00,1.9106454
4556,2013-11-04 18:30:00,794.4842
4556,2013-11-04 18:30:00,0.9853416
4556,2013-11-04 18:40:00,0.9853416
4556,2013-11-04 18:40:00,772.7124
4556,2013-11-04 18:40:00,5.731936
4556,2013-11-04 18:40:00,0.005614156
4556,2013-11-04 18:50:00,0.005614156
4556,2013-11-04 18:50:00,799.37805
4556,2013-11-04 18:50:00,1.9106454
4556,2013-11-04 19:00:00,0.92811084
4556,2013-11-04 19:00:00,836.76154
4556,2013-11-04 19:00:00,0.002807078
4556,2013-11-04 19:10:00,0.9853416
4556,2013-11-04 19:10:00,704.2683
4556,2013-11-04 19:10:00,0.002807078
4556,2013-11-04 19:10:00,3.8212907
4556,2013-11-04 19:20:00,717.5875
4556,2013-11-04 19:20:00,1.7514678
4556,2013-11-04 19:20:00,1.9106454
4556,2013-11-04 19:30:00,0.92811084
4556,2013-11-04 19:30:00,791.0758
4556,2013-11-04 19:30:00,0.002807078
4556,2013-11-04 19:30:00,1.9106454
4556,2013-11-04 19:40:00,0.8317782
4556,2013-11-04 19:40:00,0.92530376
4556,2013-11-04 19:40:00,775.7581
4556,2013-11-04 19:40:00,0.002807078
4556,2013-11-04 19:40:00,1.9106454
4556,2013-11-04 19:50:00,737.9043
4556,2013-11-04 19:50:00,0.002807078
4556,2013-11-04 20:00:00,0.002807078
4556,2013-11-04 20:00:00,863.01526
4556,2013-11-04 20:00:00,0.92530376
4556,2013-11-04 20:00:00,0.92811084
4556,2013-11-04 20:10:00,0.82616407
4556,2013-11-04 20:10:00,0.9853416
4556,2013-11-04 20:10:00,780.2725
4556,2013-11-04 20:10:00,0.9853416
4556,2013-11-04 20:10:00,0.9853416
4556,2013-11-04 20:10:00,0.9853416
4556,2013-11-04 20:10:00,1.9106454
4556,2013-11-04 20:20:00,0.002807078
4556,2013-11-04 20:20:00,1.9106454
4556,2013-11-04 20:20:00,2.8359492
4556,2013-11-04 20:20:00,898.33093
4556,2013-11-04 20:20:00,0.92530376
4556,2013-11-04 20:20:00,0.92811084
4556,2013-11-04 20:30:00,0.92530376
4556,2013-11-04 20:30:00,1.8506075
4556,2013-11-04 20:30:00,752.40686
4556,2013-11-04 20:40:00,0.92530376
4556,2013-11-04 20:40:00,0.002807078
4556,2013-11-04 20:40:00,973.5161
4556,2013-11-04 20:40:00,0.92530376
4556,2013-11-04 20:40:00,3.8212907
4556,2013-11-04 20:50:00,0.92530376
4556,2013-11-04 20:50:00,0.92530376
4556,2013-11-04 20:50:00,956.32086
4556,2013-11-04 20:50:00,2.7396166
4556,2013-11-04 20:50:00,0.002807078
4556,2013-11-04 21:00:00,0.92530376
4556,2013-11-04 21:00:00,1.9106454
4556,2013-11-04 21:00:00,1.6523281
4556,2013-11-04 21:00:00,855.9033
4556,2013-11-04 21:10:00,1.7514678
4556,2013-11-04 21:10:00,1.9706832
4556,2013-11-04 21:10:00,0.92530376
4556,2013-11-04 21:10:00,731.71606
4556,2013-11-04 21:10:00,7.465275
4556,2013-11-04 21:20:00,0.9853416
4556,2013-11-04 21:20:00,864.4376
4556,2013-11-04 21:20:00,0.92530376
4556,2013-11-04 21:30:00,0.92530376
4556,2013-11-04 21:30:00,0.92530376
4556,2013-11-04 21:30:00,839.99756
4556,2013-11-04 21:30:00,1.8506075
4556,2013-11-04 21:40:00,0.002807078
4556,2013-11-04 21:40:00,0.92530376
4556,2013-11-04 21:40:00,0.92530376
4556,2013-11-04 21:40:00,0.92530376
4556,2013-11-04 21:40:00,828.05316
4556,2013-11-04 21:40:00,1.9106454
4556,2013-11-04 21:50:00,0.002807078
4556,2013-11-04 21:50:00,0.92530376
4556,2013-11-04 21:50:00,678.23016
4556,2013-11-04 22:00:00,0.9853416
4556,2013-11-04 22:00:00,579.9742
4556,2013-11-04 22:00:00,3.8212907
4556,2013-11-04 22:00:00,1.9106454
4556,2013-11-04 22:10:00,635.5991
4556,2013-11-04 22:10:00,4.7465944
4556,2013-11-04 22:10:00,0.92530376
4556,2013-11-04 22:10:00,1.9106454
4556,2013-11-04 22:20:00,0.92530376
4556,2013-11-04 22:20:00,546.89685
4556,2013-11-04 22:20:00,2.895987
4556,2013-11-04 22:20:00,0.9853416
4556,2013-11-04 22:30:00,578.7352
4556,2013-11-04 22:30:00,3.8212907
4556,2013-11-04 22:40:00,559.5711
4556,2013-11-04 22:40:00,1.9106454
4556,2013-11-04 22:50:00,535.15533
4556,2013-11-04 22:50:00,3.8212907
4556,2013-11-04 23:00:00,496.7762
4556,2013-11-04 23:00:00,0.9853416
4556,2013-11-04 23:00:00,3.8212907
4556,2013-11-04 23:10:00,507.76315
4556,2013-11-04 23:10:00,0.002807078
4556,2013-11-04 23:10:00,1.9106454
4556,2013-11-04 23:10:00,2.8387563
4556,2013-11-04 23:20:00,478.06113
4556,2013-11-04 23:20:00,2.8415632
4556,2013-11-04 23:20:00,0.002807078
4556,2013-11-04 23:30:00,520.65454
4556,2013-11-04 23:30:00,0.92530376
4556,2013-11-04 23:30:00,4.7465944
4556,2013-11-04 23:40:00,430.96133
4556,2013-11-04 23:40:00,1.9706832
4556,2013-11-04 23:50:00,472.62094
4556,2013-11-05 00:00:00,465.26562
4556,2013-11-05 00:00:00,0.92811084
4556,2013-11-05 00:10:00,448.48694
4556,2013-11-05 00:10:00,0.92530376
4556,2013-11-05 00:20:00,521.4155
4556,2013-11-05 00:30:00,602.1291
4556,2013-11-05 00:40:00,339.36246
4556,2013-11-05 00:40:00,0.92530376
4556,2013-11-05 00:50:00,345.54593
4556,2013-11-05 00:50:00,0.92530376
4556,2013-11-05 01:00:00,302.3253
4556,2013-11-05 01:10:00,296.18332
4556,2013-11-05 01:20:00,280.04617
4556,2013-11-05 01:30:00,252.63777
4556,2013-11-05 01:40:00,266.2803
4556,2013-11-05 01:50:00,262.5535
4556,2013-11-05 02:00:00,269.76083
4556,2013-11-05 02:10:00,247.46562
4556,2013-11-05 02:20:00,231.98203
4556,2013-11-05 02:30:00,330.26547
4556,2013-11-05 02:40:00,216.99474
4556,2013-11-05 02:50:00,223.26619
4556,2013-11-05 03:00:00,220.45863
4556,2013-11-05 03:10:00,214.37201
4556,2013-11-05 03:20:00,207.89757
4556,2013-11-05 03:30:00,224.39812
4556,2013-11-05 03:40:00,204.45761
4556,2013-11-05 03:50:00,206.8118
4556,2013-11-05 04:00:00,204.32486
4556,2013-11-05 04:10:00,211.21269
4556,2013-11-05 04:20:00,0.002807078
4556,2013-11-05 04:20:00,194.37415
4556,2013-11-05 04:30:00,206.60416
4556,2013-11-05 04:40:00,209.68301
4556,2013-11-05 04:40:00,1.9106454
4556,2013-11-05 04:50:00,204.2886
4556,2013-11-05 05:00:00,219.03242
4556,2013-11-05 05:10:00,220.65126
4556,2013-11-05 05:20:00,226.5474
4556,2013-11-05 05:30:00,228.40274
4556,2013-11-05 05:40:00,278.62753
4556,2013-11-05 05:50:00,253.82994
4556,2013-11-05 06:00:00,325.10492
4556,2013-11-05 06:10:00,341.12436
4556,2013-11-05 06:20:00,313.8194
4556,2013-11-05 06:30:00,352.95264
4556,2013-11-05 06:40:00,475.79578
4556,2013-11-05 06:50:00,444.42523
4556,2013-11-05 07:00:00,0.9853416
4556,2013-11-05 07:00:00,498.90393
4556,2013-11-05 07:10:00,521.2887
4556,2013-11-05 07:20:00,493.7338
4556,2013-11-05 07:30:00,0.9853416
4556,2013-11-05 07:30:00,1.9106454
4556,2013-11-05 07:30:00,475.66025
4556,2013-11-05 07:40:00,0.92530376
4556,2013-11-05 07:40:00,474.14056
4556,2013-11-05 07:50:00,513.31964
4556,2013-11-05 07:50:00,1.9106454
4556,2013-11-05 08:00:00,487.02826
4556,2013-11-05 08:00:00,0.002807078
4556,2013-11-05 08:00:00,0.92530376
4556,2013-11-05 08:10:00,647.26416
4556,2013-11-05 08:10:00,0.9853416
4556,2013-11-05 08:20:00,467.5148
4556,2013-11-05 08:20:00,3.8212907
4556,2013-11-05 08:30:00,0.002807078
4556,2013-11-05 08:30:00,572.4767
4556,2013-11-05 08:30:00,1.9106454
4556,2013-11-05 08:40:00,0.92811084
4556,2013-11-05 08:40:00,526.84607
4556,2013-11-05 08:40:00,1.9106454
4556,2013-11-05 08:50:00,1.9162595
4556,2013-11-05 08:50:00,0.9853416
4556,2013-11-05 08:50:00,916.09784
4556,2013-11-05 08:50:00,6.7172775
4556,2013-11-05 09:00:00,0.92811084
4556,2013-11-05 09:00:00,0.92530376
4556,2013-11-05 09:00:00,661.96436
4556,2013-11-05 09:00:00,0.92530376
4556,2013-11-05 09:10:00,1.9106454
4556,2013-11-05 09:10:00,1.9134525
4556,2013-11-05 09:10:00,0.92811084
4556,2013-11-05 09:10:00,463.15118
4556,2013-11-05 09:10:00,1.9106454
4556,2013-11-05 09:20:00,495.23007
4556,2013-11-05 09:30:00,505.40073
4556,2013-11-05 09:30:00,0.002807078
4556,2013-11-05 09:40:00,0.9853416
4556,2013-11-05 09:40:00,498.5546
4556,2013-11-05 09:50:00,2.895987
4556,2013-11-05 09:50:00,444.13782
4556,2013-11-05 09:50:00,1.9106454
4556,2013-11-05 10:00:00,1.9106454
4556,2013-11-05 10:00:00,579.474
4556,2013-11-05 10:10:00,608.65857
4556,2013-11-05 10:20:00,0.92530376
4556,2013-11-05 10:20:00,503.39987
4556,2013-11-05 10:30:00,0.9881487
4556,2013-11-05 10:30:00,559.45294
4556,2013-11-05 10:40:00,0.9853416
4556,2013-11-05 10:40:00,1.9106454
4556,2013-11-05 10:40:00,511.7943
4556,2013-11-05 10:40:00,4.8066325
4556,2013-11-05 10:40:00,0.92530376
4556,2013-11-05 10:50:00,0.005614156
4556,2013-11-05 10:50:00,480.1307
4556,2013-11-05 10:50:00,0.92530376
4556,2013-11-05 10:50:00,7.483404
4556,2013-11-05 11:00:00,0.92530376
4556,2013-11-05 11:00:00,514.38385
4556,2013-11-05 11:00:00,0.9853416
4556,2013-11-05 11:10:00,473.807
4556,2013-11-05 11:10:00,0.92530376
4556,2013-11-05 11:10:00,2.8359492
4556,2013-11-05 11:20:00,0.92530376
4556,2013-11-05 11:20:00,515.93256
4556,2013-11-05 11:30:00,1.9106454
4556,2013-11-05 11:30:00,3.6621132
4556,2013-11-05 11:30:00,0.002807078
4556,2013-11-05 11:30:00,520.7848
4556,2013-11-05 11:40:00,1.9106454
4556,2013-11-05 11:40:00,0.002807078
4556,2013-11-05 11:40:00,0.92811084
4556,2013-11-05 11:40:00,0.002807078
4556,2013-11-05 11:40:00,588.72076
4556,2013-11-05 11:40:00,0.9853416
4556,2013-11-05 11:40:00,1.9106454
4556,2013-11-05 11:50:00,0.9853416
4556,2013-11-05 11:50:00,555.46423
4556,2013-11-05 11:50:00,0.9853416
4556,2013-11-05 11:50:00,0.92530376
4556,2013-11-05 12:00:00,1.8506075
4556,2013-11-05 12:00:00,665.86194
4556,2013-11-05 12:10:00,1.9106454
4556,2013-11-05 12:10:00,579.6299
4556,2013-11-05 12:20:00,665.6728
4556,2013-11-05 12:20:00,0.9853416
4556,2013-11-05 12:30:00,559.10364
4556,2013-11-05 12:30:00,0.002807078
4556,2013-11-05 12:40:00,558.7159
4556,2013-11-05 12:50:00,709.0327
4556,2013-11-05 12:50:00,0.002807078
4556,2013-11-05 13:00:00,586.0846
4556,2013-11-05 13:00:00,0.005614156
4556,2013-11-05 13:10:00,648.3615
4556,2013-11-05 13:20:00,639.00073
4556,2013-11-05 13:20:00,3.6621132
4556,2013-11-05 13:20:00,0.002807078
4556,2013-11-05 13:30:00,578.67377
4556,2013-11-05 13:30:00,0.92530376
4556,2013-11-05 13:40:00,0.9853416
4556,2013-11-05 13:40:00,595.82214
4556,2013-11-05 13:40:00,0.9853416
4556,2013-11-05 13:40:00,0.002807078
4556,2013-11-05 13:50:00,0.92530376
4556,2013-11-05 13:50:00,606.33673
4556,2013-11-05 13:50:00,0.002807078
4556,2013-11-05 13:50:00,0.005614156
4556,2013-11-05 13:50:00,0.002807078
4556,2013-11-05 14:00:00,790.43604
4556,2013-11-05 14:00:00,0.92530376
4556,2013-11-05 14:10:00,754.35144
4556,2013-11-05 14:10:00,0.002807078
4556,2013-11-05 14:10:00,2.7759113
4556,2013-11-05 14:20:00,529.90295
4556,2013-11-05 14:20:00,0.002807078
4556,2013-11-05 14:20:00,0.92530376
4556,2013-11-05 14:30:00,0.005614156
4556,2013-11-05 14:30:00,551.353
4556,2013-11-05 14:30:00,0.92530376
4556,2013-11-05 14:40:00,0.002807078
4556,2013-11-05 14:40:00,529.1689
4556,2013-11-05 14:50:00,0.92530376
4556,2013-11-05 14:50:00,533.6647
4556,2013-11-05 15:00:00,580.3665
4556,2013-11-05 15:00:00,0.92530376
4556,2013-11-05 15:10:00,0.002807078
4556,2013-11-05 15:10:00,610.32825
4556,2013-11-05 15:20:00,1.9106454
4556,2013-11-05 15:20:00,557.27985
4556,2013-11-05 15:30:00,0.002807078
4556,2013-11-05 15:30:00,512.57434
4556,2013-11-05 15:30:00,0.9853416
4556,2013-11-05 15:30:00,0.92530376
4556,2013-11-05 15:40:00,3.76406
4556,2013-11-05 15:40:00,598.2991
4556,2013-11-05 15:50:00,0.92530376
4556,2013-11-05 15:50:00,547.8197
4556,2013-11-05 16:00:00,1.9106454
4556,2013-11-05 16:00:00,593.3703
4556,2013-11-05 16:00:00,0.92530376
4556,2013-11-05 16:10:00,591.10736
4556,2013-11-05 16:20:00,511.57147
4556,2013-11-05 16:20:00,0.002807078
4556,2013-11-05 16:20:00,0.92530376
4556,2013-11-05 16:30:00,751.8044
4556,2013-11-05 16:40:00,1.9106454
4556,2013-11-05 16:40:00,665.34375
4556,2013-11-05 16:50:00,686.3492
4556,2013-11-05 17:00:00,3.8212907
4556,2013-11-05 17:00:00,0.82616407
4556,2013-11-05 17:00:00,729.34894
4556,2013-11-05 17:00:00,1.9106454
4556,2013-11-05 17:00:00,0.002807078
4556,2013-11-05 17:10:00,0.9853416
4556,2013-11-05 17:10:00,719.19604
4556,2013-11-05 17:20:00,690.01953
4556,2013-11-05 17:20:00,0.9853416
4556,2013-11-05 17:20:00,0.9853416
4556,2013-11-05 17:30:00,779.6275
4556,2013-11-05 17:30:00,0.9853416
4556,2013-11-05 17:30:00,0.002807078
4556,2013-11-05 17:30:00,2.8387563
4556,2013-11-05 17:40:00,1.9106454
4556,2013-11-05 17:40:00,724.1139
4556,2013-11-05 17:40:00,2.6767716
4556,2013-11-05 17:50:00,742.14966
4556,2013-11-05 17:50:00,1.9106454
4556,2013-11-05 17:50:00,2.7759113
4556,2013-11-05 18:00:00,0.002807078
4556,2013-11-05 18:00:00,654.05835
4556,2013-11-05 18:00:00,0.002807078
4556,2013-11-05 18:10:00,0.92530376
4556,2013-11-05 18:10:00,777.12213
4556,2013-11-05 18:10:00,0.92530376
4556,2013-11-05 18:20:00,607.71466
4556,2013-11-05 18:20:00,1.9134525
4556,2013-11-05 18:20:00,0.9853416
4556,2013-11-05 18:30:00,648.5237
4556,2013-11-05 18:30:00,0.92530376
4556,2013-11-05 18:30:00,0.002807078
4556,2013-11-05 18:30:00,0.9853416
4556,2013-11-05 18:40:00,780.1426
4556,2013-11-05 18:40:00,0.9853416
4556,2013-11-05 18:40:00,1.7514678
4556,2013-11-05 18:50:00,1.9106454
4556,2013-11-05 18:50:00,590.84143
4556,2013-11-05 18:50:00,1.8115057
4556,2013-11-05 18:50:00,1.9106454
4556,2013-11-05 19:00:00,3.8841357
4556,2013-11-05 19:00:00,960.71075
4556,2013-11-05 19:10:00,0.005614156
4556,2013-11-05 19:10:00,698.0146
4556,2013-11-05 19:20:00,0.92811084
4556,2013-11-05 19:20:00,1.9106454
4556,2013-11-05 19:20:00,763.3565
4556,2013-11-05 19:20:00,4.7494016
4556,2013-11-05 19:20:00,0.9853416
4556,2013-11-05 19:20:00,0.92530376
4556,2013-11-05 19:30:00,1.9106454
4556,2013-11-05 19:30:00,1.7514678
4556,2013-11-05 19:30:00,0.9853416
4556,2013-11-05 19:30:00,938.05237
4556,2013-11-05 19:30:00,3.8212907
4556,2013-11-05 19:30:00,0.9853416
4556,2013-11-05 19:40:00,0.9853416
4556,2013-11-05 19:40:00,1.9106454
4556,2013-11-05 19:40:00,2.8359492
4556,2013-11-05 19:40:00,958.6314
4556,2013-11-05 19:40:00,1.8506075
4556,2013-11-05 19:50:00,0.99095577
4556,2013-11-05 19:50:00,873.60626
4556,2013-11-05 19:50:00,0.92530376
4556,2013-11-05 19:50:00,0.92530376
4556,2013-11-05 20:00:00,0.002807078
4556,2013-11-05 20:00:00,1018.7923
4556,2013-11-05 20:00:00,3.8212907
4556,2013-11-05 20:10:00,0.002807078
4556,2013-11-05 20:10:00,1.8506075
4556,2013-11-05 20:10:00,798.12366
4556,2013-11-05 20:10:00,2.895987
4556,2013-11-05 20:10:00,0.9853416
4556,2013-11-05 20:20:00,0.9881487
4556,2013-11-05 20:20:00,1.9106454
4556,2013-11-05 20:20:00,1.8562217
4556,2013-11-05 20:20:00,984.3284
4556,2013-11-05 20:20:00,3.8212907
4556,2013-11-05 20:20:00,6.65724
4556,2013-11-05 20:30:00,0.9853416
4556,2013-11-05 20:30:00,0.82616407
4556,2013-11-05 20:30:00,1061.7072
4556,2013-11-05 20:40:00,1.9162595
4556,2013-11-05 20:40:00,1165.6583
4556,2013-11-05 20:40:00,1.8534145
4556,2013-11-05 20:40:00,1.7514678
4556,2013-11-05 20:40:00,1.7514678
4556,2013-11-05 20:50:00,0.005614156
4556,2013-11-05 20:50:00,930.3688
4556,2013-11-05 20:50:00,0.92530376
4556,2013-11-05 20:50:00,1.9106454
4556,2013-11-05 20:50:00,1.9106454
4556,2013-11-05 21:00:00,0.008421234
4556,2013-11-05 21:00:00,2.6376698
4556,2013-11-05 21:00:00,1147.0303
4556,2013-11-05 21:00:00,6.660047
4556,2013-11-05 21:10:00,0.002807078
4556,2013-11-05 21:10:00,0.92811084
4556,2013-11-05 21:10:00,1076.4983
4556,2013-11-05 21:10:00,2.7815254
4556,2013-11-05 21:10:00,1.8506075
4556,2013-11-05 21:10:00,1.9106454
4556,2013-11-05 21:20:00,2.895987
4556,2013-11-05 21:20:00,0.002807078
4556,2013-11-05 21:20:00,1.9106454
4556,2013-11-05 21:20:00,2.8359492
4556,2013-11-05 21:20:00,1176.7284
4556,2013-11-05 21:20:00,8.567885
4556,2013-11-05 21:30:00,0.002807078
4556,2013-11-05 21:30:00,2.901601
4556,2013-11-05 21:30:00,1222.5739
4556,2013-11-05 21:40:00,0.92530376
4556,2013-11-05 21:40:00,0.005614156
4556,2013-11-05 21:40:00,0.002807078
4556,2013-11-05 21:40:00,0.92530376
4556,2013-11-05 21:40:00,946.2606
4556,2013-11-05 21:50:00,0.99095577
4556,2013-11-05 21:50:00,0.008421234
4556,2013-11-05 21:50:00,806.5405
4556,2013-11-05 21:50:00,0.9853416
4556,2013-11-05 22:00:00,822.73627
4556,2013-11-05 22:00:00,1.9106454
4556,2013-11-05 22:10:00,2.8359492
4556,2013-11-05 22:10:00,835.1912
4556,2013-11-05 22:10:00,0.002807078
4556,2013-11-05 22:20:00,3.7612529
4556,2013-11-05 22:20:00,777.976
4556,2013-11-05 22:20:00,0.92530376
4556,2013-11-05 22:30:00,0.9853416
4556,2013-11-05 22:30:00,765.0117
4556,2013-11-05 22:30:00,1.9706832
4556,2013-11-05 22:30:00,5.5727587
4556,2013-11-05 22:40:00,0.005614156
4556,2013-11-05 22:40:00,4.686557
4556,2013-11-05 22:40:00,860.24976
4556,2013-11-05 22:40:00,4.7465944
4556,2013-11-05 22:50:00,628.1809
4556,2013-11-05 23:00:00,0.005614156
4556,2013-11-05 23:00:00,631.76135
4556,2013-11-05 23:10:00,1.8562217
4556,2013-11-05 23:10:00,1.8506075
4556,2013-11-05 23:10:00,764.78076
4556,2013-11-05 23:10:00,1.9106454
4556,2013-11-05 23:10:00,0.002807078
4556,2013-11-05 23:20:00,597.142
4556,2013-11-05 23:30:00,0.002807078
4556,2013-11-05 23:30:00,611.49994
4556,2013-11-05 23:30:00,0.9881487
4556,2013-11-05 23:40:00,0.002807078
4556,2013-11-05 23:40:00,528.3251
4556,2013-11-05 23:40:00,0.9853416
4556,2013-11-05 23:50:00,0.82616407
4556,2013-11-05 23:50:00,433.50644
4556,2013-11-05 23:50:00,0.92530376
4556,2013-11-05 23:50:00,0.002807078
4556,2013-11-06 00:00:00,1.9106454
4556,2013-11-06 00:00:00,471.4594
4556,2013-11-06 00:10:00,0.9853416
4556,2013-11-06 00:10:00,0.92530376
4556,2013-11-06 00:10:00,433.84216
4556,2013-11-06 00:20:00,0.92530376
4556,2013-11-06 00:20:00,461.29242
4556,2013-11-06 00:30:00,364.55795
4556,2013-11-06 00:40:00,4.7465944
4556,2013-11-06 00:40:00,411.45435
4556,2013-11-06 00:40:00,0.92530376
4556,2013-11-06 00:50:00,374.1555
4556,2013-11-06 01:00:00,356.4629
4556,2013-11-06 01:10:00,356.6786
4556,2013-11-06 01:20:00,327.06003
4556,2013-11-06 01:30:00,298.8496
4556,2013-11-06 01:40:00,296.3365
4556,2013-11-06 01:50:00,290.24152
4556,2013-11-06 02:00:00,284.47757
4556,2013-11-06 02:10:00,276.9189
4556,2013-11-06 02:20:00,262.69864
4556,2013-11-06 02:30:00,272.04092
4556,2013-11-06 02:40:00,269.35095
4556,2013-11-06 02:50:00,0.002807078
4556,2013-11-06 02:50:00,227.89548
4556,2013-11-06 03:00:00,0.002807078
4556,2013-11-06 03:00:00,241.27727
4556,2013-11-06 03:10:00,249.59357
4556,2013-11-06 03:20:00,218.40225
4556,2013-11-06 03:30:00,227.89865
4556,2013-11-06 03:40:00,229.4449
4556,2013-11-06 03:50:00,237.05908
4556,2013-11-06 04:00:00,228.5056
4556,2013-11-06 04:10:00,233.40721
4556,2013-11-06 04:20:00,240.47166
4556,2013-11-06 04:30:00,266.8186
4556,2013-11-06 04:40:00,224.75838
4556,2013-11-06 04:50:00,249.60744
4556,2013-11-06 05:00:00,268.69513
4556,2013-11-06 05:10:00,258.3685
4556,2013-11-06 05:20:00,300.78302
4556,2013-11-06 05:30:00,270.69205
4556,2013-11-06 05:40:00,275.36847
4556,2013-11-06 05:50:00,290.91296
4556,2013-11-06 06:00:00,279.70236
4556,2013-11-06 06:10:00,0.92530376
4556,2013-11-06 06:10:00,306.5889
4556,2013-11-06 06:20:00,0.92530376
4556,2013-11-06 06:20:00,381.81622
4556,2013-11-06 06:30:00,0.9853416
4556,2013-11-06 06:30:00,0.002807078
4556,2013-11-06 06:30:00,546.28723
4556,2013-11-06 06:40:00,601.67926
4556,2013-11-06 06:50:00,439.77478
4556,2013-11-06 06:50:00,0.82616407
4556,2013-11-06 07:00:00,0.92530376
4556,2013-11-06 07:00:00,517.96277
4556,2013-11-06 07:10:00,599.81573
4556,2013-11-06 07:10:00,1.9106454
4556,2013-11-06 07:20:00,0.92530376
4556,2013-11-06 07:20:00,566.0015
4556,2013-11-06 07:20:00,0.92530376
4556,2013-11-06 07:30:00,0.92530376
4556,2013-11-06 07:30:00,625.03705
4556,2013-11-06 07:40:00,0.9853416
4556,2013-11-06 07:40:00,544.5872
4556,2013-11-06 07:50:00,505.6766
4556,2013-11-06 08:00:00,574.60645
4556,2013-11-06 08:00:00,0.9853416
4556,2013-11-06 08:10:00,0.92530376
4556,2013-11-06 08:10:00,714.0235
4556,2013-11-06 08:20:00,478.37653
4556,2013-11-06 08:30:00,0.002807078
4556,2013-11-06 08:30:00,495.96848
4556,2013-11-06 08:30:00,0.9853416
4556,2013-11-06 08:30:00,0.9853416
4556,2013-11-06 08:30:00,0.92530376
4556,2013-11-06 08:40:00,706.94727
4556,2013-11-06 08:40:00,0.9853416
4556,2013-11-06 08:50:00,504.0088
4556,2013-11-06 08:50:00,0.9853416
4556,2013-11-06 09:00:00,0.9853416
4556,2013-11-06 09:00:00,500.81747
4556,2013-11-06 09:00:00,1.9106454
4556,2013-11-06 09:00:00,0.82616407
4556,2013-11-06 09:10:00,610.4083
4556,2013-11-06 09:10:00,0.92530376
4556,2013-11-06 09:20:00,0.92530376
4556,2013-11-06 09:20:00,1.8506075
4556,2013-11-06 09:20:00,539.6498
4556,2013-11-06 09:20:00,0.92530376
4556,2013-11-06 09:30:00,1.9106454
4556,2013-11-06 09:30:00,442.28183
4556,2013-11-06 09:40:00,489.07803
4556,2013-11-06 09:50:00,0.002807078
4556,2013-11-06 09:50:00,1.9106454
4556,2013-11-06 09:50:00,481.5695
4556,2013-11-06 10:00:00,592.42914
4556,2013-11-06 10:10:00,1.9106454
4556,2013-11-06 10:10:00,557.7866
4556,2013-11-06 10:10:00,0.82616407
4556,2013-11-06 10:20:00,1.7514678
4556,2013-11-06 10:20:00,479.22427
4556,2013-11-06 10:20:00,1.9106454
4556,2013-11-06 10:20:00,1.9706832
4556,2013-11-06 10:30:00,503.50778
4556,2013-11-06 10:30:00,0.002807078
4556,2013-11-06 10:30:00,1.9106454
4556,2013-11-06 10:40:00,501.3205
4556,2013-11-06 10:50:00,606.6832
4556,2013-11-06 11:00:00,460.44733
4556,2013-11-06 11:00:00,0.002807078
4556,2013-11-06 11:10:00,516.19415
4556,2013-11-06 11:20:00,0.002807078
4556,2013-11-06 11:20:00,1.8506075
4556,2013-11-06 11:20:00,525.0573
4556,2013-11-06 11:30:00,0.005614156
4556,2013-11-06 11:30:00,567.25903
4556,2013-11-06 11:40:00,568.88336
4556,2013-11-06 11:40:00,0.92530376
4556,2013-11-06 11:40:00,0.002807078
4556,2013-11-06 11:50:00,538.64636
4556,2013-11-06 11:50:00,1.9706832
4556,2013-11-06 12:00:00,575.0292
4556,2013-11-06 12:00:00,0.002807078
4556,2013-11-06 12:10:00,512.4955
4556,2013-11-06 12:10:00,0.002807078
4556,2013-11-06 12:10:00,0.002807078
4556,2013-11-06 12:20:00,1.8506075
4556,2013-11-06 12:20:00,712.48566
4556,2013-11-06 12:20:00,0.9853416
4556,2013-11-06 12:20:00,0.002807078
4556,2013-11-06 12:30:00,703.5086
4556,2013-11-06 12:30:00,0.002807078
4556,2013-11-06 12:30:00,0.9853416
4556,2013-11-06 12:30:00,0.002807078
4556,2013-11-06 12:40:00,595.8432
4556,2013-11-06 12:50:00,618.8349
4556,2013-11-06 12:50:00,0.002807078
4556,2013-11-06 12:50:00,0.9853416
4556,2013-11-06 13:00:00,662.9136
4556,2013-11-06 13:10:00,0.9853416
4556,2013-11-06 13:10:00,790.0826
4556,2013-11-06 13:10:00,1.8506075
4556,2013-11-06 13:10:00,1.9106454
4556,2013-11-06 13:20:00,0.002807078
4556,2013-11-06 13:20:00,653.9658
4556,2013-11-06 13:30:00,0.92530376
4556,2013-11-06 13:30:00,600.4923
4556,2013-11-06 13:30:00,0.92530376
4556,2013-11-06 13:40:00,598.0989
4556,2013-11-06 13:50:00,647.5164
4556,2013-11-06 13:50:00,0.92530376
4556,2013-11-06 14:00:00,711.8722
4556,2013-11-06 14:00:00,2.956025
4556,2013-11-06 14:10:00,653.2254
4556,2013-11-06 14:10:00,2.956025
4556,2013-11-06 14:20:00,0.005614156
4556,2013-11-06 14:20:00,592.04504
4556,2013-11-06 14:20:00,0.9853416
4556,2013-11-06 14:30:00,638.88
4556,2013-11-06 14:40:00,0.92530376
4556,2013-11-06 14:40:00,641.7771
4556,2013-11-06 14:50:00,614.5113
4556,2013-11-06 14:50:00,0.9853416
4556,2013-11-06 14:50:00,1.9106454
4556,2013-11-06 15:00:00,0.9853416
4556,2013-11-06 15:00:00,1.9106454
4556,2013-11-06 15:00:00,0.9853416
4556,2013-11-06 15:00:00,625.1883
4556,2013-11-06 15:00:00,0.002807078
4556,2013-11-06 15:00:00,1.9106454
4556,2013-11-06 15:00:00,0.002807078
4556,2013-11-06 15:00:00,0.9853416
4556,2013-11-06 15:10:00,0.92530376
4556,2013-11-06 15:10:00,615.737
4556,2013-11-06 15:10:00,2.895987
4556,2013-11-06 15:10:00,1.9106454
4556,2013-11-06 15:20:00,599.505
4556,2013-11-06 15:30:00,585.8383
4556,2013-11-06 15:40:00,622.9625
4556,2013-11-06 15:50:00,0.002807078
4556,2013-11-06 15:50:00,572.9642
4556,2013-11-06 15:50:00,0.92530376
4556,2013-11-06 16:00:00,559.01685
4556,2013-11-06 16:10:00,578.10516
4556,2013-11-06 16:10:00,0.9853416
4556,2013-11-06 16:20:00,579.80414
4556,2013-11-06 16:30:00,591.8003
4556,2013-11-06 16:40:00,609.1231
4556,2013-11-06 16:50:00,0.9853416
4556,2013-11-06 16:50:00,637.8463
4556,2013-11-06 16:50:00,0.002807078
4556,2013-11-06 16:50:00,0.9853416
4556,2013-11-06 16:50:00,0.9853416
4556,2013-11-06 17:00:00,612.8957
4556,2013-11-06 17:00:00,0.002807078
4556,2013-11-06 17:10:00,0.92530376
4556,2013-11-06 17:10:00,683.97424
4556,2013-11-06 17:10:00,0.9853416
4556,2013-11-06 17:10:00,2.7368095
4556,2013-11-06 17:20:00,710.00305
4556,2013-11-06 17:20:00,0.9853416
4556,2013-11-06 17:20:00,2.8359492
4556,2013-11-06 17:20:00,0.92530376
4556,2013-11-06 17:30:00,833.71674
4556,2013-11-06 17:30:00,0.92530376
4556,2013-11-06 17:30:00,0.92530376
4556,2013-11-06 17:40:00,974.6073
4556,2013-11-06 17:40:00,0.92530376
4556,2013-11-06 17:40:00,1.9106454
4556,2013-11-06 17:50:00,647.97217
4556,2013-11-06 17:50:00,0.9853416
4556,2013-11-06 17:50:00,0.92530376
4556,2013-11-06 18:00:00,712.3362
4556,2013-11-06 18:10:00,766.6764
4556,2013-11-06 18:10:00,0.9853416
4556,2013-11-06 18:10:00,0.92530376
4556,2013-11-06 18:20:00,0.92811084
4556,2013-11-06 18:20:00,1.9134525
4556,2013-11-06 18:20:00,817.5145
4556,2013-11-06 18:20:00,0.82616407
4556,2013-11-06 18:20:00,0.9853416
4556,2013-11-06 18:20:00,0.92530376
4556,2013-11-06 18:20:00,0.92530376
4556,2013-11-06 18:30:00,1.9106454
4556,2013-11-06 18:30:00,3.8212907
4556,2013-11-06 18:30:00,0.92530376
4556,2013-11-06 18:30:00,753.40155
4556,2013-11-06 18:30:00,0.9853416
4556,2013-11-06 18:40:00,0.92530376
4556,2013-11-06 18:40:00,0.9881487
4556,2013-11-06 18:40:00,3.7612529
4556,2013-11-06 18:40:00,812.61743
4556,2013-11-06 18:40:00,1.9134525
4556,2013-11-06 18:40:00,0.002807078
4556,2013-11-06 18:40:00,0.92530376
4556,2013-11-06 18:50:00,0.92530376
4556,2013-11-06 18:50:00,0.9853416
4556,2013-11-06 18:50:00,0.002807078
4556,2013-11-06 18:50:00,875.8278
4556,2013-11-06 18:50:00,0.9853416
4556,2013-11-06 19:00:00,0.9853416
4556,2013-11-06 19:00:00,839.15424
4556,2013-11-06 19:00:00,1.9134525
4556,2013-11-06 19:00:00,1.9106454
4556,2013-11-06 19:10:00,2.8987942
4556,2013-11-06 19:10:00,772.9744
4556,2013-11-06 19:10:00,1.757082
4556,2013-11-06 19:10:00,0.92530376
4556,2013-11-06 19:10:00,1.9106454
4556,2013-11-06 19:20:00,2.895987
4556,2013-11-06 19:20:00,0.92530376
4556,2013-11-06 19:20:00,0.9853416
4556,2013-11-06 19:20:00,870.92975
4556,2013-11-06 19:20:00,0.9853416
4556,2013-11-06 19:20:00,0.92530376
4556,2013-11-06 19:20:00,1.9106454
4556,2013-11-06 19:30:00,1.9106454
4556,2013-11-06 19:30:00,0.92530376
4556,2013-11-06 19:30:00,963.54144
4556,2013-11-06 19:30:00,0.92530376
4556,2013-11-06 19:30:00,1.9106454
4556,2013-11-06 19:30:00,0.9853416
4556,2013-11-06 19:30:00,0.002807078
4556,2013-11-06 19:40:00,0.9853416
4556,2013-11-06 19:40:00,0.9853416
4556,2013-11-06 19:40:00,0.9853416
4556,2013-11-06 19:40:00,1152.1696
4556,2013-11-06 19:40:00,1.9134525
4556,2013-11-06 19:50:00,1.9106454
4556,2013-11-06 19:50:00,0.002807078
4556,2013-11-06 19:50:00,1.9106454
4556,2013-11-06 19:50:00,1028.955
4556,2013-11-06 19:50:00,2.8359492
4556,2013-11-06 19:50:00,1.8506075
4556,2013-11-06 20:00:00,0.9853416
4556,2013-11-06 20:00:00,1.9706832
4556,2013-11-06 20:00:00,8.687961
4556,2013-11-06 20:00:00,1000.05396
4556,2013-11-06 20:00:00,0.9853416
4556,2013-11-06 20:00:00,0.92530376
4556,2013-11-06 20:00:00,0.9853416
4556,2013-11-06 20:00:00,1.9106454
4556,2013-11-06 20:10:00,3.9413664
4556,2013-11-06 20:10:00,2.7368095
4556,2013-11-06 20:10:00,1065.4945
4556,2013-11-06 20:10:00,10.2383795
4556,2013-11-06 20:10:00,1.9106454
4556,2013-11-06 20:20:00,1.9106454
4556,2013-11-06 20:20:00,1.9106454
4556,2013-11-06 20:20:00,932.8268
4556,2013-11-06 20:20:00,1.9106454
4556,2013-11-06 20:30:00,2.8387563
4556,2013-11-06 20:30:00,0.92530376
4556,2013-11-06 20:30:00,1028.1604
4556,2013-11-06 20:30:00,0.9853416
4556,2013-11-06 20:30:00,0.92530376
4556,2013-11-06 20:40:00,0.002807078
4556,2013-11-06 20:40:00,2.7759113
4556,2013-11-06 20:40:00,1.9162595
4556,2013-11-06 20:40:00,1.9106454
4556,2013-11-06 20:40:00,960.1926
4556,2013-11-06 20:40:00,1.9134525
4556,2013-11-06 20:40:00,1.9106454
4556,2013-11-06 20:50:00,1.9106454
4556,2013-11-06 20:50:00,930.7728
4556,2013-11-06 20:50:00,0.9853416
4556,2013-11-06 20:50:00,0.002807078
4556,2013-11-06 20:50:00,1.9106454
4556,2013-11-06 20:50:00,0.9853416
4556,2013-11-06 21:00:00,0.002807078
4556,2013-11-06 21:00:00,0.92530376
4556,2013-11-06 21:00:00,1.9706832
4556,2013-11-06 21:00:00,1.9106454
4556,2013-11-06 21:00:00,0.9853416
4556,2013-11-06 21:00:00,953.97327
4556,2013-11-06 21:00:00,0.92811084
4556,2013-11-06 21:00:00,0.92530376
4556,2013-11-06 21:00:00,0.002807078
4556,2013-11-06 21:10:00,0.92530376
4556,2013-11-06 21:10:00,1117.2065
4556,2013-11-06 21:10:00,2.895987
4556,2013-11-06 21:10:00,1.9706832
4556,2013-11-06 21:10:00,0.92530376
4556,2013-11-06 21:10:00,1.9106454
4556,2013-11-06 21:20:00,2.8359492
4556,2013-11-06 21:20:00,998.11945
4556,2013-11-06 21:20:00,2.7396166
4556,2013-11-06 21:20:00,0.92530376
4556,2013-11-06 21:20:00,0.92530376
4556,2013-11-06 21:20:00,0.002807078
4556,2013-11-06 21:20:00,1.9106454
4556,2013-11-06 21:30:00,0.92530376
4556,2013-11-06 21:30:00,1.9106454
4556,2013-11-06 21:30:00,1092.8016
4556,2013-11-06 21:30:00,2.956025
4556,2013-11-06 21:30:00,0.9853416
4556,2013-11-06 21:30:00,1.9106454
4556,2013-11-06 21:30:00,0.9853416
4556,2013-11-06 21:40:00,2.895987
4556,2013-11-06 21:40:00,1120.2487
4556,2013-11-06 21:40:00,0.92530376
4556,2013-11-06 21:40:00,0.92530376
4556,2013-11-06 21:50:00,0.002807078
4556,2013-11-06 21:50:00,0.9853416
4556,2013-11-06 21:50:00,0.92530376
4556,2013-11-06 21:50:00,966.0343
4556,2013-11-06 21:50:00,0.92530376
4556,2013-11-06 21:50:00,0.9853416
4556,2013-11-06 22:00:00,0.92811084
4556,2013-11-06 22:00:00,3.6020753
4556,2013-11-06 22:00:00,1.9106454
4556,2013-11-06 22:00:00,0.002807078
4556,2013-11-06 22:00:00,931.30273
4556,2013-11-06 22:00:00,2.8024614
4556,2013-11-06 22:10:00,0.002807078
4556,2013-11-06 22:10:00,886.35724
4556,2013-11-06 22:10:00,3.766867
4556,2013-11-06 22:10:00,0.002807078
4556,2013-11-06 22:10:00,0.82616407
4556,2013-11-06 22:20:00,0.002807078
4556,2013-11-06 22:20:00,2.895987
4556,2013-11-06 22:20:00,751.6386
4556,2013-11-06 22:20:00,0.99376285
4556,2013-11-06 22:20:00,0.92530376
4556,2013-11-06 22:20:00,0.92530376
4556,2013-11-06 22:30:00,0.002807078
4556,2013-11-06 22:30:00,0.92811084
4556,2013-11-06 22:30:00,924.3813
4556,2013-11-06 22:30:00,0.005614156
4556,2013-11-06 22:30:00,0.9853416
4556,2013-11-06 22:40:00,0.002807078
4556,2013-11-06 22:40:00,682.8207
4556,2013-11-06 22:40:00,0.99095577
4556,2013-11-06 22:40:00,0.92530376
4556,2013-11-06 22:50:00,1.9106454
4556,2013-11-06 22:50:00,818.1484
4556,2013-11-06 22:50:00,0.005614156
4556,2013-11-06 22:50:00,0.002807078
4556,2013-11-06 22:50:00,0.92530376
4556,2013-11-06 23:00:00,0.9853416
4556,2013-11-06 23:00:00,671.9769
4556,2013-11-06 23:00:00,1.7542748
4556,2013-11-06 23:10:00,1.9106454
4556,2013-11-06 23:10:00,598.9899
4556,2013-11-06 23:10:00,0.933725
4556,2013-11-06 23:10:00,0.9853416
4556,2013-11-06 23:10:00,0.92530376
4556,2013-11-06 23:20:00,699.85645
4556,2013-11-06 23:20:00,0.8317782
4556,2013-11-06 23:30:00,599.11206
4556,2013-11-06 23:30:00,1.9819115
4556,2013-11-06 23:30:00,0.9853416
4556,2013-11-06 23:40:00,570.6937
4556,2013-11-06 23:40:00,0.01403539
4556,2013-11-06 23:50:00,569.3708
4556,2013-11-06 23:50:00,0.99656993
4556,2013-11-06 23:50:00,0.002807078
4556,2013-11-07 00:00:00,498.28082
4556,2013-11-07 00:10:00,466.60538
4556,2013-11-07 00:10:00,0.9853416
4556,2013-11-07 00:20:00,446.46143
4556,2013-11-07 00:30:00,485.64343
4556,2013-11-07 00:40:00,401.69595
4556,2013-11-07 00:50:00,376.5749
4556,2013-11-07 00:50:00,0.92530376
4556,2013-11-07 01:00:00,397.40005
4556,2013-11-07 01:10:00,354.99643
4556,2013-11-07 01:20:00,349.8954
4556,2013-11-07 01:30:00,372.2871
4556,2013-11-07 01:40:00,353.0065
4556,2013-11-07 01:50:00,344.5306
4556,2013-11-07 02:00:00,350.15085
4556,2013-11-07 02:10:00,349.48907
4556,2013-11-07 02:20:00,300.9278
4556,2013-11-07 02:30:00,319.8212
4556,2013-11-07 02:40:00,293.0078
4556,2013-11-07 02:50:00,266.8833
4556,2013-11-07 03:00:00,291.4505
4556,2013-11-07 03:10:00,265.95895
4556,2013-11-07 03:20:00,262.52856
4556,2013-11-07 03:30:00,256.88193
4556,2013-11-07 03:40:00,250.42014
4556,2013-11-07 03:40:00,0.92530376
4556,2013-11-07 03:50:00,272.41513
4556,2013-11-07 04:00:00,267.2877
4556,2013-11-07 04:10:00,273.0346
4556,2013-11-07 04:10:00,0.92530376
4556,2013-11-07 04:20:00,289.76974
4556,2013-11-07 04:30:00,319.7303
4556,2013-11-07 04:40:00,259.06863
4556,2013-11-07 04:40:00,1.9106454
4556,2013-11-07 04:50:00,284.7136
4556,2013-11-07 05:00:00,279.42136
4556,2013-11-07 05:10:00,281.68213
4556,2013-11-07 05:10:00,0.9853416
4556,2013-11-07 05:20:00,0.002807078
4556,2013-11-07 05:20:00,298.2078
4556,2013-11-07 05:30:00,311.4095
4556,2013-11-07 05:40:00,315.08582
4556,2013-11-07 05:50:00,314.0958
4556,2013-11-07 06:00:00,316.95032
4556,2013-11-07 06:10:00,0.92530376
4556,2013-11-07 06:10:00,311.43454
4556,2013-11-07 06:20:00,361.59363
4556,2013-11-07 06:30:00,467.46204
4556,2013-11-07 06:40:00,439.10638
4556,2013-11-07 06:40:00,0.92530376
4556,2013-11-07 06:50:00,452.0509
4556,2013-11-07 07:00:00,541.676
4556,2013-11-07 07:00:00,0.92530376
4556,2013-11-07 07:10:00,1.8506075
4556,2013-11-07 07:10:00,836.05786
4556,2013-11-07 07:10:00,0.9853416
4556,2013-11-07 07:10:00,0.92530376
4556,2013-11-07 07:10:00,2.8359492
4556,2013-11-07 07:10:00,0.002807078
4556,2013-11-07 07:20:00,2.8359492
4556,2013-11-07 07:20:00,1.9106454
4556,2013-11-07 07:20:00,603.0656
4556,2013-11-07 07:20:00,1.9106454
4556,2013-11-07 07:20:00,1.9106454
4556,2013-11-07 07:30:00,595.52844
4556,2013-11-07 07:30:00,2.7368095
4556,2013-11-07 07:40:00,4.6474547
4556,2013-11-07 07:40:00,696.67255
4556,2013-11-07 07:40:00,0.92530376
4556,2013-11-07 07:50:00,0.92530376
4556,2013-11-07 07:50:00,519.48773
4556,2013-11-07 07:50:00,1.9106454
4556,2013-11-07 08:00:00,610.2682
4556,2013-11-07 08:00:00,0.9881487
4556,2013-11-07 08:00:00,0.92530376
4556,2013-11-07 08:00:00,9.493189
4556,2013-11-07 08:10:00,3.4638338
4556,2013-11-07 08:10:00,531.7721
4556,2013-11-07 08:10:00,0.9853416
4556,2013-11-07 08:10:00,0.92530376
4556,2013-11-07 08:20:00,1.9106454
4556,2013-11-07 08:20:00,458.2168
4556,2013-11-07 08:20:00,4.8066325
4556,2013-11-07 08:30:00,513.0243
4556,2013-11-07 08:30:00,3.6230114
4556,2013-11-07 08:30:00,3.6621132
4556,2013-11-07 08:30:00,0.92530376
4556,2013-11-07 08:40:00,0.002807078
4556,2013-11-07 08:40:00,0.002807078
4556,2013-11-07 08:40:00,470.1382
4556,2013-11-07 08:40:00,5.914857
4556,2013-11-07 08:40:00,1.9106454
4556,2013-11-07 08:40:00,0.9853416
4556,2013-11-07 08:50:00,0.92530376
4556,2013-11-07 08:50:00,0.82616407
4556,2013-11-07 08:50:00,662.6169
4556,2013-11-07 08:50:00,9.859031
4556,2013-11-07 09:00:00,0.9853416
4556,2013-11-07 09:00:00,523.2829
4556,2013-11-07 09:00:00,6.9058127
4556,2013-11-07 09:10:00,2.7759113
4556,2013-11-07 09:10:00,503.73935
4556,2013-11-07 09:10:00,0.002807078
4556,2013-11-07 09:10:00,1.9762974
4556,2013-11-07 09:20:00,1.9106454
4556,2013-11-07 09:20:00,497.08276
4556,2013-11-07 09:20:00,0.01403539
4556,2013-11-07 09:30:00,1.7514678
4556,2013-11-07 09:30:00,466.92593
4556,2013-11-07 09:30:00,0.002807078
4556,2013-11-07 09:40:00,0.002807078
4556,2013-11-07 09:40:00,591.4341
4556,2013-11-07 09:40:00,5.926085
4556,2013-11-07 09:50:00,534.746
4556,2013-11-07 09:50:00,8.873689
4556,2013-11-07 10:00:00,491.92538
4556,2013-11-07 10:00:00,1.9734904
4556,2013-11-07 10:10:00,0.002807078
4556,2013-11-07 10:10:00,455.85315
4556,2013-11-07 10:20:00,633.9013
4556,2013-11-07 10:20:00,0.005614156
4556,2013-11-07 10:30:00,497.88965
4556,2013-11-07 10:30:00,0.9853416
4556,2013-11-07 10:30:00,2.964446
4556,2013-11-07 10:40:00,670.6771
4556,2013-11-07 10:40:00,4.926708
4556,2013-11-07 10:50:00,605.8635
4556,2013-11-07 10:50:00,0.005614156
4556,2013-11-07 11:00:00,653.91797
4556,2013-11-07 11:00:00,0.92530376
4556,2013-11-07 11:10:00,762.34796
4556,2013-11-07 11:10:00,0.002807078
4556,2013-11-07 11:10:00,1.9706832
4556,2013-11-07 11:20:00,1.8506075
4556,2013-11-07 11:20:00,0.92530376
4556,2013-11-07 11:20:00,1.8506075
4556,2013-11-07 11:20:00,592.37695
4556,2013-11-07 11:20:00,5.91205
4556,2013-11-07 11:20:00,2.895987
4556,2013-11-07 11:30:00,1.8506075
4556,2013-11-07 11:30:00,581.4106
4556,2013-11-07 11:30:00,0.9853416
4556,2013-11-07 11:30:00,3.8212907
4556,2013-11-07 11:40:00,3.701215
4556,2013-11-07 11:40:00,610.4128
4556,2013-11-07 11:40:00,15.125985
4556,2013-11-07 11:50:00,588.9016
4556,2013-11-07 11:50:00,1.8171198
4556,2013-11-07 11:50:00,2.895987
4556,2013-11-07 12:00:00,2.895987
4556,2013-11-07 12:00:00,610.1368
4556,2013-11-07 12:00:00,0.92530376
4556,2013-11-07 12:00:00,0.005614156
4556,2013-11-07 12:00:00,0.9853416
4556,2013-11-07 12:00:00,3.9413664
4556,2013-11-07 12:10:00,1.9106454
4556,2013-11-07 12:10:00,648.5696
4556,2013-11-07 12:10:00,0.9853416
4556,2013-11-07 12:10:00,1.9106454
4556,2013-11-07 12:20:00,0.9853416
4556,2013-11-07 12:20:00,0.82616407
4556,2013-11-07 12:20:00,804.3032
4556,2013-11-07 12:20:00,12.209063
4556,2013-11-07 12:30:00,795.3109
4556,2013-11-07 12:30:00,18.947277
4556,2013-11-07 12:40:00,700.07117
4556,2013-11-07 12:40:00,0.92530376
4556,2013-11-07 12:40:00,15.285163
4556,2013-11-07 12:50:00,0.92530376
4556,2013-11-07 12:50:00,791.58844
4556,2013-11-07 12:50:00,0.9853416
4556,2013-11-07 12:50:00,0.002807078
4556,2013-11-07 12:50:00,15.285163
4556,2013-11-07 13:00:00,0.002807078
4556,2013-11-07 13:00:00,0.82616407
4556,2013-11-07 13:00:00,744.9304
4556,2013-11-07 13:00:00,11.463872
4556,2013-11-07 13:10:00,0.82616407
4556,2013-11-07 13:10:00,690.1832
4556,2013-11-07 13:10:00,5.731936
4556,2013-11-07 13:10:00,1.8506075
4556,2013-11-07 13:20:00,680.9705
4556,2013-11-07 13:20:00,0.008421234
4556,2013-11-07 13:20:00,1.9106454
4556,2013-11-07 13:20:00,1.7514678
4556,2013-11-07 13:30:00,705.57355
4556,2013-11-07 13:30:00,0.005614156
4556,2013-11-07 13:30:00,0.002807078
4556,2013-11-07 13:30:00,0.9853416
4556,2013-11-07 13:30:00,3.6621132
4556,2013-11-07 13:40:00,591.23987
4556,2013-11-07 13:40:00,0.9853416
4556,2013-11-07 13:40:00,0.9853416
4556,2013-11-07 13:40:00,0.92530376
4556,2013-11-07 13:40:00,9.39405
4556,2013-11-07 13:50:00,618.3172
4556,2013-11-07 13:50:00,9.39405
4556,2013-11-07 14:00:00,540.5853
4556,2013-11-07 14:00:00,0.82616407
4556,2013-11-07 14:00:00,0.92530376
4556,2013-11-07 14:00:00,1.9106454
4556,2013-11-07 14:10:00,563.4376
4556,2013-11-07 14:10:00,0.92530376
4556,2013-11-07 14:10:00,2.8359492
4556,2013-11-07 14:20:00,582.0729
4556,2013-11-07 14:20:00,1.8506075
4556,2013-11-07 14:20:00,0.9853416
4556,2013-11-07 14:30:00,585.6692
4556,2013-11-07 14:30:00,0.82616407
4556,2013-11-07 14:30:00,0.92530376
4556,2013-11-07 14:40:00,525.71747
4556,2013-11-07 14:40:00,3.7612529
4556,2013-11-07 14:50:00,578.59656
4556,2013-11-07 14:50:00,0.92530376
4556,2013-11-07 14:50:00,0.9853416
4556,2013-11-07 14:50:00,0.9853416
4556,2013-11-07 14:50:00,3.8212907
4556,2013-11-07 15:00:00,534.37933
4556,2013-11-07 15:00:00,0.92530376
4556,2013-11-07 15:10:00,0.002807078
4556,2013-11-07 15:10:00,1.8506075
4556,2013-11-07 15:10:00,539.0706
4556,2013-11-07 15:20:00,0.92530376
4556,2013-11-07 15:20:00,577.4843
4556,2013-11-07 15:20:00,0.9853416
4556,2013-11-07 15:30:00,552.46436
4556,2013-11-07 15:30:00,0.82616407
4556,2013-11-07 15:30:00,0.9853416
4556,2013-11-07 15:40:00,567.0958
4556,2013-11-07 15:50:00,604.5916
4556,2013-11-07 15:50:00,0.92530376
4556,2013-11-07 16:00:00,0.9853416
4556,2013-11-07 16:00:00,544.79596
4556,2013-11-07 16:00:00,0.92530376
4556,2013-11-07 16:00:00,0.9853416
4556,2013-11-07 16:00:00,3.8212907
4556,2013-11-07 16:10:00,0.002807078
4556,2013-11-07 16:10:00,0.002807078
4556,2013-11-07 16:10:00,0.92530376
4556,2013-11-07 16:10:00,532.28296
4556,2013-11-07 16:10:00,0.002807078
4556,2013-11-07 16:20:00,519.7991
4556,2013-11-07 16:30:00,0.005614156
4556,2013-11-07 16:30:00,1.9706832
4556,2013-11-07 16:30:00,576.86523
4556,2013-11-07 16:30:00,0.9853416
4556,2013-11-07 16:30:00,0.92530376
4556,2013-11-07 16:30:00,1.8506075
4556,2013-11-07 16:40:00,648.04987
4556,2013-11-07 16:50:00,615.1526
4556,2013-11-07 17:00:00,621.0035
4556,2013-11-07 17:00:00,0.9853416
4556,2013-11-07 17:00:00,0.92530376
4556,2013-11-07 17:10:00,583.8569
4556,2013-11-07 17:20:00,624.0414
4556,2013-11-07 17:20:00,1.9106454
4556,2013-11-07 17:30:00,0.002807078
4556,2013-11-07 17:30:00,647.03467
4556,2013-11-07 17:40:00,660.34064
4556,2013-11-07 17:40:00,0.9853416
4556,2013-11-07 17:50:00,654.70056
4556,2013-11-07 17:50:00,0.92530376
4556,2013-11-07 17:50:00,0.002807078
4556,2013-11-07 18:00:00,830.9864
4556,2013-11-07 18:00:00,0.9853416
4556,2013-11-07 18:00:00,0.82616407
4556,2013-11-07 18:10:00,0.002807078
4556,2013-11-07 18:10:00,948.3445
4556,2013-11-07 18:10:00,0.9853416
4556,2013-11-07 18:20:00,785.4911
4556,2013-11-07 18:20:00,1.9106454
4556,2013-11-07 18:20:00,0.9853416
4556,2013-11-07 18:30:00,0.92530376
4556,2013-11-07 18:30:00,0.005614156
4556,2013-11-07 18:30:00,868.9782
4556,2013-11-07 18:30:00,0.9853416
4556,2013-11-07 18:30:00,0.9853416
4556,2013-11-07 18:40:00,0.92530376
4556,2013-11-07 18:40:00,0.9853416
4556,2013-11-07 18:40:00,881.3352
4556,2013-11-07 18:40:00,0.9853416
4556,2013-11-07 18:40:00,3.8212907
4556,2013-11-07 18:50:00,0.9853416
4556,2013-11-07 18:50:00,728.7016
4556,2013-11-07 18:50:00,2.895987
4556,2013-11-07 19:00:00,0.9853416
4556,2013-11-07 19:00:00,0.92530376
4556,2013-11-07 19:00:00,0.92530376
4556,2013-11-07 19:00:00,828.71564
4556,2013-11-07 19:00:00,0.9853416
4556,2013-11-07 19:00:00,2.8359492
4556,2013-11-07 19:10:00,0.92530376
4556,2013-11-07 19:10:00,0.002807078
4556,2013-11-07 19:10:00,775.2309
4556,2013-11-07 19:10:00,2.8359492
4556,2013-11-07 19:10:00,1.9106454
4556,2013-11-07 19:20:00,0.002807078
4556,2013-11-07 19:20:00,0.9853416
4556,2013-11-07 19:20:00,804.88434
4556,2013-11-07 19:20:00,1.9706832
4556,2013-11-07 19:20:00,0.92530376
4556,2013-11-07 19:30:00,912.1937
4556,2013-11-07 19:30:00,0.9853416
4556,2013-11-07 19:30:00,0.002807078
4556,2013-11-07 19:30:00,0.002807078
4556,2013-11-07 19:30:00,1.9106454
4556,2013-11-07 19:40:00,1.9106454
4556,2013-11-07 19:40:00,1.9106454
4556,2013-11-07 19:40:00,0.002807078
4556,2013-11-07 19:40:00,863.7015
4556,2013-11-07 19:40:00,1.9106454
4556,2013-11-07 19:40:00,2.8359492
4556,2013-11-07 19:50:00,0.9881487
4556,2013-11-07 19:50:00,871.9924
4556,2013-11-07 19:50:00,1.7542748
4556,2013-11-07 20:00:00,0.9853416
4556,2013-11-07 20:00:00,0.9853416
4556,2013-11-07 20:00:00,876.9441
4556,2013-11-07 20:00:00,1.9706832
4556,2013-11-07 20:00:00,0.92530376
4556,2013-11-07 20:00:00,0.002807078
4556,2013-11-07 20:10:00,0.82616407
4556,2013-11-07 20:10:00,1.9134525
4556,2013-11-07 20:10:00,0.9853416
4556,2013-11-07 20:10:00,0.002807078
4556,2013-11-07 20:10:00,950.3633
4556,2013-11-07 20:10:00,0.002807078
4556,2013-11-07 20:10:00,0.002807078
4556,2013-11-07 20:10:00,0.9881487
4556,2013-11-07 20:10:00,0.9853416
4556,2013-11-07 20:10:00,0.9853416
4556,2013-11-07 20:20:00,2.7368095
4556,2013-11-07 20:20:00,855.0725
4556,2013-11-07 20:20:00,0.92530376
4556,2013-11-07 20:30:00,5.413581
4556,2013-11-07 20:30:00,1059.9718
4556,2013-11-07 20:30:00,0.92530376
4556,2013-11-07 20:30:00,1.8506075
4556,2013-11-07 20:30:00,0.92530376
4556,2013-11-07 20:30:00,1.9106454
4556,2013-11-07 20:40:00,0.9853416
4556,2013-11-07 20:40:00,1.9106454
4556,2013-11-07 20:40:00,0.002807078
4556,2013-11-07 20:40:00,860.47345
4556,2013-11-07 20:40:00,0.92530376
4556,2013-11-07 20:40:00,1.9106454
4556,2013-11-07 20:50:00,9.396856
4556,2013-11-07 20:50:00,945.5758
4556,2013-11-07 21:00:00,0.9853416
4556,2013-11-07 21:00:00,0.92811084
4556,2013-11-07 21:00:00,0.002807078
4556,2013-11-07 21:00:00,0.005614156
4556,2013-11-07 21:00:00,1032.751
4556,2013-11-07 21:00:00,3.769674
4556,2013-11-07 21:10:00,3.6621132
4556,2013-11-07 21:10:00,0.92530376
4556,2013-11-07 21:10:00,1024.6775
4556,2013-11-07 21:10:00,0.92530376
4556,2013-11-07 21:20:00,1.8506075
4556,2013-11-07 21:20:00,1046.176
4556,2013-11-07 21:20:00,0.92530376
4556,2013-11-07 21:20:00,0.9853416
4556,2013-11-07 21:30:00,0.9881487
4556,2013-11-07 21:30:00,1019.2601
4556,2013-11-07 21:30:00,1.9106454
4556,2013-11-07 21:30:00,0.9853416
4556,2013-11-07 21:30:00,1.8506075
4556,2013-11-07 21:40:00,0.9853416
4556,2013-11-07 21:40:00,1.9106454
4556,2013-11-07 21:40:00,2.9044082
4556,2013-11-07 21:40:00,1018.29486
4556,2013-11-07 21:40:00,0.92530376
4556,2013-11-07 21:50:00,0.9853416
4556,2013-11-07 21:50:00,1065.7914
4556,2013-11-07 21:50:00,11.103645
4556,2013-11-07 22:00:00,1.9106454
4556,2013-11-07 22:00:00,2.895987
4556,2013-11-07 22:00:00,864.77094
4556,2013-11-07 22:00:00,0.92530376
4556,2013-11-07 22:00:00,5.5518227
4556,2013-11-07 22:10:00,0.99656993
4556,2013-11-07 22:10:00,862.1552
4556,2013-11-07 22:10:00,0.92530376
4556,2013-11-07 22:10:00,2.895987
4556,2013-11-07 22:10:00,0.92530376
4556,2013-11-07 22:20:00,0.002807078
4556,2013-11-07 22:20:00,2.8987942
4556,2013-11-07 22:20:00,1.9106454
4556,2013-11-07 22:20:00,1082.2144
4556,2013-11-07 22:20:00,0.82616407
4556,2013-11-07 22:20:00,0.92530376
4556,2013-11-07 22:30:00,0.9881487
4556,2013-11-07 22:30:00,835.90753
4556,2013-11-07 22:30:00,0.9853416
4556,2013-11-07 22:30:00,1.8506075
4556,2013-11-07 22:40:00,0.9853416
4556,2013-11-07 22:40:00,801.4647
4556,2013-11-07 22:40:00,0.92530376
4556,2013-11-07 22:40:00,1.8506075
4556,2013-11-07 22:50:00,0.002807078
4556,2013-11-07 22:50:00,878.03516
4556,2013-11-07 22:50:00,0.92530376
4556,2013-11-07 22:50:00,0.92530376
4556,2013-11-07 22:50:00,2.7759113
4556,2013-11-07 23:00:00,0.92530376
4556,2013-11-07 23:00:00,0.933725
4556,2013-11-07 23:00:00,747.2211
4556,2013-11-07 23:00:00,2.8359492
4556,2013-11-07 23:00:00,0.92530376
4556,2013-11-07 23:10:00,805.8357
4556,2013-11-07 23:10:00,0.92530376
4556,2013-11-07 23:10:00,0.92530376
4556,2013-11-07 23:20:00,3.8841357
4556,2013-11-07 23:20:00,802.133
4556,2013-11-07 23:20:00,1.8506075
4556,2013-11-07 23:30:00,0.92811084
4556,2013-11-07 23:30:00,762.1339
4556,2013-11-07 23:30:00,2.8359492
4556,2013-11-07 23:40:00,0.92811084
4556,2013-11-07 23:40:00,762.64484
4556,2013-11-07 23:40:00,8.327734
4556,2013-11-07 23:40:00,0.92530376
4556,2013-11-07 23:50:00,7.423366
4556,2013-11-07 23:50:00,0.002807078
4556,2013-11-07 23:50:00,584.5614
4556,2013-11-08 00:00:00,0.9853416
4556,2013-11-08 00:00:00,0.9881487
4556,2013-11-08 00:00:00,535.97675
4556,2013-11-08 00:00:00,1.8506075
4556,2013-11-08 00:10:00,473.24258
4556,2013-11-08 00:20:00,1.9106454
4556,2013-11-08 00:20:00,1.9162595
4556,2013-11-08 00:20:00,469.69232
4556,2013-11-08 00:30:00,0.002807078
4556,2013-11-08 00:30:00,472.22025
4556,2013-11-08 00:40:00,484.46652
4556,2013-11-08 00:50:00,2.8387563
4556,2013-11-08 00:50:00,597.3764
4556,2013-11-08 00:50:00,0.92530376
4556,2013-11-08 01:00:00,0.002807078
4556,2013-11-08 01:00:00,374.76828
4556,2013-11-08 01:10:00,381.4268
4556,2013-11-08 01:20:00,370.58542
4556,2013-11-08 01:20:00,0.92530376
4556,2013-11-08 01:30:00,444.26614
4556,2013-11-08 01:40:00,337.42374
4556,2013-11-08 01:50:00,358.39072
4556,2013-11-08 01:50:00,0.92530376
4556,2013-11-08 02:00:00,319.08807
4556,2013-11-08 02:00:00,7.582544
4556,2013-11-08 02:10:00,328.14877
4556,2013-11-08 02:10:00,1.9106454
4556,2013-11-08 02:20:00,297.76566
4556,2013-11-08 02:20:00,3.7612529
4556,2013-11-08 02:30:00,306.0919
4556,2013-11-08 02:30:00,0.9853416
4556,2013-11-08 02:40:00,274.24606
4556,2013-11-08 02:40:00,1.9106454
4556,2013-11-08 02:40:00,1.9106454
4556,2013-11-08 02:50:00,274.5255
4556,2013-11-08 02:50:00,1.8506075
4556,2013-11-08 03:00:00,285.9836
4556,2013-11-08 03:00:00,3.7612529
4556,2013-11-08 03:10:00,246.41159
4556,2013-11-08 03:10:00,3.701215
4556,2013-11-08 03:20:00,251.26726
4556,2013-11-08 03:30:00,263.55844
4556,2013-11-08 03:30:00,0.92530376
4556,2013-11-08 03:40:00,269.85693
4556,2013-11-08 03:50:00,256.58997
4556,2013-11-08 04:00:00,241.30196
4556,2013-11-08 04:10:00,271.59735
4556,2013-11-08 04:20:00,273.95895
4556,2013-11-08 04:20:00,2.7759113
4556,2013-11-08 04:30:00,262.3441
4556,2013-11-08 04:30:00,0.92530376
4556,2013-11-08 04:40:00,272.2744
4556,2013-11-08 04:50:00,258.00775
4556,2013-11-08 05:00:00,264.9805
4556,2013-11-08 05:10:00,266.10687
4556,2013-11-08 05:10:00,0.9853416
4556,2013-11-08 05:20:00,302.90256
4556,2013-11-08 05:20:00,1.9106454
4556,2013-11-08 05:30:00,0.002807078
4556,2013-11-08 05:30:00,344.32953
4556,2013-11-08 05:30:00,0.92530376
4556,2013-11-08 05:40:00,280.83124
4556,2013-11-08 05:50:00,283.07376
4556,2013-11-08 06:00:00,339.71686
4556,2013-11-08 06:00:00,2.7759113
4556,2013-11-08 06:10:00,295.94568
4556,2013-11-08 06:10:00,1.9106454
4556,2013-11-08 06:10:00,1.9106454
4556,2013-11-08 06:10:00,0.9853416
4556,2013-11-08 06:20:00,375.16208
4556,2013-11-08 06:20:00,1.8506075
4556,2013-11-08 06:20:00,0.92530376
4556,2013-11-08 06:30:00,426.45187
4556,2013-11-08 06:30:00,0.9853416
4556,2013-11-08 06:40:00,418.27353
4556,2013-11-08 06:40:00,0.9853416
4556,2013-11-08 06:50:00,595.1691
4556,2013-11-08 07:00:00,0.82616407
4556,2013-11-08 07:00:00,545.61975
4556,2013-11-08 07:00:00,0.82616407
4556,2013-11-08 07:00:00,0.9853416
4556,2013-11-08 07:10:00,1.6523281
4556,2013-11-08 07:10:00,538.37054
4556,2013-11-08 07:20:00,0.82616407
4556,2013-11-08 07:20:00,710.1213
4556,2013-11-08 07:20:00,1.8506075
4556,2013-11-08 07:30:00,623.4644
4556,2013-11-08 07:40:00,666.8611
4556,2013-11-08 07:40:00,0.92530376
4556,2013-11-08 07:50:00,564.426
4556,2013-11-08 07:50:00,0.92530376
4556,2013-11-08 07:50:00,1.9106454
4556,2013-11-08 08:00:00,0.92530376
4556,2013-11-08 08:00:00,537.8469
4556,2013-11-08 08:10:00,631.8579
4556,2013-11-08 08:20:00,617.4454
4556,2013-11-08 08:20:00,2.895987
4556,2013-11-08 08:30:00,552.1291
4556,2013-11-08 08:30:00,0.9853416
4556,2013-11-08 08:30:00,3.8212907
4556,2013-11-08 08:30:00,5.731936
4556,2013-11-08 08:40:00,0.002807078
4556,2013-11-08 08:40:00,541.14996
4556,2013-11-08 08:40:00,0.92530376
4556,2013-11-08 08:50:00,0.9853416
4556,2013-11-08 08:50:00,666.82996
4556,2013-11-08 09:00:00,596.04736
4556,2013-11-08 09:10:00,0.9853416
4556,2013-11-08 09:10:00,574.926
4556,2013-11-08 09:20:00,520.52985
4556,2013-11-08 09:30:00,603.5252
4556,2013-11-08 09:40:00,447.64124
4556,2013-11-08 09:40:00,0.9309179
4556,2013-11-08 09:50:00,657.8
4556,2013-11-08 09:50:00,0.92530376
4556,2013-11-08 10:00:00,649.46204
4556,2013-11-08 10:00:00,1.9706832
4556,2013-11-08 10:00:00,0.9853416
4556,2013-11-08 10:10:00,613.63184
4556,2013-11-08 10:10:00,0.005614156
4556,2013-11-08 10:10:00,0.002807078
4556,2013-11-08 10:10:00,1.9106454
4556,2013-11-08 10:20:00,600.40173
4556,2013-11-08 10:20:00,0.002807078
4556,2013-11-08 10:20:00,1.9106454
4556,2013-11-08 10:30:00,555.27875
4556,2013-11-08 10:30:00,0.002807078
4556,2013-11-08 10:30:00,2.895987
4556,2013-11-08 10:40:00,527.8883
4556,2013-11-08 10:40:00,0.002807078
4556,2013-11-08 10:40:00,1.8506075
4556,2013-11-08 10:40:00,1.9706832
4556,2013-11-08 10:40:00,7.6425815
4556,2013-11-08 10:50:00,561.0518
4556,2013-11-08 10:50:00,1.8506075
4556,2013-11-08 10:50:00,0.9853416
4556,2013-11-08 10:50:00,2.8359492
4556,2013-11-08 11:00:00,0.002807078
4556,2013-11-08 11:00:00,561.72424
4556,2013-11-08 11:00:00,1.7514678
4556,2013-11-08 11:00:00,0.9853416
4556,2013-11-08 11:10:00,604.5975
4556,2013-11-08 11:10:00,0.9853416
4556,2013-11-08 11:10:00,0.92530376
4556,2013-11-08 11:20:00,597.9833
4556,2013-11-08 11:20:00,0.92530376
4556,2013-11-08 11:30:00,0.92530376
4556,2013-11-08 11:30:00,598.54114
4556,2013-11-08 11:30:00,0.9853416
4556,2013-11-08 11:40:00,597.74164
4556,2013-11-08 11:40:00,0.9853416
4556,2013-11-08 11:40:00,0.92530376
4556,2013-11-08 11:40:00,1.9706832
4556,2013-11-08 11:50:00,753.32495
4556,2013-11-08 11:50:00,0.9853416
4556,2013-11-08 12:00:00,650.5045
4556,2013-11-08 12:00:00,0.9853416
4556,2013-11-08 12:00:00,0.9853416
4556,2013-11-08 12:00:00,1.9106454
4556,2013-11-08 12:10:00,576.0931
4556,2013-11-08 12:10:00,0.92530376
4556,2013-11-08 12:20:00,637.54114
4556,2013-11-08 12:20:00,1.9706832
4556,2013-11-08 12:20:00,3.6621132
4556,2013-11-08 12:30:00,0.92530376
4556,2013-11-08 12:30:00,0.002807078
4556,2013-11-08 12:30:00,632.6709
4556,2013-11-08 12:30:00,0.92530376
4556,2013-11-08 12:30:00,0.005614156
4556,2013-11-08 12:30:00,1.8506075
4556,2013-11-08 12:30:00,1.7514678
4556,2013-11-08 12:40:00,0.92530376
4556,2013-11-08 12:40:00,1.7514678
4556,2013-11-08 12:40:00,637.66095
4556,2013-11-08 12:40:00,0.002807078
4556,2013-11-08 12:40:00,0.92530376
4556,2013-11-08 12:50:00,0.002807078
4556,2013-11-08 12:50:00,627.6211
4556,2013-11-08 12:50:00,0.92530376
4556,2013-11-08 12:50:00,0.9853416
4556,2013-11-08 12:50:00,0.005614156
4556,2013-11-08 12:50:00,0.82616407
4556,2013-11-08 12:50:00,0.9853416
4556,2013-11-08 13:00:00,1.8534145
4556,2013-11-08 13:00:00,599.6116
4556,2013-11-08 13:00:00,2.7759113
4556,2013-11-08 13:00:00,0.002807078
4556,2013-11-08 13:10:00,1.9106454
4556,2013-11-08 13:10:00,662.3769
4556,2013-11-08 13:10:00,0.92530376
4556,2013-11-08 13:10:00,0.92530376
4556,2013-11-08 13:10:00,0.002807078
4556,2013-11-08 13:20:00,0.92811084
4556,2013-11-08 13:20:00,573.39197
4556,2013-11-08 13:20:00,0.92530376
4556,2013-11-08 13:30:00,675.15796
4556,2013-11-08 13:30:00,1.8506075
4556,2013-11-08 13:30:00,0.9853416
4556,2013-11-08 13:40:00,0.92530376
4556,2013-11-08 13:40:00,719.4755
4556,2013-11-08 13:40:00,0.92530376
4556,2013-11-08 13:40:00,1.9706832
4556,2013-11-08 13:50:00,0.002807078
4556,2013-11-08 13:50:00,661.76294
4556,2013-11-08 13:50:00,0.9853416
4556,2013-11-08 13:50:00,1.7514678
4556,2013-11-08 13:50:00,0.9853416
4556,2013-11-08 14:00:00,0.002807078
4556,2013-11-08 14:00:00,636.22076
4556,2013-11-08 14:00:00,0.92530376
4556,2013-11-08 14:00:00,0.9853416
4556,2013-11-08 14:00:00,1.7514678
4556,2013-11-08 14:10:00,814.9324
4556,2013-11-08 14:10:00,3.8212907
4556,2013-11-08 14:20:00,1.7514678
4556,2013-11-08 14:20:00,631.21185
4556,2013-11-08 14:20:00,0.9853416
4556,2013-11-08 14:20:00,1.9106454
4556,2013-11-08 14:30:00,634.86237
4556,2013-11-08 14:30:00,0.002807078
4556,2013-11-08 14:40:00,614.4218
4556,2013-11-08 14:50:00,577.0913
4556,2013-11-08 15:00:00,0.002807078
4556,2013-11-08 15:00:00,560.5301
4556,2013-11-08 15:10:00,595.08575
4556,2013-11-08 15:20:00,567.4226
4556,2013-11-08 15:30:00,566.7763
4556,2013-11-08 15:40:00,0.002807078
4556,2013-11-08 15:40:00,585.9082
4556,2013-11-08 15:50:00,600.6548
4556,2013-11-08 16:00:00,0.002807078
4556,2013-11-08 16:00:00,610.1412
4556,2013-11-08 16:00:00,0.92530376
4556,2013-11-08 16:00:00,0.9853416
4556,2013-11-08 16:00:00,0.92530376
4556,2013-11-08 16:10:00,591.07245
4556,2013-11-08 16:20:00,0.002807078
4556,2013-11-08 16:20:00,586.6322
4556,2013-11-08 16:20:00,0.002807078
4556,2013-11-08 16:20:00,1.9706832
4556,2013-11-08 16:20:00,1.8506075
4556,2013-11-08 16:30:00,1.9706832
4556,2013-11-08 16:30:00,0.002807078
4556,2013-11-08 16:30:00,638.9853
4556,2013-11-08 16:30:00,0.9853416
4556,2013-11-08 16:40:00,699.75665
4556,2013-11-08 16:40:00,0.002807078
4556,2013-11-08 16:40:00,0.9853416
4556,2013-11-08 16:50:00,829.22577
4556,2013-11-08 16:50:00,0.92530376
4556,2013-11-08 16:50:00,0.92530376
4556,2013-11-08 17:00:00,0.9853416
4556,2013-11-08 17:00:00,751.6722
4556,2013-11-08 17:00:00,0.92530376
4556,2013-11-08 17:00:00,0.92530376
4556,2013-11-08 17:00:00,0.002807078
4556,2013-11-08 17:00:00,3.8212907
4556,2013-11-08 17:10:00,0.002807078
4556,2013-11-08 17:10:00,707.72363
4556,2013-11-08 17:10:00,0.92530376
4556,2013-11-08 17:20:00,772.82996
4556,2013-11-08 17:20:00,0.82616407
4556,2013-11-08 17:20:00,0.002807078
4556,2013-11-08 17:20:00,2.577632
4556,2013-11-08 17:20:00,2.8359492
4556,2013-11-08 17:30:00,0.9853416
4556,2013-11-08 17:30:00,0.92530376
4556,2013-11-08 17:30:00,817.73773
4556,2013-11-08 17:30:00,1.9106454
4556,2013-11-08 17:30:00,0.9853416
4556,2013-11-08 17:30:00,2.8359492
4556,2013-11-08 17:40:00,739.44824
4556,2013-11-08 17:40:00,1.9706832
4556,2013-11-08 17:50:00,0.9853416
4556,2013-11-08 17:50:00,1.7514678
4556,2013-11-08 17:50:00,604.46594
4556,2013-11-08 17:50:00,0.92530376
4556,2013-11-08 17:50:00,0.92530376
4556,2013-11-08 17:50:00,2.895987
4556,2013-11-08 17:50:00,2.895987
4556,2013-11-08 18:00:00,0.002807078
4556,2013-11-08 18:00:00,0.92530376
4556,2013-11-08 18:00:00,0.002807078
4556,2013-11-08 18:00:00,627.59766
4556,2013-11-08 18:00:00,1.9106454
4556,2013-11-08 18:00:00,0.002807078
4556,2013-11-08 18:00:00,2.8359492
4556,2013-11-08 18:10:00,636.4039
4556,2013-11-08 18:10:00,0.008421234
4556,2013-11-08 18:10:00,0.9853416
4556,2013-11-08 18:10:00,0.9853416
4556,2013-11-08 18:20:00,0.92530376
4556,2013-11-08 18:20:00,0.002807078
4556,2013-11-08 18:20:00,848.8292
4556,2013-11-08 18:20:00,0.92530376
4556,2013-11-08 18:20:00,0.92530376
4556,2013-11-08 18:30:00,837.73047
4556,2013-11-08 18:30:00,2.7759113
4556,2013-11-08 18:30:00,1.9706832
4556,2013-11-08 18:40:00,683.14746
4556,2013-11-08 18:40:00,0.9853416
4556,2013-11-08 18:50:00,0.9309179
4556,2013-11-08 18:50:00,814.715
4556,2013-11-08 18:50:00,0.92530376
4556,2013-11-08 18:50:00,0.002807078
4556,2013-11-08 18:50:00,0.9853416
4556,2013-11-08 19:00:00,0.002807078
4556,2013-11-08 19:00:00,931.6325
4556,2013-11-08 19:00:00,0.002807078
4556,2013-11-08 19:10:00,0.9853416
4556,2013-11-08 19:10:00,760.71796
4556,2013-11-08 19:10:00,0.005614156
4556,2013-11-08 19:20:00,1.8534145
4556,2013-11-08 19:20:00,0.92530376
4556,2013-11-08 19:20:00,915.0449
4556,2013-11-08 19:20:00,1.8506075
4556,2013-11-08 19:20:00,0.92811084
4556,2013-11-08 19:30:00,0.002807078
4556,2013-11-08 19:30:00,0.92530376
4556,2013-11-08 19:30:00,931.2394
4556,2013-11-08 19:30:00,1.9106454
4556,2013-11-08 19:30:00,0.999377
4556,2013-11-08 19:40:00,2.895987
4556,2013-11-08 19:40:00,3.6048825
4556,2013-11-08 19:40:00,886.71826
4556,2013-11-08 19:40:00,2.8359492
4556,2013-11-08 19:40:00,0.9853416
4556,2013-11-08 19:40:00,3.7612529
4556,2013-11-08 19:50:00,0.92530376
4556,2013-11-08 19:50:00,3.7040222
4556,2013-11-08 19:50:00,1087.1196
4556,2013-11-08 19:50:00,4.7465944
4556,2013-11-08 19:50:00,1.8506075
4556,2013-11-08 19:50:00,0.9853416
4556,2013-11-08 19:50:00,0.92530376
4556,2013-11-08 19:50:00,1.8506075
4556,2013-11-08 20:00:00,0.9853416
4556,2013-11-08 20:00:00,1026.2014
4556,2013-11-08 20:00:00,0.92530376
4556,2013-11-08 20:00:00,2.895987
4556,2013-11-08 20:00:00,0.9853416
4556,2013-11-08 20:10:00,0.002807078
4556,2013-11-08 20:10:00,1114.698
4556,2013-11-08 20:10:00,0.9853416
4556,2013-11-08 20:10:00,0.92530376
4556,2013-11-08 20:10:00,1.9706832
4556,2013-11-08 20:10:00,1.8506075
4556,2013-11-08 20:10:00,3.8212907
4556,2013-11-08 20:10:00,0.92530376
4556,2013-11-08 20:20:00,0.92530376
4556,2013-11-08 20:20:00,0.002807078
4556,2013-11-08 20:20:00,1078.5602
4556,2013-11-08 20:20:00,2.8359492
4556,2013-11-08 20:20:00,0.82616407
4556,2013-11-08 20:20:00,0.9853416
4556,2013-11-08 20:30:00,0.82616407
4556,2013-11-08 20:30:00,1.9734904
4556,2013-11-08 20:30:00,1129.9061
4556,2013-11-08 20:30:00,0.92530376
4556,2013-11-08 20:40:00,0.92530376
4556,2013-11-08 20:40:00,0.9853416
4556,2013-11-08 20:40:00,0.002807078
4556,2013-11-08 20:40:00,1230.9752
4556,2013-11-08 20:40:00,2.7368095
4556,2013-11-08 20:40:00,0.002807078
4556,2013-11-08 20:40:00,0.92811084
4556,2013-11-08 20:40:00,0.002807078
4556,2013-11-08 20:40:00,1.9106454
4556,2013-11-08 20:50:00,3.6020753
4556,2013-11-08 20:50:00,0.92530376
4556,2013-11-08 20:50:00,1286.842
4556,2013-11-08 20:50:00,1.8562217
4556,2013-11-08 20:50:00,0.005614156
4556,2013-11-08 21:00:00,6.338885
4556,2013-11-08 21:00:00,0.005614156
4556,2013-11-08 21:00:00,977.37415
4556,2013-11-08 21:00:00,0.82616407
4556,2013-11-08 21:00:00,1.9106454
4556,2013-11-08 21:00:00,0.9853416
4556,2013-11-08 21:00:00,0.9853416
4556,2013-11-08 21:10:00,1.7514678
4556,2013-11-08 21:10:00,1138.2283
4556,2013-11-08 21:10:00,1.7542748
4556,2013-11-08 21:10:00,1.8506075
4556,2013-11-08 21:10:00,2.8359492
4556,2013-11-08 21:10:00,0.92530376
4556,2013-11-08 21:10:00,0.002807078
4556,2013-11-08 21:10:00,2.8359492
4556,2013-11-08 21:20:00,1.6523281
4556,2013-11-08 21:20:00,1.8506075
4556,2013-11-08 21:20:00,1137.394
4556,2013-11-08 21:20:00,0.92530376
4556,2013-11-08 21:20:00,0.002807078
4556,2013-11-08 21:20:00,0.9853416
4556,2013-11-08 21:30:00,0.92530376
4556,2013-11-08 21:30:00,1107.4622
4556,2013-11-08 21:30:00,0.99095577
4556,2013-11-08 21:30:00,1.9106454
4556,2013-11-08 21:40:00,1.7514678
4556,2013-11-08 21:40:00,1088.4758
4556,2013-11-08 21:40:00,0.92530376
4556,2013-11-08 21:40:00,0.002807078
4556,2013-11-08 21:50:00,1214.6877
4556,2013-11-08 21:50:00,0.9853416
4556,2013-11-08 21:50:00,0.002807078
4556,2013-11-08 21:50:00,1.9106454
4556,2013-11-08 22:00:00,0.92530376
4556,2013-11-08 22:00:00,0.9853416
4556,2013-11-08 22:00:00,1150.9072
4556,2013-11-08 22:00:00,2.895987
4556,2013-11-08 22:00:00,0.92530376
4556,2013-11-08 22:10:00,1.7514678
4556,2013-11-08 22:10:00,1.8506075
4556,2013-11-08 22:10:00,1266.3508
4556,2013-11-08 22:10:00,1.9134525
4556,2013-11-08 22:10:00,0.92530376
4556,2013-11-08 22:10:00,0.9853416
4556,2013-11-08 22:20:00,1182.008
4556,2013-11-08 22:20:00,0.002807078
4556,2013-11-08 22:20:00,1.9134525
4556,2013-11-08 22:20:00,1.9106454
4556,2013-11-08 22:30:00,1271.1045
4556,2013-11-08 22:30:00,0.002807078
4556,2013-11-08 22:40:00,2.895987
4556,2013-11-08 22:40:00,0.002807078
4556,2013-11-08 22:40:00,1090.4011
4556,2013-11-08 22:40:00,0.92530376
4556,2013-11-08 22:40:00,0.92811084
4556,2013-11-08 22:50:00,0.92530376
4556,2013-11-08 22:50:00,1115.9379
4556,2013-11-08 22:50:00,0.92530376
4556,2013-11-08 23:00:00,0.92530376
4556,2013-11-08 23:00:00,1.9106454
4556,2013-11-08 23:00:00,1.9106454
4556,2013-11-08 23:00:00,0.002807078
4556,2013-11-08 23:00:00,1177.8397
4556,2013-11-08 23:00:00,0.002807078
4556,2013-11-08 23:00:00,0.9853416
4556,2013-11-08 23:00:00,0.92530376
4556,2013-11-08 23:00:00,0.92530376
4556,2013-11-08 23:10:00,0.9853416
4556,2013-11-08 23:10:00,1159.8615
4556,2013-11-08 23:10:00,0.9853416
4556,2013-11-08 23:20:00,0.005614156
4556,2013-11-08 23:20:00,0.9853416
4556,2013-11-08 23:20:00,0.002807078
4556,2013-11-08 23:20:00,1197.4854
4556,2013-11-08 23:20:00,1.9106454
4556,2013-11-08 23:20:00,8.507848
4556,2013-11-08 23:30:00,0.9853416
4556,2013-11-08 23:30:00,1.9134525
4556,2013-11-08 23:30:00,1057.8339
4556,2013-11-08 23:30:00,1.9106454
4556,2013-11-08 23:40:00,930.3414
4556,2013-11-08 23:40:00,0.9853416
4556,2013-11-08 23:40:00,0.005614156
4556,2013-11-08 23:50:00,0.002807078
4556,2013-11-08 23:50:00,1009.1866
4556,2013-11-08 23:50:00,1.9106454
4556,2013-11-08 23:50:00,1.9106454
4556,2013-11-08 23:50:00,0.002807078
4556,2013-11-09 00:00:00,1.8506075
4556,2013-11-09 00:00:00,0.92530376
4556,2013-11-09 00:00:00,750.6496
4556,2013-11-09 00:00:00,0.002807078
4556,2013-11-09 00:00:00,0.92530376
4556,2013-11-09 00:00:00,2.8359492
4556,2013-11-09 00:00:00,1.9734904
4556,2013-11-09 00:10:00,723.26935
4556,2013-11-09 00:10:00,0.9853416
4556,2013-11-09 00:20:00,723.813
4556,2013-11-09 00:30:00,607.6727
4556,2013-11-09 00:40:00,620.4145
4556,2013-11-09 00:40:00,0.92530376
4556,2013-11-09 00:50:00,578.0189
4556,2013-11-09 00:50:00,0.002807078
4556,2013-11-09 00:50:00,0.9853416
4556,2013-11-09 00:50:00,0.92530376
4556,2013-11-09 00:50:00,0.002807078
4556,2013-11-09 01:00:00,587.2006
4556,2013-11-09 01:10:00,619.0414
4556,2013-11-09 01:20:00,654.39386
4556,2013-11-09 01:30:00,0.92530376
4556,2013-11-09 01:30:00,0.002807078
4556,2013-11-09 01:30:00,595.16705
4556,2013-11-09 01:40:00,1.9106454
4556,2013-11-09 01:40:00,442.60165
4556,2013-11-09 01:50:00,445.0626
4556,2013-11-09 02:00:00,456.1579
4556,2013-11-09 02:00:00,0.92530376
4556,2013-11-09 02:10:00,397.95395
4556,2013-11-09 02:20:00,429.06552
4556,2013-11-09 02:30:00,373.93472
4556,2013-11-09 02:40:00,408.17075
4556,2013-11-09 02:40:00,0.82616407
4556,2013-11-09 02:50:00,389.90262
4556,2013-11-09 03:00:00,424.10388
4556,2013-11-09 03:10:00,309.34943
4556,2013-11-09 03:20:00,307.2261
4556,2013-11-09 03:30:00,284.72855
4556,2013-11-09 03:40:00,305.73294
4556,2013-11-09 03:50:00,267.89465
4556,2013-11-09 04:00:00,265.32095
4556,2013-11-09 04:10:00,265.19656
4556,2013-11-09 04:20:00,259.00018
4556,2013-11-09 04:30:00,238.72437
4556,2013-11-09 04:30:00,0.92530376
4556,2013-11-09 04:40:00,257.9915
4556,2013-11-09 04:50:00,0.002807078
4556,2013-11-09 04:50:00,247.57262
4556,2013-11-09 05:00:00,259.7564
4556,2013-11-09 05:00:00,0.9853416
4556,2013-11-09 05:10:00,2.895987
4556,2013-11-09 05:10:00,242.7007
4556,2013-11-09 05:20:00,252.92224
4556,2013-11-09 05:20:00,1.8506075
4556,2013-11-09 05:30:00,349.56027
4556,2013-11-09 05:40:00,273.61823
4556,2013-11-09 05:50:00,265.6504
4556,2013-11-09 06:00:00,251.30637
4556,2013-11-09 06:00:00,1.8506075
4556,2013-11-09 06:10:00,267.33673
4556,2013-11-09 06:10:00,1.8506075
4556,2013-11-09 06:20:00,279.34344
4556,2013-11-09 06:30:00,260.8039
4556,2013-11-09 06:40:00,317.40634
4556,2013-11-09 06:50:00,288.23346
4556,2013-11-09 07:00:00,354.7346
4556,2013-11-09 07:10:00,359.56744
4556,2013-11-09 07:20:00,354.10034
4556,2013-11-09 07:30:00,327.38
4556,2013-11-09 07:40:00,414.17902
4556,2013-11-09 07:50:00,486.8256
4556,2013-11-09 07:50:00,0.92530376
4556,2013-11-09 08:00:00,432.09402
4556,2013-11-09 08:10:00,0.002807078
4556,2013-11-09 08:10:00,454.01733
4556,2013-11-09 08:20:00,514.0291
4556,2013-11-09 08:20:00,0.9853416
4556,2013-11-09 08:30:00,549.5269
4556,2013-11-09 08:30:00,4.8066325
4556,2013-11-09 08:40:00,715.3733
4556,2013-11-09 08:40:00,0.9853416
4556,2013-11-09 08:40:00,0.9853416
4556,2013-11-09 08:40:00,9.553226
4556,2013-11-09 08:50:00,788.5459
4556,2013-11-09 08:50:00,0.92530376
4556,2013-11-09 09:00:00,0.92530376
4556,2013-11-09 09:00:00,625.0353
4556,2013-11-09 09:00:00,0.92530376
4556,2013-11-09 09:00:00,5.6718984
4556,2013-11-09 09:00:00,0.92530376
4556,2013-11-09 09:10:00,501.23618
4556,2013-11-09 09:10:00,0.002807078
4556,2013-11-09 09:10:00,1.7514678
4556,2013-11-09 09:10:00,0.92530376
4556,2013-11-09 09:10:00,6.7172775
4556,2013-11-09 09:20:00,0.82616407
4556,2013-11-09 09:20:00,580.0527
4556,2013-11-09 09:20:00,6.65724
4556,2013-11-09 09:30:00,0.002807078
4556,2013-11-09 09:30:00,635.33386
4556,2013-11-09 09:30:00,0.002807078
4556,2013-11-09 09:30:00,2.8359492
4556,2013-11-09 09:30:00,0.9881487
4556,2013-11-09 09:30:00,2.8359492
4556,2013-11-09 09:30:00,0.9853416
4556,2013-11-09 09:40:00,0.92530376
4556,2013-11-09 09:40:00,0.82616407
4556,2013-11-09 09:40:00,546.0958
4556,2013-11-09 09:40:00,0.92530376
4556,2013-11-09 09:40:00,0.9853416
4556,2013-11-09 09:40:00,3.8212907
4556,2013-11-09 09:40:00,0.92530376
4556,2013-11-09 09:50:00,552.18774
4556,2013-11-09 09:50:00,1.9106454
4556,2013-11-09 10:00:00,595.70984
4556,2013-11-09 10:00:00,1.9106454
4556,2013-11-09 10:10:00,555.876
4556,2013-11-09 10:10:00,0.92530376
4556,2013-11-09 10:10:00,1.9106454
4556,2013-11-09 10:20:00,0.005614156
4556,2013-11-09 10:20:00,659.0463
4556,2013-11-09 10:20:00,1.8506075
4556,2013-11-09 10:30:00,623.21783
4556,2013-11-09 10:40:00,0.92811084
4556,2013-11-09 10:40:00,569.60565
4556,2013-11-09 10:40:00,2.7759113
4556,2013-11-09 10:50:00,0.92530376
4556,2013-11-09 10:50:00,573.1726
4556,2013-11-09 10:50:00,0.92530376
4556,2013-11-09 10:50:00,1.8506075
4556,2013-11-09 10:50:00,0.9853416
4556,2013-11-09 11:00:00,1.8506075
4556,2013-11-09 11:00:00,581.1554
4556,2013-11-09 11:00:00,0.002807078
4556,2013-11-09 11:10:00,0.9853416
4556,2013-11-09 11:10:00,626.9101
4556,2013-11-09 11:10:00,0.9853416
4556,2013-11-09 11:20:00,581.4672
4556,2013-11-09 11:20:00,0.9881487
4556,2013-11-09 11:30:00,610.4621
4556,2013-11-09 11:30:00,2.7759113
4556,2013-11-09 11:30:00,0.9853416
4556,2013-11-09 11:40:00,632.5605
4556,2013-11-09 11:40:00,0.82616407
4556,2013-11-09 11:50:00,626.2071
4556,2013-11-09 11:50:00,0.92530376
4556,2013-11-09 12:00:00,0.9853416
4556,2013-11-09 12:00:00,2.6767716
4556,2013-11-09 12:00:00,643.88617
4556,2013-11-09 12:00:00,1.8506075
4556,2013-11-09 12:00:00,2.7759113
4556,2013-11-09 12:10:00,3.6621132
4556,2013-11-09 12:10:00,3.8212907
4556,2013-11-09 12:10:00,676.1482
4556,2013-11-09 12:10:00,2.6767716
4556,2013-11-09 12:10:00,1.8506075
4556,2013-11-09 12:20:00,0.92530376
4556,2013-11-09 12:20:00,5.731936
4556,2013-11-09 12:20:00,683.9859
4556,2013-11-09 12:20:00,4.5902243
4556,2013-11-09 12:30:00,0.92811084
4556,2013-11-09 12:30:00,0.9853416
4556,2013-11-09 12:30:00,3.8212907
4556,2013-11-09 12:30:00,791.64996
4556,2013-11-09 12:30:00,4.6265187
4556,2013-11-09 12:30:00,0.002807078
4556,2013-11-09 12:40:00,0.9853416
4556,2013-11-09 12:40:00,802.15845
4556,2013-11-09 12:40:00,0.005614156
4556,2013-11-09 12:40:00,0.9853416
4556,2013-11-09 12:50:00,703.91473
4556,2013-11-09 12:50:00,2.8359492
4556,2013-11-09 12:50:00,0.92530376
4556,2013-11-09 12:50:00,0.92530376
4556,2013-11-09 13:00:00,2.8359492
4556,2013-11-09 13:00:00,1.9106454
4556,2013-11-09 13:00:00,699.6661
4556,2013-11-09 13:00:00,1.9134525
4556,2013-11-09 13:00:00,0.9853416
4556,2013-11-09 13:10:00,0.9853416
4556,2013-11-09 13:10:00,716.2648
4556,2013-11-09 13:10:00,6.5581
4556,2013-11-09 13:10:00,1.8506075
4556,2013-11-09 13:20:00,0.002807078
4556,2013-11-09 13:20:00,0.002807078
4556,2013-11-09 13:20:00,735.4768
4556,2013-11-09 13:20:00,3.7612529
4556,2013-11-09 13:20:00,0.92811084
4556,2013-11-09 13:20:00,0.9853416
4556,2013-11-09 13:30:00,0.005614156
4556,2013-11-09 13:30:00,2.7759113
4556,2013-11-09 13:30:00,817.1107
4556,2013-11-09 13:40:00,2.7759113
4556,2013-11-09 13:40:00,2.895987
4556,2013-11-09 13:40:00,1.9106454
4556,2013-11-09 13:40:00,922.3189
4556,2013-11-09 13:40:00,1.9106454
4556,2013-11-09 13:50:00,1.9106454
4556,2013-11-09 13:50:00,776.7134
4556,2013-11-09 13:50:00,1.8506075
4556,2013-11-09 14:00:00,901.89185
4556,2013-11-09 14:00:00,1.9106454
4556,2013-11-09 14:10:00,0.92530376
4556,2013-11-09 14:10:00,741.81635
4556,2013-11-09 14:10:00,1.8506075
4556,2013-11-09 14:20:00,0.92530376
4556,2013-11-09 14:20:00,907.4848
4556,2013-11-09 14:20:00,0.92530376
4556,2013-11-09 14:20:00,2.7759113
4556,2013-11-09 14:30:00,0.9853416
4556,2013-11-09 14:30:00,873.20215
4556,2013-11-09 14:30:00,1.9106454
4556,2013-11-09 14:30:00,0.92530376
4556,2013-11-09 14:40:00,0.92811084
4556,2013-11-09 14:40:00,925.054
4556,2013-11-09 14:40:00,1.8534145
4556,2013-11-09 14:40:00,0.002807078
4556,2013-11-09 14:50:00,0.92530376
4556,2013-11-09 14:50:00,936.20056
4556,2013-11-09 14:50:00,1.8506075
4556,2013-11-09 14:50:00,0.82616407
4556,2013-11-09 15:00:00,0.9853416
4556,2013-11-09 15:00:00,842.1759
4556,2013-11-09 15:00:00,1.8506075
4556,2013-11-09 15:00:00,0.92530376
4556,2013-11-09 15:10:00,0.002807078
4556,2013-11-09 15:10:00,903.9856
4556,2013-11-09 15:10:00,0.92530376
4556,2013-11-09 15:10:00,1.8562217
4556,2013-11-09 15:20:00,912.01666
4556,2013-11-09 15:20:00,2.7759113
4556,2013-11-09 15:30:00,755.8106
4556,2013-11-09 15:30:00,0.92530376
4556,2013-11-09 15:30:00,1.8506075
4556,2013-11-09 15:30:00,1.9106454
4556,2013-11-09 15:40:00,950.76654
4556,2013-11-09 15:40:00,0.92530376
4556,2013-11-09 15:50:00,0.002807078
4556,2013-11-09 15:50:00,2.8359492
4556,2013-11-09 15:50:00,969.1301
4556,2013-11-09 15:50:00,0.92530376
4556,2013-11-09 15:50:00,0.92530376
4556,2013-11-09 16:00:00,1.9106454
4556,2013-11-09 16:00:00,1.9134525
4556,2013-11-09 16:00:00,758.8774
4556,2013-11-09 16:00:00,1.9106454
4556,2013-11-09 16:10:00,735.1674
4556,2013-11-09 16:20:00,1.9106454
4556,2013-11-09 16:20:00,0.92530376
4556,2013-11-09 16:20:00,930.0734
4556,2013-11-09 16:30:00,0.92530376
4556,2013-11-09 16:30:00,915.3679
4556,2013-11-09 16:30:00,0.82616407
4556,2013-11-09 16:30:00,0.9853416
4556,2013-11-09 16:40:00,1.9106454
4556,2013-11-09 16:40:00,880.1215
4556,2013-11-09 16:50:00,0.92530376
4556,2013-11-09 16:50:00,0.005614156
4556,2013-11-09 16:50:00,774.6142
4556,2013-11-09 17:00:00,0.9853416
4556,2013-11-09 17:00:00,845.2737
4556,2013-11-09 17:00:00,0.92530376
4556,2013-11-09 17:10:00,1.8534145
4556,2013-11-09 17:10:00,1.9106454
4556,2013-11-09 17:10:00,821.0023
4556,2013-11-09 17:10:00,0.92530376
4556,2013-11-09 17:20:00,2.8359492
4556,2013-11-09 17:20:00,1.8534145
4556,2013-11-09 17:20:00,709.1578
4556,2013-11-09 17:20:00,0.002807078
4556,2013-11-09 17:30:00,0.9853416
4556,2013-11-09 17:30:00,739.1242
4556,2013-11-09 17:30:00,1.9106454
4556,2013-11-09 17:30:00,1.7514678
4556,2013-11-09 17:40:00,918.775
4556,2013-11-09 17:40:00,0.005614156
4556,2013-11-09 17:40:00,0.002807078
4556,2013-11-09 17:50:00,0.82616407
4556,2013-11-09 17:50:00,2.8359492
4556,2013-11-09 17:50:00,675.93567
4556,2013-11-09 17:50:00,0.92530376
4556,2013-11-09 17:50:00,3.7040222
4556,2013-11-09 18:00:00,2.7759113
4556,2013-11-09 18:00:00,1.9106454
4556,2013-11-09 18:00:00,683.6594
4556,2013-11-09 18:00:00,0.82616407
4556,2013-11-09 18:10:00,3.8212907
4556,2013-11-09 18:10:00,2.895987
4556,2013-11-09 18:10:00,867.0024
4556,2013-11-09 18:10:00,0.9853416
4556,2013-11-09 18:10:00,0.9853416
4556,2013-11-09 18:10:00,1.7514678
4556,2013-11-09 18:20:00,1.8506075
4556,2013-11-09 18:20:00,2.8359492
4556,2013-11-09 18:20:00,864.9116
4556,2013-11-09 18:20:00,0.92530376
4556,2013-11-09 18:20:00,2.6767716
4556,2013-11-09 18:20:00,2.8359492
4556,2013-11-09 18:30:00,3.403796
4556,2013-11-09 18:30:00,0.9853416
4556,2013-11-09 18:30:00,0.82616407
4556,2013-11-09 18:30:00,904.91046
4556,2013-11-09 18:30:00,1.9106454
4556,2013-11-09 18:30:00,0.9853416
4556,2013-11-09 18:30:00,0.9853416
4556,2013-11-09 18:40:00,0.82616407
4556,2013-11-09 18:40:00,1.9162595
4556,2013-11-09 18:40:00,1015.2462
4556,2013-11-09 18:40:00,0.92530376
4556,2013-11-09 18:40:00,0.9853416
4556,2013-11-09 18:40:00,0.002807078
4556,2013-11-09 18:50:00,0.9853416
4556,2013-11-09 18:50:00,1.7542748
4556,2013-11-09 18:50:00,0.82616407
4556,2013-11-09 18:50:00,1042.0588
4556,2013-11-09 18:50:00,0.92530376
4556,2013-11-09 18:50:00,1.8534145
4556,2013-11-09 18:50:00,0.82616407
4556,2013-11-09 19:00:00,1.8506075
4556,2013-11-09 19:00:00,0.92811084
4556,2013-11-09 19:00:00,0.82616407
4556,2013-11-09 19:00:00,877.0265
4556,2013-11-09 19:00:00,0.002807078
4556,2013-11-09 19:00:00,0.92530376
4556,2013-11-09 19:00:00,0.002807078
4556,2013-11-09 19:10:00,1.8143128
4556,2013-11-09 19:10:00,1195.4559
4556,2013-11-09 19:10:00,1.9706832
4556,2013-11-09 19:10:00,0.92530376
4556,2013-11-09 19:10:00,2.6767716
4556,2013-11-09 19:10:00,0.82897115
4556,2013-11-09 19:20:00,2.7368095
4556,2013-11-09 19:20:00,0.9853416
4556,2013-11-09 19:20:00,1006.7922
4556,2013-11-09 19:20:00,1.9162595
4556,2013-11-09 19:20:00,0.002807078
4556,2013-11-09 19:20:00,0.002807078
4556,2013-11-09 19:20:00,0.9853416
4556,2013-11-09 19:30:00,0.92530376
4556,2013-11-09 19:30:00,2.8359492
4556,2013-11-09 19:30:00,1212.063
4556,2013-11-09 19:30:00,0.92530376
4556,2013-11-09 19:30:00,1.9706832
4556,2013-11-09 19:40:00,0.002807078
4556,2013-11-09 19:40:00,0.002807078
4556,2013-11-09 19:40:00,0.92530376
4556,2013-11-09 19:40:00,1.9106454
4556,2013-11-09 19:40:00,1146.7367
4556,2013-11-09 19:40:00,1.9106454
4556,2013-11-09 19:40:00,0.99095577
4556,2013-11-09 19:40:00,0.9853416
4556,2013-11-09 19:40:00,0.82616407
4556,2013-11-09 19:40:00,0.008421234
4556,2013-11-09 19:50:00,1.8506075
4556,2013-11-09 19:50:00,0.9881487
4556,2013-11-09 19:50:00,1.7514678
4556,2013-11-09 19:50:00,1316.3678
4556,2013-11-09 19:50:00,1.9106454
4556,2013-11-09 19:50:00,1.9106454
4556,2013-11-09 20:00:00,0.002807078
4556,2013-11-09 20:00:00,1.6607493
4556,2013-11-09 20:00:00,0.002807078
4556,2013-11-09 20:00:00,1238.9934
4556,2013-11-09 20:10:00,0.92811084
4556,2013-11-09 20:10:00,0.99095577
4556,2013-11-09 20:10:00,0.9853416
4556,2013-11-09 20:10:00,1.7514678
4556,2013-11-09 20:10:00,0.002807078
4556,2013-11-09 20:10:00,0.002807078
4556,2013-11-09 20:10:00,1407.6793
4556,2013-11-09 20:10:00,4.5902243
4556,2013-11-09 20:10:00,0.9853416
4556,2013-11-09 20:10:00,0.9853416
4556,2013-11-09 20:20:00,0.002807078
4556,2013-11-09 20:20:00,0.002807078
4556,2013-11-09 20:20:00,1217.1232
4556,2013-11-09 20:20:00,0.92530376
4556,2013-11-09 20:20:00,0.005614156
4556,2013-11-09 20:20:00,5.056124
4556,2013-11-09 20:20:00,0.9853416
4556,2013-11-09 20:20:00,0.002807078
4556,2013-11-09 20:20:00,1.9162595
4556,2013-11-09 20:30:00,0.002807078
4556,2013-11-09 20:30:00,1.9218737
4556,2013-11-09 20:30:00,0.92530376
4556,2013-11-09 20:30:00,0.82616407
4556,2013-11-09 20:30:00,1.8506075
4556,2013-11-09 20:30:00,0.005614156
4556,2013-11-09 20:30:00,1414.2406
4556,2013-11-09 20:30:00,5.854819
4556,2013-11-09 20:30:00,0.99095577
4556,2013-11-09 20:30:00,0.005614156
4556,2013-11-09 20:30:00,1.7514678
4556,2013-11-09 20:30:00,0.002807078
4556,2013-11-09 20:40:00,0.005614156
4556,2013-11-09 20:40:00,0.92530376
4556,2013-11-09 20:40:00,1.9106454
4556,2013-11-09 20:40:00,0.9853416
4556,2013-11-09 20:40:00,0.9853416
4556,2013-11-09 20:40:00,1426.4536
4556,2013-11-09 20:40:00,0.002807078
4556,2013-11-09 20:40:00,0.9853416
4556,2013-11-09 20:40:00,2.8359492
4556,2013-11-09 20:40:00,0.002807078
4556,2013-11-09 20:40:00,0.002807078
4556,2013-11-09 20:40:00,0.9881487
4556,2013-11-09 20:50:00,0.92530376
4556,2013-11-09 20:50:00,1.9162595
4556,2013-11-09 20:50:00,1.9106454
4556,2013-11-09 20:50:00,1.9706832
4556,2013-11-09 20:50:00,1408.6062
4556,2013-11-09 20:50:00,1.9706832
4556,2013-11-09 20:50:00,1.9706832
4556,2013-11-09 20:50:00,0.9853416
4556,2013-11-09 21:00:00,0.002807078
4556,2013-11-09 21:00:00,1.8115057
4556,2013-11-09 21:00:00,0.9853416
4556,2013-11-09 21:00:00,0.002807078
4556,2013-11-09 21:00:00,1436.1049
4556,2013-11-09 21:00:00,4.7465944
4556,2013-11-09 21:00:00,1.9706832
4556,2013-11-09 21:00:00,0.002807078
4556,2013-11-09 21:00:00,1.9706832
4556,2013-11-09 21:00:00,0.002807078
4556,2013-11-09 21:00:00,0.9853416
4556,2013-11-09 21:00:00,0.002807078
4556,2013-11-09 21:10:00,0.92530376
4556,2013-11-09 21:10:00,0.9853416
4556,2013-11-09 21:10:00,0.92530376
4556,2013-11-09 21:10:00,0.92530376
4556,2013-11-09 21:10:00,1859.2404
4556,2013-11-09 21:10:00,0.002807078
4556,2013-11-09 21:10:00,1.9106454
4556,2013-11-09 21:10:00,0.92530376
4556,2013-11-09 21:10:00,0.002807078
4556,2013-11-09 21:10:00,0.9853416
4556,2013-11-09 21:10:00,0.002807078
4556,2013-11-09 21:10:00,1.9106454
4556,2013-11-09 21:20:00,0.9853416
4556,2013-11-09 21:20:00,0.002807078
4556,2013-11-09 21:20:00,0.9881487
4556,2013-11-09 21:20:00,0.005614156
4556,2013-11-09 21:20:00,1696.3214
4556,2013-11-09 21:20:00,13.134366
4556,2013-11-09 21:20:00,1.8506075
4556,2013-11-09 21:20:00,1.8506075
4556,2013-11-09 21:20:00,1.9706832
4556,2013-11-09 21:20:00,0.9853416
4556,2013-11-09 21:20:00,0.002807078
4556,2013-11-09 21:30:00,1.9106454
4556,2013-11-09 21:30:00,0.002807078
4556,2013-11-09 21:30:00,0.002807078
4556,2013-11-09 21:30:00,1449.7874
4556,2013-11-09 21:30:00,5.452683
4556,2013-11-09 21:30:00,0.92530376
4556,2013-11-09 21:40:00,1.7542748
4556,2013-11-09 21:40:00,0.92530376
4556,2013-11-09 21:40:00,0.9853416
4556,2013-11-09 21:40:00,1473.5288
4556,2013-11-09 21:40:00,4.86667
4556,2013-11-09 21:40:00,0.82616407
4556,2013-11-09 21:40:00,0.9853416
4556,2013-11-09 21:40:00,0.002807078
4556,2013-11-09 21:50:00,0.9853416
4556,2013-11-09 21:50:00,1.8506075
4556,2013-11-09 21:50:00,1.7514678
4556,2013-11-09 21:50:00,0.92530376
4556,2013-11-09 21:50:00,0.002807078
4556,2013-11-09 21:50:00,1405.9478
4556,2013-11-09 21:50:00,1.9106454
4556,2013-11-09 21:50:00,0.92530376
4556,2013-11-09 21:50:00,0.9853416
4556,2013-11-09 22:00:00,2.895987
4556,2013-11-09 22:00:00,1.8506075
4556,2013-11-09 22:00:00,3.5029356
4556,2013-11-09 22:00:00,0.92530376
4556,2013-11-09 22:00:00,0.99095577
4556,2013-11-09 22:00:00,1574.9954
4556,2013-11-09 22:00:00,2.7759113
4556,2013-11-09 22:00:00,1.9106454
4556,2013-11-09 22:00:00,0.002807078
4556,2013-11-09 22:00:00,0.002807078
4556,2013-11-09 22:10:00,0.9853416
4556,2013-11-09 22:10:00,1557.1649
4556,2013-11-09 22:10:00,2.8987942
4556,2013-11-09 22:10:00,2.8415632
4556,2013-11-09 22:10:00,0.002807078
4556,2013-11-09 22:10:00,0.92530376
4556,2013-11-09 22:20:00,1.9106454
4556,2013-11-09 22:20:00,0.9853416
4556,2013-11-09 22:20:00,0.005614156
4556,2013-11-09 22:20:00,1488.3721
4556,2013-11-09 22:20:00,1.7514678
4556,2013-11-09 22:20:00,0.92530376
4556,2013-11-09 22:20:00,0.9853416
4556,2013-11-09 22:30:00,1.9734904
4556,2013-11-09 22:30:00,1.9106454
4556,2013-11-09 22:30:00,0.002807078
4556,2013-11-09 22:30:00,1429.205
4556,2013-11-09 22:30:00,0.002807078
4556,2013-11-09 22:30:00,3.8813286
4556,2013-11-09 22:30:00,0.92530376
4556,2013-11-09 22:40:00,1.9706832
4556,2013-11-09 22:40:00,1530.1517
4556,2013-11-09 22:40:00,1.8506075
4556,2013-11-09 22:40:00,3.8240979
4556,2013-11-09 22:40:00,3.8813286
4556,2013-11-09 22:50:00,1.8506075
4556,2013-11-09 22:50:00,0.002807078
4556,2013-11-09 22:50:00,1414.5532
4556,2013-11-09 22:50:00,2.8987942
4556,2013-11-09 23:00:00,0.9853416
4556,2013-11-09 23:00:00,0.002807078
4556,2013-11-09 23:00:00,0.82616407
4556,2013-11-09 23:00:00,1463.0692
4556,2013-11-09 23:00:00,0.92530376
4556,2013-11-09 23:00:00,0.92530376
4556,2013-11-09 23:00:00,2.6795785
4556,2013-11-09 23:00:00,0.002807078
4556,2013-11-09 23:10:00,0.9853416
4556,2013-11-09 23:10:00,1.9106454
4556,2013-11-09 23:10:00,1372.5602
4556,2013-11-09 23:10:00,0.92530376
4556,2013-11-09 23:10:00,1.9106454
4556,2013-11-09 23:10:00,2.8359492
4556,2013-11-09 23:20:00,0.92530376
4556,2013-11-09 23:20:00,1305.0872
4556,2013-11-09 23:20:00,2.8987942
4556,2013-11-09 23:20:00,1.7514678
4556,2013-11-09 23:20:00,1.8506075
4556,2013-11-09 23:20:00,0.9853416
4556,2013-11-09 23:20:00,0.92530376
4556,2013-11-09 23:30:00,0.92530376
4556,2013-11-09 23:30:00,1185.0789
4556,2013-11-09 23:30:00,0.92530376
4556,2013-11-09 23:40:00,0.9853416
4556,2013-11-09 23:40:00,1239.9896
4556,2013-11-09 23:40:00,0.92530376
4556,2013-11-09 23:40:00,0.002807078
4556,2013-11-09 23:40:00,0.92530376
4556,2013-11-09 23:50:00,0.92530376
4556,2013-11-09 23:50:00,1451.9047
4556,2013-11-09 23:50:00,2.8359492
4556,2013-11-10 00:00:00,1.9106454
4556,2013-11-10 00:00:00,1234.3984
4556,2013-11-10 00:00:00,0.9365321
4556,2013-11-10 00:10:00,1142.7152
4556,2013-11-10 00:10:00,1.8590287
4556,2013-11-10 00:10:00,0.92530376
4556,2013-11-10 00:20:00,1117.0759
4556,2013-11-10 00:20:00,0.82616407
4556,2013-11-10 00:20:00,1.9134525
4556,2013-11-10 00:30:00,0.9853416
4556,2013-11-10 00:30:00,2.7968473
4556,2013-11-10 00:30:00,1057.5643
4556,2013-11-10 00:30:00,0.92530376
4556,2013-11-10 00:30:00,0.002807078
4556,2013-11-10 00:30:00,1.9106454
4556,2013-11-10 00:30:00,0.002807078
4556,2013-11-10 00:40:00,1146.5295
4556,2013-11-10 00:40:00,0.92530376
4556,2013-11-10 00:50:00,834.3296
4556,2013-11-10 01:00:00,764.79517
4556,2013-11-10 01:10:00,1.9106454
4556,2013-11-10 01:10:00,0.9853416
4556,2013-11-10 01:10:00,734.1929
4556,2013-11-10 01:20:00,0.92530376
4556,2013-11-10 01:20:00,651.025
4556,2013-11-10 01:20:00,0.9853416
4556,2013-11-10 01:30:00,0.9853416
4556,2013-11-10 01:30:00,0.82616407
4556,2013-11-10 01:30:00,598.08057
4556,2013-11-10 01:40:00,644.4588
4556,2013-11-10 01:50:00,570.6536
4556,2013-11-10 01:50:00,0.002807078
4556,2013-11-10 01:50:00,1.9106454
4556,2013-11-10 02:00:00,1.9106454
4556,2013-11-10 02:00:00,503.7328
4556,2013-11-10 02:00:00,1.9706832
4556,2013-11-10 02:10:00,0.92530376
4556,2013-11-10 02:10:00,434.13455
4556,2013-11-10 02:20:00,2.7759113
4556,2013-11-10 02:20:00,343.28992
4556,2013-11-10 02:30:00,2.7759113
4556,2013-11-10 02:30:00,327.44702
4556,2013-11-10 02:40:00,1.8506075
4556,2013-11-10 02:40:00,344.03247
4556,2013-11-10 02:50:00,2.7759113
4556,2013-11-10 02:50:00,280.40976
4556,2013-11-10 02:50:00,0.002807078
4556,2013-11-10 03:00:00,0.82616407
4556,2013-11-10 03:00:00,0.92530376
4556,2013-11-10 03:00:00,290.84637
4556,2013-11-10 03:00:00,0.92530376
4556,2013-11-10 03:10:00,2.8359492
4556,2013-11-10 03:10:00,301.59818
4556,2013-11-10 03:20:00,1.8506075
4556,2013-11-10 03:20:00,250.90047
4556,2013-11-10 03:20:00,0.9853416
4556,2013-11-10 03:30:00,2.7759113
4556,2013-11-10 03:30:00,307.13333
4556,2013-11-10 03:40:00,358.06396
4556,2013-11-10 03:50:00,1.8506075
4556,2013-11-10 03:50:00,240.69281
4556,2013-11-10 04:00:00,281.1366
4556,2013-11-10 04:10:00,307.39276
4556,2013-11-10 04:20:00,3.8212907
4556,2013-11-10 04:20:00,238.85472
4556,2013-11-10 04:30:00,268.19208
4556,2013-11-10 04:40:00,1.9106454
4556,2013-11-10 04:40:00,270.06604
4556,2013-11-10 04:50:00,1.9106454
4556,2013-11-10 04:50:00,224.10728
4556,2013-11-10 05:00:00,1.9106454
4556,2013-11-10 05:00:00,247.9089
4556,2013-11-10 05:10:00,1.9106454
4556,2013-11-10 05:10:00,271.81226
4556,2013-11-10 05:20:00,0.92530376
4556,2013-11-10 05:20:00,245.89127
4556,2013-11-10 05:30:00,258.13385
4556,2013-11-10 05:40:00,293.96927
4556,2013-11-10 05:50:00,241.12654
4556,2013-11-10 06:00:00,290.75772
4556,2013-11-10 06:10:00,291.01993
4556,2013-11-10 06:20:00,305.10376
4556,2013-11-10 06:30:00,278.55313
4556,2013-11-10 06:40:00,287.02618
4556,2013-11-10 06:50:00,7.40243
4556,2013-11-10 06:50:00,275.16074
4556,2013-11-10 06:50:00,3.701215
4556,2013-11-10 07:00:00,7.40243
4556,2013-11-10 07:00:00,309.73346
4556,2013-11-10 07:00:00,0.92530376
4556,2013-11-10 07:10:00,3.701215
4556,2013-11-10 07:10:00,341.07388
4556,2013-11-10 07:10:00,0.92530376
4556,2013-11-10 07:20:00,1.9106454
4556,2013-11-10 07:20:00,272.5401
4556,2013-11-10 07:20:00,1.8506075
4556,2013-11-10 07:30:00,0.002807078
4556,2013-11-10 07:30:00,312.27518
4556,2013-11-10 07:30:00,2.8359492
4556,2013-11-10 07:40:00,0.9853416
4556,2013-11-10 07:40:00,341.30563
4556,2013-11-10 07:40:00,0.92530376
4556,2013-11-10 07:50:00,1.8506075
4556,2013-11-10 07:50:00,1.9106454
4556,2013-11-10 07:50:00,324.62198
4556,2013-11-10 07:50:00,3.701215
4556,2013-11-10 08:00:00,0.92530376
4556,2013-11-10 08:00:00,385.17438
4556,2013-11-10 08:00:00,1.8506075
4556,2013-11-10 08:10:00,0.9853416
4556,2013-11-10 08:10:00,342.97202
4556,2013-11-10 08:10:00,6.477126
4556,2013-11-10 08:20:00,0.92530376
4556,2013-11-10 08:20:00,331.40488
4556,2013-11-10 08:20:00,0.92530376
4556,2013-11-10 08:20:00,0.002807078
4556,2013-11-10 08:30:00,0.9853416
4556,2013-11-10 08:30:00,420.71564
4556,2013-11-10 08:30:00,2.895987
4556,2013-11-10 08:40:00,0.92530376
4556,2013-11-10 08:40:00,366.5795
4556,2013-11-10 08:40:00,0.9853416
4556,2013-11-10 08:50:00,0.9853416
4556,2013-11-10 08:50:00,1.9106454
4556,2013-11-10 08:50:00,397.71625
4556,2013-11-10 08:50:00,2.7759113
4556,2013-11-10 08:50:00,0.92530376
4556,2013-11-10 09:00:00,1.9106454
4556,2013-11-10 09:00:00,585.93195
4556,2013-11-10 09:00:00,0.92530376
4556,2013-11-10 09:00:00,1.7514678
4556,2013-11-10 09:10:00,0.002807078
4556,2013-11-10 09:10:00,516.5752
4556,2013-11-10 09:10:00,0.92530376
4556,2013-11-10 09:20:00,438.5016
4556,2013-11-10 09:20:00,0.92530376
4556,2013-11-10 09:20:00,0.92530376
4556,2013-11-10 09:30:00,398.82925
4556,2013-11-10 09:30:00,1.8506075
4556,2013-11-10 09:40:00,408.42212
4556,2013-11-10 09:50:00,2.8359492
4556,2013-11-10 09:50:00,451.29196
4556,2013-11-10 09:50:00,0.9853416
4556,2013-11-10 09:50:00,1.9106454
4556,2013-11-10 10:00:00,2.7759113
4556,2013-11-10 10:00:00,448.25677
4556,2013-11-10 10:10:00,4.7465944
4556,2013-11-10 10:10:00,437.3149
4556,2013-11-10 10:20:00,538.7558
4556,2013-11-10 10:20:00,0.92530376
4556,2013-11-10 10:30:00,0.92530376
4556,2013-11-10 10:30:00,561.0867
4556,2013-11-10 10:30:00,0.92530376
4556,2013-11-10 10:30:00,0.92530376
4556,2013-11-10 10:30:00,1.9106454
4556,2013-11-10 10:30:00,0.002807078
4556,2013-11-10 10:40:00,0.9853416
4556,2013-11-10 10:40:00,477.46207
4556,2013-11-10 10:50:00,0.92530376
4556,2013-11-10 10:50:00,594.80164
4556,2013-11-10 11:00:00,503.0129
4556,2013-11-10 11:00:00,0.92530376
4556,2013-11-10 11:10:00,580.9882
4556,2013-11-10 11:10:00,0.92530376
4556,2013-11-10 11:10:00,1.9106454
4556,2013-11-10 11:10:00,0.9853416
4556,2013-11-10 11:20:00,568.3404
4556,2013-11-10 11:20:00,5.5727587
4556,2013-11-10 11:30:00,0.9853416
4556,2013-11-10 11:30:00,0.92811084
4556,2013-11-10 11:30:00,3.6020753
4556,2013-11-10 11:30:00,0.92530376
4556,2013-11-10 11:30:00,608.3832
4556,2013-11-10 11:30:00,0.9853416
4556,2013-11-10 11:30:00,0.002807078
4556,2013-11-10 11:40:00,1.9106454
4556,2013-11-10 11:40:00,1.9106454
4556,2013-11-10 11:40:00,525.526
4556,2013-11-10 11:50:00,7.483404
4556,2013-11-10 11:50:00,1.8115057
4556,2013-11-10 11:50:00,1.9706832
4556,2013-11-10 11:50:00,577.3233
4556,2013-11-10 11:50:00,0.002807078
4556,2013-11-10 11:50:00,0.92530376
4556,2013-11-10 12:00:00,2.4784923
4556,2013-11-10 12:00:00,0.92530376
4556,2013-11-10 12:00:00,565.90546
4556,2013-11-10 12:10:00,1.6523281
4556,2013-11-10 12:10:00,558.79034
4556,2013-11-10 12:20:00,3.701215
4556,2013-11-10 12:20:00,0.82616407
4556,2013-11-10 12:20:00,3.6621132
4556,2013-11-10 12:20:00,619.4789
4556,2013-11-10 12:20:00,0.92530376
4556,2013-11-10 12:20:00,0.92530376
4556,2013-11-10 12:30:00,4.686557
4556,2013-11-10 12:30:00,2.7759113
4556,2013-11-10 12:30:00,822.6921
4556,2013-11-10 12:30:00,0.9853416
4556,2013-11-10 12:40:00,6.65724
4556,2013-11-10 12:40:00,0.92530376
4556,2013-11-10 12:40:00,781.85034
4556,2013-11-10 12:40:00,3.9413664
4556,2013-11-10 12:50:00,2.895987
4556,2013-11-10 12:50:00,0.92530376
4556,2013-11-10 12:50:00,632.4021
4556,2013-11-10 12:50:00,11.8241
4556,2013-11-10 13:00:00,0.9853416
4556,2013-11-10 13:00:00,0.92811084
4556,2013-11-10 13:00:00,688.99915
4556,2013-11-10 13:00:00,1.8506075
4556,2013-11-10 13:00:00,0.002807078
4556,2013-11-10 13:10:00,0.92530376
4556,2013-11-10 13:10:00,0.002807078
4556,2013-11-10 13:10:00,927.086
4556,2013-11-10 13:20:00,829.5696
4556,2013-11-10 13:20:00,0.92811084
4556,2013-11-10 13:30:00,847.13275
4556,2013-11-10 13:30:00,1.9106454
4556,2013-11-10 13:30:00,0.92530376
4556,2013-11-10 13:40:00,4.6265187
4556,2013-11-10 13:40:00,794.2625
4556,2013-11-10 13:50:00,797.7933
4556,2013-11-10 14:00:00,1.7514678
4556,2013-11-10 14:00:00,696.8941
4556,2013-11-10 14:00:00,0.002807078
4556,2013-11-10 14:10:00,1.9106454
4556,2013-11-10 14:10:00,0.92530376
4556,2013-11-10 14:10:00,0.002807078
4556,2013-11-10 14:10:00,745.7724
4556,2013-11-10 14:20:00,1.8506075
4556,2013-11-10 14:20:00,1.9106454
4556,2013-11-10 14:20:00,826.6745
4556,2013-11-10 14:20:00,0.92530376
4556,2013-11-10 14:20:00,0.002807078
4556,2013-11-10 14:30:00,0.002807078
4556,2013-11-10 14:30:00,0.9853416
4556,2013-11-10 14:30:00,682.40576
4556,2013-11-10 14:30:00,1.8506075
4556,2013-11-10 14:30:00,0.9853416
4556,2013-11-10 14:40:00,613.3389
4556,2013-11-10 14:40:00,0.92530376
4556,2013-11-10 14:50:00,656.86285
4556,2013-11-10 14:50:00,0.002807078
4556,2013-11-10 14:50:00,3.6621132
4556,2013-11-10 14:50:00,0.9853416
4556,2013-11-10 15:00:00,704.9783
4556,2013-11-10 15:00:00,1.7514678
4556,2013-11-10 15:10:00,2.5804389
4556,2013-11-10 15:10:00,653.1761
4556,2013-11-10 15:20:00,0.92530376
4556,2013-11-10 15:20:00,690.93964
4556,2013-11-10 15:20:00,0.9853416
4556,2013-11-10 15:30:00,0.92530376
4556,2013-11-10 15:30:00,713.98004
4556,2013-11-10 15:30:00,0.92530376
4556,2013-11-10 15:40:00,0.92530376
4556,2013-11-10 15:40:00,0.92530376
4556,2013-11-10 15:40:00,758.00415
4556,2013-11-10 15:40:00,8.468745
4556,2013-11-10 15:40:00,0.92530376
4556,2013-11-10 15:40:00,0.92530376
4556,2013-11-10 15:50:00,0.002807078
4556,2013-11-10 15:50:00,670.8536
4556,2013-11-10 15:50:00,0.92530376
4556,2013-11-10 15:50:00,4.6474547
4556,2013-11-10 16:00:00,1.9106454
4556,2013-11-10 16:00:00,678.05334
4556,2013-11-10 16:00:00,0.002807078
4556,2013-11-10 16:00:00,4.7465944
4556,2013-11-10 16:10:00,0.92530376
4556,2013-11-10 16:10:00,0.002807078
4556,2013-11-10 16:10:00,0.92530376
4556,2013-11-10 16:10:00,665.94183
4556,2013-11-10 16:20:00,0.9309179
4556,2013-11-10 16:20:00,609.96545
4556,2013-11-10 16:20:00,1.8506075
4556,2013-11-10 16:20:00,3.7612529
4556,2013-11-10 16:30:00,0.9853416
4556,2013-11-10 16:30:00,687.05194
4556,2013-11-10 16:40:00,0.92530376
4556,2013-11-10 16:40:00,1.9106454
4556,2013-11-10 16:40:00,732.99554
4556,2013-11-10 16:50:00,0.92530376
4556,2013-11-10 16:50:00,0.9853416
4556,2013-11-10 16:50:00,871.52185
4556,2013-11-10 16:50:00,0.92530376
4556,2013-11-10 16:50:00,0.002807078
4556,2013-11-10 17:00:00,1.8506075
4556,2013-11-10 17:00:00,686.3137
4556,2013-11-10 17:10:00,1.8506075
4556,2013-11-10 17:10:00,0.9853416
4556,2013-11-10 17:10:00,1.9106454
4556,2013-11-10 17:10:00,611.49414
4556,2013-11-10 17:10:00,0.9853416
4556,2013-11-10 17:10:00,0.9853416
4556,2013-11-10 17:20:00,4.6265187
4556,2013-11-10 17:20:00,0.002807078
4556,2013-11-10 17:20:00,1.7514678
4556,2013-11-10 17:20:00,664.6866
4556,2013-11-10 17:30:00,3.701215
4556,2013-11-10 17:30:00,2.5804389
4556,2013-11-10 17:30:00,614.92004
4556,2013-11-10 17:30:00,0.92530376
4556,2013-11-10 17:30:00,0.002807078
4556,2013-11-10 17:30:00,0.92530376
4556,2013-11-10 17:40:00,0.92530376
4556,2013-11-10 17:40:00,684.5382
4556,2013-11-10 17:40:00,0.92530376
4556,2013-11-10 17:40:00,0.9853416
4556,2013-11-10 17:40:00,0.9853416
4556,2013-11-10 17:50:00,3.766867
4556,2013-11-10 17:50:00,651.7016
4556,2013-11-10 17:50:00,0.002807078
4556,2013-11-10 18:00:00,1.8506075
4556,2013-11-10 18:00:00,679.7917
4556,2013-11-10 18:00:00,0.82616407
4556,2013-11-10 18:10:00,1.9106454
4556,2013-11-10 18:10:00,1.8506075
4556,2013-11-10 18:10:00,763.36847
4556,2013-11-10 18:10:00,0.9881487
4556,2013-11-10 18:10:00,0.002807078
4556,2013-11-10 18:20:00,1.8506075
4556,2013-11-10 18:20:00,746.1228
4556,2013-11-10 18:20:00,0.92530376
4556,2013-11-10 18:20:00,0.9309179
4556,2013-11-10 18:30:00,0.92530376
4556,2013-11-10 18:30:00,739.81616
4556,2013-11-10 18:30:00,4.6265187
4556,2013-11-10 18:30:00,0.92811084
4556,2013-11-10 18:30:00,0.002807078
4556,2013-11-10 18:40:00,1.9106454
4556,2013-11-10 18:40:00,7.6425815
4556,2013-11-10 18:40:00,1.9134525
4556,2013-11-10 18:40:00,755.92804
4556,2013-11-10 18:40:00,0.002807078
4556,2013-11-10 18:40:00,3.8240979
4556,2013-11-10 18:50:00,3.7612529
4556,2013-11-10 18:50:00,3.8212907
4556,2013-11-10 18:50:00,5.731936
4556,2013-11-10 18:50:00,1.7514678
4556,2013-11-10 18:50:00,750.7174
4556,2013-11-10 18:50:00,0.002807078
4556,2013-11-10 18:50:00,0.9881487
4556,2013-11-10 18:50:00,0.005614156
4556,2013-11-10 19:00:00,3.8212907
4556,2013-11-10 19:00:00,0.002807078
4556,2013-11-10 19:00:00,2.6767716
4556,2013-11-10 19:00:00,18.18115
4556,2013-11-10 19:00:00,0.9853416
4556,2013-11-10 19:00:00,0.92811084
4556,2013-11-10 19:00:00,807.3755
4556,2013-11-10 19:00:00,0.92811084
4556,2013-11-10 19:00:00,2.958832
4556,2013-11-10 19:00:00,0.002807078
4556,2013-11-10 19:10:00,1.9106454
4556,2013-11-10 19:10:00,0.92811084
4556,2013-11-10 19:10:00,1.7542748
4556,2013-11-10 19:10:00,5.731936
4556,2013-11-10 19:10:00,1.9106454
4556,2013-11-10 19:10:00,817.9335
4556,2013-11-10 19:10:00,1.8534145
4556,2013-11-10 19:10:00,1.8590287
4556,2013-11-10 19:20:00,1.8506075
4556,2013-11-10 19:20:00,18.121113
4556,2013-11-10 19:20:00,0.002807078
4556,2013-11-10 19:20:00,783.7101
4556,2013-11-10 19:20:00,0.002807078
4556,2013-11-10 19:20:00,2.8415632
4556,2013-11-10 19:20:00,2.577632
4556,2013-11-10 19:20:00,0.9853416
4556,2013-11-10 19:30:00,5.731936
4556,2013-11-10 19:30:00,2.895987
4556,2013-11-10 19:30:00,807.8365
4556,2013-11-10 19:30:00,0.92530376
4556,2013-11-10 19:30:00,2.7368095
4556,2013-11-10 19:30:00,0.002807078
4556,2013-11-10 19:30:00,0.92530376
4556,2013-11-10 19:30:00,0.9853416
4556,2013-11-10 19:40:00,0.9853416
4556,2013-11-10 19:40:00,7.6425815
4556,2013-11-10 19:40:00,885.2267
4556,2013-11-10 19:40:00,0.92530376
4556,2013-11-10 19:40:00,0.005614156
4556,2013-11-10 19:40:00,0.9853416
4556,2013-11-10 19:40:00,2.8359492
4556,2013-11-10 19:50:00,3.8212907
4556,2013-11-10 19:50:00,3.6621132
4556,2013-11-10 19:50:00,805.0292
4556,2013-11-10 19:50:00,0.9881487
4556,2013-11-10 19:50:00,0.008421234
4556,2013-11-10 19:50:00,0.92530376
4556,2013-11-10 20:00:00,1.8506075
4556,2013-11-10 20:00:00,0.002807078
4556,2013-11-10 20:00:00,791.73096
4556,2013-11-10 20:00:00,1.9734904
4556,2013-11-10 20:00:00,1.9162595
4556,2013-11-10 20:10:00,0.92811084
4556,2013-11-10 20:10:00,0.92811084
4556,2013-11-10 20:10:00,0.92530376
4556,2013-11-10 20:10:00,873.4124
4556,2013-11-10 20:10:00,2.7368095
4556,2013-11-10 20:10:00,0.9881487
4556,2013-11-10 20:10:00,0.9853416
4556,2013-11-10 20:20:00,1.9106454
4556,2013-11-10 20:20:00,1037.6698
4556,2013-11-10 20:20:00,0.002807078
4556,2013-11-10 20:20:00,0.9853416
4556,2013-11-10 20:20:00,6.477126
4556,2013-11-10 20:20:00,0.92530376
4556,2013-11-10 20:30:00,0.92811084
4556,2013-11-10 20:30:00,897.8089
4556,2013-11-10 20:30:00,0.002807078
4556,2013-11-10 20:30:00,0.9881487
4556,2013-11-10 20:30:00,0.9853416
4556,2013-11-10 20:30:00,1.9106454
4556,2013-11-10 20:30:00,1.9106454
4556,2013-11-10 20:40:00,0.82616407
4556,2013-11-10 20:40:00,955.987
4556,2013-11-10 20:40:00,0.9881487
4556,2013-11-10 20:40:00,1.9706832
4556,2013-11-10 20:40:00,0.92530376
4556,2013-11-10 20:50:00,1.8506075
4556,2013-11-10 20:50:00,922.5899
4556,2013-11-10 20:50:00,1.9106454
4556,2013-11-10 20:50:00,3.6621132
4556,2013-11-10 21:00:00,1.8506075
4556,2013-11-10 21:00:00,3.766867
4556,2013-11-10 21:00:00,960.04553
4556,2013-11-10 21:00:00,0.9853416
4556,2013-11-10 21:00:00,1.9106454
4556,2013-11-10 21:10:00,1.9106454
4556,2013-11-10 21:10:00,2.895987
4556,2013-11-10 21:10:00,1176.4215
4556,2013-11-10 21:10:00,0.92530376
4556,2013-11-10 21:20:00,1.9106454
4556,2013-11-10 21:20:00,0.92811084
4556,2013-11-10 21:20:00,1078.3713
4556,2013-11-10 21:20:00,1.7514678
4556,2013-11-10 21:20:00,0.002807078
4556,2013-11-10 21:20:00,1.9106454
4556,2013-11-10 21:30:00,4.3290997
4556,2013-11-10 21:30:00,4.4338536
4556,2013-11-10 21:30:00,841.05493
4556,2013-11-10 21:40:00,837.4378
4556,2013-11-10 21:50:00,769.85657
4556,2013-11-10 21:50:00,0.002807078
4556,2013-11-10 21:50:00,0.002807078
4556,2013-11-10 22:00:00,0.92530376
4556,2013-11-10 22:00:00,1.9106454
4556,2013-11-10 22:00:00,879.4509
4556,2013-11-10 22:00:00,0.92530376
4556,2013-11-10 22:10:00,3.8212907
4556,2013-11-10 22:10:00,0.92530376
4556,2013-11-10 22:10:00,719.4761
4556,2013-11-10 22:10:00,0.92530376
4556,2013-11-10 22:20:00,3.8240979
4556,2013-11-10 22:20:00,623.0588
4556,2013-11-10 22:20:00,1.7514678
4556,2013-11-10 22:30:00,0.92530376
4556,2013-11-10 22:30:00,0.92530376
4556,2013-11-10 22:30:00,0.9853416
4556,2013-11-10 22:30:00,729.9811
4556,2013-11-10 22:30:00,0.92530376
4556,2013-11-10 22:30:00,0.9853416
4556,2013-11-10 22:40:00,1.9106454
4556,2013-11-10 22:40:00,0.92530376
4556,2013-11-10 22:40:00,674.0482
4556,2013-11-10 22:40:00,3.701215
4556,2013-11-10 22:40:00,0.005614156
4556,2013-11-10 22:50:00,558.24805
4556,2013-11-10 22:50:00,0.002807078
4556,2013-11-10 23:00:00,0.92530376
4556,2013-11-10 23:00:00,577.23096
4556,2013-11-10 23:00:00,0.002807078
4556,2013-11-10 23:10:00,3.8212907
4556,2013-11-10 23:10:00,554.204
4556,2013-11-10 23:20:00,5.731936
4556,2013-11-10 23:20:00,464.7473
4556,2013-11-10 23:20:00,0.005614156
4556,2013-11-10 23:30:00,5.731936
4556,2013-11-10 23:30:00,524.63336
4556,2013-11-10 23:30:00,0.002807078
4556,2013-11-10 23:40:00,0.002807078
4556,2013-11-10 23:40:00,468.02924
4556,2013-11-10 23:50:00,400.26843
4556,2013-11-10 23:50:00,0.005614156
4556,2013-11-11 00:00:00,1.9106454
4556,2013-11-11 00:00:00,403.3528
4556,2013-11-11 00:10:00,1.9106454
4556,2013-11-11 00:10:00,379.68713
4556,2013-11-11 00:20:00,3.8212907
4556,2013-11-11 00:20:00,388.6334
4556,2013-11-11 00:30:00,348.33078
4556,2013-11-11 00:40:00,362.99203
4556,2013-11-11 00:50:00,312.70724
4556,2013-11-11 01:00:00,343.78973
4556,2013-11-11 01:10:00,1.9106454
4556,2013-11-11 01:10:00,331.66827
4556,2013-11-11 01:20:00,284.6858
4556,2013-11-11 01:20:00,0.002807078
4556,2013-11-11 01:30:00,1.9106454
4556,2013-11-11 01:30:00,292.39398
4556,2013-11-11 01:30:00,0.002807078
4556,2013-11-11 01:40:00,1.9106454
4556,2013-11-11 01:40:00,285.5467
4556,2013-11-11 01:50:00,261.5573
4556,2013-11-11 01:50:00,0.002807078
4556,2013-11-11 02:00:00,291.21603
4556,2013-11-11 02:10:00,3.8212907
4556,2013-11-11 02:10:00,290.87836
4556,2013-11-11 02:10:00,0.008421234
4556,2013-11-11 02:20:00,3.8212907
4556,2013-11-11 02:20:00,265.16498
4556,2013-11-11 02:20:00,0.005614156
4556,2013-11-11 02:30:00,265.5825
4556,2013-11-11 02:40:00,261.37558
4556,2013-11-11 02:50:00,246.00441
4556,2013-11-11 03:00:00,0.9853416
4556,2013-11-11 03:00:00,242.98276
4556,2013-11-11 03:00:00,0.005614156
4556,2013-11-11 03:10:00,1.9106454
4556,2013-11-11 03:10:00,241.52805
4556,2013-11-11 03:20:00,1.9106454
4556,2013-11-11 03:20:00,228.13881
4556,2013-11-11 03:30:00,3.8212907
4556,2013-11-11 03:30:00,0.92530376
4556,2013-11-11 03:30:00,251.32301
4556,2013-11-11 03:30:00,0.9853416
4556,2013-11-11 03:40:00,232.8895
4556,2013-11-11 03:50:00,219.99812
4556,2013-11-11 04:00:00,238.28497
4556,2013-11-11 04:10:00,221.22643
4556,2013-11-11 04:20:00,210.73256
4556,2013-11-11 04:30:00,245.02753
4556,2013-11-11 04:40:00,225.71188
4556,2013-11-11 04:50:00,204.55939
4556,2013-11-11 05:00:00,240.25719
4556,2013-11-11 05:10:00,242.231
4556,2013-11-11 05:10:00,0.9853416
4556,2013-11-11 05:20:00,0.9853416
4556,2013-11-11 05:20:00,213.39113
4556,2013-11-11 05:30:00,0.002807078
4556,2013-11-11 05:30:00,250.53648
4556,2013-11-11 05:40:00,1.9106454
4556,2013-11-11 05:40:00,258.9983
4556,2013-11-11 05:50:00,249.62048
4556,2013-11-11 06:00:00,303.94968
4556,2013-11-11 06:10:00,309.15732
4556,2013-11-11 06:20:00,343.26505
4556,2013-11-11 06:30:00,0.92530376
4556,2013-11-11 06:30:00,3.6621132
4556,2013-11-11 06:30:00,417.9231
4556,2013-11-11 06:40:00,0.92530376
4556,2013-11-11 06:40:00,427.29294
4556,2013-11-11 06:50:00,0.92530376
4556,2013-11-11 06:50:00,0.9853416
4556,2013-11-11 06:50:00,426.87112
4556,2013-11-11 07:00:00,0.92530376
4556,2013-11-11 07:00:00,439.71756
4556,2013-11-11 07:10:00,544.4763
4556,2013-11-11 07:20:00,597.54095
4556,2013-11-11 07:30:00,0.92530376
4556,2013-11-11 07:30:00,0.002807078
4556,2013-11-11 07:30:00,510.7231
4556,2013-11-11 07:40:00,0.92530376
4556,2013-11-11 07:40:00,0.002807078
4556,2013-11-11 07:40:00,8.567885
4556,2013-11-11 07:40:00,537.0559
4556,2013-11-11 07:50:00,2.8359492
4556,2013-11-11 07:50:00,567.16705
4556,2013-11-11 07:50:00,0.9853416
4556,2013-11-11 08:00:00,1.8506075
4556,2013-11-11 08:00:00,552.70795
4556,2013-11-11 08:00:00,1.9106454
4556,2013-11-11 08:10:00,0.002807078
4556,2013-11-11 08:10:00,554.33685
4556,2013-11-11 08:20:00,0.002807078
4556,2013-11-11 08:20:00,654.54706
4556,2013-11-11 08:30:00,616.6126
4556,2013-11-11 08:30:00,0.9853416
4556,2013-11-11 08:40:00,547.6274
4556,2013-11-11 08:50:00,563.1598
4556,2013-11-11 09:00:00,656.6124
4556,2013-11-11 09:10:00,538.0983
4556,2013-11-11 09:20:00,553.9903
4556,2013-11-11 09:30:00,623.201
4556,2013-11-11 09:40:00,0.002807078
4556,2013-11-11 09:40:00,545.20905
4556,2013-11-11 09:50:00,514.23944
4556,2013-11-11 10:00:00,509.55087
4556,2013-11-11 10:10:00,491.4578
4556,2013-11-11 10:20:00,0.9853416
4556,2013-11-11 10:20:00,546.1772
4556,2013-11-11 10:20:00,0.002807078
4556,2013-11-11 10:30:00,0.92530376
4556,2013-11-11 10:30:00,501.8869
4556,2013-11-11 10:40:00,517.6913
4556,2013-11-11 10:40:00,0.002807078
4556,2013-11-11 10:50:00,0.9853416
4556,2013-11-11 10:50:00,0.92530376
4556,2013-11-11 10:50:00,446.16553
4556,2013-11-11 10:50:00,0.002807078
4556,2013-11-11 11:00:00,1.8506075
4556,2013-11-11 11:00:00,502.4936
4556,2013-11-11 11:10:00,554.7105
4556,2013-11-11 11:20:00,0.002807078
4556,2013-11-11 11:20:00,513.6324
4556,2013-11-11 11:30:00,0.002807078
4556,2013-11-11 11:30:00,540.94775
4556,2013-11-11 11:30:00,0.9853416
4556,2013-11-11 11:40:00,0.002807078
4556,2013-11-11 11:40:00,665.75336
4556,2013-11-11 11:50:00,664.4243
4556,2013-11-11 11:50:00,0.9853416
4556,2013-11-11 12:00:00,0.002807078
4556,2013-11-11 12:00:00,566.67676
4556,2013-11-11 12:00:00,0.9853416
4556,2013-11-11 12:10:00,0.92530376
4556,2013-11-11 12:10:00,0.9853416
4556,2013-11-11 12:10:00,598.81903
4556,2013-11-11 12:10:00,0.9853416
4556,2013-11-11 12:20:00,1.8506075
4556,2013-11-11 12:20:00,0.92530376
4556,2013-11-11 12:20:00,591.571
4556,2013-11-11 12:30:00,0.002807078
4556,2013-11-11 12:30:00,734.4469
4556,2013-11-11 12:40:00,0.9853416
4556,2013-11-11 12:40:00,727.973
4556,2013-11-11 12:40:00,0.9853416
4556,2013-11-11 12:50:00,0.9853416
4556,2013-11-11 12:50:00,632.26337
4556,2013-11-11 12:50:00,0.92530376
4556,2013-11-11 12:50:00,0.002807078
4556,2013-11-11 12:50:00,0.002807078
4556,2013-11-11 13:00:00,674.3161
4556,2013-11-11 13:10:00,766.9656
4556,2013-11-11 13:10:00,2.7759113
4556,2013-11-11 13:20:00,704.1788
4556,2013-11-11 13:20:00,0.9853416
4556,2013-11-11 13:30:00,0.002807078
4556,2013-11-11 13:30:00,627.7119
4556,2013-11-11 13:30:00,0.92530376
4556,2013-11-11 13:30:00,0.9853416
4556,2013-11-11 13:40:00,0.82616407
4556,2013-11-11 13:40:00,676.60944
4556,2013-11-11 13:40:00,0.9853416
4556,2013-11-11 13:40:00,0.9853416
4556,2013-11-11 13:40:00,0.92530376
4556,2013-11-11 13:50:00,571.5789
4556,2013-11-11 13:50:00,1.7514678
4556,2013-11-11 13:50:00,1.9706832
4556,2013-11-11 13:50:00,0.9853416
4556,2013-11-11 14:00:00,564.96594
4556,2013-11-11 14:00:00,1.8506075
4556,2013-11-11 14:00:00,0.002807078
4556,2013-11-11 14:10:00,765.5544
4556,2013-11-11 14:10:00,0.82616407
4556,2013-11-11 14:20:00,0.92530376
4556,2013-11-11 14:20:00,0.92530376
4556,2013-11-11 14:20:00,579.25385
4556,2013-11-11 14:30:00,0.92530376
4556,2013-11-11 14:30:00,764.75867
4556,2013-11-11 14:30:00,0.92530376
4556,2013-11-11 14:30:00,0.002807078
4556,2013-11-11 14:40:00,2.895987
4556,2013-11-11 14:40:00,679.4795
4556,2013-11-11 14:50:00,693.4704
4556,2013-11-11 15:00:00,0.92530376
4556,2013-11-11 15:00:00,573.3432
4556,2013-11-11 15:00:00,0.92530376
4556,2013-11-11 15:10:00,618.5321
4556,2013-11-11 15:20:00,652.0806
4556,2013-11-11 15:30:00,0.002807078
4556,2013-11-11 15:30:00,787.9788
4556,2013-11-11 15:30:00,0.9853416
4556,2013-11-11 15:40:00,561.70264
4556,2013-11-11 15:50:00,658.4141
4556,2013-11-11 16:00:00,600.0511
4556,2013-11-11 16:10:00,631.8415
4556,2013-11-11 16:20:00,627.8095
4556,2013-11-11 16:20:00,0.002807078
4556,2013-11-11 16:30:00,624.39795
4556,2013-11-11 16:30:00,0.9853416
4556,2013-11-11 16:40:00,600.88495
4556,2013-11-11 16:40:00,0.92530376
4556,2013-11-11 16:50:00,645.36066
4556,2013-11-11 17:00:00,0.002807078
4556,2013-11-11 17:00:00,665.80896
4556,2013-11-11 17:00:00,0.82616407
4556,2013-11-11 17:00:00,0.82616407
4556,2013-11-11 17:00:00,0.92530376
4556,2013-11-11 17:10:00,612.195
4556,2013-11-11 17:20:00,653.71423
4556,2013-11-11 17:20:00,0.9853416
4556,2013-11-11 17:30:00,622.4444
4556,2013-11-11 17:30:00,0.92530376
4556,2013-11-11 17:40:00,739.82874
4556,2013-11-11 17:40:00,1.8506075
4556,2013-11-11 17:40:00,0.92530376
4556,2013-11-11 17:50:00,659.41455
4556,2013-11-11 18:00:00,0.82616407
4556,2013-11-11 18:00:00,698.3783
4556,2013-11-11 18:10:00,2.7368095
4556,2013-11-11 18:10:00,0.92530376
4556,2013-11-11 18:10:00,629.8014
4556,2013-11-11 18:20:00,0.002807078
4556,2013-11-11 18:20:00,682.4686
4556,2013-11-11 18:20:00,1.9106454
4556,2013-11-11 18:30:00,692.1873
4556,2013-11-11 18:30:00,1.9706832
4556,2013-11-11 18:40:00,708.18365
4556,2013-11-11 18:40:00,0.9853416
4556,2013-11-11 18:40:00,0.92530376
4556,2013-11-11 18:40:00,0.92530376
4556,2013-11-11 18:50:00,765.1491
4556,2013-11-11 19:00:00,699.26624
4556,2013-11-11 19:00:00,1.8562217
4556,2013-11-11 19:10:00,809.07263
4556,2013-11-11 19:10:00,3.9497876
4556,2013-11-11 19:20:00,0.92530376
4556,2013-11-11 19:20:00,671.8774
4556,2013-11-11 19:20:00,0.9881487
4556,2013-11-11 19:30:00,660.71454
4556,2013-11-11 19:30:00,0.82897115
4556,2013-11-11 19:30:00,0.92530376
4556,2013-11-11 19:30:00,0.9853416
4556,2013-11-11 19:40:00,0.92530376
4556,2013-11-11 19:40:00,0.002807078
4556,2013-11-11 19:40:00,0.9853416
4556,2013-11-11 19:40:00,742.3272
4556,2013-11-11 19:40:00,0.9853416
4556,2013-11-11 19:50:00,0.82616407
4556,2013-11-11 19:50:00,2.7759113
4556,2013-11-11 19:50:00,742.7651
4556,2013-11-11 19:50:00,2.7968473
4556,2013-11-11 19:50:00,0.9853416
4556,2013-11-11 20:00:00,732.40265
4556,2013-11-11 20:10:00,0.82616407
4556,2013-11-11 20:10:00,0.92530376
4556,2013-11-11 20:10:00,1.8534145
4556,2013-11-11 20:10:00,810.8695
4556,2013-11-11 20:10:00,6.660047
4556,2013-11-11 20:10:00,0.92530376
4556,2013-11-11 20:10:00,0.92530376
4556,2013-11-11 20:20:00,0.9853416
4556,2013-11-11 20:20:00,1.9106454
4556,2013-11-11 20:20:00,737.62427
4556,2013-11-11 20:20:00,0.99095577
4556,2013-11-11 20:30:00,1.8506075
4556,2013-11-11 20:30:00,0.92530376
4556,2013-11-11 20:30:00,686.9055
4556,2013-11-11 20:30:00,4.926708
4556,2013-11-11 20:30:00,1.8506075
4556,2013-11-11 20:40:00,1.9106454
4556,2013-11-11 20:40:00,0.92530376
4556,2013-11-11 20:40:00,0.92530376
4556,2013-11-11 20:40:00,1.6523281
4556,2013-11-11 20:40:00,817.73804
4556,2013-11-11 20:40:00,4.6265187
4556,2013-11-11 20:40:00,6.7773156
4556,2013-11-11 20:50:00,1.9106454
4556,2013-11-11 20:50:00,1.9106454
4556,2013-11-11 20:50:00,688.2449
4556,2013-11-11 20:50:00,1.9106454
4556,2013-11-11 21:00:00,1.9106454
4556,2013-11-11 21:00:00,0.92530376
4556,2013-11-11 21:00:00,1.9706832
4556,2013-11-11 21:00:00,0.92530376
4556,2013-11-11 21:00:00,721.29974
4556,2013-11-11 21:00:00,1.9706832
4556,2013-11-11 21:10:00,0.9853416
4556,2013-11-11 21:10:00,0.9853416
4556,2013-11-11 21:10:00,1.9706832
4556,2013-11-11 21:10:00,1.7514678
4556,2013-11-11 21:10:00,891.0782
4556,2013-11-11 21:10:00,7.5225058
4556,2013-11-11 21:20:00,2.8359492
4556,2013-11-11 21:20:00,0.92530376
4556,2013-11-11 21:20:00,0.92530376
4556,2013-11-11 21:20:00,0.92530376
4556,2013-11-11 21:20:00,0.9853416
4556,2013-11-11 21:20:00,802.96625
4556,2013-11-11 21:20:00,2.895987
4556,2013-11-11 21:20:00,2.7759113
4556,2013-11-11 21:30:00,0.9853416
4556,2013-11-11 21:30:00,1.9106454
4556,2013-11-11 21:30:00,0.92530376
4556,2013-11-11 21:30:00,4.587417
4556,2013-11-11 21:30:00,776.98846
4556,2013-11-11 21:30:00,3.9413664
4556,2013-11-11 21:30:00,0.82616407
4556,2013-11-11 21:40:00,1.9106454
4556,2013-11-11 21:40:00,0.92530376
4556,2013-11-11 21:40:00,686.1291
4556,2013-11-11 21:40:00,0.92530376
4556,2013-11-11 21:50:00,0.9853416
4556,2013-11-11 21:50:00,899.29517
4556,2013-11-11 21:50:00,7.5853505
4556,2013-11-11 22:00:00,0.9853416
4556,2013-11-11 22:00:00,0.002807078
4556,2013-11-11 22:00:00,708.77496
4556,2013-11-11 22:00:00,6.668468
4556,2013-11-11 22:10:00,0.92530376
4556,2013-11-11 22:10:00,721.58105
4556,2013-11-11 22:10:00,1.9106454
4556,2013-11-11 22:20:00,787.50946
4556,2013-11-11 22:20:00,2.901601
4556,2013-11-11 22:30:00,0.82616407
4556,2013-11-11 22:30:00,717.22516
4556,2013-11-11 22:30:00,1.8506075
4556,2013-11-11 22:30:00,2.8359492
4556,2013-11-11 22:40:00,1.8506075
4556,2013-11-11 22:40:00,663.42584
4556,2013-11-11 22:40:00,1.9106454
4556,2013-11-11 22:50:00,776.08795
4556,2013-11-11 22:50:00,0.92530376
4556,2013-11-11 23:00:00,520.51294
4556,2013-11-11 23:00:00,0.92811084
4556,2013-11-11 23:10:00,515.65247
4556,2013-11-11 23:10:00,1.9106454
4556,2013-11-11 23:20:00,491.29547
4556,2013-11-11 23:30:00,474.85117
4556,2013-11-11 23:40:00,425.6606
4556,2013-11-11 23:50:00,0.92530376
4556,2013-11-11 23:50:00,397.98386
4556,2013-11-12 00:00:00,417.049
4556,2013-11-12 00:10:00,391.0958
4556,2013-11-12 00:20:00,476.94186
4556,2013-11-12 00:30:00,391.37094
4556,2013-11-12 00:40:00,380.44028
4556,2013-11-12 00:50:00,379.85315
4556,2013-11-12 01:00:00,346.85425
4556,2013-11-12 01:10:00,311.33096
4556,2013-11-12 01:20:00,331.17758
4556,2013-11-12 01:30:00,310.19763
4556,2013-11-12 01:40:00,304.61795
4556,2013-11-12 01:50:00,290.57645
4556,2013-11-12 02:00:00,285.91794
4556,2013-11-12 02:10:00,278.5989
4556,2013-11-12 02:20:00,275.89487
4556,2013-11-12 02:30:00,266.73587
4556,2013-11-12 02:40:00,243.67714
4556,2013-11-12 02:50:00,244.61726
4556,2013-11-12 03:00:00,261.80255
4556,2013-11-12 03:10:00,245.38988
4556,2013-11-12 03:20:00,219.02959
4556,2013-11-12 03:20:00,0.9853416
4556,2013-11-12 03:30:00,250.44664
4556,2013-11-12 03:40:00,241.65935
4556,2013-11-12 03:50:00,215.65082
4556,2013-11-12 04:00:00,252.08926
4556,2013-11-12 04:10:00,253.85457
4556,2013-11-12 04:20:00,237.0319
4556,2013-11-12 04:30:00,237.66376
4556,2013-11-12 04:40:00,249.91882
4556,2013-11-12 04:50:00,269.21646
4556,2013-11-12 05:00:00,353.17865
4556,2013-11-12 05:10:00,258.86316
4556,2013-11-12 05:10:00,0.9853416
4556,2013-11-12 05:20:00,274.97772
4556,2013-11-12 05:30:00,0.002807078
4556,2013-11-12 05:30:00,0.002807078
4556,2013-11-12 05:30:00,340.27798
4556,2013-11-12 05:40:00,325.8593
4556,2013-11-12 05:40:00,0.9853416
4556,2013-11-12 05:50:00,317.1985
4556,2013-11-12 06:00:00,329.67386
4556,2013-11-12 06:10:00,312.62897
4556,2013-11-12 06:20:00,394.98758
4556,2013-11-12 06:30:00,0.002807078
4556,2013-11-12 06:30:00,464.35675
4556,2013-11-12 06:40:00,468.454
4556,2013-11-12 06:50:00,0.9881487
4556,2013-11-12 06:50:00,450.72397
4556,2013-11-12 07:00:00,0.92530376
4556,2013-11-12 07:00:00,2.956025
4556,2013-11-12 07:00:00,510.93967
4556,2013-11-12 07:10:00,0.92530376
4556,2013-11-12 07:10:00,529.3596
4556,2013-11-12 07:20:00,0.92530376
4556,2013-11-12 07:20:00,523.6585
4556,2013-11-12 07:20:00,0.82616407
4556,2013-11-12 07:30:00,0.82616407
4556,2013-11-12 07:30:00,523.3237
4556,2013-11-12 07:40:00,0.92811084
4556,2013-11-12 07:40:00,0.002807078
4556,2013-11-12 07:40:00,590.5624
4556,2013-11-12 07:40:00,0.002807078
4556,2013-11-12 07:50:00,1.8506075
4556,2013-11-12 07:50:00,601.8586
4556,2013-11-12 08:00:00,0.92530376
4556,2013-11-12 08:00:00,636.1582
4556,2013-11-12 08:00:00,0.9853416
4556,2013-11-12 08:10:00,0.92530376
4556,2013-11-12 08:10:00,556.2215
4556,2013-11-12 08:20:00,560.17566
4556,2013-11-12 08:30:00,0.92811084
4556,2013-11-12 08:30:00,0.82897115
4556,2013-11-12 08:30:00,604.39746
4556,2013-11-12 08:40:00,0.92530376
4556,2013-11-12 08:40:00,533.5627
4556,2013-11-12 08:40:00,0.002807078
4556,2013-11-12 08:50:00,599.71277
4556,2013-11-12 09:00:00,1.8506075
4556,2013-11-12 09:00:00,608.2539
4556,2013-11-12 09:10:00,538.65497
4556,2013-11-12 09:20:00,531.40094
4556,2013-11-12 09:30:00,508.87265
4556,2013-11-12 09:30:00,1.9106454
4556,2013-11-12 09:40:00,497.60092
4556,2013-11-12 09:40:00,0.9853416
4556,2013-11-12 09:50:00,570.76105
4556,2013-11-12 09:50:00,0.9881487
4556,2013-11-12 10:00:00,476.4642
4556,2013-11-12 10:10:00,491.5887
4556,2013-11-12 10:10:00,0.92530376
4556,2013-11-12 10:10:00,0.9853416
4556,2013-11-12 10:20:00,0.92530376
4556,2013-11-12 10:20:00,529.27405
4556,2013-11-12 10:20:00,0.9853416
4556,2013-11-12 10:30:00,429.96994
4556,2013-11-12 10:40:00,0.9853416
4556,2013-11-12 10:40:00,612.2771
4556,2013-11-12 10:40:00,0.9853416
4556,2013-11-12 10:50:00,552.9537
4556,2013-11-12 11:00:00,0.002807078
4556,2013-11-12 11:00:00,669.5748
4556,2013-11-12 11:00:00,0.9881487
4556,2013-11-12 11:10:00,716.3743
4556,2013-11-12 11:10:00,0.92530376
4556,2013-11-12 11:20:00,0.82897115
4556,2013-11-12 11:20:00,0.9853416
4556,2013-11-12 11:20:00,704.393
4556,2013-11-12 11:20:00,0.9853416
4556,2013-11-12 11:20:00,0.9853416
4556,2013-11-12 11:30:00,0.002807078
4556,2013-11-12 11:30:00,0.9853416
4556,2013-11-12 11:30:00,578.668
4556,2013-11-12 11:30:00,0.002807078
4556,2013-11-12 11:40:00,0.005614156
4556,2013-11-12 11:40:00,774.0596
4556,2013-11-12 11:40:00,0.002807078
4556,2013-11-12 11:50:00,0.002807078
4556,2013-11-12 11:50:00,0.002807078
4556,2013-11-12 11:50:00,518.0637
4556,2013-11-12 11:50:00,0.9853416
4556,2013-11-12 11:50:00,0.92530376
4556,2013-11-12 12:00:00,657.95575
4556,2013-11-12 12:00:00,2.6767716
4556,2013-11-12 12:00:00,0.002807078
4556,2013-11-12 12:10:00,719.1293
4556,2013-11-12 12:10:00,0.9853416
4556,2013-11-12 12:20:00,0.002807078
4556,2013-11-12 12:20:00,685.538
4556,2013-11-12 12:30:00,0.002807078
4556,2013-11-12 12:30:00,614.6002
4556,2013-11-12 12:40:00,1.9106454
4556,2013-11-12 12:40:00,774.6181
4556,2013-11-12 12:40:00,1.9106454
4556,2013-11-12 12:40:00,0.002807078
4556,2013-11-12 12:50:00,0.92530376
4556,2013-11-12 12:50:00,0.9853416
4556,2013-11-12 12:50:00,625.56165
4556,2013-11-12 12:50:00,0.92530376
4556,2013-11-12 12:50:00,0.002807078
4556,2013-11-12 13:00:00,819.546
4556,2013-11-12 13:00:00,0.002807078
4556,2013-11-12 13:10:00,0.002807078
4556,2013-11-12 13:10:00,664.17236
4556,2013-11-12 13:10:00,0.82616407
4556,2013-11-12 13:10:00,0.92530376
4556,2013-11-12 13:20:00,535.5208
4556,2013-11-12 13:30:00,0.002807078
4556,2013-11-12 13:30:00,644.278
4556,2013-11-12 13:30:00,0.82616407
4556,2013-11-12 13:40:00,0.9853416
4556,2013-11-12 13:40:00,0.92530376
4556,2013-11-12 13:40:00,629.64185
4556,2013-11-12 13:40:00,0.9853416
4556,2013-11-12 13:50:00,0.92530376
4556,2013-11-12 13:50:00,643.622
4556,2013-11-12 13:50:00,0.9853416
4556,2013-11-12 14:00:00,0.92530376
4556,2013-11-12 14:00:00,657.30023
4556,2013-11-12 14:00:00,0.002807078
4556,2013-11-12 14:10:00,603.7836
4556,2013-11-12 14:20:00,568.5885
4556,2013-11-12 14:30:00,615.4201
4556,2013-11-12 14:40:00,642.3711
4556,2013-11-12 14:40:00,0.002807078
4556,2013-11-12 14:50:00,638.9578
4556,2013-11-12 15:00:00,555.16974
4556,2013-11-12 15:00:00,1.7514678
4556,2013-11-12 15:10:00,599.7145
4556,2013-11-12 15:10:00,1.6523281
4556,2013-11-12 15:10:00,0.9853416
4556,2013-11-12 15:20:00,0.002807078
4556,2013-11-12 15:20:00,616.5475
4556,2013-11-12 15:20:00,0.9853416
4556,2013-11-12 15:30:00,0.92530376
4556,2013-11-12 15:30:00,533.09656
4556,2013-11-12 15:40:00,0.92530376
4556,2013-11-12 15:40:00,0.002807078
4556,2013-11-12 15:40:00,580.1582
4556,2013-11-12 15:50:00,0.92530376
4556,2013-11-12 15:50:00,608.25836
4556,2013-11-12 15:50:00,0.9853416
4556,2013-11-12 16:00:00,848.9881
4556,2013-11-12 16:00:00,0.92530376
4556,2013-11-12 16:10:00,4.6474547
4556,2013-11-12 16:10:00,714.9067
4556,2013-11-12 16:10:00,1.7514678
4556,2013-11-12 16:20:00,0.82616407
4556,2013-11-12 16:20:00,1.9106454
4556,2013-11-12 16:20:00,624.5039
4556,2013-11-12 16:30:00,3.8212907
4556,2013-11-12 16:30:00,569.30054
4556,2013-11-12 16:40:00,744.8732
4556,2013-11-12 16:50:00,0.9309179
4556,2013-11-12 16:50:00,579.4427
4556,2013-11-12 16:50:00,1.7514678
4556,2013-11-12 17:00:00,0.9853416
4556,2013-11-12 17:00:00,584.58453
4556,2013-11-12 17:10:00,0.002807078
4556,2013-11-12 17:10:00,0.92530376
4556,2013-11-12 17:10:00,0.002807078
4556,2013-11-12 17:10:00,712.7753
4556,2013-11-12 17:20:00,0.002807078
4556,2013-11-12 17:20:00,672.27435
4556,2013-11-12 17:30:00,0.92811084
4556,2013-11-12 17:30:00,751.03723
4556,2013-11-12 17:30:00,0.92530376
4556,2013-11-12 17:40:00,725.1469
4556,2013-11-12 17:40:00,0.9853416
4556,2013-11-12 17:50:00,843.2927
4556,2013-11-12 17:50:00,0.92530376
4556,2013-11-12 17:50:00,1.9106454
4556,2013-11-12 18:00:00,0.92530376
4556,2013-11-12 18:00:00,1.7542748
4556,2013-11-12 18:00:00,706.9232
4556,2013-11-12 18:10:00,0.92530376
4556,2013-11-12 18:10:00,1.7514678
4556,2013-11-12 18:10:00,601.13184
4556,2013-11-12 18:20:00,597.5554
4556,2013-11-12 18:30:00,0.92530376
4556,2013-11-12 18:30:00,1.9106454
4556,2013-11-12 18:30:00,0.002807078
4556,2013-11-12 18:30:00,658.6442
4556,2013-11-12 18:30:00,0.9853416
4556,2013-11-12 18:40:00,0.92530376
4556,2013-11-12 18:40:00,665.05194
4556,2013-11-12 18:40:00,0.92530376
4556,2013-11-12 18:50:00,0.9853416
4556,2013-11-12 18:50:00,0.002807078
4556,2013-11-12 18:50:00,0.92530376
4556,2013-11-12 18:50:00,706.75354
4556,2013-11-12 18:50:00,1.9106454
4556,2013-11-12 19:00:00,0.9853416
4556,2013-11-12 19:00:00,869.22
4556,2013-11-12 19:10:00,0.92530376
4556,2013-11-12 19:10:00,0.92530376
4556,2013-11-12 19:10:00,1.9106454
4556,2013-11-12 19:10:00,757.73444
4556,2013-11-12 19:10:00,0.92530376
4556,2013-11-12 19:20:00,3.7612529
4556,2013-11-12 19:20:00,3.8240979
4556,2013-11-12 19:20:00,0.92530376
4556,2013-11-12 19:20:00,954.4102
4556,2013-11-12 19:20:00,0.92530376
4556,2013-11-12 19:30:00,0.92530376
4556,2013-11-12 19:30:00,0.92530376
4556,2013-11-12 19:30:00,980.52966
4556,2013-11-12 19:30:00,0.9881487
4556,2013-11-12 19:30:00,1.9734904
4556,2013-11-12 19:40:00,0.92530376
4556,2013-11-12 19:40:00,1330.7998
4556,2013-11-12 19:50:00,7.882733
4556,2013-11-12 19:50:00,2.8359492
4556,2013-11-12 19:50:00,0.92530376
4556,2013-11-12 19:50:00,0.9853416
4556,2013-11-12 19:50:00,0.9853416
4556,2013-11-12 19:50:00,949.685
4556,2013-11-12 20:00:00,0.92530376
4556,2013-11-12 20:00:00,0.92811084
4556,2013-11-12 20:00:00,0.92811084
4556,2013-11-12 20:00:00,3.6621132
4556,2013-11-12 20:00:00,792.2257
4556,2013-11-12 20:00:00,1.9106454
4556,2013-11-12 20:10:00,1.9106454
4556,2013-11-12 20:10:00,0.92811084
4556,2013-11-12 20:10:00,879.07086
4556,2013-11-12 20:10:00,1.9106454
4556,2013-11-12 20:10:00,0.002807078
4556,2013-11-12 20:20:00,2.895987
4556,2013-11-12 20:20:00,2.895987
4556,2013-11-12 20:20:00,803.1578
4556,2013-11-12 20:30:00,0.92811084
4556,2013-11-12 20:30:00,0.9853416
4556,2013-11-12 20:30:00,2.895987
4556,2013-11-12 20:30:00,776.24274
4556,2013-11-12 20:30:00,1.7514678
4556,2013-11-12 20:40:00,0.002807078
4556,2013-11-12 20:40:00,0.92530376
4556,2013-11-12 20:40:00,797.9264
4556,2013-11-12 20:40:00,0.9853416
4556,2013-11-12 20:40:00,1.7542748
4556,2013-11-12 20:40:00,0.9853416
4556,2013-11-12 20:50:00,3.8212907
4556,2013-11-12 20:50:00,0.002807078
4556,2013-11-12 20:50:00,2.8987942
4556,2013-11-12 20:50:00,2.8387563
4556,2013-11-12 20:50:00,818.9035
4556,2013-11-12 20:50:00,0.82616407
4556,2013-11-12 20:50:00,0.92530376
4556,2013-11-12 21:00:00,1.9106454
4556,2013-11-12 21:00:00,1.9106454
4556,2013-11-12 21:00:00,926.0421
4556,2013-11-12 21:00:00,0.92530376
4556,2013-11-12 21:10:00,0.002807078
4556,2013-11-12 21:10:00,1.9106454
4556,2013-11-12 21:10:00,0.92811084
4556,2013-11-12 21:10:00,803.5466
4556,2013-11-12 21:10:00,0.9853416
4556,2013-11-12 21:20:00,0.92530376
4556,2013-11-12 21:20:00,4.650262
4556,2013-11-12 21:20:00,855.0752
4556,2013-11-12 21:20:00,0.92530376
4556,2013-11-12 21:20:00,0.9853416
4556,2013-11-12 21:30:00,2.895987
4556,2013-11-12 21:30:00,1.9134525
4556,2013-11-12 21:30:00,2.895987
4556,2013-11-12 21:30:00,918.49304
4556,2013-11-12 21:30:00,2.895987
4556,2013-11-12 21:40:00,3.8212907
4556,2013-11-12 21:40:00,2.8387563
4556,2013-11-12 21:40:00,0.92530376
4556,2013-11-12 21:40:00,833.0644
4556,2013-11-12 21:40:00,2.895987
4556,2013-11-12 21:50:00,0.92530376
4556,2013-11-12 21:50:00,3.8212907
4556,2013-11-12 21:50:00,1.9106454
4556,2013-11-12 21:50:00,822.96216
4556,2013-11-12 21:50:00,1.9106454
4556,2013-11-12 22:00:00,0.92530376
4556,2013-11-12 22:00:00,2.8987942
4556,2013-11-12 22:00:00,0.82616407
4556,2013-11-12 22:00:00,842.8485
4556,2013-11-12 22:00:00,0.92530376
4556,2013-11-12 22:10:00,902.3438
4556,2013-11-12 22:10:00,0.92811084
4556,2013-11-12 22:20:00,824.37286
4556,2013-11-12 22:20:00,0.92530376
4556,2013-11-12 22:30:00,687.33685
4556,2013-11-12 22:30:00,1.8506075
4556,2013-11-12 22:40:00,1.7514678
4556,2013-11-12 22:40:00,1002.9984
4556,2013-11-12 22:40:00,6.7172775
4556,2013-11-12 22:40:00,0.002807078
4556,2013-11-12 22:50:00,0.92530376
4556,2013-11-12 22:50:00,767.12964
4556,2013-11-12 22:50:00,2.7759113
4556,2013-11-12 23:00:00,632.0197
4556,2013-11-12 23:10:00,594.85944
4556,2013-11-12 23:10:00,0.9853416
4556,2013-11-12 23:20:00,595.50464
4556,2013-11-12 23:30:00,505.57346
4556,2013-11-12 23:40:00,541.6314
4556,2013-11-12 23:40:00,1.9106454
4556,2013-11-12 23:50:00,478.7299
4556,2013-11-13 00:00:00,415.49377
4556,2013-11-13 00:10:00,466.21368
4556,2013-11-13 00:20:00,389.85983
4556,2013-11-13 00:30:00,355.04712
4556,2013-11-13 00:40:00,388.4254
4556,2013-11-13 00:50:00,383.88943
4556,2013-11-13 01:00:00,374.82343
4556,2013-11-13 01:10:00,351.2081
4556,2013-11-13 01:20:00,331.94656
4556,2013-11-13 01:30:00,305.29813
4556,2013-11-13 01:40:00,337.58908
4556,2013-11-13 01:50:00,306.9224
4556,2013-11-13 02:00:00,264.3541
4556,2013-11-13 02:00:00,0.9853416
4556,2013-11-13 02:10:00,290.8576
4556,2013-11-13 02:20:00,268.6698
4556,2013-11-13 02:30:00,255.24344
4556,2013-11-13 02:40:00,288.82596
4556,2013-11-13 02:50:00,273.79446
4556,2013-11-13 03:00:00,253.24617
4556,2013-11-13 03:10:00,266.02383
4556,2013-11-13 03:20:00,259.27383
4556,2013-11-13 03:30:00,243.59248
4556,2013-11-13 03:40:00,249.89307
4556,2013-11-13 03:50:00,241.85225
4556,2013-11-13 04:00:00,238.07973
4556,2013-11-13 04:10:00,251.38754
4556,2013-11-13 04:20:00,223.46234
4556,2013-11-13 04:30:00,253.73308
4556,2013-11-13 04:40:00,256.1332
4556,2013-11-13 04:50:00,249.15482
4556,2013-11-13 05:00:00,275.9813
4556,2013-11-13 05:10:00,284.57092
4556,2013-11-13 05:20:00,261.185
4556,2013-11-13 05:30:00,0.002807078
4556,2013-11-13 05:30:00,236.70103
4556,2013-11-13 05:40:00,279.4848
4556,2013-11-13 05:40:00,0.9853416
4556,2013-11-13 05:50:00,288.6845
4556,2013-11-13 06:00:00,267.45135
4556,2013-11-13 06:00:00,0.9853416
4556,2013-11-13 06:10:00,333.06924
4556,2013-11-13 06:20:00,329.51007
4556,2013-11-13 06:30:00,324.64584
4556,2013-11-13 06:40:00,493.46194
4556,2013-11-13 06:40:00,0.82616407
4556,2013-11-13 06:50:00,436.9446
4556,2013-11-13 07:00:00,0.9853416
4556,2013-11-13 07:00:00,484.3411
4556,2013-11-13 07:10:00,536.405
4556,2013-11-13 07:20:00,568.8837
4556,2013-11-13 07:30:00,0.92530376
4556,2013-11-13 07:30:00,0.92530376
4556,2013-11-13 07:30:00,617.45013
4556,2013-11-13 07:40:00,0.92530376
4556,2013-11-13 07:40:00,0.002807078
4556,2013-11-13 07:40:00,728.2157
4556,2013-11-13 07:50:00,0.92530376
4556,2013-11-13 07:50:00,0.002807078
4556,2013-11-13 07:50:00,703.1984
4556,2013-11-13 08:00:00,0.002807078
4556,2013-11-13 08:00:00,529.8228
4556,2013-11-13 08:10:00,1.8506075
4556,2013-11-13 08:10:00,579.806
4556,2013-11-13 08:20:00,0.92530376
4556,2013-11-13 08:20:00,626.75323
4556,2013-11-13 08:30:00,565.62915
4556,2013-11-13 08:40:00,0.002807078
4556,2013-11-13 08:40:00,567.3973
4556,2013-11-13 08:40:00,0.9853416
4556,2013-11-13 08:50:00,627.65753
4556,2013-11-13 09:00:00,0.002807078
4556,2013-11-13 09:00:00,473.53748
4556,2013-11-13 09:10:00,580.8244
4556,2013-11-13 09:20:00,0.82616407
4556,2013-11-13 09:20:00,603.79364
4556,2013-11-13 09:30:00,430.24973
4556,2013-11-13 09:30:00,0.82616407
4556,2013-11-13 09:30:00,0.9853416
4556,2013-11-13 09:40:00,0.002807078
4556,2013-11-13 09:40:00,518.7791
4556,2013-11-13 09:40:00,0.9853416
4556,2013-11-13 09:50:00,533.53955
4556,2013-11-13 09:50:00,0.82616407
4556,2013-11-13 10:00:00,0.008421234
4556,2013-11-13 10:00:00,466.3139
4556,2013-11-13 10:10:00,0.002807078
4556,2013-11-13 10:10:00,587.2267
4556,2013-11-13 10:10:00,0.9881487
4556,2013-11-13 10:20:00,0.002807078
4556,2013-11-13 10:20:00,525.2835
4556,2013-11-13 10:20:00,0.9853416
4556,2013-11-13 10:30:00,0.005614156
4556,2013-11-13 10:30:00,510.86523
4556,2013-11-13 10:40:00,545.3896
4556,2013-11-13 10:50:00,511.30588
4556,2013-11-13 11:00:00,492.65378
4556,2013-11-13 11:00:00,0.92530376
4556,2013-11-13 11:10:00,567.2746
4556,2013-11-13 11:10:00,0.9853416
4556,2013-11-13 11:20:00,570.20197
4556,2013-11-13 11:30:00,0.9853416
4556,2013-11-13 11:30:00,1.9106454
4556,2013-11-13 11:30:00,632.13257
4556,2013-11-13 11:40:00,0.92530376
4556,2013-11-13 11:40:00,537.4906
4556,2013-11-13 11:50:00,0.9853416
4556,2013-11-13 11:50:00,598.7354
4556,2013-11-13 11:50:00,0.9853416
4556,2013-11-13 12:00:00,559.0527
4556,2013-11-13 12:10:00,582.685
4556,2013-11-13 12:10:00,0.92530376
4556,2013-11-13 12:20:00,0.9853416
4556,2013-11-13 12:20:00,603.01996
4556,2013-11-13 12:30:00,634.76764
4556,2013-11-13 12:30:00,0.92530376
4556,2013-11-13 12:40:00,760.15594
4556,2013-11-13 12:40:00,0.82616407
4556,2013-11-13 12:50:00,0.002807078
4556,2013-11-13 12:50:00,636.81116
4556,2013-11-13 13:00:00,562.5786
4556,2013-11-13 13:10:00,0.92530376
4556,2013-11-13 13:10:00,792.4312
4556,2013-11-13 13:20:00,616.92615
4556,2013-11-13 13:30:00,580.68036
4556,2013-11-13 13:30:00,0.9853416
4556,2013-11-13 13:30:00,0.9853416
4556,2013-11-13 13:40:00,0.82616407
4556,2013-11-13 13:40:00,587.8127
4556,2013-11-13 13:40:00,0.92530376
4556,2013-11-13 13:40:00,0.82616407
4556,2013-11-13 13:50:00,746.06824
4556,2013-11-13 13:50:00,0.92530376
4556,2013-11-13 14:00:00,663.62506
4556,2013-11-13 14:00:00,0.002807078
4556,2013-11-13 14:10:00,672.5079
4556,2013-11-13 14:20:00,557.47705
4556,2013-11-13 14:30:00,0.9853416
4556,2013-11-13 14:30:00,586.82104
4556,2013-11-13 14:40:00,0.92530376
4556,2013-11-13 14:40:00,1.9106454
4556,2013-11-13 14:40:00,771.2588
4556,2013-11-13 14:50:00,597.1319
4556,2013-11-13 14:50:00,0.002807078
4556,2013-11-13 15:00:00,616.1006
4556,2013-11-13 15:10:00,0.92530376
4556,2013-11-13 15:10:00,0.002807078
4556,2013-11-13 15:10:00,660.50696
4556,2013-11-13 15:10:00,0.92530376
4556,2013-11-13 15:20:00,693.5765
4556,2013-11-13 15:30:00,0.002807078
4556,2013-11-13 15:30:00,677.9371
4556,2013-11-13 15:30:00,0.002807078
4556,2013-11-13 15:40:00,2.956025
4556,2013-11-13 15:40:00,583.4327
4556,2013-11-13 15:40:00,0.002807078
4556,2013-11-13 15:40:00,0.9853416
4556,2013-11-13 15:50:00,579.2274
4556,2013-11-13 15:50:00,0.9853416
4556,2013-11-13 15:50:00,0.9853416
4556,2013-11-13 16:00:00,655.2119
4556,2013-11-13 16:10:00,0.92530376
4556,2013-11-13 16:10:00,693.0817
4556,2013-11-13 16:10:00,0.9881487
4556,2013-11-13 16:20:00,601.8791
4556,2013-11-13 16:30:00,599.6249
4556,2013-11-13 16:30:00,0.9853416
4556,2013-11-13 16:40:00,740.9023
4556,2013-11-13 16:40:00,0.99376285
4556,2013-11-13 16:50:00,760.71063
4556,2013-11-13 16:50:00,0.99095577
4556,2013-11-13 17:00:00,736.52686
4556,2013-11-13 17:10:00,1.9106454
4556,2013-11-13 17:10:00,757.6766
4556,2013-11-13 17:20:00,0.92530376
4556,2013-11-13 17:20:00,710.06024
4556,2013-11-13 17:20:00,0.002807078
4556,2013-11-13 17:30:00,888.8937
4556,2013-11-13 17:40:00,779.7119
4556,2013-11-13 17:50:00,719.74274
4556,2013-11-13 18:00:00,0.92530376
4556,2013-11-13 18:00:00,670.87286
4556,2013-11-13 18:00:00,0.9853416
4556,2013-11-13 18:00:00,0.002807078
4556,2013-11-13 18:10:00,0.002807078
4556,2013-11-13 18:10:00,730.2653
4556,2013-11-13 18:10:00,0.9853416
4556,2013-11-13 18:20:00,0.92530376
4556,2013-11-13 18:20:00,798.4455
4556,2013-11-13 18:20:00,0.9853416
4556,2013-11-13 18:20:00,0.9853416
4556,2013-11-13 18:30:00,0.92530376
4556,2013-11-13 18:30:00,798.34906
4556,2013-11-13 18:30:00,0.92530376
4556,2013-11-13 18:30:00,0.002807078
4556,2013-11-13 18:40:00,878.90424
4556,2013-11-13 18:40:00,1.9106454
4556,2013-11-13 18:40:00,1.8115057
4556,2013-11-13 18:50:00,0.92530376
4556,2013-11-13 18:50:00,1.9106454
4556,2013-11-13 18:50:00,738.218
4556,2013-11-13 18:50:00,0.002807078
4556,2013-11-13 18:50:00,1.9106454
4556,2013-11-13 18:50:00,1.9734904
4556,2013-11-13 19:00:00,0.9853416
4556,2013-11-13 19:00:00,2.6767716
4556,2013-11-13 19:00:00,814.3387
4556,2013-11-13 19:00:00,0.9853416
4556,2013-11-13 19:00:00,0.92530376
4556,2013-11-13 19:00:00,1.9106454
4556,2013-11-13 19:10:00,0.9853416
4556,2013-11-13 19:10:00,739.08777
4556,2013-11-13 19:10:00,0.9853416
4556,2013-11-13 19:10:00,0.9853416
4556,2013-11-13 19:10:00,0.002807078
4556,2013-11-13 19:20:00,0.92530376
4556,2013-11-13 19:20:00,778.3003
4556,2013-11-13 19:20:00,3.6048825
4556,2013-11-13 19:30:00,1.9106454
4556,2013-11-13 19:30:00,982.5674
4556,2013-11-13 19:30:00,0.82616407
4556,2013-11-13 19:30:00,0.9853416
4556,2013-11-13 19:30:00,1.9706832
4556,2013-11-13 19:40:00,850.86395
4556,2013-11-13 19:40:00,0.9853416
4556,2013-11-13 19:40:00,0.9853416
4556,2013-11-13 19:40:00,0.002807078
4556,2013-11-13 19:50:00,0.9853416
4556,2013-11-13 19:50:00,1.8506075
4556,2013-11-13 19:50:00,837.40375
4556,2013-11-13 19:50:00,0.92530376
4556,2013-11-13 19:50:00,1.9706832
4556,2013-11-13 19:50:00,3.8813286
4556,2013-11-13 20:00:00,0.92530376
4556,2013-11-13 20:00:00,0.92530376
4556,2013-11-13 20:00:00,0.9853416
4556,2013-11-13 20:00:00,0.002807078
4556,2013-11-13 20:00:00,962.7223
4556,2013-11-13 20:00:00,2.6767716
4556,2013-11-13 20:00:00,3.8212907
4556,2013-11-13 20:10:00,0.92530376
4556,2013-11-13 20:10:00,0.92530376
4556,2013-11-13 20:10:00,968.6354
4556,2013-11-13 20:10:00,2.8359492
4556,2013-11-13 20:10:00,0.92530376
4556,2013-11-13 20:20:00,0.9853416
4556,2013-11-13 20:20:00,1.9106454
4556,2013-11-13 20:20:00,976.6512
4556,2013-11-13 20:20:00,8.153197
4556,2013-11-13 20:20:00,6.7172775
4556,2013-11-13 20:20:00,0.002807078
4556,2013-11-13 20:30:00,994.00757
4556,2013-11-13 20:30:00,5.5127206
4556,2013-11-13 20:40:00,0.92530376
4556,2013-11-13 20:40:00,0.92530376
4556,2013-11-13 20:40:00,0.9853416
4556,2013-11-13 20:40:00,1016.7283
4556,2013-11-13 20:40:00,4.6474547
4556,2013-11-13 20:50:00,0.92530376
4556,2013-11-13 20:50:00,0.002807078
4556,2013-11-13 20:50:00,1046.1941
4556,2013-11-13 20:50:00,2.8387563
4556,2013-11-13 21:00:00,1.9706832
4556,2013-11-13 21:00:00,0.92530376
4556,2013-11-13 21:00:00,0.92530376
4556,2013-11-13 21:00:00,0.002807078
4556,2013-11-13 21:00:00,936.5478
4556,2013-11-13 21:00:00,0.002807078
4556,2013-11-13 21:00:00,3.7612529
4556,2013-11-13 21:10:00,0.9853416
4556,2013-11-13 21:10:00,0.005614156
4556,2013-11-13 21:10:00,991.04675
4556,2013-11-13 21:10:00,0.9853416
4556,2013-11-13 21:20:00,0.002807078
4556,2013-11-13 21:20:00,958.3628
4556,2013-11-13 21:20:00,0.92811084
4556,2013-11-13 21:20:00,0.9853416
4556,2013-11-13 21:30:00,0.9853416
4556,2013-11-13 21:30:00,0.9853416
4556,2013-11-13 21:30:00,0.002807078
4556,2013-11-13 21:30:00,910.2542
4556,2013-11-13 21:30:00,4.4882774
4556,2013-11-13 21:40:00,0.9853416
4556,2013-11-13 21:40:00,0.92530376
4556,2013-11-13 21:40:00,0.005614156
4556,2013-11-13 21:40:00,1063.4512
4556,2013-11-13 21:40:00,0.9853416
4556,2013-11-13 21:50:00,0.9853416
4556,2013-11-13 21:50:00,1.9106454
4556,2013-11-13 21:50:00,985.4966
4556,2013-11-13 21:50:00,0.005614156
4556,2013-11-13 21:50:00,0.9853416
4556,2013-11-13 21:50:00,2.7368095
4556,2013-11-13 22:00:00,0.92530376
4556,2013-11-13 22:00:00,912.2554
4556,2013-11-13 22:00:00,1.8143128
4556,2013-11-13 22:00:00,0.9853416
4556,2013-11-13 22:00:00,0.002807078
4556,2013-11-13 22:10:00,0.92530376
4556,2013-11-13 22:10:00,1030.2603
4556,2013-11-13 22:10:00,2.8359492
4556,2013-11-13 22:10:00,4.4491754
4556,2013-11-13 22:10:00,0.9853416
4556,2013-11-13 22:20:00,0.92530376
4556,2013-11-13 22:20:00,1.9106454
4556,2013-11-13 22:20:00,993.6328
4556,2013-11-13 22:20:00,1.9134525
4556,2013-11-13 22:20:00,3.722151
4556,2013-11-13 22:20:00,0.002807078
4556,2013-11-13 22:30:00,948.80676
4556,2013-11-13 22:30:00,0.9881487
4556,2013-11-13 22:30:00,3.8813286
4556,2013-11-13 22:30:00,0.002807078
4556,2013-11-13 22:40:00,0.92530376
4556,2013-11-13 22:40:00,1083.8882
4556,2013-11-13 22:40:00,0.92530376
4556,2013-11-13 22:50:00,2.7759113
4556,2013-11-13 22:50:00,838.25055
4556,2013-11-13 22:50:00,1.7514678
4556,2013-11-13 23:00:00,747.88025
4556,2013-11-13 23:00:00,0.9853416
4556,2013-11-13 23:10:00,916.7443
4556,2013-11-13 23:10:00,0.9881487
4556,2013-11-13 23:20:00,0.002807078
4556,2013-11-13 23:20:00,806.1987
4556,2013-11-13 23:20:00,0.9881487
4556,2013-11-13 23:30:00,706.80853
4556,2013-11-13 23:30:00,0.9881487
4556,2013-11-13 23:40:00,0.002807078
4556,2013-11-13 23:40:00,764.9224
4556,2013-11-13 23:50:00,701.73334
4556,2013-11-14 00:00:00,698.83215
4556,2013-11-14 00:00:00,0.002807078
4556,2013-11-14 00:10:00,608.7475
4556,2013-11-14 00:10:00,0.99656993
4556,2013-11-14 00:20:00,477.28082
4556,2013-11-14 00:20:00,0.92530376
4556,2013-11-14 00:30:00,478.02493
4556,2013-11-14 00:40:00,444.1765
4556,2013-11-14 00:50:00,0.92530376
4556,2013-11-14 00:50:00,428.5211
4556,2013-11-14 01:00:00,397.26224
4556,2013-11-14 01:00:00,2.8359492
4556,2013-11-14 01:00:00,0.9853416
4556,2013-11-14 01:10:00,377.8617
4556,2013-11-14 01:10:00,5.731936
4556,2013-11-14 01:20:00,365.3311
4556,2013-11-14 01:20:00,0.9853416
4556,2013-11-14 01:20:00,0.92530376
4556,2013-11-14 01:30:00,334.04648
4556,2013-11-14 01:30:00,0.92530376
4556,2013-11-14 01:30:00,1.9106454
4556,2013-11-14 01:40:00,365.93866
4556,2013-11-14 01:50:00,372.5937
4556,2013-11-14 01:50:00,1.9106454
4556,2013-11-14 01:50:00,0.92530376
4556,2013-11-14 02:00:00,345.3734
4556,2013-11-14 02:10:00,337.7286
4556,2013-11-14 02:10:00,4.8066325
4556,2013-11-14 02:20:00,307.8546
4556,2013-11-14 02:20:00,2.8359492
4556,2013-11-14 02:20:00,0.9853416
4556,2013-11-14 02:30:00,290.35028
4556,2013-11-14 02:30:00,8.567885
4556,2013-11-14 02:40:00,316.08786
4556,2013-11-14 02:40:00,8.567885
4556,2013-11-14 02:40:00,0.92530376
4556,2013-11-14 02:50:00,286.49158
4556,2013-11-14 02:50:00,10.5385685
4556,2013-11-14 03:00:00,282.3992
4556,2013-11-14 03:00:00,7.6425815
4556,2013-11-14 03:10:00,285.2889
4556,2013-11-14 03:10:00,0.9853416
4556,2013-11-14 03:20:00,256.54822
4556,2013-11-14 03:20:00,6.498062
4556,2013-11-14 03:20:00,0.92530376
4556,2013-11-14 03:30:00,0.9853416
4556,2013-11-14 03:30:00,263.2778
4556,2013-11-14 03:30:00,1.9106454
4556,2013-11-14 03:40:00,261.95374
4556,2013-11-14 03:40:00,0.9853416
4556,2013-11-14 03:50:00,275.89575
4556,2013-11-14 03:50:00,5.6718984
4556,2013-11-14 04:00:00,243.63002
4556,2013-11-14 04:10:00,257.3622
4556,2013-11-14 04:20:00,261.90915
4556,2013-11-14 04:30:00,282.5891
4556,2013-11-14 04:40:00,251.57993
4556,2013-11-14 04:50:00,242.29436
4556,2013-11-14 05:00:00,292.60794
4556,2013-11-14 05:10:00,262.69522
4556,2013-11-14 05:20:00,319.30966
4556,2013-11-14 05:30:00,0.002807078
4556,2013-11-14 05:30:00,297.7766
4556,2013-11-14 05:40:00,289.33636
4556,2013-11-14 05:50:00,319.2234
4556,2013-11-14 06:00:00,322.7533
4556,2013-11-14 06:10:00,361.3332
4556,2013-11-14 06:10:00,1.9706832
4556,2013-11-14 06:20:00,407.78192
4556,2013-11-14 06:30:00,430.27405
4556,2013-11-14 06:40:00,0.9853416
4556,2013-11-14 06:40:00,485.17908
4556,2013-11-14 06:40:00,0.002807078
4556,2013-11-14 06:50:00,0.82616407
4556,2013-11-14 06:50:00,407.69455
4556,2013-11-14 07:00:00,0.9853416
4556,2013-11-14 07:00:00,556.19934
4556,2013-11-14 07:10:00,622.94916
4556,2013-11-14 07:20:00,1.9706832
4556,2013-11-14 07:20:00,599.7072
4556,2013-11-14 07:30:00,0.92530376
4556,2013-11-14 07:30:00,622.4156
4556,2013-11-14 07:40:00,0.002807078
4556,2013-11-14 07:40:00,0.92530376
4556,2013-11-14 07:40:00,627.0698
4556,2013-11-14 07:40:00,0.9853416
4556,2013-11-14 07:50:00,0.9853416
4556,2013-11-14 07:50:00,0.92530376
4556,2013-11-14 07:50:00,593.5806
4556,2013-11-14 07:50:00,0.9853416
4556,2013-11-14 08:00:00,0.92530376
4556,2013-11-14 08:00:00,528.4176
4556,2013-11-14 08:10:00,476.1947
4556,2013-11-14 08:10:00,0.92530376
4556,2013-11-14 08:20:00,504.38446
4556,2013-11-14 08:30:00,517.7564
4556,2013-11-14 08:30:00,0.92530376
4556,2013-11-14 08:40:00,587.2967
4556,2013-11-14 08:40:00,1.8115057
4556,2013-11-14 08:40:00,0.92530376
4556,2013-11-14 08:50:00,706.46893
4556,2013-11-14 09:00:00,556.5223
4556,2013-11-14 09:10:00,505.76544
4556,2013-11-14 09:20:00,478.2121
4556,2013-11-14 09:30:00,548.8447
4556,2013-11-14 09:40:00,533.63
4556,2013-11-14 09:50:00,535.89264
4556,2013-11-14 10:00:00,487.33517
4556,2013-11-14 10:10:00,0.005614156
4556,2013-11-14 10:10:00,453.19388
4556,2013-11-14 10:10:00,1.9706832
4556,2013-11-14 10:20:00,623.47894
4556,2013-11-14 10:30:00,494.19382
4556,2013-11-14 10:40:00,554.8705
4556,2013-11-14 10:50:00,0.92530376
4556,2013-11-14 10:50:00,481.02893
4556,2013-11-14 10:50:00,0.9853416
4556,2013-11-14 10:50:00,0.002807078
4556,2013-11-14 11:00:00,612.68896
4556,2013-11-14 11:00:00,0.9853416
4556,2013-11-14 11:00:00,0.92530376
4556,2013-11-14 11:10:00,705.7071
4556,2013-11-14 11:10:00,0.002807078
4556,2013-11-14 11:20:00,1.8506075
4556,2013-11-14 11:20:00,629.32776
4556,2013-11-14 11:30:00,664.8538
4556,2013-11-14 11:30:00,0.82616407
4556,2013-11-14 11:30:00,1.9706832
4556,2013-11-14 11:40:00,0.92530376
4556,2013-11-14 11:40:00,683.0946
4556,2013-11-14 11:50:00,512.33734
4556,2013-11-14 12:00:00,0.92530376
4556,2013-11-14 12:00:00,597.92926
4556,2013-11-14 12:10:00,0.9853416
4556,2013-11-14 12:10:00,656.24976
4556,2013-11-14 12:20:00,0.92530376
4556,2013-11-14 12:20:00,0.92530376
4556,2013-11-14 12:20:00,651.97504
4556,2013-11-14 12:30:00,724.8025
4556,2013-11-14 12:30:00,0.002807078
4556,2013-11-14 12:40:00,626.6004
4556,2013-11-14 12:40:00,0.9853416
4556,2013-11-14 12:50:00,0.92530376
4556,2013-11-14 12:50:00,0.002807078
4556,2013-11-14 12:50:00,0.92530376
4556,2013-11-14 12:50:00,784.8797
4556,2013-11-14 12:50:00,0.92530376
4556,2013-11-14 12:50:00,1.9106454
4556,2013-11-14 13:00:00,800.55646
4556,2013-11-14 13:00:00,0.92530376
4556,2013-11-14 13:00:00,0.9853416
4556,2013-11-14 13:10:00,705.41223
4556,2013-11-14 13:20:00,667.0043
4556,2013-11-14 13:30:00,672.37787
4556,2013-11-14 13:30:00,0.9853416
4556,2013-11-14 13:30:00,0.9853416
4556,2013-11-14 13:40:00,590.2574
4556,2013-11-14 13:40:00,0.92530376
4556,2013-11-14 13:40:00,0.9853416
4556,2013-11-14 13:50:00,585.5009
4556,2013-11-14 13:50:00,0.002807078
4556,2013-11-14 14:00:00,0.9853416
4556,2013-11-14 14:00:00,635.5671
4556,2013-11-14 14:00:00,0.82616407
4556,2013-11-14 14:00:00,1.9706832
4556,2013-11-14 14:10:00,0.9853416
4556,2013-11-14 14:10:00,608.059
4556,2013-11-14 14:10:00,1.9706832
4556,2013-11-14 14:20:00,565.84576
4556,2013-11-14 14:30:00,621.40125
4556,2013-11-14 14:40:00,0.92530376
4556,2013-11-14 14:40:00,580.7635
4556,2013-11-14 14:50:00,476.97214
4556,2013-11-14 14:50:00,0.9853416
4556,2013-11-14 14:50:00,0.9881487
4556,2013-11-14 15:00:00,500.4936
4556,2013-11-14 15:00:00,0.92530376
4556,2013-11-14 15:10:00,0.002807078
4556,2013-11-14 15:10:00,511.6315
4556,2013-11-14 15:20:00,564.77277
4556,2013-11-14 15:30:00,550.95526
4556,2013-11-14 15:40:00,550.59607
4556,2013-11-14 15:50:00,558.38153
4556,2013-11-14 15:50:00,1.9106454
4556,2013-11-14 15:50:00,0.002807078
4556,2013-11-14 15:50:00,0.92530376
4556,2013-11-14 16:00:00,597.1571
4556,2013-11-14 16:00:00,0.92530376
4556,2013-11-14 16:00:00,0.92530376
4556,2013-11-14 16:10:00,0.9853416
4556,2013-11-14 16:10:00,577.2572
4556,2013-11-14 16:10:00,3.5029356
4556,2013-11-14 16:20:00,0.9853416
4556,2013-11-14 16:20:00,645.47144
4556,2013-11-14 16:20:00,0.9853416
4556,2013-11-14 16:20:00,0.002807078
4556,2013-11-14 16:30:00,561.9173
4556,2013-11-14 16:30:00,1.8534145
4556,2013-11-14 16:40:00,0.002807078
4556,2013-11-14 16:40:00,510.1231
4556,2013-11-14 16:40:00,1.9106454
4556,2013-11-14 16:50:00,642.89233
4556,2013-11-14 16:50:00,0.9853416
4556,2013-11-14 16:50:00,1.9106454
4556,2013-11-14 16:50:00,0.002807078
4556,2013-11-14 17:00:00,1.9106454
4556,2013-11-14 17:00:00,593.49677
4556,2013-11-14 17:10:00,654.63184
4556,2013-11-14 17:10:00,0.92530376
4556,2013-11-14 17:10:00,1.9106454
4556,2013-11-14 17:20:00,0.9853416
4556,2013-11-14 17:20:00,662.2869
4556,2013-11-14 17:20:00,0.9853416
4556,2013-11-14 17:20:00,0.92530376
4556,2013-11-14 17:30:00,0.002807078
4556,2013-11-14 17:30:00,0.9853416
4556,2013-11-14 17:30:00,656.97815
4556,2013-11-14 17:30:00,0.92530376
4556,2013-11-14 17:30:00,1.9106454
4556,2013-11-14 17:30:00,0.002807078
4556,2013-11-14 17:40:00,0.9853416
4556,2013-11-14 17:40:00,0.92530376
4556,2013-11-14 17:40:00,626.9025
4556,2013-11-14 17:40:00,0.92530376
4556,2013-11-14 17:50:00,0.002807078
4556,2013-11-14 17:50:00,1.7514678
4556,2013-11-14 17:50:00,778.6692
4556,2013-11-14 17:50:00,0.9853416
4556,2013-11-14 18:00:00,0.9853416
4556,2013-11-14 18:00:00,0.002807078
4556,2013-11-14 18:00:00,1167.8102
4556,2013-11-14 18:00:00,0.92530376
4556,2013-11-14 18:00:00,1.8534145
4556,2013-11-14 18:00:00,0.9853416
4556,2013-11-14 18:10:00,0.002807078
4556,2013-11-14 18:10:00,942.2718
4556,2013-11-14 18:10:00,0.92530376
4556,2013-11-14 18:10:00,0.002807078
4556,2013-11-14 18:10:00,0.92530376
4556,2013-11-14 18:20:00,0.9853416
4556,2013-11-14 18:20:00,0.002807078
4556,2013-11-14 18:20:00,748.6127
4556,2013-11-14 18:20:00,0.92530376
4556,2013-11-14 18:20:00,0.92530376
4556,2013-11-14 18:20:00,0.92530376
4556,2013-11-14 18:30:00,2.8359492
4556,2013-11-14 18:30:00,802.23846
4556,2013-11-14 18:30:00,0.92530376
4556,2013-11-14 18:40:00,0.9853416
4556,2013-11-14 18:40:00,0.9853416
4556,2013-11-14 18:40:00,752.9477
4556,2013-11-14 18:40:00,0.9853416
4556,2013-11-14 18:50:00,2.8359492
4556,2013-11-14 18:50:00,742.772
4556,2013-11-14 18:50:00,0.92530376
4556,2013-11-14 19:00:00,0.002807078
4556,2013-11-14 19:00:00,765.15173
4556,2013-11-14 19:00:00,0.9853416
4556,2013-11-14 19:00:00,0.92530376
4556,2013-11-14 19:10:00,0.94214624
4556,2013-11-14 19:10:00,771.6415
4556,2013-11-14 19:10:00,1.7514678
4556,2013-11-14 19:20:00,0.92530376
4556,2013-11-14 19:20:00,788.83856
4556,2013-11-14 19:30:00,2.895987
4556,2013-11-14 19:30:00,806.8079
4556,2013-11-14 19:30:00,0.92811084
4556,2013-11-14 19:30:00,0.002807078
4556,2013-11-14 19:40:00,0.002807078
4556,2013-11-14 19:40:00,2.8987942
4556,2013-11-14 19:40:00,774.2772
4556,2013-11-14 19:40:00,1.9106454
4556,2013-11-14 19:40:00,0.9853416
4556,2013-11-14 19:50:00,1.9134525
4556,2013-11-14 19:50:00,857.6853
4556,2013-11-14 19:50:00,0.9853416
4556,2013-11-14 19:50:00,0.9853416
4556,2013-11-14 19:50:00,0.92530376
4556,2013-11-14 20:00:00,0.9853416
4556,2013-11-14 20:00:00,1.9134525
4556,2013-11-14 20:00:00,858.2873
4556,2013-11-14 20:00:00,1.9706832
4556,2013-11-14 20:00:00,0.9853416
4556,2013-11-14 20:10:00,2.956025
4556,2013-11-14 20:10:00,2.895987
4556,2013-11-14 20:10:00,845.558
4556,2013-11-14 20:10:00,0.9853416
4556,2013-11-14 20:10:00,1.9106454
4556,2013-11-14 20:20:00,3.8212907
4556,2013-11-14 20:20:00,991.3169
4556,2013-11-14 20:20:00,0.9853416
4556,2013-11-14 20:20:00,0.9853416
4556,2013-11-14 20:30:00,1.9706832
4556,2013-11-14 20:30:00,0.9853416
4556,2013-11-14 20:30:00,2.8359492
4556,2013-11-14 20:30:00,868.803
4556,2013-11-14 20:40:00,0.002807078
4556,2013-11-14 20:40:00,913.3138
4556,2013-11-14 20:40:00,0.92811084
4556,2013-11-14 20:40:00,0.9853416
4556,2013-11-14 20:40:00,0.002807078
4556,2013-11-14 20:40:00,1.9106454
4556,2013-11-14 20:50:00,1.9134525
4556,2013-11-14 20:50:00,980.0207
4556,2013-11-14 20:50:00,0.9853416
4556,2013-11-14 20:50:00,0.82616407
4556,2013-11-14 20:50:00,0.9853416
4556,2013-11-14 20:50:00,0.002807078
4556,2013-11-14 20:50:00,5.731936
4556,2013-11-14 21:00:00,1.9706832
4556,2013-11-14 21:00:00,0.002807078
4556,2013-11-14 21:00:00,873.38934
4556,2013-11-14 21:00:00,0.9853416
4556,2013-11-14 21:00:00,0.002807078
4556,2013-11-14 21:00:00,0.002807078
4556,2013-11-14 21:00:00,0.9853416
4556,2013-11-14 21:00:00,0.92530376
4556,2013-11-14 21:10:00,2.956025
4556,2013-11-14 21:10:00,0.005614156
4556,2013-11-14 21:10:00,1026.2268
4556,2013-11-14 21:10:00,1.9706832
4556,2013-11-14 21:10:00,0.002807078
4556,2013-11-14 21:20:00,0.002807078
4556,2013-11-14 21:20:00,871.30035
4556,2013-11-14 21:20:00,0.92811084
4556,2013-11-14 21:30:00,2.7759113
4556,2013-11-14 21:30:00,0.005614156
4556,2013-11-14 21:30:00,0.002807078
4556,2013-11-14 21:30:00,855.5786
4556,2013-11-14 21:30:00,0.92811084
4556,2013-11-14 21:40:00,853.39026
4556,2013-11-14 21:40:00,0.9853416
4556,2013-11-14 21:40:00,0.92530376
4556,2013-11-14 21:50:00,753.3461
4556,2013-11-14 21:50:00,1.9106454
4556,2013-11-14 21:50:00,0.9853416
4556,2013-11-14 21:50:00,1.8506075
4556,2013-11-14 22:00:00,0.002807078
4556,2013-11-14 22:00:00,829.5704
4556,2013-11-14 22:00:00,1.8506075
4556,2013-11-14 22:00:00,0.82616407
4556,2013-11-14 22:00:00,0.9853416
4556,2013-11-14 22:10:00,1.9706832
4556,2013-11-14 22:10:00,819.94226
4556,2013-11-14 22:20:00,0.92530376
4556,2013-11-14 22:20:00,1.9134525
4556,2013-11-14 22:20:00,771.94214
4556,2013-11-14 22:20:00,0.92530376
4556,2013-11-14 22:30:00,780.00287
4556,2013-11-14 22:40:00,0.002807078
4556,2013-11-14 22:40:00,815.67896
4556,2013-11-14 22:50:00,804.06885
4556,2013-11-14 22:50:00,0.002807078
4556,2013-11-14 23:00:00,692.7504
4556,2013-11-14 23:00:00,1.7514678
4556,2013-11-14 23:10:00,0.92530376
4556,2013-11-14 23:10:00,642.47034
4556,2013-11-14 23:20:00,0.9853416
4556,2013-11-14 23:20:00,756.43896
4556,2013-11-14 23:30:00,0.92530376
4556,2013-11-14 23:30:00,629.11993
4556,2013-11-14 23:40:00,1.7514678
4556,2013-11-14 23:40:00,591.2002
4556,2013-11-14 23:50:00,551.03595
4556,2013-11-15 00:00:00,481.9566
4556,2013-11-15 00:10:00,477.28156
4556,2013-11-15 00:10:00,0.9853416
4556,2013-11-15 00:20:00,399.9755
4556,2013-11-15 00:30:00,383.85318
4556,2013-11-15 00:40:00,468.6675
4556,2013-11-15 00:50:00,366.16925
4556,2013-11-15 01:00:00,441.4619
4556,2013-11-15 01:10:00,338.43243
4556,2013-11-15 01:20:00,343.16315
4556,2013-11-15 01:30:00,316.01944
4556,2013-11-15 01:40:00,306.0128
4556,2013-11-15 01:50:00,299.40155
4556,2013-11-15 02:00:00,274.0344
4556,2013-11-15 02:00:00,8.327734
4556,2013-11-15 02:10:00,295.3225
4556,2013-11-15 02:20:00,286.6581
4556,2013-11-15 02:30:00,292.0117
4556,2013-11-15 02:40:00,293.40063
4556,2013-11-15 02:50:00,260.709
4556,2013-11-15 03:00:00,260.6658
4556,2013-11-15 03:10:00,260.22202
4556,2013-11-15 03:20:00,243.39032
4556,2013-11-15 03:30:00,237.98235
4556,2013-11-15 03:40:00,240.71936
4556,2013-11-15 03:40:00,0.92530376
4556,2013-11-15 03:50:00,233.23163
4556,2013-11-15 03:50:00,0.92530376
4556,2013-11-15 04:00:00,237.25961
4556,2013-11-15 04:10:00,232.29396
4556,2013-11-15 04:20:00,240.50424
4556,2013-11-15 04:30:00,224.00645
4556,2013-11-15 04:40:00,245.7033
4556,2013-11-15 04:50:00,237.04597
4556,2013-11-15 05:00:00,245.25644
4556,2013-11-15 05:10:00,216.98671
4556,2013-11-15 05:20:00,230.99156
4556,2013-11-15 05:30:00,0.002807078
4556,2013-11-15 05:30:00,281.31876
4556,2013-11-15 05:40:00,326.31128
4556,2013-11-15 05:50:00,375.88116
4556,2013-11-15 06:00:00,348.22244
4556,2013-11-15 06:10:00,380.7151
4556,2013-11-15 06:20:00,437.88858
4556,2013-11-15 06:30:00,417.42215
4556,2013-11-15 06:40:00,476.18484
4556,2013-11-15 06:50:00,459.11554
4556,2013-11-15 06:50:00,0.92530376
4556,2013-11-15 06:50:00,1.9706832
4556,2013-11-15 06:50:00,1.7514678
4556,2013-11-15 07:00:00,423.46567
4556,2013-11-15 07:10:00,526.1048
4556,2013-11-15 07:20:00,0.002807078
4556,2013-11-15 07:20:00,566.984
4556,2013-11-15 07:20:00,0.9853416
4556,2013-11-15 07:20:00,0.92530376
4556,2013-11-15 07:30:00,652.98663
4556,2013-11-15 07:30:00,1.8506075
4556,2013-11-15 07:30:00,0.9853416
4556,2013-11-15 07:40:00,0.9853416
4556,2013-11-15 07:40:00,541.1496
4556,2013-11-15 07:50:00,627.41235
4556,2013-11-15 08:00:00,573.2412
4556,2013-11-15 08:00:00,2.8359492
4556,2013-11-15 08:10:00,541.46674
4556,2013-11-15 08:20:00,0.92530376
4556,2013-11-15 08:20:00,608.4369
4556,2013-11-15 08:20:00,2.8359492
4556,2013-11-15 08:30:00,671.9978
4556,2013-11-15 08:40:00,0.002807078
4556,2013-11-15 08:40:00,679.5786
4556,2013-11-15 08:40:00,1.9106454
4556,2013-11-15 08:50:00,577.00464
4556,2013-11-15 09:00:00,635.4559
4556,2013-11-15 09:10:00,0.002807078
4556,2013-11-15 09:10:00,613.45557
4556,2013-11-15 09:10:00,0.002807078
4556,2013-11-15 09:20:00,550.3556
4556,2013-11-15 09:30:00,490.95813
4556,2013-11-15 09:30:00,0.9853416
4556,2013-11-15 09:40:00,577.38513
4556,2013-11-15 09:40:00,0.005614156
4556,2013-11-15 09:50:00,0.92530376
4556,2013-11-15 09:50:00,543.204
4556,2013-11-15 09:50:00,0.9853416
4556,2013-11-15 09:50:00,0.9881487
4556,2013-11-15 10:00:00,0.9853416
4556,2013-11-15 10:00:00,674.8343
4556,2013-11-15 10:00:00,0.92530376
4556,2013-11-15 10:00:00,0.002807078
4556,2013-11-15 10:10:00,646.3164
4556,2013-11-15 10:10:00,0.005614156
4556,2013-11-15 10:20:00,563.38367
4556,2013-11-15 10:20:00,0.9853416
4556,2013-11-15 10:30:00,511.64008
4556,2013-11-15 10:30:00,3.9413664
4556,2013-11-15 10:40:00,0.9853416
4556,2013-11-15 10:40:00,587.76636
4556,2013-11-15 10:50:00,704.6199
4556,2013-11-15 10:50:00,0.92530376
4556,2013-11-15 10:50:00,0.92530376
4556,2013-11-15 11:00:00,660.5552
4556,2013-11-15 11:10:00,592.13617
4556,2013-11-15 11:10:00,0.9853416
4556,2013-11-15 11:20:00,613.1892
4556,2013-11-15 11:20:00,3.706829
4556,2013-11-15 11:30:00,557.3443
4556,2013-11-15 11:30:00,2.8387563
4556,2013-11-15 11:40:00,605.34174
4556,2013-11-15 11:40:00,0.92811084
4556,2013-11-15 11:50:00,590.50287
4556,2013-11-15 11:50:00,0.92530376
4556,2013-11-15 12:00:00,494.5013
4556,2013-11-15 12:10:00,591.55786
4556,2013-11-15 12:20:00,651.1464
4556,2013-11-15 12:20:00,3.76406
4556,2013-11-15 12:20:00,0.002807078
4556,2013-11-15 12:30:00,719.24347
4556,2013-11-15 12:30:00,0.9853416
4556,2013-11-15 12:30:00,1.9106454
4556,2013-11-15 12:40:00,555.73755
4556,2013-11-15 12:40:00,0.005614156
4556,2013-11-15 12:40:00,0.92530376
4556,2013-11-15 12:50:00,681.0022
4556,2013-11-15 12:50:00,0.005614156
4556,2013-11-15 12:50:00,0.92811084
4556,2013-11-15 12:50:00,0.82616407
4556,2013-11-15 13:00:00,770.6051
4556,2013-11-15 13:10:00,0.92530376
4556,2013-11-15 13:10:00,0.002807078
4556,2013-11-15 13:10:00,0.92530376
4556,2013-11-15 13:10:00,752.6749
4556,2013-11-15 13:10:00,0.9853416
4556,2013-11-15 13:10:00,5.791974
4556,2013-11-15 13:20:00,0.92530376
4556,2013-11-15 13:20:00,773.60156
4556,2013-11-15 13:20:00,1.8506075
4556,2013-11-15 13:30:00,674.72687
4556,2013-11-15 13:40:00,0.9853416
4556,2013-11-15 13:40:00,695.6189
4556,2013-11-15 13:40:00,0.9853416
4556,2013-11-15 13:50:00,702.9214
4556,2013-11-15 13:50:00,0.002807078
4556,2013-11-15 13:50:00,1.9706832
4556,2013-11-15 13:50:00,2.8387563
4556,2013-11-15 14:00:00,0.9853416
4556,2013-11-15 14:00:00,617.89264
4556,2013-11-15 14:00:00,0.82897115
4556,2013-11-15 14:00:00,2.6767716
4556,2013-11-15 14:10:00,0.9853416
4556,2013-11-15 14:10:00,619.4765
4556,2013-11-15 14:10:00,3.8212907
4556,2013-11-15 14:10:00,1.8115057
4556,2013-11-15 14:20:00,596.1628
4556,2013-11-15 14:20:00,2.8359492
4556,2013-11-15 14:20:00,0.92530376
4556,2013-11-15 14:30:00,707.8371
4556,2013-11-15 14:30:00,1.9106454
4556,2013-11-15 14:30:00,0.9853416
4556,2013-11-15 14:40:00,628.22064
4556,2013-11-15 14:40:00,0.92530376
4556,2013-11-15 14:40:00,0.92530376
4556,2013-11-15 14:50:00,0.9853416
4556,2013-11-15 14:50:00,614.1368
4556,2013-11-15 14:50:00,0.82616407
4556,2013-11-15 15:00:00,695.21735
4556,2013-11-15 15:00:00,0.002807078
4556,2013-11-15 15:00:00,0.92530376
4556,2013-11-15 15:10:00,0.82616407
4556,2013-11-15 15:10:00,0.005614156
4556,2013-11-15 15:10:00,678.9924
4556,2013-11-15 15:10:00,0.002807078
4556,2013-11-15 15:10:00,0.9853416
4556,2013-11-15 15:20:00,0.9853416
4556,2013-11-15 15:20:00,0.002807078
4556,2013-11-15 15:20:00,0.002807078
4556,2013-11-15 15:20:00,638.9771
4556,2013-11-15 15:30:00,0.9881487
4556,2013-11-15 15:30:00,0.002807078
4556,2013-11-15 15:30:00,562.5313
4556,2013-11-15 15:30:00,0.002807078
4556,2013-11-15 15:30:00,0.002807078
4556,2013-11-15 15:40:00,598.86536
4556,2013-11-15 15:50:00,0.002807078
4556,2013-11-15 15:50:00,598.6244
4556,2013-11-15 15:50:00,0.9853416
4556,2013-11-15 16:00:00,0.002807078
4556,2013-11-15 16:00:00,632.8899
4556,2013-11-15 16:00:00,1.9106454
4556,2013-11-15 16:10:00,0.002807078
4556,2013-11-15 16:10:00,607.9422
4556,2013-11-15 16:10:00,1.9106454
4556,2013-11-15 16:20:00,567.60486
4556,2013-11-15 16:20:00,0.92811084
4556,2013-11-15 16:20:00,0.9881487
4556,2013-11-15 16:30:00,578.08527
4556,2013-11-15 16:30:00,1.8506075
4556,2013-11-15 16:40:00,936.0325
4556,2013-11-15 16:40:00,0.9853416
4556,2013-11-15 16:40:00,0.92811084
4556,2013-11-15 16:50:00,753.10376
4556,2013-11-15 17:00:00,673.6199
4556,2013-11-15 17:10:00,1.9106454
4556,2013-11-15 17:10:00,721.6323
4556,2013-11-15 17:20:00,0.002807078
4556,2013-11-15 17:20:00,677.22577
4556,2013-11-15 17:20:00,0.82616407
4556,2013-11-15 17:30:00,682.3883
4556,2013-11-15 17:40:00,0.92530376
4556,2013-11-15 17:40:00,754.63354
4556,2013-11-15 17:40:00,0.9853416
4556,2013-11-15 17:40:00,0.82616407
4556,2013-11-15 17:50:00,1.9106454
4556,2013-11-15 17:50:00,860.5977
4556,2013-11-15 17:50:00,0.002807078
4556,2013-11-15 17:50:00,0.9853416
4556,2013-11-15 18:00:00,0.9853416
4556,2013-11-15 18:00:00,941.794
4556,2013-11-15 18:00:00,0.92530376
4556,2013-11-15 18:10:00,0.002807078
4556,2013-11-15 18:10:00,767.2689
4556,2013-11-15 18:10:00,0.82616407
4556,2013-11-15 18:20:00,0.002807078
4556,2013-11-15 18:20:00,0.9853416
4556,2013-11-15 18:20:00,741.7899
4556,2013-11-15 18:20:00,0.9853416
4556,2013-11-15 18:30:00,0.005614156
4556,2013-11-15 18:30:00,0.005614156
4556,2013-11-15 18:30:00,0.002807078
4556,2013-11-15 18:30:00,1.8506075
4556,2013-11-15 18:30:00,685.63226
4556,2013-11-15 18:30:00,0.82616407
4556,2013-11-15 18:30:00,0.9853416
4556,2013-11-15 18:40:00,0.9853416
4556,2013-11-15 18:40:00,821.4042
4556,2013-11-15 18:40:00,0.002807078
4556,2013-11-15 18:40:00,0.002807078
4556,2013-11-15 18:50:00,1.8115057
4556,2013-11-15 18:50:00,862.63617
4556,2013-11-15 18:50:00,3.8212907
4556,2013-11-15 18:50:00,0.9853416
4556,2013-11-15 18:50:00,0.92530376
4556,2013-11-15 18:50:00,0.002807078
4556,2013-11-15 19:00:00,754.3133
4556,2013-11-15 19:00:00,1.9106454
4556,2013-11-15 19:10:00,722.1342
4556,2013-11-15 19:10:00,0.9853416
4556,2013-11-15 19:10:00,0.002807078
4556,2013-11-15 19:20:00,782.30273
4556,2013-11-15 19:20:00,0.92530376
4556,2013-11-15 19:30:00,0.9853416
4556,2013-11-15 19:30:00,837.95654
4556,2013-11-15 19:30:00,0.002807078
4556,2013-11-15 19:40:00,2.6767716
4556,2013-11-15 19:40:00,1.9106454
4556,2013-11-15 19:40:00,855.6042
4556,2013-11-15 19:40:00,0.9853416
4556,2013-11-15 19:40:00,0.82616407
4556,2013-11-15 19:50:00,2.6767716
4556,2013-11-15 19:50:00,763.70685
4556,2013-11-15 19:50:00,2.8359492
4556,2013-11-15 19:50:00,0.002807078
4556,2013-11-15 19:50:00,5.5518227
4556,2013-11-15 20:00:00,1.8506075
4556,2013-11-15 20:00:00,967.2666
4556,2013-11-15 20:00:00,0.92530376
4556,2013-11-15 20:00:00,0.002807078
4556,2013-11-15 20:10:00,0.002807078
4556,2013-11-15 20:10:00,944.1162
4556,2013-11-15 20:10:00,2.895987
4556,2013-11-15 20:10:00,0.002807078
4556,2013-11-15 20:20:00,0.92530376
4556,2013-11-15 20:20:00,880.8701
4556,2013-11-15 20:20:00,0.92530376
4556,2013-11-15 20:20:00,0.005614156
4556,2013-11-15 20:20:00,0.82616407
4556,2013-11-15 20:20:00,0.9853416
4556,2013-11-15 20:30:00,1.9106454
4556,2013-11-15 20:30:00,0.002807078
4556,2013-11-15 20:30:00,0.9853416
4556,2013-11-15 20:30:00,983.22864
4556,2013-11-15 20:30:00,0.92530376
4556,2013-11-15 20:30:00,1.7514678
4556,2013-11-15 20:30:00,0.92530376
4556,2013-11-15 20:40:00,4.629326
4556,2013-11-15 20:40:00,1020.1658
4556,2013-11-15 20:40:00,5.5727587
4556,2013-11-15 20:50:00,1.9106454
4556,2013-11-15 20:50:00,0.92530376
4556,2013-11-15 20:50:00,0.002807078
4556,2013-11-15 20:50:00,942.42487
4556,2013-11-15 20:50:00,3.8212907
4556,2013-11-15 20:50:00,1.7514678
4556,2013-11-15 20:50:00,0.002807078
4556,2013-11-15 21:00:00,1.9706832
4556,2013-11-15 21:00:00,989.3962
4556,2013-11-15 21:00:00,1.7514678
4556,2013-11-15 21:10:00,859.18207
4556,2013-11-15 21:10:00,0.9853416
4556,2013-11-15 21:10:00,1.9106454
4556,2013-11-15 21:20:00,975.6584
4556,2013-11-15 21:20:00,0.82616407
4556,2013-11-15 21:30:00,1074.3381
4556,2013-11-15 21:30:00,5.731936
4556,2013-11-15 21:30:00,1.6523281
4556,2013-11-15 21:40:00,933.72174
4556,2013-11-15 21:40:00,7.6425815
4556,2013-11-15 21:40:00,0.9853416
4556,2013-11-15 21:50:00,0.002807078
4556,2013-11-15 21:50:00,1006.7237
4556,2013-11-15 21:50:00,7.483404
4556,2013-11-15 22:00:00,1029.8729
4556,2013-11-15 22:00:00,7.6425815
4556,2013-11-15 22:00:00,2.7787182
4556,2013-11-15 22:10:00,1272.3442
4556,2013-11-15 22:10:00,4.7494016
4556,2013-11-15 22:20:00,1.9706832
4556,2013-11-15 22:20:00,1103.0399
4556,2013-11-15 22:20:00,4.7465944
4556,2013-11-15 22:20:00,0.9853416
4556,2013-11-15 22:30:00,1.8115057
4556,2013-11-15 22:30:00,1117.6868
4556,2013-11-15 22:30:00,4.5902243
4556,2013-11-15 22:30:00,0.82616407
4556,2013-11-15 22:40:00,4.587417
4556,2013-11-15 22:40:00,0.9881487
4556,2013-11-15 22:40:00,1137.1481
4556,2013-11-15 22:40:00,9.556034
4556,2013-11-15 22:50:00,0.92530376
4556,2013-11-15 22:50:00,1112.8229
4556,2013-11-15 22:50:00,4.8066325
4556,2013-11-15 23:00:00,0.9853416
4556,2013-11-15 23:00:00,0.002807078
4556,2013-11-15 23:00:00,1015.7923
4556,2013-11-15 23:00:00,2.7759113
4556,2013-11-15 23:10:00,846.6183
4556,2013-11-15 23:10:00,1.9106454
4556,2013-11-15 23:20:00,3.701215
4556,2013-11-15 23:20:00,0.9881487
4556,2013-11-15 23:20:00,816.22455
4556,2013-11-15 23:20:00,3.7612529
4556,2013-11-15 23:30:00,0.99376285
4556,2013-11-15 23:30:00,916.99475
4556,2013-11-15 23:30:00,1.7514678
4556,2013-11-15 23:30:00,0.002807078
4556,2013-11-15 23:30:00,1.9706832
4556,2013-11-15 23:40:00,0.002807078
4556,2013-11-15 23:40:00,0.9853416
4556,2013-11-15 23:40:00,0.82616407
4556,2013-11-15 23:40:00,770.5535
4556,2013-11-15 23:40:00,1.9106454
4556,2013-11-15 23:50:00,0.92530376
4556,2013-11-15 23:50:00,0.9853416
4556,2013-11-15 23:50:00,1.7514678
4556,2013-11-15 23:50:00,0.82616407
4556,2013-11-15 23:50:00,865.0089
4556,2013-11-15 23:50:00,0.9853416
4556,2013-11-16 00:00:00,0.008421234
4556,2013-11-16 00:00:00,0.82616407
4556,2013-11-16 00:00:00,4.8066325
4556,2013-11-16 00:00:00,710.4175
4556,2013-11-16 00:00:00,1.7514678
4556,2013-11-16 00:10:00,0.002807078
4556,2013-11-16 00:10:00,0.005614156
4556,2013-11-16 00:10:00,3.8212907
4556,2013-11-16 00:10:00,763.42664
4556,2013-11-16 00:10:00,2.895987
4556,2013-11-16 00:10:00,1.9106454
4556,2013-11-16 00:20:00,0.933725
4556,2013-11-16 00:20:00,0.9881487
4556,2013-11-16 00:20:00,4.7465944
4556,2013-11-16 00:20:00,758.2366
4556,2013-11-16 00:20:00,0.92530376
4556,2013-11-16 00:20:00,0.92530376
4556,2013-11-16 00:30:00,0.005614156
4556,2013-11-16 00:30:00,0.002807078
4556,2013-11-16 00:30:00,7.3242264
4556,2013-11-16 00:30:00,953.4536
4556,2013-11-16 00:30:00,0.9853416
4556,2013-11-16 00:40:00,0.002807078
4556,2013-11-16 00:40:00,0.008421234
4556,2013-11-16 00:40:00,4.6474547
4556,2013-11-16 00:40:00,652.9486
4556,2013-11-16 00:40:00,0.9853416
4556,2013-11-16 00:40:00,0.92530376
4556,2013-11-16 00:50:00,0.002807078
4556,2013-11-16 00:50:00,8.627923
4556,2013-11-16 00:50:00,731.1893
4556,2013-11-16 01:00:00,1.9734904
4556,2013-11-16 01:00:00,4.7465944
4556,2013-11-16 01:00:00,657.9491
4556,2013-11-16 01:10:00,0.82616407
4556,2013-11-16 01:10:00,532.75287
4556,2013-11-16 01:20:00,502.2711
4556,2013-11-16 01:30:00,497.0308
4556,2013-11-16 01:40:00,0.9853416
4556,2013-11-16 01:40:00,1.7514678
4556,2013-11-16 01:40:00,424.14163
4556,2013-11-16 01:50:00,422.08252
4556,2013-11-16 01:50:00,0.9853416
4556,2013-11-16 02:00:00,0.92530376
4556,2013-11-16 02:00:00,418.13248
4556,2013-11-16 02:10:00,389.95224
4556,2013-11-16 02:20:00,350.33286
4556,2013-11-16 02:30:00,303.85718
4556,2013-11-16 02:40:00,0.002807078
4556,2013-11-16 02:40:00,352.35886
4556,2013-11-16 02:40:00,0.92530376
4556,2013-11-16 02:50:00,0.002807078
4556,2013-11-16 02:50:00,315.08023
4556,2013-11-16 03:00:00,0.005614156
4556,2013-11-16 03:00:00,287.78253
4556,2013-11-16 03:10:00,0.005614156
4556,2013-11-16 03:10:00,296.36035
4556,2013-11-16 03:20:00,274.65677
4556,2013-11-16 03:30:00,270.49878
4556,2013-11-16 03:40:00,0.002807078
4556,2013-11-16 03:40:00,333.96933
4556,2013-11-16 03:50:00,257.49313
4556,2013-11-16 04:00:00,0.002807078
4556,2013-11-16 04:00:00,246.5107
4556,2013-11-16 04:10:00,265.98376
4556,2013-11-16 04:20:00,244.79439
4556,2013-11-16 04:20:00,0.82616407
4556,2013-11-16 04:30:00,0.002807078
4556,2013-11-16 04:30:00,245.35121
4556,2013-11-16 04:40:00,0.002807078
4556,2013-11-16 04:40:00,251.86166
4556,2013-11-16 04:50:00,0.92530376
4556,2013-11-16 04:50:00,225.61423
4556,2013-11-16 05:00:00,278.6687
4556,2013-11-16 05:10:00,262.58728
4556,2013-11-16 05:20:00,233.75363
4556,2013-11-16 05:30:00,0.005614156
4556,2013-11-16 05:30:00,243.74886
4556,2013-11-16 05:40:00,0.002807078
4556,2013-11-16 05:40:00,244.02678
4556,2013-11-16 05:50:00,211.71375
4556,2013-11-16 06:00:00,240.15012
4556,2013-11-16 06:10:00,0.002807078
4556,2013-11-16 06:10:00,279.97556
4556,2013-11-16 06:20:00,288.25894
4556,2013-11-16 06:20:00,0.9853416
4556,2013-11-16 06:30:00,321.05286
4556,2013-11-16 06:40:00,0.9853416
4556,2013-11-16 06:40:00,0.002807078
4556,2013-11-16 06:40:00,321.1414
4556,2013-11-16 06:50:00,0.002807078
4556,2013-11-16 06:50:00,311.87054
4556,2013-11-16 06:50:00,0.9853416
4556,2013-11-16 07:00:00,307.15433
4556,2013-11-16 07:10:00,0.9853416
4556,2013-11-16 07:10:00,413.38553
4556,2013-11-16 07:20:00,0.008421234
4556,2013-11-16 07:20:00,366.66046
4556,2013-11-16 07:30:00,0.005614156
4556,2013-11-16 07:30:00,325.2027
4556,2013-11-16 07:30:00,1.8115057
4556,2013-11-16 07:40:00,0.008421234
4556,2013-11-16 07:40:00,378.99484
4556,2013-11-16 07:40:00,5.5518227
4556,2013-11-16 07:50:00,0.008421234
4556,2013-11-16 07:50:00,368.78372
4556,2013-11-16 07:50:00,17.58077
4556,2013-11-16 07:50:00,0.005614156
4556,2013-11-16 07:50:00,0.92530376
4556,2013-11-16 08:00:00,0.002807078
4556,2013-11-16 08:00:00,0.002807078
4556,2013-11-16 08:00:00,500.854
4556,2013-11-16 08:00:00,10.178341
4556,2013-11-16 08:00:00,0.002807078
4556,2013-11-16 08:10:00,389.57962
4556,2013-11-16 08:10:00,8.327734
4556,2013-11-16 08:20:00,0.002807078
4556,2013-11-16 08:20:00,466.03693
4556,2013-11-16 08:20:00,4.6265187
4556,2013-11-16 08:20:00,0.002807078
4556,2013-11-16 08:30:00,0.9853416
4556,2013-11-16 08:30:00,519.6885
4556,2013-11-16 08:30:00,1.8506075
4556,2013-11-16 08:40:00,438.8006
4556,2013-11-16 08:40:00,0.92530376
4556,2013-11-16 08:40:00,0.92530376
4556,2013-11-16 08:50:00,424.78488
4556,2013-11-16 08:50:00,1.8506075
4556,2013-11-16 09:00:00,1.8115057
4556,2013-11-16 09:00:00,424.70435
4556,2013-11-16 09:10:00,0.9853416
4556,2013-11-16 09:10:00,494.7223
4556,2013-11-16 09:10:00,0.9853416
4556,2013-11-16 09:20:00,0.9853416
4556,2013-11-16 09:20:00,460.09195
4556,2013-11-16 09:20:00,0.92530376
4556,2013-11-16 09:20:00,0.002807078
4556,2013-11-16 09:30:00,1.9106454
4556,2013-11-16 09:30:00,529.3675
4556,2013-11-16 09:40:00,0.9853416
4556,2013-11-16 09:40:00,0.92530376
4556,2013-11-16 09:40:00,616.33405
4556,2013-11-16 09:50:00,0.92530376
4556,2013-11-16 09:50:00,591.48627
4556,2013-11-16 09:50:00,0.9853416
4556,2013-11-16 09:50:00,1.7514678
4556,2013-11-16 09:50:00,0.9853416
4556,2013-11-16 10:00:00,0.92530376
4556,2013-11-16 10:00:00,677.9941
4556,2013-11-16 10:00:00,0.92530376
4556,2013-11-16 10:10:00,1.8506075
4556,2013-11-16 10:10:00,667.6156
4556,2013-11-16 10:10:00,0.92530376
4556,2013-11-16 10:10:00,0.005614156
4556,2013-11-16 10:20:00,0.92530376
4556,2013-11-16 10:20:00,0.82616407
4556,2013-11-16 10:20:00,602.2281
4556,2013-11-16 10:20:00,1.9106454
4556,2013-11-16 10:20:00,0.9853416
4556,2013-11-16 10:30:00,0.92530376
4556,2013-11-16 10:30:00,522.8754
4556,2013-11-16 10:40:00,0.002807078
4556,2013-11-16 10:40:00,592.70654
4556,2013-11-16 10:40:00,0.002807078
4556,2013-11-16 10:40:00,0.002807078
4556,2013-11-16 10:50:00,0.92530376
4556,2013-11-16 10:50:00,0.92530376
4556,2013-11-16 10:50:00,665.3943
4556,2013-11-16 10:50:00,1.9706832
4556,2013-11-16 11:00:00,660.3547
4556,2013-11-16 11:10:00,0.92530376
4556,2013-11-16 11:10:00,584.5031
4556,2013-11-16 11:10:00,1.9706832
4556,2013-11-16 11:20:00,0.002807078
4556,2013-11-16 11:20:00,6.498062
4556,2013-11-16 11:20:00,699.9505
4556,2013-11-16 11:20:00,0.9853416
4556,2013-11-16 11:30:00,0.82616407
4556,2013-11-16 11:30:00,675.39197
4556,2013-11-16 11:30:00,2.956025
4556,2013-11-16 11:40:00,0.005614156
4556,2013-11-16 11:40:00,0.92530376
4556,2013-11-16 11:40:00,779.0214
4556,2013-11-16 11:50:00,0.82616407
4556,2013-11-16 11:50:00,820.67554
4556,2013-11-16 12:00:00,1.8115057
4556,2013-11-16 12:00:00,857.8292
4556,2013-11-16 12:00:00,0.9853416
4556,2013-11-16 12:00:00,0.92530376
4556,2013-11-16 12:10:00,807.0766
4556,2013-11-16 12:10:00,0.9853416
4556,2013-11-16 12:20:00,884.9907
4556,2013-11-16 12:20:00,0.92530376
4556,2013-11-16 12:30:00,783.30457
4556,2013-11-16 12:30:00,1.9134525
4556,2013-11-16 12:30:00,0.92530376
4556,2013-11-16 12:40:00,753.45306
4556,2013-11-16 12:40:00,0.92530376
4556,2013-11-16 12:40:00,0.9853416
4556,2013-11-16 12:40:00,1.7514678
4556,2013-11-16 12:50:00,806.9021
4556,2013-11-16 12:50:00,1.8506075
4556,2013-11-16 12:50:00,0.92530376
4556,2013-11-16 13:00:00,2.895987
4556,2013-11-16 13:00:00,4.6265187
4556,2013-11-16 13:00:00,931.2931
4556,2013-11-16 13:00:00,1.9134525
4556,2013-11-16 13:00:00,0.92530376
4556,2013-11-16 13:10:00,1.8506075
4556,2013-11-16 13:10:00,951.4754
4556,2013-11-16 13:10:00,3.5029356
4556,2013-11-16 13:10:00,1.9106454
4556,2013-11-16 13:10:00,1.9106454
4556,2013-11-16 13:20:00,0.82616407
4556,2013-11-16 13:20:00,866.70746
4556,2013-11-16 13:20:00,1.9106454
4556,2013-11-16 13:20:00,0.92530376
4556,2013-11-16 13:20:00,0.9853416
4556,2013-11-16 13:30:00,0.92530376
4556,2013-11-16 13:30:00,0.9853416
4556,2013-11-16 13:30:00,850.8315
4556,2013-11-16 13:30:00,0.9853416
4556,2013-11-16 13:30:00,0.82616407
4556,2013-11-16 13:30:00,1.8506075
4556,2013-11-16 13:40:00,1.9106454
4556,2013-11-16 13:40:00,0.92530376
4556,2013-11-16 13:40:00,874.0222
4556,2013-11-16 13:40:00,1.9106454
4556,2013-11-16 13:40:00,0.9853416
4556,2013-11-16 13:50:00,0.82616407
4556,2013-11-16 13:50:00,819.8769
4556,2013-11-16 13:50:00,0.9853416
4556,2013-11-16 13:50:00,0.9881487
4556,2013-11-16 13:50:00,0.9853416
4556,2013-11-16 14:00:00,1.9706832
4556,2013-11-16 14:00:00,2.8387563
4556,2013-11-16 14:00:00,917.2011
4556,2013-11-16 14:00:00,2.956025
4556,2013-11-16 14:00:00,0.002807078
4556,2013-11-16 14:00:00,0.002807078
4556,2013-11-16 14:00:00,0.92530376
4556,2013-11-16 14:10:00,815.4077
4556,2013-11-16 14:10:00,1.8506075
4556,2013-11-16 14:10:00,0.002807078
4556,2013-11-16 14:20:00,838.83075
4556,2013-11-16 14:20:00,0.005614156
4556,2013-11-16 14:20:00,0.82616407
4556,2013-11-16 14:30:00,872.0032
4556,2013-11-16 14:30:00,1.7514678
4556,2013-11-16 14:30:00,0.92811084
4556,2013-11-16 14:40:00,875.0248
4556,2013-11-16 14:40:00,2.895987
4556,2013-11-16 14:40:00,0.002807078
4556,2013-11-16 14:50:00,0.002807078
4556,2013-11-16 14:50:00,773.4441
4556,2013-11-16 14:50:00,0.9881487
4556,2013-11-16 15:00:00,0.002807078
4556,2013-11-16 15:00:00,1.9106454
4556,2013-11-16 15:00:00,829.84033
4556,2013-11-16 15:00:00,1.9706832
4556,2013-11-16 15:10:00,735.7581
4556,2013-11-16 15:10:00,0.92530376
4556,2013-11-16 15:10:00,0.9853416
4556,2013-11-16 15:10:00,0.92811084
4556,2013-11-16 15:20:00,0.92530376
4556,2013-11-16 15:20:00,729.13574
4556,2013-11-16 15:20:00,1.8506075
4556,2013-11-16 15:20:00,0.002807078
4556,2013-11-16 15:30:00,783.56244
4556,2013-11-16 15:30:00,2.8359492
4556,2013-11-16 15:30:00,0.002807078
4556,2013-11-16 15:30:00,1.9134525
4556,2013-11-16 15:40:00,781.97174
4556,2013-11-16 15:40:00,0.92530376
4556,2013-11-16 15:40:00,0.002807078
4556,2013-11-16 15:50:00,0.002807078
4556,2013-11-16 15:50:00,743.091
4556,2013-11-16 15:50:00,0.92530376
4556,2013-11-16 15:50:00,0.99095577
4556,2013-11-16 16:00:00,758.09033
4556,2013-11-16 16:00:00,0.002807078
4556,2013-11-16 16:00:00,0.9853416
4556,2013-11-16 16:10:00,0.002807078
4556,2013-11-16 16:10:00,707.08954
4556,2013-11-16 16:10:00,0.92530376
4556,2013-11-16 16:10:00,0.92530376
4556,2013-11-16 16:20:00,0.92530376
4556,2013-11-16 16:20:00,772.034
4556,2013-11-16 16:20:00,0.92530376
4556,2013-11-16 16:20:00,1.8506075
4556,2013-11-16 16:30:00,1.8506075
4556,2013-11-16 16:30:00,4.686557
4556,2013-11-16 16:30:00,955.54584
4556,2013-11-16 16:30:00,0.82616407
4556,2013-11-16 16:30:00,0.9853416
4556,2013-11-16 16:40:00,0.9853416
4556,2013-11-16 16:40:00,889.3171
4556,2013-11-16 16:40:00,0.92530376
4556,2013-11-16 16:50:00,0.002807078
4556,2013-11-16 16:50:00,0.002807078
4556,2013-11-16 16:50:00,859.61194
4556,2013-11-16 16:50:00,0.82616407
4556,2013-11-16 16:50:00,1.7514678
4556,2013-11-16 16:50:00,1.9106454
4556,2013-11-16 17:00:00,0.92811084
4556,2013-11-16 17:00:00,833.57935
4556,2013-11-16 17:00:00,2.895987
4556,2013-11-16 17:10:00,0.92530376
4556,2013-11-16 17:10:00,1.8506075
4556,2013-11-16 17:10:00,735.6926
4556,2013-11-16 17:10:00,0.92530376
4556,2013-11-16 17:20:00,3.7612529
4556,2013-11-16 17:20:00,923.7217
4556,2013-11-16 17:20:00,0.92530376
4556,2013-11-16 17:20:00,0.9853416
4556,2013-11-16 17:30:00,1.9106454
4556,2013-11-16 17:30:00,0.92811084
4556,2013-11-16 17:30:00,720.2145
4556,2013-11-16 17:30:00,0.92530376
4556,2013-11-16 17:30:00,0.92811084
4556,2013-11-16 17:40:00,729.9684
4556,2013-11-16 17:40:00,1.9106454
4556,2013-11-16 17:50:00,1.9106454
4556,2013-11-16 17:50:00,743.5154
4556,2013-11-16 17:50:00,0.92530376
4556,2013-11-16 17:50:00,0.92530376
4556,2013-11-16 18:00:00,940.71173
4556,2013-11-16 18:00:00,0.92530376
4556,2013-11-16 18:10:00,799.0051
4556,2013-11-16 18:10:00,0.9853416
4556,2013-11-16 18:10:00,0.9853416
4556,2013-11-16 18:20:00,951.7848
4556,2013-11-16 18:20:00,1.8506075
4556,2013-11-16 18:30:00,4.7465944
4556,2013-11-16 18:30:00,838.9334
4556,2013-11-16 18:30:00,0.92530376
4556,2013-11-16 18:30:00,3.701215
4556,2013-11-16 18:40:00,1.8506075
4556,2013-11-16 18:40:00,811.4398
4556,2013-11-16 18:40:00,0.92530376
4556,2013-11-16 18:40:00,8.387772
4556,2013-11-16 18:40:00,0.92530376
4556,2013-11-16 18:50:00,0.002807078
4556,2013-11-16 18:50:00,6.537164
4556,2013-11-16 18:50:00,961.8924
4556,2013-11-16 18:50:00,1.8506075
4556,2013-11-16 18:50:00,0.9853416
4556,2013-11-16 18:50:00,0.9881487
4556,2013-11-16 19:00:00,983.46155
4556,2013-11-16 19:00:00,0.9881487
4556,2013-11-16 19:00:00,0.002807078
4556,2013-11-16 19:00:00,0.002807078
4556,2013-11-16 19:00:00,0.82897115
4556,2013-11-16 19:10:00,2.895987
4556,2013-11-16 19:10:00,1.9106454
4556,2013-11-16 19:10:00,925.29865
4556,2013-11-16 19:10:00,0.92530376
4556,2013-11-16 19:10:00,0.005614156
4556,2013-11-16 19:10:00,1.9706832
4556,2013-11-16 19:10:00,2.895987
4556,2013-11-16 19:10:00,0.92530376
4556,2013-11-16 19:20:00,1.9106454
4556,2013-11-16 19:20:00,0.9853416
4556,2013-11-16 19:20:00,0.005614156
4556,2013-11-16 19:20:00,8.627923
4556,2013-11-16 19:20:00,1087.2896
4556,2013-11-16 19:20:00,2.895987
4556,2013-11-16 19:20:00,0.005614156
4556,2013-11-16 19:20:00,0.002807078
4556,2013-11-16 19:20:00,1.8506075
4556,2013-11-16 19:30:00,1.9106454
4556,2013-11-16 19:30:00,1075.8672
4556,2013-11-16 19:30:00,3.8813286
4556,2013-11-16 19:30:00,1.8506075
4556,2013-11-16 19:40:00,0.9881487
4556,2013-11-16 19:40:00,0.92530376
4556,2013-11-16 19:40:00,0.92530376
4556,2013-11-16 19:40:00,930.6503
4556,2013-11-16 19:40:00,0.92530376
4556,2013-11-16 19:40:00,0.92811084
4556,2013-11-16 19:40:00,0.92530376
4556,2013-11-16 19:50:00,0.002807078
4556,2013-11-16 19:50:00,2.895987
4556,2013-11-16 19:50:00,1054.127
4556,2013-11-16 19:50:00,0.005614156
4556,2013-11-16 19:50:00,0.92530376
4556,2013-11-16 20:00:00,0.9853416
4556,2013-11-16 20:00:00,0.005614156
4556,2013-11-16 20:00:00,0.92530376
4556,2013-11-16 20:00:00,1214.555
4556,2013-11-16 20:00:00,0.9881487
4556,2013-11-16 20:00:00,0.008421234
4556,2013-11-16 20:00:00,0.002807078
4556,2013-11-16 20:10:00,1173.856
4556,2013-11-16 20:10:00,2.8415632
4556,2013-11-16 20:10:00,0.92530376
4556,2013-11-16 20:10:00,0.9853416
4556,2013-11-16 20:20:00,1273.9203
4556,2013-11-16 20:20:00,0.92530376
4556,2013-11-16 20:20:00,2.8359492
4556,2013-11-16 20:20:00,0.9881487
4556,2013-11-16 20:20:00,0.9853416
4556,2013-11-16 20:20:00,1.8115057
4556,2013-11-16 20:30:00,0.9881487
4556,2013-11-16 20:30:00,1207.6921
4556,2013-11-16 20:30:00,0.92530376
4556,2013-11-16 20:30:00,0.002807078
4556,2013-11-16 20:30:00,2.8987942
4556,2013-11-16 20:30:00,0.002807078
4556,2013-11-16 20:30:00,0.82616407
4556,2013-11-16 20:40:00,0.008421234
4556,2013-11-16 20:40:00,0.002807078
4556,2013-11-16 20:40:00,1201.9084
4556,2013-11-16 20:40:00,1.9106454
4556,2013-11-16 20:40:00,0.9853416
4556,2013-11-16 20:40:00,3.8813286
4556,2013-11-16 20:50:00,0.002807078
4556,2013-11-16 20:50:00,1327.2853
4556,2013-11-16 20:50:00,1.9134525
4556,2013-11-16 20:50:00,1.9134525
4556,2013-11-16 20:50:00,1.8506075
4556,2013-11-16 20:50:00,0.002807078
4556,2013-11-16 20:50:00,0.9881487
4556,2013-11-16 20:50:00,1.9106454
4556,2013-11-16 20:50:00,0.002807078
4556,2013-11-16 21:00:00,0.92530376
4556,2013-11-16 21:00:00,1568.1062
4556,2013-11-16 21:00:00,2.8359492
4556,2013-11-16 21:00:00,0.92530376
4556,2013-11-16 21:00:00,0.92530376
4556,2013-11-16 21:10:00,0.9853416
4556,2013-11-16 21:10:00,1.9134525
4556,2013-11-16 21:10:00,0.002807078
4556,2013-11-16 21:10:00,0.92530376
4556,2013-11-16 21:10:00,1545.336
4556,2013-11-16 21:10:00,0.002807078
4556,2013-11-16 21:10:00,2.8387563
4556,2013-11-16 21:10:00,2.7759113
4556,2013-11-16 21:10:00,0.002807078
4556,2013-11-16 21:10:00,0.9881487
4556,2013-11-16 21:20:00,0.002807078
4556,2013-11-16 21:20:00,1479.5481
4556,2013-11-16 21:20:00,0.005614156
4556,2013-11-16 21:20:00,0.92530376
4556,2013-11-16 21:20:00,0.002807078
4556,2013-11-16 21:20:00,1.8534145
4556,2013-11-16 21:20:00,1.7514678
4556,2013-11-16 21:30:00,1.9134525
4556,2013-11-16 21:30:00,1346.4554
4556,2013-11-16 21:30:00,3.6621132
4556,2013-11-16 21:30:00,3.7612529
4556,2013-11-16 21:30:00,0.002807078
4556,2013-11-16 21:30:00,0.92530376
4556,2013-11-16 21:30:00,0.002807078
4556,2013-11-16 21:30:00,1.9106454
4556,2013-11-16 21:40:00,0.9881487
4556,2013-11-16 21:40:00,0.9853416
4556,2013-11-16 21:40:00,1293.9083
4556,2013-11-16 21:40:00,0.9853416
4556,2013-11-16 21:40:00,0.002807078
4556,2013-11-16 21:40:00,0.933725
4556,2013-11-16 21:40:00,3.8212907
4556,2013-11-16 21:50:00,0.002807078
4556,2013-11-16 21:50:00,1542.651
4556,2013-11-16 21:50:00,1.8506075
4556,2013-11-16 21:50:00,0.002807078
4556,2013-11-16 21:50:00,2.8387563
4556,2013-11-16 21:50:00,0.002807078
4556,2013-11-16 21:50:00,3.701215
4556,2013-11-16 22:00:00,0.002807078
4556,2013-11-16 22:00:00,1551.4988
4556,2013-11-16 22:00:00,2.8415632
4556,2013-11-16 22:00:00,2.901601
4556,2013-11-16 22:00:00,0.002807078
4556,2013-11-16 22:00:00,4.686557
4556,2013-11-16 22:00:00,0.9853416
4556,2013-11-16 22:00:00,4.6265187
4556,2013-11-16 22:10:00,1.9706832
4556,2013-11-16 22:10:00,0.002807078
4556,2013-11-16 22:10:00,1388.2302
4556,2013-11-16 22:10:00,0.002807078
4556,2013-11-16 22:10:00,2.901601
4556,2013-11-16 22:10:00,0.002807078
4556,2013-11-16 22:10:00,0.9853416
4556,2013-11-16 22:10:00,1.8506075
4556,2013-11-16 22:10:00,5.5518227
4556,2013-11-16 22:20:00,0.92530376
4556,2013-11-16 22:20:00,1770.7457
4556,2013-11-16 22:20:00,17.58077
4556,2013-11-16 22:20:00,0.011228312
4556,2013-11-16 22:20:00,0.9853416
4556,2013-11-16 22:20:00,2.8987942
4556,2013-11-16 22:20:00,5.452683
4556,2013-11-16 22:30:00,1.9706832
4556,2013-11-16 22:30:00,0.92530376
4556,2013-11-16 22:30:00,1374.9288
4556,2013-11-16 22:30:00,55.518227
4556,2013-11-16 22:30:00,1.7711173
4556,2013-11-16 22:30:00,1.9106454
4556,2013-11-16 22:30:00,4.4282393
4556,2013-11-16 22:40:00,1.9134525
4556,2013-11-16 22:40:00,1621.6792
4556,2013-11-16 22:40:00,34.536427
4556,2013-11-16 22:40:00,0.9853416
4556,2013-11-16 22:40:00,5.5518227
4556,2013-11-16 22:50:00,1350.9976
4556,2013-11-16 22:50:00,2.895987
4556,2013-11-16 22:50:00,1.9762974
4556,2013-11-16 22:50:00,0.9853416
4556,2013-11-16 22:50:00,4.6265187
4556,2013-11-16 23:00:00,0.002807078
4556,2013-11-16 23:00:00,1288.5967
4556,2013-11-16 23:00:00,1.8506075
4556,2013-11-16 23:00:00,0.9853416
4556,2013-11-16 23:00:00,3.701215
4556,2013-11-16 23:00:00,0.82616407
4556,2013-11-16 23:10:00,0.9853416
4556,2013-11-16 23:10:00,0.9853416
4556,2013-11-16 23:10:00,1315.1918
4556,2013-11-16 23:10:00,0.92530376
4556,2013-11-16 23:10:00,1.8506075
4556,2013-11-16 23:10:00,0.002807078
4556,2013-11-16 23:10:00,0.002807078
4556,2013-11-16 23:10:00,2.7759113
4556,2013-11-16 23:20:00,0.005614156
4556,2013-11-16 23:20:00,0.002807078
4556,2013-11-16 23:20:00,1491.7745
4556,2013-11-16 23:20:00,0.9881487
4556,2013-11-16 23:20:00,1.9734904
4556,2013-11-16 23:30:00,1.8115057
4556,2013-11-16 23:30:00,0.002807078
4556,2013-11-16 23:30:00,0.002807078
4556,2013-11-16 23:30:00,1202.9015
4556,2013-11-16 23:30:00,0.9853416
4556,2013-11-16 23:30:00,0.82897115
4556,2013-11-16 23:30:00,0.9853416
4556,2013-11-16 23:40:00,0.92530376
4556,2013-11-16 23:40:00,1103.191
4556,2013-11-16 23:40:00,0.92530376
4556,2013-11-16 23:40:00,0.92530376
4556,2013-11-16 23:50:00,0.9853416
4556,2013-11-16 23:50:00,1151.2977
4556,2013-11-16 23:50:00,0.92530376
4556,2013-11-17 00:00:00,0.002807078
4556,2013-11-17 00:00:00,0.82616407
4556,2013-11-17 00:00:00,0.92530376
4556,2013-11-17 00:00:00,1188.5532
4556,2013-11-17 00:00:00,1.9106454
4556,2013-11-17 00:10:00,1.9762974
4556,2013-11-17 00:10:00,1115.674
4556,2013-11-17 00:10:00,2.895987
4556,2013-11-17 00:20:00,0.008421234
4556,2013-11-17 00:20:00,892.3326
4556,2013-11-17 00:20:00,0.92530376
4556,2013-11-17 00:20:00,0.9853416
4556,2013-11-17 00:30:00,904.6168
4556,2013-11-17 00:30:00,0.92530376
4556,2013-11-17 00:30:00,0.9881487
4556,2013-11-17 00:40:00,972.0213
4556,2013-11-17 00:40:00,0.002807078
4556,2013-11-17 00:40:00,1.8506075
4556,2013-11-17 00:50:00,950.6701
4556,2013-11-17 00:50:00,0.9853416
4556,2013-11-17 01:00:00,0.92530376
4556,2013-11-17 01:00:00,0.92530376
4556,2013-11-17 01:00:00,801.01263
4556,2013-11-17 01:00:00,1.9106454
4556,2013-11-17 01:00:00,0.92530376
4556,2013-11-17 01:00:00,0.9853416
4556,2013-11-17 01:00:00,0.92530376
4556,2013-11-17 01:10:00,723.35016
4556,2013-11-17 01:10:00,0.92530376
4556,2013-11-17 01:20:00,682.60376
4556,2013-11-17 01:30:00,0.9853416
4556,2013-11-17 01:30:00,505.89746
4556,2013-11-17 01:30:00,0.92530376
4556,2013-11-17 01:40:00,0.92530376
4556,2013-11-17 01:40:00,532.92413
4556,2013-11-17 01:40:00,0.9853416
4556,2013-11-17 01:40:00,0.9853416
4556,2013-11-17 01:50:00,494.42746
4556,2013-11-17 01:50:00,1.9106454
4556,2013-11-17 02:00:00,443.9082
4556,2013-11-17 02:10:00,0.002807078
4556,2013-11-17 02:10:00,449.89343
4556,2013-11-17 02:10:00,0.92530376
4556,2013-11-17 02:20:00,0.92530376
4556,2013-11-17 02:20:00,453.97525
4556,2013-11-17 02:30:00,383.3957
4556,2013-11-17 02:30:00,0.92530376
4556,2013-11-17 02:40:00,321.51584
4556,2013-11-17 02:50:00,339.8581
4556,2013-11-17 03:00:00,309.638
4556,2013-11-17 03:10:00,315.5172
4556,2013-11-17 03:20:00,297.6207
4556,2013-11-17 03:30:00,284.61987
4556,2013-11-17 03:40:00,279.5611
4556,2013-11-17 03:40:00,0.92530376
4556,2013-11-17 03:50:00,0.002807078
4556,2013-11-17 03:50:00,296.1566
4556,2013-11-17 04:00:00,0.005614156
4556,2013-11-17 04:00:00,238.63493
4556,2013-11-17 04:10:00,0.002807078
4556,2013-11-17 04:10:00,250.22185
4556,2013-11-17 04:10:00,0.82616407
4556,2013-11-17 04:20:00,0.92530376
4556,2013-11-17 04:20:00,0.002807078
4556,2013-11-17 04:20:00,251.36488
4556,2013-11-17 04:30:00,0.002807078
4556,2013-11-17 04:30:00,262.35632
4556,2013-11-17 04:30:00,0.92530376
4556,2013-11-17 04:40:00,0.008421234
4556,2013-11-17 04:40:00,249.85786
4556,2013-11-17 04:50:00,0.008421234
4556,2013-11-17 04:50:00,267.95337
4556,2013-11-17 05:00:00,0.005614156
4556,2013-11-17 05:00:00,249.51086
4556,2013-11-17 05:10:00,0.008421234
4556,2013-11-17 05:10:00,308.47974
4556,2013-11-17 05:20:00,0.002807078
4556,2013-11-17 05:20:00,244.0281
4556,2013-11-17 05:30:00,0.005614156
4556,2013-11-17 05:30:00,228.808
4556,2013-11-17 05:40:00,0.002807078
4556,2013-11-17 05:40:00,257.4372
4556,2013-11-17 05:50:00,239.9025
4556,2013-11-17 06:00:00,0.002807078
4556,2013-11-17 06:00:00,222.96474
4556,2013-11-17 06:10:00,0.002807078
4556,2013-11-17 06:10:00,226.59119
4556,2013-11-17 06:20:00,0.005614156
4556,2013-11-17 06:20:00,224.11418
4556,2013-11-17 06:30:00,216.04926
4556,2013-11-17 06:30:00,0.92530376
4556,2013-11-17 06:40:00,228.77672
4556,2013-11-17 06:50:00,240.37065
4556,2013-11-17 07:00:00,253.46217
4556,2013-11-17 07:10:00,257.4627
4556,2013-11-17 07:20:00,251.06241
4556,2013-11-17 07:30:00,237.62634
4556,2013-11-17 07:30:00,0.92530376
4556,2013-11-17 07:40:00,286.93973
4556,2013-11-17 07:40:00,0.002807078
4556,2013-11-17 07:40:00,0.92530376
4556,2013-11-17 07:50:00,287.7143
4556,2013-11-17 07:50:00,0.92530376
4556,2013-11-17 08:00:00,273.57233
4556,2013-11-17 08:10:00,0.005614156
4556,2013-11-17 08:10:00,301.12814
4556,2013-11-17 08:20:00,0.008421234
4556,2013-11-17 08:20:00,326.99475
4556,2013-11-17 08:30:00,0.92530376
4556,2013-11-17 08:30:00,324.03586
4556,2013-11-17 08:30:00,0.92530376
4556,2013-11-17 08:40:00,372.7404
4556,2013-11-17 08:50:00,1.9162595
4556,2013-11-17 08:50:00,387.71945
4556,2013-11-17 09:00:00,334.74017
4556,2013-11-17 09:10:00,425.4727
4556,2013-11-17 09:20:00,0.005614156
4556,2013-11-17 09:20:00,441.2795
4556,2013-11-17 09:30:00,0.92530376
4556,2013-11-17 09:30:00,528.04144
4556,2013-11-17 09:30:00,0.92530376
4556,2013-11-17 09:40:00,0.002807078
4556,2013-11-17 09:40:00,604.03143
4556,2013-11-17 09:40:00,3.7612529
4556,2013-11-17 09:50:00,0.002807078
4556,2013-11-17 09:50:00,0.82616407
4556,2013-11-17 09:50:00,539.4285
4556,2013-11-17 10:00:00,507.94208
4556,2013-11-17 10:00:00,0.82616407
4556,2013-11-17 10:10:00,0.008421234
4556,2013-11-17 10:10:00,483.0259
4556,2013-11-17 10:10:00,0.002807078
4556,2013-11-17 10:20:00,0.005614156
4556,2013-11-17 10:20:00,0.005614156
4556,2013-11-17 10:20:00,502.7415
4556,2013-11-17 10:20:00,1.8506075
4556,2013-11-17 10:30:00,0.002807078
4556,2013-11-17 10:30:00,1.9106454
4556,2013-11-17 10:30:00,537.39813
4556,2013-11-17 10:30:00,0.9853416
4556,2013-11-17 10:40:00,0.002807078
4556,2013-11-17 10:40:00,564.47766
4556,2013-11-17 10:50:00,603.62256
4556,2013-11-17 10:50:00,1.9106454
4556,2013-11-17 11:00:00,3.6621132
4556,2013-11-17 11:00:00,607.0352
4556,2013-11-17 11:00:00,1.7514678
4556,2013-11-17 11:10:00,0.9853416
4556,2013-11-17 11:10:00,0.002807078
4556,2013-11-17 11:10:00,673.38153
4556,2013-11-17 11:10:00,0.92811084
4556,2013-11-17 11:10:00,0.9853416
4556,2013-11-17 11:20:00,0.82616407
4556,2013-11-17 11:20:00,690.5243
4556,2013-11-17 11:20:00,0.002807078
4556,2013-11-17 11:30:00,0.92811084
4556,2013-11-17 11:30:00,639.4443
4556,2013-11-17 11:30:00,1.9106454
4556,2013-11-17 11:40:00,655.5009
4556,2013-11-17 11:40:00,0.9853416
4556,2013-11-17 11:50:00,747.09973
4556,2013-11-17 11:50:00,1.8506075
4556,2013-11-17 12:00:00,842.97876
4556,2013-11-17 12:00:00,0.92530376
4556,2013-11-17 12:10:00,0.92530376
4556,2013-11-17 12:10:00,600.75964
4556,2013-11-17 12:10:00,2.8387563
4556,2013-11-17 12:20:00,0.92530376
4556,2013-11-17 12:20:00,0.002807078
4556,2013-11-17 12:20:00,800.07275
4556,2013-11-17 12:20:00,3.8813286
4556,2013-11-17 12:30:00,0.92530376
4556,2013-11-17 12:30:00,825.02985
4556,2013-11-17 12:40:00,1.9134525
4556,2013-11-17 12:40:00,800.44196
4556,2013-11-17 12:40:00,0.9853416
4556,2013-11-17 12:40:00,1.9106454
4556,2013-11-17 12:40:00,0.9853416
4556,2013-11-17 12:50:00,3.6020753
4556,2013-11-17 12:50:00,1.8506075
4556,2013-11-17 12:50:00,799.6186
4556,2013-11-17 13:00:00,841.85986
4556,2013-11-17 13:00:00,1.9134525
4556,2013-11-17 13:00:00,0.9853416
4556,2013-11-17 13:10:00,850.57544
4556,2013-11-17 13:10:00,0.9853416
4556,2013-11-17 13:10:00,0.92530376
4556,2013-11-17 13:20:00,994.42865
4556,2013-11-17 13:20:00,8.387772
4556,2013-11-17 13:20:00,0.92530376
4556,2013-11-17 13:20:00,3.8813286
4556,2013-11-17 13:30:00,1.9106454
4556,2013-11-17 13:30:00,989.81226
4556,2013-11-17 13:30:00,2.8387563
4556,2013-11-17 13:30:00,1.7514678
4556,2013-11-17 13:30:00,1.9106454
4556,2013-11-17 13:40:00,1.8506075
4556,2013-11-17 13:40:00,889.2937
4556,2013-11-17 13:40:00,0.9853416
4556,2013-11-17 13:40:00,0.92530376
4556,2013-11-17 13:40:00,0.002807078
4556,2013-11-17 13:50:00,745.3623
4556,2013-11-17 13:50:00,0.82616407
4556,2013-11-17 13:50:00,0.9853416
4556,2013-11-17 14:00:00,771.66656
4556,2013-11-17 14:00:00,1.7514678
4556,2013-11-17 14:00:00,0.82616407
4556,2013-11-17 14:00:00,0.9853416
4556,2013-11-17 14:10:00,0.92530376
4556,2013-11-17 14:10:00,793.8381
4556,2013-11-17 14:20:00,1.9106454
4556,2013-11-17 14:20:00,0.92530376
4556,2013-11-17 14:20:00,948.4184
4556,2013-11-17 14:20:00,1.8115057
4556,2013-11-17 14:20:00,0.002807078
4556,2013-11-17 14:20:00,0.005614156
4556,2013-11-17 14:30:00,0.002807078
4556,2013-11-17 14:30:00,732.07935
4556,2013-11-17 14:30:00,1.8506075
4556,2013-11-17 14:30:00,0.9853416
4556,2013-11-17 14:30:00,0.82616407
4556,2013-11-17 14:40:00,0.92530376
4556,2013-11-17 14:40:00,753.28705
4556,2013-11-17 14:50:00,0.92530376
4556,2013-11-17 14:50:00,891.6048
4556,2013-11-17 14:50:00,0.9853416
4556,2013-11-17 14:50:00,0.9853416
4556,2013-11-17 15:00:00,0.002807078
4556,2013-11-17 15:00:00,708.3846
4556,2013-11-17 15:00:00,1.9106454
4556,2013-11-17 15:00:00,1.8506075
4556,2013-11-17 15:10:00,0.92530376
4556,2013-11-17 15:10:00,0.92530376
4556,2013-11-17 15:10:00,0.9853416
4556,2013-11-17 15:10:00,0.002807078
4556,2013-11-17 15:10:00,750.3198
4556,2013-11-17 15:10:00,2.8359492
4556,2013-11-17 15:10:00,0.005614156
4556,2013-11-17 15:20:00,0.002807078
4556,2013-11-17 15:20:00,0.92530376
4556,2013-11-17 15:20:00,846.9277
4556,2013-11-17 15:30:00,0.92530376
4556,2013-11-17 15:30:00,0.9853416
4556,2013-11-17 15:30:00,0.9853416
4556,2013-11-17 15:30:00,732.6383
4556,2013-11-17 15:30:00,0.9853416
4556,2013-11-17 15:40:00,0.92530376
4556,2013-11-17 15:40:00,759.42865
4556,2013-11-17 15:40:00,0.92530376
4556,2013-11-17 15:50:00,3.8212907
4556,2013-11-17 15:50:00,660.70795
4556,2013-11-17 15:50:00,0.92530376
4556,2013-11-17 16:00:00,0.002807078
4556,2013-11-17 16:00:00,706.16614
4556,2013-11-17 16:00:00,0.92530376
4556,2013-11-17 16:10:00,2.895987
4556,2013-11-17 16:10:00,680.34204
4556,2013-11-17 16:10:00,0.002807078
4556,2013-11-17 16:20:00,0.92811084
4556,2013-11-17 16:20:00,611.42505
4556,2013-11-17 16:30:00,742.57446
4556,2013-11-17 16:30:00,0.9853416
4556,2013-11-17 16:40:00,0.005614156
4556,2013-11-17 16:40:00,739.608
4556,2013-11-17 16:40:00,0.002807078
4556,2013-11-17 16:50:00,0.002807078
4556,2013-11-17 16:50:00,603.8597
4556,2013-11-17 16:50:00,0.002807078
4556,2013-11-17 17:00:00,0.92530376
4556,2013-11-17 17:00:00,0.002807078
4556,2013-11-17 17:00:00,624.2299
4556,2013-11-17 17:00:00,1.9106454
4556,2013-11-17 17:10:00,0.9309179
4556,2013-11-17 17:10:00,639.5041
4556,2013-11-17 17:10:00,0.9853416
4556,2013-11-17 17:20:00,0.92530376
4556,2013-11-17 17:20:00,656.87335
4556,2013-11-17 17:20:00,1.9706832
4556,2013-11-17 17:30:00,679.0209
4556,2013-11-17 17:30:00,0.002807078
4556,2013-11-17 17:30:00,0.002807078
4556,2013-11-17 17:40:00,0.002807078
4556,2013-11-17 17:40:00,747.65826
4556,2013-11-17 17:40:00,0.002807078
4556,2013-11-17 17:50:00,0.002807078
4556,2013-11-17 17:50:00,787.7712
4556,2013-11-17 18:00:00,715.7695
4556,2013-11-17 18:00:00,0.002807078
4556,2013-11-17 18:10:00,0.002807078
4556,2013-11-17 18:10:00,752.72833
4556,2013-11-17 18:10:00,0.92530376
4556,2013-11-17 18:10:00,0.9853416
4556,2013-11-17 18:20:00,0.002807078
4556,2013-11-17 18:20:00,718.79254
4556,2013-11-17 18:20:00,0.9853416
4556,2013-11-17 18:30:00,741.8393
4556,2013-11-17 18:30:00,0.002807078
4556,2013-11-17 18:40:00,806.29047
4556,2013-11-17 18:40:00,0.92530376
4556,2013-11-17 18:40:00,0.002807078
4556,2013-11-17 18:50:00,0.9853416
4556,2013-11-17 18:50:00,783.7196
4556,2013-11-17 18:50:00,0.002807078
4556,2013-11-17 19:00:00,658.4687
4556,2013-11-17 19:00:00,0.002807078
4556,2013-11-17 19:10:00,1.9106454
4556,2013-11-17 19:10:00,793.7722
4556,2013-11-17 19:10:00,1.8506075
4556,2013-11-17 19:10:00,0.002807078
4556,2013-11-17 19:10:00,0.002807078
4556,2013-11-17 19:10:00,0.92530376
4556,2013-11-17 19:20:00,876.2955
4556,2013-11-17 19:20:00,0.002807078
4556,2013-11-17 19:20:00,0.9853416
4556,2013-11-17 19:30:00,1.9106454
4556,2013-11-17 19:30:00,1094.8381
4556,2013-11-17 19:30:00,5.5518227
4556,2013-11-17 19:30:00,0.002807078
4556,2013-11-17 19:30:00,0.92530376
4556,2013-11-17 19:40:00,867.63416
4556,2013-11-17 19:40:00,4.6265187
4556,2013-11-17 19:40:00,0.002807078
4556,2013-11-17 19:40:00,2.956025
4556,2013-11-17 19:40:00,0.002807078
4556,2013-11-17 19:50:00,0.002807078
4556,2013-11-17 19:50:00,0.92530376
4556,2013-11-17 19:50:00,842.32776
4556,2013-11-17 19:50:00,1.8506075
4556,2013-11-17 19:50:00,0.92530376
4556,2013-11-17 20:00:00,3.8240979
4556,2013-11-17 20:00:00,784.08563
4556,2013-11-17 20:10:00,0.9853416
4556,2013-11-17 20:10:00,920.1288
4556,2013-11-17 20:10:00,0.9853416
4556,2013-11-17 20:20:00,982.30774
4556,2013-11-17 20:20:00,0.92530376
4556,2013-11-17 20:30:00,0.005614156
4556,2013-11-17 20:30:00,0.92530376
4556,2013-11-17 20:30:00,853.1051
4556,2013-11-17 20:30:00,0.002807078
4556,2013-11-17 20:30:00,1.8562217
4556,2013-11-17 20:40:00,0.002807078
4556,2013-11-17 20:40:00,4.8066325
4556,2013-11-17 20:40:00,935.4516
4556,2013-11-17 20:40:00,0.9853416
4556,2013-11-17 20:40:00,1.9706832
4556,2013-11-17 20:50:00,883.26263
4556,2013-11-17 20:50:00,0.9853416
4556,2013-11-17 21:00:00,0.002807078
4556,2013-11-17 21:00:00,0.92811084
4556,2013-11-17 21:00:00,757.2588
4556,2013-11-17 21:10:00,0.002807078
4556,2013-11-17 21:10:00,851.10486
4556,2013-11-17 21:10:00,0.9853416
4556,2013-11-17 21:20:00,0.002807078
4556,2013-11-17 21:20:00,1.8506075
4556,2013-11-17 21:20:00,959.55145
4556,2013-11-17 21:20:00,1.7514678
4556,2013-11-17 21:30:00,0.002807078
4556,2013-11-17 21:30:00,843.7391
4556,2013-11-17 21:40:00,721.3091
4556,2013-11-17 21:40:00,0.9309179
4556,2013-11-17 21:50:00,0.002807078
4556,2013-11-17 21:50:00,727.10986
4556,2013-11-17 21:50:00,0.92530376
4556,2013-11-17 22:00:00,737.5764
4556,2013-11-17 22:00:00,0.002807078
4556,2013-11-17 22:00:00,0.9853416
4556,2013-11-17 22:10:00,0.92530376
4556,2013-11-17 22:10:00,657.33575
4556,2013-11-17 22:10:00,0.9881487
4556,2013-11-17 22:20:00,0.005614156
4556,2013-11-17 22:20:00,637.37476
4556,2013-11-17 22:30:00,0.002807078
4556,2013-11-17 22:30:00,639.4822
4556,2013-11-17 22:40:00,0.92530376
4556,2013-11-17 22:40:00,574.3153
4556,2013-11-17 22:50:00,0.005614156
4556,2013-11-17 22:50:00,603.39594
4556,2013-11-17 23:00:00,526.14844
4556,2013-11-17 23:00:00,0.9853416
4556,2013-11-17 23:10:00,491.89624
4556,2013-11-17 23:20:00,5.5518227
4556,2013-11-17 23:20:00,430.73856
4556,2013-11-17 23:20:00,0.9853416
4556,2013-11-17 23:30:00,1.8506075
4556,2013-11-17 23:30:00,0.002807078
4556,2013-11-17 23:30:00,521.0032
4556,2013-11-17 23:30:00,0.9853416
4556,2013-11-17 23:40:00,1.8506075
4556,2013-11-17 23:40:00,430.18985
4556,2013-11-17 23:50:00,12.028949
4556,2013-11-17 23:50:00,367.55356
4556,2013-11-18 00:00:00,10.178341
4556,2013-11-18 00:00:00,391.32263
4556,2013-11-18 00:10:00,3.701215
4556,2013-11-18 00:10:00,385.83746
4556,2013-11-18 00:20:00,0.92530376
4556,2013-11-18 00:20:00,367.3692
4556,2013-11-18 00:30:00,335.66397
4556,2013-11-18 00:30:00,0.92530376
4556,2013-11-18 00:40:00,0.9853416
4556,2013-11-18 00:40:00,312.31708
4556,2013-11-18 00:40:00,1.8506075
4556,2013-11-18 00:40:00,32.38563
4556,2013-11-18 00:40:00,0.9853416
4556,2013-11-18 00:50:00,345.00552
4556,2013-11-18 00:50:00,1.8506075
4556,2013-11-18 00:50:00,12.028949
4556,2013-11-18 01:00:00,340.15808
4556,2013-11-18 01:00:00,0.92530376
4556,2013-11-18 01:10:00,285.10602
4556,2013-11-18 01:10:00,1.8506075
4556,2013-11-18 01:20:00,282.79233
4556,2013-11-18 01:30:00,312.14105
4556,2013-11-18 01:40:00,278.02322
4556,2013-11-18 01:50:00,266.0362
4556,2013-11-18 02:00:00,266.79956
4556,2013-11-18 02:10:00,263.69965
4556,2013-11-18 02:20:00,256.12274
4556,2013-11-18 02:20:00,0.002807078
4556,2013-11-18 02:30:00,261.24997
4556,2013-11-18 02:40:00,232.72342
4556,2013-11-18 02:50:00,238.47499
4556,2013-11-18 03:00:00,256.42856
4556,2013-11-18 03:10:00,234.73965
4556,2013-11-18 03:20:00,0.002807078
4556,2013-11-18 03:20:00,221.29865
4556,2013-11-18 03:30:00,0.019649545
4556,2013-11-18 03:30:00,242.71622
4556,2013-11-18 03:40:00,0.005614156
4556,2013-11-18 03:40:00,227.64343
4556,2013-11-18 03:50:00,0.008421234
4556,2013-11-18 03:50:00,188.40239
4556,2013-11-18 04:00:00,0.011228312
4556,2013-11-18 04:00:00,219.73439
4556,2013-11-18 04:10:00,0.008421234
4556,2013-11-18 04:10:00,203.22534
4556,2013-11-18 04:20:00,0.016842468
4556,2013-11-18 04:20:00,195.06116
4556,2013-11-18 04:30:00,0.008421234
4556,2013-11-18 04:30:00,215.68755
4556,2013-11-18 04:40:00,0.011228312
4556,2013-11-18 04:40:00,206.40059
4556,2013-11-18 04:40:00,0.9853416
4556,2013-11-18 04:50:00,0.016842468
4556,2013-11-18 04:50:00,214.65451
4556,2013-11-18 05:00:00,0.01403539
4556,2013-11-18 05:00:00,244.83485
4556,2013-11-18 05:10:00,0.011228312
4556,2013-11-18 05:10:00,225.94473
4556,2013-11-18 05:20:00,0.002807078
4556,2013-11-18 05:20:00,215.45277
4556,2013-11-18 05:30:00,0.008421234
4556,2013-11-18 05:30:00,230.67941
4556,2013-11-18 05:40:00,252.83633
4556,2013-11-18 05:40:00,0.002807078
4556,2013-11-18 05:50:00,278.94165
4556,2013-11-18 06:00:00,0.92530376
4556,2013-11-18 06:00:00,0.005614156
4556,2013-11-18 06:00:00,336.9971
4556,2013-11-18 06:10:00,2.7759113
4556,2013-11-18 06:10:00,311.06918
4556,2013-11-18 06:20:00,1.8506075
4556,2013-11-18 06:20:00,0.002807078
4556,2013-11-18 06:20:00,325.44998
4556,2013-11-18 06:30:00,0.92530376
4556,2013-11-18 06:30:00,0.002807078
4556,2013-11-18 06:30:00,467.2477
4556,2013-11-18 06:30:00,0.9881487
4556,2013-11-18 06:40:00,394.69522
4556,2013-11-18 06:40:00,0.002807078
4556,2013-11-18 06:50:00,452.18076
4556,2013-11-18 06:50:00,0.9853416
4556,2013-11-18 07:00:00,542.0547
4556,2013-11-18 07:10:00,0.9853416
4556,2013-11-18 07:10:00,471.8794
4556,2013-11-18 07:10:00,0.82616407
4556,2013-11-18 07:10:00,0.92530376
4556,2013-11-18 07:10:00,0.002807078
4556,2013-11-18 07:20:00,512.48334
4556,2013-11-18 07:20:00,0.92530376
4556,2013-11-18 07:30:00,542.8975
4556,2013-11-18 07:40:00,0.82616407
4556,2013-11-18 07:40:00,531.4956
4556,2013-11-18 07:50:00,407.97964
4556,2013-11-18 08:00:00,422.36884
4556,2013-11-18 08:10:00,445.66983
4556,2013-11-18 08:20:00,403.88092
4556,2013-11-18 08:20:00,0.9881487
4556,2013-11-18 08:30:00,476.51266
4556,2013-11-18 08:30:00,1.9706832
4556,2013-11-18 08:30:00,0.002807078
4556,2013-11-18 08:40:00,0.9853416
4556,2013-11-18 08:40:00,445.3281
4556,2013-11-18 08:40:00,2.8359492
4556,2013-11-18 08:50:00,415.2359
4556,2013-11-18 08:50:00,0.9853416
4556,2013-11-18 08:50:00,1.9106454
4556,2013-11-18 09:00:00,390.26947
4556,2013-11-18 09:00:00,0.92530376
4556,2013-11-18 09:10:00,0.002807078
4556,2013-11-18 09:10:00,415.90002
4556,2013-11-18 09:20:00,425.68893
4556,2013-11-18 09:20:00,1.9106454
4556,2013-11-18 09:30:00,0.9881487
4556,2013-11-18 09:30:00,452.4689
4556,2013-11-18 09:30:00,1.9106454
4556,2013-11-18 09:40:00,379.29092
4556,2013-11-18 09:40:00,0.002807078
4556,2013-11-18 09:50:00,416.15463
4556,2013-11-18 09:50:00,0.9853416
4556,2013-11-18 10:00:00,417.38193
4556,2013-11-18 10:00:00,0.9853416
4556,2013-11-18 10:00:00,0.002807078
4556,2013-11-18 10:10:00,438.3738
4556,2013-11-18 10:10:00,0.82616407
4556,2013-11-18 10:20:00,443.01663
4556,2013-11-18 10:20:00,0.9881487
4556,2013-11-18 10:30:00,461.6927
4556,2013-11-18 10:30:00,0.9853416
4556,2013-11-18 10:30:00,0.9881487
4556,2013-11-18 10:40:00,498.22058
4556,2013-11-18 10:40:00,0.92530376
4556,2013-11-18 10:50:00,1.9706832
4556,2013-11-18 10:50:00,446.00632
4556,2013-11-18 10:50:00,0.9853416
4556,2013-11-18 11:00:00,430.05115
4556,2013-11-18 11:00:00,0.9853416
4556,2013-11-18 11:10:00,0.002807078
4556,2013-11-18 11:10:00,493.37622
4556,2013-11-18 11:10:00,0.9853416
4556,2013-11-18 11:20:00,544.9863
4556,2013-11-18 11:30:00,407.9853
4556,2013-11-18 11:40:00,560.486
4556,2013-11-18 11:50:00,473.11392
4556,2013-11-18 12:00:00,1.9106454
4556,2013-11-18 12:00:00,556.9153
4556,2013-11-18 12:00:00,0.9853416
4556,2013-11-18 12:00:00,0.9853416
4556,2013-11-18 12:10:00,0.92811084
4556,2013-11-18 12:10:00,561.523
4556,2013-11-18 12:10:00,0.92530376
4556,2013-11-18 12:10:00,1.9706832
4556,2013-11-18 12:20:00,542.15295
4556,2013-11-18 12:20:00,0.92530376
4556,2013-11-18 12:20:00,0.002807078
4556,2013-11-18 12:20:00,0.9853416
4556,2013-11-18 12:30:00,479.1359
4556,2013-11-18 12:30:00,0.9853416
4556,2013-11-18 12:40:00,538.11975
4556,2013-11-18 12:40:00,0.9853416
4556,2013-11-18 12:50:00,644.37463
4556,2013-11-18 13:00:00,0.82897115
4556,2013-11-18 13:00:00,596.204
4556,2013-11-18 13:00:00,0.92530376
4556,2013-11-18 13:10:00,575.2368
4556,2013-11-18 13:10:00,0.9853416
4556,2013-11-18 13:20:00,0.002807078
4556,2013-11-18 13:20:00,545.9112
4556,2013-11-18 13:20:00,0.9853416
4556,2013-11-18 13:30:00,531.308
4556,2013-11-18 13:30:00,0.002807078
4556,2013-11-18 13:30:00,0.92530376
4556,2013-11-18 13:40:00,511.9427
4556,2013-11-18 13:40:00,0.9853416
4556,2013-11-18 13:50:00,537.42285
4556,2013-11-18 13:50:00,0.002807078
4556,2013-11-18 14:00:00,571.07056
4556,2013-11-18 14:10:00,478.9611
4556,2013-11-18 14:10:00,0.002807078
4556,2013-11-18 14:20:00,539.07764
4556,2013-11-18 14:30:00,587.25574
4556,2013-11-18 14:40:00,495.56293
4556,2013-11-18 14:40:00,0.9853416
4556,2013-11-18 14:50:00,567.24817
4556,2013-11-18 15:00:00,527.2542
4556,2013-11-18 15:10:00,572.26917
4556,2013-11-18 15:10:00,0.9853416
4556,2013-11-18 15:20:00,550.964
4556,2013-11-18 15:20:00,1.9106454
4556,2013-11-18 15:30:00,530.1115
4556,2013-11-18 15:40:00,597.03125
4556,2013-11-18 15:40:00,0.92530376
4556,2013-11-18 15:50:00,484.3977
4556,2013-11-18 15:50:00,1.8506075
4556,2013-11-18 15:50:00,0.9853416
4556,2013-11-18 16:00:00,464.44595
4556,2013-11-18 16:10:00,476.04016
4556,2013-11-18 16:10:00,0.9853416
4556,2013-11-18 16:20:00,484.99738
4556,2013-11-18 16:30:00,0.002807078
4556,2013-11-18 16:30:00,588.7606
4556,2013-11-18 16:40:00,572.2566
4556,2013-11-18 16:40:00,0.9853416
4556,2013-11-18 16:50:00,581.1248
4556,2013-11-18 16:50:00,0.9853416
4556,2013-11-18 16:50:00,0.9853416
4556,2013-11-18 17:00:00,601.538
4556,2013-11-18 17:10:00,634.46924
4556,2013-11-18 17:10:00,0.9853416
4556,2013-11-18 17:20:00,629.8069
4556,2013-11-18 17:30:00,573.3905
4556,2013-11-18 17:40:00,668.8784
4556,2013-11-18 17:50:00,713.06665
4556,2013-11-18 18:00:00,682.2525
4556,2013-11-18 18:10:00,702.09735
4556,2013-11-18 18:20:00,644.7758
4556,2013-11-18 18:20:00,0.92530376
4556,2013-11-18 18:30:00,0.002807078
4556,2013-11-18 18:30:00,0.9881487
4556,2013-11-18 18:30:00,694.62805
4556,2013-11-18 18:40:00,664.16223
4556,2013-11-18 18:40:00,0.92530376
4556,2013-11-18 18:50:00,0.92530376
4556,2013-11-18 18:50:00,704.2765
4556,2013-11-18 18:50:00,0.9853416
4556,2013-11-18 19:00:00,715.7383
4556,2013-11-18 19:00:00,0.002807078
4556,2013-11-18 19:00:00,0.82616407
4556,2013-11-18 19:10:00,0.002807078
4556,2013-11-18 19:10:00,1.9134525
4556,2013-11-18 19:10:00,813.83496
4556,2013-11-18 19:10:00,3.8869429
4556,2013-11-18 19:10:00,0.9853416
4556,2013-11-18 19:10:00,3.5657806
4556,2013-11-18 19:10:00,1.9106454
4556,2013-11-18 19:20:00,0.92530376
4556,2013-11-18 19:20:00,810.7634
4556,2013-11-18 19:20:00,0.92530376
4556,2013-11-18 19:20:00,2.8359492
4556,2013-11-18 19:20:00,5.623089
4556,2013-11-18 19:30:00,842.5597
4556,2013-11-18 19:30:00,0.82616407
4556,2013-11-18 19:30:00,5.5155277
4556,2013-11-18 19:30:00,1.9106454
4556,2013-11-18 19:40:00,784.02203
4556,2013-11-18 19:40:00,1.7514678
4556,2013-11-18 19:50:00,768.14685
4556,2013-11-18 19:50:00,0.92811084
4556,2013-11-18 19:50:00,0.002807078
4556,2013-11-18 19:50:00,0.92530376
4556,2013-11-18 19:50:00,1.9106454
4556,2013-11-18 20:00:00,0.9853416
4556,2013-11-18 20:00:00,0.002807078
4556,2013-11-18 20:00:00,800.03033
4556,2013-11-18 20:00:00,2.6767716
4556,2013-11-18 20:10:00,0.9853416
4556,2013-11-18 20:10:00,858.52167
4556,2013-11-18 20:10:00,0.9853416
4556,2013-11-18 20:10:00,3.5029356
4556,2013-11-18 20:20:00,0.9853416
4556,2013-11-18 20:20:00,767.37463
4556,2013-11-18 20:20:00,2.8359492
4556,2013-11-18 20:20:00,4.593031
4556,2013-11-18 20:30:00,1.9706832
4556,2013-11-18 20:30:00,791.8815
4556,2013-11-18 20:30:00,1.9106454
4556,2013-11-18 20:30:00,5.518335
4556,2013-11-18 20:30:00,1.9106454
4556,2013-11-18 20:40:00,0.9853416
4556,2013-11-18 20:40:00,749.8278
4556,2013-11-18 20:40:00,5.734743
4556,2013-11-18 20:50:00,0.002807078
4556,2013-11-18 20:50:00,707.0957
4556,2013-11-18 20:50:00,0.9853416
4556,2013-11-18 20:50:00,7.3242264
4556,2013-11-18 21:00:00,773.85455
4556,2013-11-18 21:00:00,4.6474547
4556,2013-11-18 21:00:00,1.9106454
4556,2013-11-18 21:10:00,735.1575
4556,2013-11-18 21:10:00,5.5127206
4556,2013-11-18 21:20:00,769.0964
4556,2013-11-18 21:20:00,0.9309179
4556,2013-11-18 21:20:00,0.9853416
4556,2013-11-18 21:30:00,0.92811084
4556,2013-11-18 21:30:00,0.002807078
4556,2013-11-18 21:30:00,706.4939
4556,2013-11-18 21:30:00,3.76406
4556,2013-11-18 21:30:00,9.334011
4556,2013-11-18 21:30:00,0.92530376
4556,2013-11-18 21:30:00,0.92811084
4556,2013-11-18 21:40:00,690.7367
4556,2013-11-18 21:40:00,3.403796
4556,2013-11-18 21:40:00,1.9106454
4556,2013-11-18 21:50:00,0.002807078
4556,2013-11-18 21:50:00,725.1868
4556,2013-11-18 22:00:00,0.002807078
4556,2013-11-18 22:00:00,615.2391
4556,2013-11-18 22:00:00,0.92530376
4556,2013-11-18 22:00:00,1.9106454
4556,2013-11-18 22:10:00,0.002807078
4556,2013-11-18 22:10:00,754.15845
4556,2013-11-18 22:10:00,2.8359492
4556,2013-11-18 22:20:00,0.92530376
4556,2013-11-18 22:20:00,690.0271
4556,2013-11-18 22:30:00,580.1123
4556,2013-11-18 22:40:00,627.6829
4556,2013-11-18 22:50:00,634.4278
4556,2013-11-18 22:50:00,0.9853416
4556,2013-11-18 23:00:00,0.9853416
4556,2013-11-18 23:00:00,673.72034
4556,2013-11-18 23:10:00,542.20215
4556,2013-11-18 23:20:00,488.1225
4556,2013-11-18 23:30:00,580.65076
4556,2013-11-18 23:40:00,626.88464
4556,2013-11-18 23:50:00,866.4613
4556,2013-11-18 23:50:00,1.9706832
4556,2013-11-19 00:00:00,575.3476
4556,2013-11-19 00:00:00,0.9853416
4556,2013-11-19 00:10:00,381.68826
4556,2013-11-19 00:20:00,375.7161
4556,2013-11-19 00:30:00,357.8412
4556,2013-11-19 00:40:00,369.17377
4556,2013-11-19 00:50:00,359.55865
4556,2013-11-19 01:00:00,323.44095
4556,2013-11-19 01:10:00,352.5434
4556,2013-11-19 01:20:00,310.73956
4556,2013-11-19 01:30:00,287.65714
4556,2013-11-19 01:40:00,352.42612
4556,2013-11-19 01:50:00,293.7027
4556,2013-11-19 02:00:00,252.15912
4556,2013-11-19 02:10:00,274.32916
4556,2013-11-19 02:20:00,266.25784
4556,2013-11-19 02:30:00,238.33395
4556,2013-11-19 02:40:00,264.04474
4556,2013-11-19 02:50:00,261.91898
4556,2013-11-19 03:00:00,208.50224
4556,2013-11-19 03:10:00,240.58821
4556,2013-11-19 03:20:00,244.68257
4556,2013-11-19 03:30:00,199.60068
4556,2013-11-19 03:40:00,226.35252
4556,2013-11-19 03:50:00,251.79076
4556,2013-11-19 04:00:00,207.2182
4556,2013-11-19 04:00:00,0.92530376
4556,2013-11-19 04:10:00,233.78432
4556,2013-11-19 04:20:00,245.8323
4556,2013-11-19 04:30:00,206.44084
4556,2013-11-19 04:40:00,224.42242
4556,2013-11-19 04:50:00,238.43028
4556,2013-11-19 05:00:00,204.31227
4556,2013-11-19 05:10:00,274.8132
4556,2013-11-19 05:20:00,261.3107
4556,2013-11-19 05:30:00,237.29138
4556,2013-11-19 05:30:00,1.8506075
4556,2013-11-19 05:40:00,243.7509
4556,2013-11-19 05:50:00,257.2367
4556,2013-11-19 06:00:00,232.92462
4556,2013-11-19 06:00:00,0.9853416
4556,2013-11-19 06:00:00,0.92530376
4556,2013-11-19 06:10:00,265.5812
4556,2013-11-19 06:20:00,290.44714
4556,2013-11-19 06:20:00,2.8359492
4556,2013-11-19 06:30:00,366.99557
4556,2013-11-19 06:40:00,365.09274
4556,2013-11-19 06:40:00,1.9106454
4556,2013-11-19 06:50:00,390.16687
4556,2013-11-19 06:50:00,0.9853416
4556,2013-11-19 06:50:00,1.9106454
4556,2013-11-19 07:00:00,429.9702
4556,2013-11-19 07:00:00,0.9853416
4556,2013-11-19 07:00:00,1.9106454
4556,2013-11-19 07:10:00,447.96472
4556,2013-11-19 07:10:00,0.9853416
4556,2013-11-19 07:20:00,0.82616407
4556,2013-11-19 07:20:00,0.82616407
4556,2013-11-19 07:20:00,562.10004
4556,2013-11-19 07:30:00,453.54584
4556,2013-11-19 07:40:00,597.9355
4556,2013-11-19 07:40:00,0.005614156
4556,2013-11-19 07:50:00,558.03186
4556,2013-11-19 08:00:00,467.7521
4556,2013-11-19 08:10:00,492.1501
4556,2013-11-19 08:20:00,0.92530376
4556,2013-11-19 08:20:00,526.096
4556,2013-11-19 08:20:00,0.002807078
4556,2013-11-19 08:30:00,0.002807078
4556,2013-11-19 08:30:00,2.6767716
4556,2013-11-19 08:30:00,485.6398
4556,2013-11-19 08:30:00,0.9853416
4556,2013-11-19 08:40:00,491.67575
4556,2013-11-19 08:40:00,0.9853416
4556,2013-11-19 08:50:00,600.5716
4556,2013-11-19 08:50:00,1.9706832
4556,2013-11-19 09:00:00,0.002807078
4556,2013-11-19 09:00:00,591.284
4556,2013-11-19 09:10:00,523.5903
4556,2013-11-19 09:20:00,0.002807078
4556,2013-11-19 09:20:00,514.65393
4556,2013-11-19 09:20:00,0.002807078
4556,2013-11-19 09:30:00,476.86514
4556,2013-11-19 09:30:00,0.9853416
4556,2013-11-19 09:40:00,2.6767716
4556,2013-11-19 09:40:00,543.38214
4556,2013-11-19 09:50:00,0.002807078
4556,2013-11-19 09:50:00,444.8634
4556,2013-11-19 10:00:00,475.33484
4556,2013-11-19 10:10:00,544.4803
4556,2013-11-19 10:20:00,593.2291
4556,2013-11-19 10:30:00,0.9853416
4556,2013-11-19 10:30:00,579.7658
4556,2013-11-19 10:40:00,536.5046
4556,2013-11-19 10:50:00,0.9853416
4556,2013-11-19 10:50:00,466.00522
4556,2013-11-19 11:00:00,0.9853416
4556,2013-11-19 11:00:00,0.9853416
4556,2013-11-19 11:00:00,658.45905
4556,2013-11-19 11:10:00,491.56665
4556,2013-11-19 11:10:00,0.92530376
4556,2013-11-19 11:20:00,0.9853416
4556,2013-11-19 11:20:00,626.2203
4556,2013-11-19 11:30:00,0.9881487
4556,2013-11-19 11:30:00,577.63763
4556,2013-11-19 11:40:00,0.92530376
4556,2013-11-19 11:40:00,564.46246
4556,2013-11-19 11:40:00,1.9706832
4556,2013-11-19 11:50:00,0.99095577
4556,2013-11-19 11:50:00,684.7646
4556,2013-11-19 11:50:00,0.9853416
4556,2013-11-19 12:00:00,0.82616407
4556,2013-11-19 12:00:00,742.3258
4556,2013-11-19 12:10:00,3.8212907
4556,2013-11-19 12:10:00,763.15216
4556,2013-11-19 12:20:00,1.9134525
4556,2013-11-19 12:20:00,674.27545
4556,2013-11-19 12:30:00,1.9106454
4556,2013-11-19 12:30:00,774.7043
4556,2013-11-19 12:30:00,0.002807078
4556,2013-11-19 12:30:00,0.002807078
4556,2013-11-19 12:30:00,0.92530376
4556,2013-11-19 12:40:00,0.002807078
4556,2013-11-19 12:40:00,0.92530376
4556,2013-11-19 12:40:00,713.62897
4556,2013-11-19 12:40:00,2.895987
4556,2013-11-19 12:50:00,1.7542748
4556,2013-11-19 12:50:00,617.43097
4556,2013-11-19 12:50:00,8.567885
4556,2013-11-19 13:00:00,0.002807078
4556,2013-11-19 13:00:00,532.1718
4556,2013-11-19 13:00:00,19.77344
4556,2013-11-19 13:10:00,0.9853416
4556,2013-11-19 13:10:00,1.8562217
4556,2013-11-19 13:10:00,0.82616407
4556,2013-11-19 13:10:00,606.31287
4556,2013-11-19 13:10:00,3.8212907
4556,2013-11-19 13:20:00,6.5581
4556,2013-11-19 13:20:00,0.9853416
4556,2013-11-19 13:20:00,529.73944
4556,2013-11-19 13:20:00,1.9106454
4556,2013-11-19 13:20:00,1.8506075
4556,2013-11-19 13:30:00,483.68704
4556,2013-11-19 13:40:00,613.7895
4556,2013-11-19 13:40:00,1.7514678
4556,2013-11-19 13:50:00,579.3431
4556,2013-11-19 14:00:00,1.9106454
4556,2013-11-19 14:00:00,584.5718
4556,2013-11-19 14:00:00,0.9853416
4556,2013-11-19 14:10:00,581.1674
4556,2013-11-19 14:10:00,0.002807078
4556,2013-11-19 14:10:00,1.9706832
4556,2013-11-19 14:20:00,4.6265187
4556,2013-11-19 14:20:00,0.82616407
4556,2013-11-19 14:20:00,663.4031
4556,2013-11-19 14:30:00,1.9106454
4556,2013-11-19 14:30:00,626.5863
4556,2013-11-19 14:40:00,0.9853416
4556,2013-11-19 14:40:00,599.3904
4556,2013-11-19 14:40:00,0.9853416
4556,2013-11-19 14:50:00,0.92530376
4556,2013-11-19 14:50:00,582.47784
4556,2013-11-19 14:50:00,3.9413664
4556,2013-11-19 15:00:00,548.47156
4556,2013-11-19 15:00:00,2.7368095
4556,2013-11-19 15:10:00,0.82616407
4556,2013-11-19 15:10:00,610.68494
4556,2013-11-19 15:20:00,0.002807078
4556,2013-11-19 15:20:00,0.002807078
4556,2013-11-19 15:20:00,658.14746
4556,2013-11-19 15:30:00,682.7061
4556,2013-11-19 15:40:00,0.9853416
4556,2013-11-19 15:40:00,598.8698
4556,2013-11-19 15:50:00,0.82616407
4556,2013-11-19 15:50:00,594.99347
4556,2013-11-19 15:50:00,0.9853416
4556,2013-11-19 16:00:00,553.7251
4556,2013-11-19 16:10:00,586.2377
4556,2013-11-19 16:10:00,0.9853416
4556,2013-11-19 16:20:00,0.9853416
4556,2013-11-19 16:20:00,533.8751
4556,2013-11-19 16:30:00,485.24762
4556,2013-11-19 16:40:00,557.72986
4556,2013-11-19 16:50:00,567.179
4556,2013-11-19 17:00:00,577.85724
4556,2013-11-19 17:10:00,0.005614156
4556,2013-11-19 17:10:00,699.30145
4556,2013-11-19 17:20:00,0.002807078
4556,2013-11-19 17:20:00,741.7804
4556,2013-11-19 17:20:00,0.9853416
4556,2013-11-19 17:30:00,677.7004
4556,2013-11-19 17:40:00,681.2791
4556,2013-11-19 17:40:00,0.92530376
4556,2013-11-19 17:50:00,692.48224
4556,2013-11-19 17:50:00,0.002807078
4556,2013-11-19 18:00:00,753.4248
4556,2013-11-19 18:10:00,628.0056
4556,2013-11-19 18:20:00,0.82616407
4556,2013-11-19 18:20:00,651.1939
4556,2013-11-19 18:30:00,702.1015
4556,2013-11-19 18:40:00,720.22925
4556,2013-11-19 18:40:00,0.9853416
4556,2013-11-19 18:50:00,888.73126
4556,2013-11-19 18:50:00,3.8212907
4556,2013-11-19 19:00:00,958.64
4556,2013-11-19 19:00:00,1.9106454
4556,2013-11-19 19:00:00,5.791974
4556,2013-11-19 19:10:00,868.66614
4556,2013-11-19 19:10:00,2.8359492
4556,2013-11-19 19:10:00,0.92530376
4556,2013-11-19 19:20:00,0.92530376
4556,2013-11-19 19:20:00,770.4356
4556,2013-11-19 19:20:00,16.559097
4556,2013-11-19 19:30:00,732.99963
4556,2013-11-19 19:30:00,0.99095577
4556,2013-11-19 19:30:00,9.553226
4556,2013-11-19 19:40:00,878.3692
4556,2013-11-19 19:40:00,1.6579423
4556,2013-11-19 19:40:00,6.65724
4556,2013-11-19 19:50:00,0.002807078
4556,2013-11-19 19:50:00,1.7514678
4556,2013-11-19 19:50:00,763.7097
4556,2013-11-19 19:50:00,5.413581
4556,2013-11-19 19:50:00,4.8066325
4556,2013-11-19 19:50:00,1.9706832
4556,2013-11-19 20:00:00,839.93463
4556,2013-11-19 20:00:00,0.9853416
4556,2013-11-19 20:00:00,0.9853416
4556,2013-11-19 20:00:00,3.7612529
4556,2013-11-19 20:10:00,745.8788
4556,2013-11-19 20:10:00,4.8066325
4556,2013-11-19 20:10:00,2.577632
4556,2013-11-19 20:20:00,692.62695
4556,2013-11-19 20:20:00,0.92811084
4556,2013-11-19 20:20:00,2.895987
4556,2013-11-19 20:30:00,0.002807078
4556,2013-11-19 20:30:00,804.16644
4556,2013-11-19 20:30:00,7.705426
4556,2013-11-19 20:30:00,1.7514678
4556,2013-11-19 20:40:00,0.002807078
4556,2013-11-19 20:40:00,713.447
4556,2013-11-19 20:40:00,5.6928344
4556,2013-11-19 20:40:00,3.6621132
4556,2013-11-19 20:50:00,0.002807078
4556,2013-11-19 20:50:00,1.9106454
4556,2013-11-19 20:50:00,1037.7667
4556,2013-11-19 20:50:00,6.7773156
4556,2013-11-19 20:50:00,5.416388
4556,2013-11-19 20:50:00,1.8506075
4556,2013-11-19 21:00:00,0.82616407
4556,2013-11-19 21:00:00,836.515
4556,2013-11-19 21:00:00,1.9106454
4556,2013-11-19 21:00:00,5.6327963
4556,2013-11-19 21:00:00,8.570692
4556,2013-11-19 21:00:00,8.390578
4556,2013-11-19 21:10:00,0.002807078
4556,2013-11-19 21:10:00,865.1082
4556,2013-11-19 21:10:00,4.7465944
4556,2013-11-19 21:10:00,4.8066325
4556,2013-11-19 21:20:00,0.005614156
4556,2013-11-19 21:20:00,849.51337
4556,2013-11-19 21:20:00,3.701215
4556,2013-11-19 21:20:00,0.005614156
4556,2013-11-19 21:20:00,8.53159
4556,2013-11-19 21:30:00,0.005614156
4556,2013-11-19 21:30:00,859.6512
4556,2013-11-19 21:30:00,3.8813286
4556,2013-11-19 21:30:00,10.16579
4556,2013-11-19 21:40:00,0.002807078
4556,2013-11-19 21:40:00,0.002807078
4556,2013-11-19 21:40:00,917.4607
4556,2013-11-19 21:40:00,7.483404
4556,2013-11-19 21:40:00,6.5665216
4556,2013-11-19 21:50:00,719.2718
4556,2013-11-19 21:50:00,1.9106454
4556,2013-11-19 21:50:00,7.489018
4556,2013-11-19 22:00:00,2.956025
4556,2013-11-19 22:00:00,953.92596
4556,2013-11-19 22:00:00,1.7514678
4556,2013-11-19 22:00:00,0.9853416
4556,2013-11-19 22:00:00,4.7465944
4556,2013-11-19 22:10:00,0.92530376
4556,2013-11-19 22:10:00,857.46
4556,2013-11-19 22:10:00,7.6425815
4556,2013-11-19 22:20:00,775.4719
4556,2013-11-19 22:20:00,0.9853416
4556,2013-11-19 22:20:00,0.9881487
4556,2013-11-19 22:30:00,0.92530376
4556,2013-11-19 22:30:00,775.6579
4556,2013-11-19 22:30:00,5.731936
4556,2013-11-19 22:30:00,11.304695
4556,2013-11-19 22:40:00,703.6654
4556,2013-11-19 22:40:00,4.587417
4556,2013-11-19 22:50:00,631.0939
4556,2013-11-19 22:50:00,2.8359492
4556,2013-11-19 22:50:00,3.5029356
4556,2013-11-19 23:00:00,0.92530376
4556,2013-11-19 23:00:00,799.73785
4556,2013-11-19 23:10:00,659.9736
4556,2013-11-19 23:10:00,5.731936
4556,2013-11-19 23:20:00,782.4946
4556,2013-11-19 23:20:00,1.9106454
4556,2013-11-19 23:20:00,0.9853416
4556,2013-11-19 23:30:00,753.6451
4556,2013-11-19 23:30:00,4.4282393
4556,2013-11-19 23:30:00,2.7759113
4556,2013-11-19 23:40:00,694.1668
4556,2013-11-19 23:50:00,505.6549
4556,2013-11-19 23:50:00,2.895987
4556,2013-11-20 00:00:00,676.3416
4556,2013-11-20 00:00:00,0.92530376
4556,2013-11-20 00:10:00,0.92530376
4556,2013-11-20 00:10:00,607.72253
4556,2013-11-20 00:20:00,427.39365
4556,2013-11-20 00:30:00,400.8548
4556,2013-11-20 00:40:00,351.4447
4556,2013-11-20 00:50:00,372.59857
4556,2013-11-20 01:00:00,382.70563
4556,2013-11-20 01:10:00,316.74234
4556,2013-11-20 01:20:00,290.81815
4556,2013-11-20 01:30:00,300.00586
4556,2013-11-20 01:40:00,281.0545
4556,2013-11-20 01:50:00,288.0617
4556,2013-11-20 02:00:00,266.48544
4556,2013-11-20 02:10:00,270.36923
4556,2013-11-20 02:20:00,302.47168
4556,2013-11-20 02:30:00,303.37027
4556,2013-11-20 02:40:00,387.78912
4556,2013-11-20 02:50:00,285.9904
4556,2013-11-20 03:00:00,230.58119
4556,2013-11-20 03:10:00,237.6447
4556,2013-11-20 03:10:00,0.92530376
4556,2013-11-20 03:20:00,229.60822
4556,2013-11-20 03:30:00,219.67174
4556,2013-11-20 03:40:00,228.97487
4556,2013-11-20 03:50:00,233.65994
4556,2013-11-20 04:00:00,218.68616
4556,2013-11-20 04:10:00,215.1651
4556,2013-11-20 04:10:00,1.9106454
4556,2013-11-20 04:20:00,223.20644
4556,2013-11-20 04:20:00,4.686557
4556,2013-11-20 04:30:00,0.92530376
4556,2013-11-20 04:30:00,220.64714
4556,2013-11-20 04:40:00,240.46191
4556,2013-11-20 04:40:00,0.92530376
4556,2013-11-20 04:50:00,296.47452
4556,2013-11-20 05:00:00,247.1723
4556,2013-11-20 05:00:00,1.9106454
4556,2013-11-20 05:10:00,240.57503
4556,2013-11-20 05:20:00,301.14215
4556,2013-11-20 05:30:00,270.35556
4556,2013-11-20 05:30:00,0.9853416
4556,2013-11-20 05:40:00,291.15497
4556,2013-11-20 05:50:00,280.44244
4556,2013-11-20 06:00:00,311.49908
4556,2013-11-20 06:00:00,0.9853416
4556,2013-11-20 06:10:00,291.38538
4556,2013-11-20 06:10:00,0.9853416
4556,2013-11-20 06:10:00,0.92530376
4556,2013-11-20 06:20:00,480.10284
4556,2013-11-20 06:30:00,0.82616407
4556,2013-11-20 06:30:00,403.5991
4556,2013-11-20 06:40:00,385.01843
4556,2013-11-20 06:50:00,413.80856
4556,2013-11-20 06:50:00,0.92530376
4556,2013-11-20 07:00:00,1.6523281
4556,2013-11-20 07:00:00,500.96176
4556,2013-11-20 07:00:00,0.92530376
4556,2013-11-20 07:00:00,0.002807078
4556,2013-11-20 07:10:00,0.82616407
4556,2013-11-20 07:10:00,499.113
4556,2013-11-20 07:10:00,0.9853416
4556,2013-11-20 07:20:00,0.92530376
4556,2013-11-20 07:20:00,554.02734
4556,2013-11-20 07:30:00,0.82616407
4556,2013-11-20 07:30:00,529.4765
4556,2013-11-20 07:40:00,567.3834
4556,2013-11-20 07:50:00,701.37274
4556,2013-11-20 07:50:00,0.9853416
4556,2013-11-20 08:00:00,0.002807078
4556,2013-11-20 08:00:00,533.9363
4556,2013-11-20 08:10:00,0.92530376
4556,2013-11-20 08:10:00,538.401
4556,2013-11-20 08:20:00,714.93774
4556,2013-11-20 08:20:00,1.9106454
4556,2013-11-20 08:20:00,0.92530376
4556,2013-11-20 08:30:00,638.77527
4556,2013-11-20 08:30:00,0.9853416
4556,2013-11-20 08:40:00,584.35297
4556,2013-11-20 08:40:00,1.9106454
4556,2013-11-20 08:40:00,3.8212907
4556,2013-11-20 08:50:00,653.45703
4556,2013-11-20 09:00:00,0.82616407
4556,2013-11-20 09:00:00,593.0918
4556,2013-11-20 09:10:00,0.9853416
4556,2013-11-20 09:10:00,0.92530376
4556,2013-11-20 09:10:00,0.002807078
4556,2013-11-20 09:10:00,545.32367
4556,2013-11-20 09:10:00,3.6621132
4556,2013-11-20 09:20:00,0.9853416
4556,2013-11-20 09:20:00,502.9422
4556,2013-11-20 09:30:00,535.02185
4556,2013-11-20 09:30:00,0.002807078
4556,2013-11-20 09:40:00,645.26825
4556,2013-11-20 09:40:00,0.82616407
4556,2013-11-20 09:40:00,3.6621132
4556,2013-11-20 09:50:00,555.46643
4556,2013-11-20 10:00:00,0.92530376
4556,2013-11-20 10:00:00,672.7321
4556,2013-11-20 10:00:00,5.731936
4556,2013-11-20 10:10:00,0.9853416
4556,2013-11-20 10:10:00,689.6568
4556,2013-11-20 10:10:00,0.9853416
4556,2013-11-20 10:10:00,6.5581
4556,2013-11-20 10:10:00,1.9706832
4556,2013-11-20 10:20:00,594.74225
4556,2013-11-20 10:20:00,5.6146674
4556,2013-11-20 10:20:00,0.9853416
4556,2013-11-20 10:30:00,631.26624
4556,2013-11-20 10:30:00,0.9853416
4556,2013-11-20 10:40:00,714.0668
4556,2013-11-20 10:40:00,9.39405
4556,2013-11-20 10:50:00,659.7135
4556,2013-11-20 10:50:00,2.895987
4556,2013-11-20 11:00:00,580.2825
4556,2013-11-20 11:00:00,1.9134525
4556,2013-11-20 11:10:00,0.002807078
4556,2013-11-20 11:10:00,0.008421234
4556,2013-11-20 11:10:00,598.2552
4556,2013-11-20 11:10:00,0.9853416
4556,2013-11-20 11:10:00,0.9853416
4556,2013-11-20 11:20:00,0.005614156
4556,2013-11-20 11:20:00,662.9415
4556,2013-11-20 11:30:00,598.81537
4556,2013-11-20 11:40:00,535.4529
4556,2013-11-20 11:50:00,0.011228312
4556,2013-11-20 11:50:00,646.14636
4556,2013-11-20 11:50:00,0.92530376
4556,2013-11-20 12:00:00,607.3868
4556,2013-11-20 12:00:00,1.9106454
4556,2013-11-20 12:10:00,0.92530376
4556,2013-11-20 12:10:00,583.1151
4556,2013-11-20 12:10:00,1.9106454
4556,2013-11-20 12:10:00,0.9853416
4556,2013-11-20 12:20:00,590.406
4556,2013-11-20 12:20:00,0.92530376
4556,2013-11-20 12:20:00,0.002807078
4556,2013-11-20 12:30:00,2.8359492
4556,2013-11-20 12:30:00,614.59314
4556,2013-11-20 12:30:00,1.9106454
4556,2013-11-20 12:30:00,0.9853416
4556,2013-11-20 12:30:00,0.002807078
4556,2013-11-20 12:40:00,672.9861
4556,2013-11-20 12:40:00,1.9106454
4556,2013-11-20 12:50:00,654.28094
4556,2013-11-20 12:50:00,0.82616407
4556,2013-11-20 13:00:00,0.002807078
4556,2013-11-20 13:00:00,699.46814
4556,2013-11-20 13:10:00,644.07623
4556,2013-11-20 13:20:00,804.6401
4556,2013-11-20 13:20:00,0.82616407
4556,2013-11-20 13:30:00,550.4552
4556,2013-11-20 13:40:00,526.1532
4556,2013-11-20 13:50:00,0.002807078
4556,2013-11-20 13:50:00,537.255
4556,2013-11-20 13:50:00,1.9106454
4556,2013-11-20 14:00:00,534.9789
4556,2013-11-20 14:10:00,463.79688
4556,2013-11-20 14:20:00,537.7771
4556,2013-11-20 14:20:00,0.002807078
4556,2013-11-20 14:30:00,541.8832
4556,2013-11-20 14:40:00,665.41595
4556,2013-11-20 14:50:00,526.12933
4556,2013-11-20 15:00:00,491.37076
4556,2013-11-20 15:10:00,573.2218
4556,2013-11-20 15:20:00,0.82616407
4556,2013-11-20 15:20:00,480.36615
4556,2013-11-20 15:20:00,1.7514678
4556,2013-11-20 15:20:00,0.9853416
4556,2013-11-20 15:30:00,0.82616407
4556,2013-11-20 15:30:00,581.26483
4556,2013-11-20 15:30:00,0.9853416
4556,2013-11-20 15:40:00,0.002807078
4556,2013-11-20 15:40:00,555.6838
4556,2013-11-20 15:40:00,0.92530376
4556,2013-11-20 15:40:00,0.9853416
4556,2013-11-20 15:50:00,0.005614156
4556,2013-11-20 15:50:00,497.04135
4556,2013-11-20 16:00:00,0.002807078
4556,2013-11-20 16:00:00,540.34283
4556,2013-11-20 16:10:00,535.9788
4556,2013-11-20 16:10:00,0.9853416
4556,2013-11-20 16:20:00,0.9853416
4556,2013-11-20 16:20:00,565.6697
4556,2013-11-20 16:30:00,573.5711
4556,2013-11-20 16:40:00,646.0517
4556,2013-11-20 16:50:00,646.99927
4556,2013-11-20 16:50:00,1.8506075
4556,2013-11-20 17:00:00,610.9406
4556,2013-11-20 17:10:00,0.002807078
4556,2013-11-20 17:10:00,645.2308
4556,2013-11-20 17:10:00,0.92530376
4556,2013-11-20 17:10:00,0.9853416
4556,2013-11-20 17:20:00,804.74146
4556,2013-11-20 17:20:00,0.9853416
4556,2013-11-20 17:30:00,0.005614156
4556,2013-11-20 17:30:00,750.0433
4556,2013-11-20 17:40:00,0.9853416
4556,2013-11-20 17:40:00,699.6531
4556,2013-11-20 17:50:00,0.9853416
4556,2013-11-20 17:50:00,0.002807078
4556,2013-11-20 17:50:00,751.45795
4556,2013-11-20 17:50:00,0.9853416
4556,2013-11-20 18:00:00,662.9697
4556,2013-11-20 18:10:00,1.9706832
4556,2013-11-20 18:10:00,0.002807078
4556,2013-11-20 18:10:00,0.002807078
4556,2013-11-20 18:10:00,756.1385
4556,2013-11-20 18:10:00,0.92530376
4556,2013-11-20 18:20:00,0.92530376
4556,2013-11-20 18:20:00,0.92530376
4556,2013-11-20 18:20:00,820.51215
4556,2013-11-20 18:20:00,0.9309179
4556,2013-11-20 18:30:00,0.002807078
4556,2013-11-20 18:30:00,684.8535
4556,2013-11-20 18:30:00,0.92811084
4556,2013-11-20 18:40:00,0.9853416
4556,2013-11-20 18:40:00,0.002807078
4556,2013-11-20 18:40:00,0.002807078
4556,2013-11-20 18:40:00,733.4524
4556,2013-11-20 18:50:00,763.6475
4556,2013-11-20 18:50:00,1.8506075
4556,2013-11-20 18:50:00,1.9106454
4556,2013-11-20 19:00:00,749.87213
4556,2013-11-20 19:00:00,10.5385685
4556,2013-11-20 19:10:00,4.86667
4556,2013-11-20 19:10:00,5.6775126
4556,2013-11-20 19:10:00,2.895987
4556,2013-11-20 19:10:00,0.9853416
4556,2013-11-20 19:10:00,2.895987
4556,2013-11-20 19:10:00,865.67505
4556,2013-11-20 19:10:00,1.9106454
4556,2013-11-20 19:10:00,0.002807078
4556,2013-11-20 19:10:00,0.92530376
4556,2013-11-20 19:20:00,0.9853416
4556,2013-11-20 19:20:00,3.8240979
4556,2013-11-20 19:20:00,2.895987
4556,2013-11-20 19:20:00,0.92811084
4556,2013-11-20 19:20:00,1.8506075
4556,2013-11-20 19:20:00,926.5932
4556,2013-11-20 19:20:00,0.9853416
4556,2013-11-20 19:20:00,0.92530376
4556,2013-11-20 19:30:00,1.9706832
4556,2013-11-20 19:30:00,3.8212907
4556,2013-11-20 19:30:00,1.9106454
4556,2013-11-20 19:30:00,0.9881487
4556,2013-11-20 19:30:00,855.6401
4556,2013-11-20 19:30:00,0.92530376
4556,2013-11-20 19:40:00,1.9706832
4556,2013-11-20 19:40:00,805.8213
4556,2013-11-20 19:40:00,0.9853416
4556,2013-11-20 19:50:00,0.9853416
4556,2013-11-20 19:50:00,2.8359492
4556,2013-11-20 19:50:00,0.9853416
4556,2013-11-20 19:50:00,891.51184
4556,2013-11-20 19:50:00,4.587417
4556,2013-11-20 20:00:00,0.9853416
4556,2013-11-20 20:00:00,0.9853416
4556,2013-11-20 20:00:00,858.02905
4556,2013-11-20 20:00:00,0.92530376
4556,2013-11-20 20:00:00,5.6327963
4556,2013-11-20 20:00:00,0.92530376
4556,2013-11-20 20:10:00,1.9762974
4556,2013-11-20 20:10:00,0.92530376
4556,2013-11-20 20:10:00,0.9853416
4556,2013-11-20 20:10:00,0.9853416
4556,2013-11-20 20:10:00,857.7637
4556,2013-11-20 20:10:00,1.9106454
4556,2013-11-20 20:20:00,1.9762974
4556,2013-11-20 20:20:00,0.002807078
4556,2013-11-20 20:20:00,2.8359492
4556,2013-11-20 20:20:00,0.9881487
4556,2013-11-20 20:20:00,975.0491
4556,2013-11-20 20:20:00,5.731936
4556,2013-11-20 20:20:00,3.8841357
4556,2013-11-20 20:30:00,0.9853416
4556,2013-11-20 20:30:00,0.002807078
4556,2013-11-20 20:30:00,1156.7572
4556,2013-11-20 20:30:00,2.8387563
4556,2013-11-20 20:30:00,0.92811084
4556,2013-11-20 20:30:00,5.5727587
4556,2013-11-20 20:40:00,3.8813286
4556,2013-11-20 20:40:00,0.92530376
4556,2013-11-20 20:40:00,0.92811084
4556,2013-11-20 20:40:00,1.9106454
4556,2013-11-20 20:40:00,2.8359492
4556,2013-11-20 20:40:00,0.9853416
4556,2013-11-20 20:40:00,1.9134525
4556,2013-11-20 20:40:00,954.42084
4556,2013-11-20 20:40:00,2.8359492
4556,2013-11-20 20:40:00,2.6767716
4556,2013-11-20 20:50:00,0.92530376
4556,2013-11-20 20:50:00,2.895987
4556,2013-11-20 20:50:00,0.92530376
4556,2013-11-20 20:50:00,3.8212907
4556,2013-11-20 20:50:00,954.562
4556,2013-11-20 20:50:00,0.92530376
4556,2013-11-20 20:50:00,5.731936
4556,2013-11-20 20:50:00,3.8212907
4556,2013-11-20 21:00:00,1.9734904
4556,2013-11-20 21:00:00,0.9881487
4556,2013-11-20 21:00:00,2.8387563
4556,2013-11-20 21:00:00,901.8677
4556,2013-11-20 21:00:00,4.7465944
4556,2013-11-20 21:00:00,1.8506075
4556,2013-11-20 21:00:00,0.99095577
4556,2013-11-20 21:10:00,0.9881487
4556,2013-11-20 21:10:00,0.92811084
4556,2013-11-20 21:10:00,0.92530376
4556,2013-11-20 21:10:00,1044.9834
4556,2013-11-20 21:10:00,1.9106454
4556,2013-11-20 21:10:00,2.577632
4556,2013-11-20 21:20:00,0.92811084
4556,2013-11-20 21:20:00,0.002807078
4556,2013-11-20 21:20:00,934.44434
4556,2013-11-20 21:20:00,5.731936
4556,2013-11-20 21:20:00,9.396856
4556,2013-11-20 21:30:00,1.9706832
4556,2013-11-20 21:30:00,0.008421234
4556,2013-11-20 21:30:00,845.1026
4556,2013-11-20 21:30:00,0.92530376
4556,2013-11-20 21:30:00,1.9106454
4556,2013-11-20 21:30:00,9.556034
4556,2013-11-20 21:40:00,0.005614156
4556,2013-11-20 21:40:00,0.92530376
4556,2013-11-20 21:40:00,0.9853416
4556,2013-11-20 21:40:00,0.002807078
4556,2013-11-20 21:40:00,0.9881487
4556,2013-11-20 21:40:00,887.404
4556,2013-11-20 21:40:00,1.9106454
4556,2013-11-20 21:40:00,6.7200847
4556,2013-11-20 21:40:00,0.92530376
4556,2013-11-20 21:50:00,3.5029356
4556,2013-11-20 21:50:00,0.92530376
4556,2013-11-20 21:50:00,0.002807078
4556,2013-11-20 21:50:00,817.45654
4556,2013-11-20 21:50:00,0.92530376
4556,2013-11-20 21:50:00,8.567885
4556,2013-11-20 22:00:00,0.002807078
4556,2013-11-20 22:00:00,893.9355
4556,2013-11-20 22:00:00,5.731936
4556,2013-11-20 22:10:00,925.23096
4556,2013-11-20 22:10:00,0.92530376
4556,2013-11-20 22:10:00,6.7172775
4556,2013-11-20 22:20:00,814.1653
4556,2013-11-20 22:20:00,4.8066325
4556,2013-11-20 22:30:00,0.9853416
4556,2013-11-20 22:30:00,802.01337
4556,2013-11-20 22:30:00,1.9106454
4556,2013-11-20 22:40:00,0.92811084
4556,2013-11-20 22:40:00,910.4484
4556,2013-11-20 22:40:00,1.9106454
4556,2013-11-20 22:40:00,5.731936
4556,2013-11-20 22:50:00,1137.6134
4556,2013-11-20 22:50:00,1.9106454
4556,2013-11-20 22:50:00,1.9106454
4556,2013-11-20 23:00:00,1.8506075
4556,2013-11-20 23:00:00,809.5568
4556,2013-11-20 23:00:00,1.9106454
4556,2013-11-20 23:10:00,0.002807078
4556,2013-11-20 23:10:00,721.09454
4556,2013-11-20 23:10:00,1.9106454
4556,2013-11-20 23:20:00,0.92530376
4556,2013-11-20 23:20:00,0.002807078
4556,2013-11-20 23:20:00,680.27094
4556,2013-11-20 23:20:00,6.65724
4556,2013-11-20 23:30:00,709.81213
4556,2013-11-20 23:40:00,642.44977
4556,2013-11-20 23:40:00,1.9706832
4556,2013-11-20 23:50:00,521.94574
4556,2013-11-20 23:50:00,1.9706832
4556,2013-11-20 23:50:00,7.6425815
4556,2013-11-21 00:00:00,495.69287
4556,2013-11-21 00:10:00,482.6222
4556,2013-11-21 00:20:00,386.79904
4556,2013-11-21 00:30:00,416.2249
4556,2013-11-21 00:40:00,454.21
4556,2013-11-21 00:50:00,396.27286
4556,2013-11-21 01:00:00,351.3347
4556,2013-11-21 01:10:00,359.71213
4556,2013-11-21 01:20:00,333.3334
4556,2013-11-21 01:30:00,322.6
4556,2013-11-21 01:40:00,308.85135
4556,2013-11-21 01:50:00,301.27573
4556,2013-11-21 02:00:00,269.56686
4556,2013-11-21 02:10:00,278.61655
4556,2013-11-21 02:20:00,258.2258
4556,2013-11-21 02:30:00,249.80832
4556,2013-11-21 02:40:00,246.5429
4556,2013-11-21 02:50:00,225.86082
4556,2013-11-21 03:00:00,251.38326
4556,2013-11-21 03:10:00,234.32132
4556,2013-11-21 03:20:00,209.70363
4556,2013-11-21 03:30:00,224.62575
4556,2013-11-21 03:40:00,233.41138
4556,2013-11-21 03:50:00,196.11455
4556,2013-11-21 04:00:00,216.44878
4556,2013-11-21 04:10:00,216.82997
4556,2013-11-21 04:20:00,183.26637
4556,2013-11-21 04:30:00,212.57715
4556,2013-11-21 04:40:00,208.71024
4556,2013-11-21 04:50:00,186.20575
4556,2013-11-21 05:00:00,200.6964
4556,2013-11-21 05:10:00,220.88705
4556,2013-11-21 05:20:00,200.23065
4556,2013-11-21 05:30:00,0.002807078
4556,2013-11-21 05:30:00,219.30475
4556,2013-11-21 05:40:00,217.71242
4556,2013-11-21 05:50:00,303.33527
4556,2013-11-21 06:00:00,252.05232
4556,2013-11-21 06:10:00,0.002807078
4556,2013-11-21 06:10:00,262.91833
4556,2013-11-21 06:20:00,0.002807078
4556,2013-11-21 06:20:00,278.2325
4556,2013-11-21 06:30:00,397.86243
4556,2013-11-21 06:40:00,376.18265
4556,2013-11-21 06:50:00,0.82616407
4556,2013-11-21 06:50:00,410.38687
4556,2013-11-21 07:00:00,2.4784923
4556,2013-11-21 07:00:00,438.67563
4556,2013-11-21 07:10:00,535.7006
4556,2013-11-21 07:20:00,469.31458
4556,2013-11-21 07:20:00,1.9106454
4556,2013-11-21 07:30:00,508.2638
4556,2013-11-21 07:30:00,0.9853416
4556,2013-11-21 07:40:00,0.002807078
4556,2013-11-21 07:40:00,506.94257
4556,2013-11-21 07:40:00,0.82616407
4556,2013-11-21 07:50:00,633.3714
4556,2013-11-21 07:50:00,3.8212907
4556,2013-11-21 08:00:00,577.6744
4556,2013-11-21 08:10:00,0.92530376
4556,2013-11-21 08:10:00,522.6289
4556,2013-11-21 08:10:00,0.9853416
4556,2013-11-21 08:10:00,0.92530376
4556,2013-11-21 08:20:00,518.4085
4556,2013-11-21 08:20:00,7.483404
4556,2013-11-21 08:20:00,0.9853416
4556,2013-11-21 08:30:00,560.0414
4556,2013-11-21 08:30:00,0.92530376
4556,2013-11-21 08:40:00,583.609
4556,2013-11-21 08:40:00,5.731936
4556,2013-11-21 08:50:00,0.002807078
4556,2013-11-21 08:50:00,519.29803
4556,2013-11-21 08:50:00,8.411515
4556,2013-11-21 09:00:00,582.5112
4556,2013-11-21 09:00:00,0.9853416
4556,2013-11-21 09:00:00,1.9134525
4556,2013-11-21 09:10:00,529.9394
4556,2013-11-21 09:20:00,620.1427
4556,2013-11-21 09:20:00,1.7514678
4556,2013-11-21 09:20:00,1.9106454
4556,2013-11-21 09:30:00,526.32404
4556,2013-11-21 09:30:00,2.7368095
4556,2013-11-21 09:30:00,3.8212907
4556,2013-11-21 09:40:00,602.71063
4556,2013-11-21 09:40:00,11.463872
4556,2013-11-21 09:40:00,0.002807078
4556,2013-11-21 09:50:00,0.82616407
4556,2013-11-21 09:50:00,616.36285
4556,2013-11-21 09:50:00,5.731936
4556,2013-11-21 10:00:00,653.67474
4556,2013-11-21 10:00:00,3.8212907
4556,2013-11-21 10:10:00,494.0283
4556,2013-11-21 10:10:00,1.9106454
4556,2013-11-21 10:20:00,542.1249
4556,2013-11-21 10:30:00,575.96576
4556,2013-11-21 10:30:00,0.92530376
4556,2013-11-21 10:30:00,0.9853416
4556,2013-11-21 10:40:00,646.9989
4556,2013-11-21 10:40:00,0.92530376
4556,2013-11-21 10:40:00,0.002807078
4556,2013-11-21 10:50:00,572.8732
4556,2013-11-21 10:50:00,0.92530376
4556,2013-11-21 10:50:00,0.92530376
4556,2013-11-21 11:00:00,0.9881487
4556,2013-11-21 11:00:00,760.03516
4556,2013-11-21 11:00:00,0.9853416
4556,2013-11-21 11:00:00,1.9106454
4556,2013-11-21 11:10:00,582.2126
4556,2013-11-21 11:10:00,0.92530376
4556,2013-11-21 11:20:00,0.9853416
4556,2013-11-21 11:20:00,565.44464
4556,2013-11-21 11:20:00,0.92530376
4556,2013-11-21 11:20:00,0.9853416
4556,2013-11-21 11:30:00,681.14294
4556,2013-11-21 11:30:00,0.82616407
4556,2013-11-21 11:30:00,1.9706832
4556,2013-11-21 11:40:00,741.3577
4556,2013-11-21 11:50:00,606.4722
4556,2013-11-21 11:50:00,0.92530376
4556,2013-11-21 12:00:00,595.156
4556,2013-11-21 12:00:00,0.92530376
4556,2013-11-21 12:00:00,0.002807078
4556,2013-11-21 12:00:00,1.9706832
4556,2013-11-21 12:10:00,712.0635
4556,2013-11-21 12:10:00,4.4882774
4556,2013-11-21 12:20:00,1.9706832
4556,2013-11-21 12:20:00,594.6205
4556,2013-11-21 12:20:00,1.8115057
4556,2013-11-21 12:30:00,722.91095
4556,2013-11-21 12:30:00,3.722151
4556,2013-11-21 12:30:00,0.9853416
4556,2013-11-21 12:40:00,607.751
4556,2013-11-21 12:40:00,0.9881487
4556,2013-11-21 12:50:00,0.002807078
4556,2013-11-21 12:50:00,624.3658
4556,2013-11-21 12:50:00,2.895987
4556,2013-11-21 12:50:00,1.9706832
4556,2013-11-21 13:00:00,0.82616407
4556,2013-11-21 13:00:00,598.62476
4556,2013-11-21 13:00:00,0.92530376
4556,2013-11-21 13:10:00,607.5955
4556,2013-11-21 13:20:00,0.9853416
4556,2013-11-21 13:20:00,526.62445
4556,2013-11-21 13:20:00,0.002807078
4556,2013-11-21 13:20:00,0.82616407
4556,2013-11-21 13:30:00,621.7729
4556,2013-11-21 13:30:00,2.8359492
4556,2013-11-21 13:30:00,0.002807078
4556,2013-11-21 13:40:00,523.0189
4556,2013-11-21 13:40:00,0.002807078
4556,2013-11-21 13:50:00,551.8917
4556,2013-11-21 13:50:00,0.005614156
4556,2013-11-21 14:00:00,0.9853416
4556,2013-11-21 14:00:00,626.8505
4556,2013-11-21 14:10:00,551.37616
4556,2013-11-21 14:10:00,0.92530376
4556,2013-11-21 14:20:00,572.9291
4556,2013-11-21 14:20:00,0.92530376
4556,2013-11-21 14:20:00,0.82616407
4556,2013-11-21 14:30:00,526.0651
4556,2013-11-21 14:40:00,623.0815
4556,2013-11-21 14:40:00,0.002807078
4556,2013-11-21 14:40:00,1.9106454
4556,2013-11-21 14:40:00,1.7514678
4556,2013-11-21 14:50:00,636.8607
4556,2013-11-21 14:50:00,0.92530376
4556,2013-11-21 14:50:00,0.002807078
4556,2013-11-21 15:00:00,554.1112
4556,2013-11-21 15:00:00,0.92530376
4556,2013-11-21 15:10:00,602.3824
4556,2013-11-21 15:10:00,0.92530376
4556,2013-11-21 15:20:00,490.54877
4556,2013-11-21 15:20:00,1.9106454
4556,2013-11-21 15:20:00,0.92530376
4556,2013-11-21 15:30:00,519.0026
4556,2013-11-21 15:30:00,0.92530376
4556,2013-11-21 15:40:00,0.002807078
4556,2013-11-21 15:40:00,730.16724
4556,2013-11-21 15:50:00,0.9853416
4556,2013-11-21 15:50:00,599.1289
4556,2013-11-21 16:00:00,521.98584
4556,2013-11-21 16:10:00,0.9853416
4556,2013-11-21 16:10:00,629.2716
4556,2013-11-21 16:20:00,571.8078
4556,2013-11-21 16:20:00,0.002807078
4556,2013-11-21 16:30:00,550.47314
4556,2013-11-21 16:40:00,0.92530376
4556,2013-11-21 16:40:00,677.52515
4556,2013-11-21 16:40:00,0.92530376
4556,2013-11-21 16:50:00,0.92530376
4556,2013-11-21 16:50:00,731.5561
4556,2013-11-21 17:00:00,701.1747
4556,2013-11-21 17:10:00,610.2536
4556,2013-11-21 17:20:00,582.88403
4556,2013-11-21 17:20:00,3.8841357
4556,2013-11-21 17:30:00,776.5842
4556,2013-11-21 17:30:00,7.6425815
4556,2013-11-21 17:40:00,1.9106454
4556,2013-11-21 17:40:00,740.2193
4556,2013-11-21 17:40:00,8.408708
4556,2013-11-21 17:50:00,0.92530376
4556,2013-11-21 17:50:00,677.51807
4556,2013-11-21 17:50:00,6.65724
4556,2013-11-21 18:00:00,0.002807078
4556,2013-11-21 18:00:00,700.3538
4556,2013-11-21 18:00:00,6.7172775
4556,2013-11-21 18:00:00,2.7759113
4556,2013-11-21 18:10:00,0.002807078
4556,2013-11-21 18:10:00,683.7363
4556,2013-11-21 18:10:00,8.627923
4556,2013-11-21 18:10:00,0.92530376
4556,2013-11-21 18:20:00,0.9853416
4556,2013-11-21 18:20:00,798.4767
4556,2013-11-21 18:20:00,6.7172775
4556,2013-11-21 18:30:00,755.99646
4556,2013-11-21 18:30:00,7.6425815
4556,2013-11-21 18:40:00,853.4376
4556,2013-11-21 18:40:00,3.8212907
4556,2013-11-21 18:40:00,2.895987
4556,2013-11-21 18:50:00,0.002807078
4556,2013-11-21 18:50:00,801.7682
4556,2013-11-21 18:50:00,0.92530376
4556,2013-11-21 19:00:00,0.9853416
4556,2013-11-21 19:00:00,0.9853416
4556,2013-11-21 19:00:00,0.92530376
4556,2013-11-21 19:00:00,0.92530376
4556,2013-11-21 19:00:00,716.9889
4556,2013-11-21 19:10:00,1.8143128
4556,2013-11-21 19:10:00,0.002807078
4556,2013-11-21 19:10:00,823.7954
4556,2013-11-21 19:10:00,0.002807078
4556,2013-11-21 19:10:00,6.722892
4556,2013-11-21 19:20:00,0.9853416
4556,2013-11-21 19:20:00,798.9262
4556,2013-11-21 19:20:00,0.9853416
4556,2013-11-21 19:20:00,5.731936
4556,2013-11-21 19:30:00,1.9706832
4556,2013-11-21 19:30:00,867.99365
4556,2013-11-21 19:30:00,4.6474547
4556,2013-11-21 19:40:00,0.9853416
4556,2013-11-21 19:40:00,0.9853416
4556,2013-11-21 19:40:00,716.07324
4556,2013-11-21 19:50:00,802.31256
4556,2013-11-21 19:50:00,14.807631
4556,2013-11-21 20:00:00,0.92530376
4556,2013-11-21 20:00:00,1.9106454
4556,2013-11-21 20:00:00,885.4307
4556,2013-11-21 20:00:00,8.24953
4556,2013-11-21 20:10:00,2.8359492
4556,2013-11-21 20:10:00,0.002807078
4556,2013-11-21 20:10:00,800.62225
4556,2013-11-21 20:10:00,8.627923
4556,2013-11-21 20:20:00,0.9853416
4556,2013-11-21 20:20:00,6.7172775
4556,2013-11-21 20:20:00,810.9434
4556,2013-11-21 20:20:00,1.8115057
4556,2013-11-21 20:20:00,11.5239105
4556,2013-11-21 20:20:00,0.92530376
4556,2013-11-21 20:30:00,0.002807078
4556,2013-11-21 20:30:00,0.002807078
4556,2013-11-21 20:30:00,0.9853416
4556,2013-11-21 20:30:00,4.8066325
4556,2013-11-21 20:30:00,0.002807078
4556,2013-11-21 20:30:00,0.9853416
4556,2013-11-21 20:30:00,825.34326
4556,2013-11-21 20:30:00,0.002807078
4556,2013-11-21 20:30:00,13.320094
4556,2013-11-21 20:40:00,0.9853416
4556,2013-11-21 20:40:00,0.002807078
4556,2013-11-21 20:40:00,0.92530376
4556,2013-11-21 20:40:00,6.65724
4556,2013-11-21 20:40:00,0.005614156
4556,2013-11-21 20:40:00,0.92530376
4556,2013-11-21 20:40:00,877.60297
4556,2013-11-21 20:40:00,1.9106454
4556,2013-11-21 20:40:00,5.5727587
4556,2013-11-21 20:50:00,0.002807078
4556,2013-11-21 20:50:00,0.005614156
4556,2013-11-21 20:50:00,3.8813286
4556,2013-11-21 20:50:00,0.002807078
4556,2013-11-21 20:50:00,877.2069
4556,2013-11-21 20:50:00,0.002807078
4556,2013-11-21 20:50:00,0.9309179
4556,2013-11-21 20:50:00,0.92530376
4556,2013-11-21 20:50:00,5.734743
4556,2013-11-21 21:00:00,2.6767716
4556,2013-11-21 21:00:00,1.7514678
4556,2013-11-21 21:00:00,998.53375
4556,2013-11-21 21:00:00,0.9853416
4556,2013-11-21 21:00:00,3.8212907
4556,2013-11-21 21:10:00,0.002807078
4556,2013-11-21 21:10:00,0.92530376
4556,2013-11-21 21:10:00,1.9106454
4556,2013-11-21 21:10:00,881.43225
4556,2013-11-21 21:10:00,0.9853416
4556,2013-11-21 21:10:00,1.7514678
4556,2013-11-21 21:10:00,0.002807078
4556,2013-11-21 21:20:00,0.002807078
4556,2013-11-21 21:20:00,0.9853416
4556,2013-11-21 21:20:00,848.42926
4556,2013-11-21 21:20:00,2.7368095
4556,2013-11-21 21:30:00,0.002807078
4556,2013-11-21 21:30:00,869.26556
4556,2013-11-21 21:30:00,0.9853416
4556,2013-11-21 21:30:00,5.791974
4556,2013-11-21 21:40:00,1.8534145
4556,2013-11-21 21:40:00,2.895987
4556,2013-11-21 21:40:00,858.9673
4556,2013-11-21 21:40:00,0.82616407
4556,2013-11-21 21:40:00,0.9853416
4556,2013-11-21 21:40:00,7.6425815
4556,2013-11-21 21:50:00,0.82616407
4556,2013-11-21 21:50:00,2.8359492
4556,2013-11-21 21:50:00,847.87244
4556,2013-11-21 21:50:00,0.002807078
4556,2013-11-21 21:50:00,4.8066325
4556,2013-11-21 22:00:00,0.002807078
4556,2013-11-21 22:00:00,0.9853416
4556,2013-11-21 22:00:00,994.21747
4556,2013-11-21 22:00:00,5.731936
4556,2013-11-21 22:10:00,1.8506075
4556,2013-11-21 22:10:00,1006.0696
4556,2013-11-21 22:10:00,0.9853416
4556,2013-11-21 22:10:00,0.92811084
4556,2013-11-21 22:20:00,904.08527
4556,2013-11-21 22:20:00,3.6621132
4556,2013-11-21 22:20:00,0.002807078
4556,2013-11-21 22:30:00,1.9106454
4556,2013-11-21 22:30:00,796.6972
4556,2013-11-21 22:30:00,0.92530376
4556,2013-11-21 22:30:00,0.002807078
4556,2013-11-21 22:40:00,0.92530376
4556,2013-11-21 22:40:00,0.002807078
4556,2013-11-21 22:40:00,842.491
4556,2013-11-21 22:40:00,3.5029356
4556,2013-11-21 22:50:00,2.8359492
4556,2013-11-21 22:50:00,0.92530376
4556,2013-11-21 22:50:00,764.19183
4556,2013-11-21 22:50:00,0.002807078
4556,2013-11-21 23:00:00,1.9106454
4556,2013-11-21 23:00:00,746.15485
4556,2013-11-21 23:10:00,733.5931
4556,2013-11-21 23:10:00,0.002807078
4556,2013-11-21 23:10:00,1.7514678
4556,2013-11-21 23:20:00,1.9106454
4556,2013-11-21 23:20:00,716.2382
4556,2013-11-21 23:20:00,1.7514678
4556,2013-11-21 23:30:00,0.92530376
4556,2013-11-21 23:30:00,0.002807078
4556,2013-11-21 23:30:00,718.80005
4556,2013-11-21 23:30:00,1.7514678
4556,2013-11-21 23:40:00,0.92530376
4556,2013-11-21 23:40:00,0.92530376
4556,2013-11-21 23:40:00,676.87775
4556,2013-11-21 23:40:00,0.92530376
4556,2013-11-21 23:40:00,2.895987
4556,2013-11-21 23:50:00,1.9106454
4556,2013-11-21 23:50:00,650.48566
4556,2013-11-22 00:00:00,518.6489
4556,2013-11-22 00:10:00,531.589
4556,2013-11-22 00:10:00,0.002807078
4556,2013-11-22 00:20:00,1.9106454
4556,2013-11-22 00:20:00,539.23254
4556,2013-11-22 00:30:00,510.23215
4556,2013-11-22 00:30:00,1.9134525
4556,2013-11-22 00:40:00,447.3786
4556,2013-11-22 00:40:00,0.002807078
4556,2013-11-22 00:50:00,444.12125
4556,2013-11-22 01:00:00,455.05942
4556,2013-11-22 01:00:00,2.7759113
4556,2013-11-22 01:10:00,424.42706
4556,2013-11-22 01:10:00,0.92530376
4556,2013-11-22 01:20:00,415.71692
4556,2013-11-22 01:20:00,1.9106454
4556,2013-11-22 01:30:00,433.3055
4556,2013-11-22 01:40:00,390.63156
4556,2013-11-22 01:50:00,372.9281
4556,2013-11-22 02:00:00,348.85812
4556,2013-11-22 02:10:00,321.32132
4556,2013-11-22 02:20:00,307.7237
4556,2013-11-22 02:30:00,302.018
4556,2013-11-22 02:40:00,278.48633
4556,2013-11-22 02:50:00,250.72989
4556,2013-11-22 02:50:00,0.92530376
4556,2013-11-22 03:00:00,261.21106
4556,2013-11-22 03:10:00,269.189
4556,2013-11-22 03:20:00,254.61162
4556,2013-11-22 03:30:00,271.28748
4556,2013-11-22 03:40:00,261.32452
4556,2013-11-22 03:50:00,242.18239
4556,2013-11-22 03:50:00,0.92530376
4556,2013-11-22 04:00:00,255.88408
4556,2013-11-22 04:10:00,257.95255
4556,2013-11-22 04:20:00,235.66716
4556,2013-11-22 04:30:00,268.81046
4556,2013-11-22 04:30:00,3.5029356
4556,2013-11-22 04:40:00,288.8882
4556,2013-11-22 04:40:00,9.583503
4556,2013-11-22 04:50:00,384.56134
4556,2013-11-22 04:50:00,4.4282393
4556,2013-11-22 05:00:00,393.8591
4556,2013-11-22 05:10:00,268.2956
4556,2013-11-22 05:20:00,246.20569
4556,2013-11-22 05:30:00,0.002807078
4556,2013-11-22 05:30:00,259.60077
4556,2013-11-22 05:30:00,0.9853416
4556,2013-11-22 05:40:00,302.88834
4556,2013-11-22 05:50:00,268.22763
4556,2013-11-22 06:00:00,291.34573
4556,2013-11-22 06:10:00,332.41742
4556,2013-11-22 06:20:00,0.92530376
4556,2013-11-22 06:20:00,0.92530376
4556,2013-11-22 06:20:00,316.79416
4556,2013-11-22 06:30:00,376.594
4556,2013-11-22 06:30:00,1.9106454
4556,2013-11-22 06:30:00,0.92530376
4556,2013-11-22 06:40:00,393.3593
4556,2013-11-22 06:40:00,1.9106454
4556,2013-11-22 06:50:00,507.8915
4556,2013-11-22 06:50:00,1.9106454
4556,2013-11-22 07:00:00,464.25043
4556,2013-11-22 07:00:00,1.9106454
4556,2013-11-22 07:10:00,555.3796
4556,2013-11-22 07:10:00,0.9853416
4556,2013-11-22 07:10:00,0.9853416
4556,2013-11-22 07:10:00,0.002807078
4556,2013-11-22 07:20:00,473.64423
4556,2013-11-22 07:20:00,0.9853416
4556,2013-11-22 07:20:00,0.9853416
4556,2013-11-22 07:30:00,1.7514678
4556,2013-11-22 07:30:00,597.49976
4556,2013-11-22 07:30:00,7.6425815
4556,2013-11-22 07:40:00,560.3103
4556,2013-11-22 07:40:00,5.2544036
4556,2013-11-22 07:50:00,0.002807078
4556,2013-11-22 07:50:00,565.0478
4556,2013-11-22 07:50:00,9.553226
4556,2013-11-22 08:00:00,0.002807078
4556,2013-11-22 08:00:00,585.99426
4556,2013-11-22 08:00:00,0.9853416
4556,2013-11-22 08:10:00,519.2515
4556,2013-11-22 08:10:00,0.9853416
4556,2013-11-22 08:20:00,1.9106454
4556,2013-11-22 08:20:00,0.92530376
4556,2013-11-22 08:20:00,656.59326
4556,2013-11-22 08:20:00,0.002807078
4556,2013-11-22 08:20:00,3.6621132
4556,2013-11-22 08:30:00,0.9853416
4556,2013-11-22 08:30:00,0.002807078
4556,2013-11-22 08:30:00,628.806
4556,2013-11-22 08:30:00,1.7514678
4556,2013-11-22 08:40:00,525.00226
4556,2013-11-22 08:40:00,0.002807078
4556,2013-11-22 08:40:00,0.9853416
4556,2013-11-22 08:50:00,488.21948
4556,2013-11-22 08:50:00,1.7514678
4556,2013-11-22 09:00:00,0.002807078
4556,2013-11-22 09:00:00,446.48532
4556,2013-11-22 09:00:00,0.9853416
4556,2013-11-22 09:00:00,0.9853416
4556,2013-11-22 09:10:00,848.1133
4556,2013-11-22 09:10:00,1.9106454
4556,2013-11-22 09:20:00,532.8877
4556,2013-11-22 09:30:00,443.48987
4556,2013-11-22 09:30:00,1.9106454
4556,2013-11-22 09:40:00,489.31992
4556,2013-11-22 09:40:00,1.9706832
4556,2013-11-22 09:50:00,468.66013
4556,2013-11-22 10:00:00,440.28116
4556,2013-11-22 10:10:00,0.92530376
4556,2013-11-22 10:10:00,629.762
4556,2013-11-22 10:20:00,4.6265187
4556,2013-11-22 10:20:00,505.78857
4556,2013-11-22 10:20:00,17.58077
4556,2013-11-22 10:30:00,0.92530376
4556,2013-11-22 10:30:00,471.52524
4556,2013-11-22 10:30:00,1.9706832
4556,2013-11-22 10:30:00,0.92530376
4556,2013-11-22 10:40:00,553.1473
4556,2013-11-22 10:50:00,507.59216
4556,2013-11-22 10:50:00,0.9853416
4556,2013-11-22 11:00:00,497.21985
4556,2013-11-22 11:00:00,0.9853416
4556,2013-11-22 11:00:00,0.9853416
4556,2013-11-22 11:10:00,507.21753
4556,2013-11-22 11:10:00,0.92530376
4556,2013-11-22 11:10:00,0.002807078
4556,2013-11-22 11:20:00,0.9853416
4556,2013-11-22 11:20:00,578.16943
4556,2013-11-22 11:20:00,0.9853416
4556,2013-11-22 11:30:00,0.9853416
4556,2013-11-22 11:30:00,480.07837
4556,2013-11-22 11:30:00,0.92811084
4556,2013-11-22 11:30:00,1.9134525
4556,2013-11-22 11:40:00,0.92530376
4556,2013-11-22 11:40:00,556.8359
4556,2013-11-22 11:40:00,1.8506075
4556,2013-11-22 11:50:00,0.9853416
4556,2013-11-22 11:50:00,509.6906
4556,2013-11-22 12:00:00,0.9853416
4556,2013-11-22 12:00:00,676.1904
4556,2013-11-22 12:00:00,0.92530376
4556,2013-11-22 12:00:00,1.8506075
4556,2013-11-22 12:10:00,621.72644
4556,2013-11-22 12:10:00,1.8506075
4556,2013-11-22 12:10:00,4.7465944
4556,2013-11-22 12:20:00,635.8538
4556,2013-11-22 12:30:00,595.02716
4556,2013-11-22 12:30:00,0.002807078
4556,2013-11-22 12:40:00,638.7281
4556,2013-11-22 12:40:00,0.002807078
4556,2013-11-22 12:50:00,746.8008
4556,2013-11-22 13:00:00,610.5149
4556,2013-11-22 13:00:00,0.002807078
4556,2013-11-22 13:10:00,0.005614156
4556,2013-11-22 13:10:00,816.6899
4556,2013-11-22 13:20:00,643.0121
4556,2013-11-22 13:20:00,0.92530376
4556,2013-11-22 13:30:00,637.25024
4556,2013-11-22 13:30:00,6.537164
4556,2013-11-22 13:40:00,604.96313
4556,2013-11-22 13:40:00,0.92530376
4556,2013-11-22 13:40:00,0.92530376
4556,2013-11-22 13:50:00,0.002807078
4556,2013-11-22 13:50:00,664.0191
4556,2013-11-22 13:50:00,1.8506075
4556,2013-11-22 14:00:00,666.91364
4556,2013-11-22 14:10:00,654.5752
4556,2013-11-22 14:10:00,0.002807078
4556,2013-11-22 14:20:00,2.7759113
4556,2013-11-22 14:20:00,584.41394
4556,2013-11-22 14:20:00,0.92530376
4556,2013-11-22 14:20:00,0.002807078
4556,2013-11-22 14:30:00,0.92530376
4556,2013-11-22 14:30:00,601.4603
4556,2013-11-22 14:40:00,607.60956
4556,2013-11-22 14:40:00,0.9853416
4556,2013-11-22 14:50:00,0.9853416
4556,2013-11-22 14:50:00,596.80945
4556,2013-11-22 14:50:00,0.9853416
4556,2013-11-22 15:00:00,819.3647
4556,2013-11-22 15:00:00,0.9853416
4556,2013-11-22 15:10:00,0.002807078
4556,2013-11-22 15:10:00,611.8101
4556,2013-11-22 15:10:00,1.9706832
4556,2013-11-22 15:20:00,0.92530376
4556,2013-11-22 15:20:00,632.52045
4556,2013-11-22 15:30:00,0.92530376
4556,2013-11-22 15:30:00,649.9635
4556,2013-11-22 15:30:00,2.8359492
4556,2013-11-22 15:30:00,0.005614156
4556,2013-11-22 15:40:00,1.8115057
4556,2013-11-22 15:40:00,1.9106454
4556,2013-11-22 15:40:00,619.009
4556,2013-11-22 15:50:00,4.7465944
4556,2013-11-22 15:50:00,618.1037
4556,2013-11-22 15:50:00,0.9853416
4556,2013-11-22 16:00:00,0.9853416
4556,2013-11-22 16:00:00,0.002807078
4556,2013-11-22 16:00:00,575.1864
4556,2013-11-22 16:00:00,0.9853416
4556,2013-11-22 16:00:00,1.9134525
4556,2013-11-22 16:00:00,0.9853416
4556,2013-11-22 16:10:00,2.8359492
4556,2013-11-22 16:10:00,675.85724
4556,2013-11-22 16:10:00,0.002807078
4556,2013-11-22 16:10:00,0.82616407
4556,2013-11-22 16:20:00,0.92530376
4556,2013-11-22 16:20:00,674.0412
4556,2013-11-22 16:20:00,0.002807078
4556,2013-11-22 16:30:00,1.9106454
4556,2013-11-22 16:30:00,615.7879
4556,2013-11-22 16:30:00,3.8212907
4556,2013-11-22 16:30:00,0.92530376
4556,2013-11-22 16:40:00,1.8506075
4556,2013-11-22 16:40:00,678.17316
4556,2013-11-22 16:40:00,0.9853416
4556,2013-11-22 16:50:00,682.6037
4556,2013-11-22 16:50:00,0.9853416
4556,2013-11-22 16:50:00,0.9853416
4556,2013-11-22 17:00:00,733.0871
4556,2013-11-22 17:10:00,699.435
4556,2013-11-22 17:10:00,0.82897115
4556,2013-11-22 17:10:00,0.92530376
4556,2013-11-22 17:20:00,700.84656
4556,2013-11-22 17:20:00,0.92530376
4556,2013-11-22 17:20:00,0.92530376
4556,2013-11-22 17:30:00,823.9949
4556,2013-11-22 17:30:00,0.92811084
4556,2013-11-22 17:30:00,1.8506075
4556,2013-11-22 17:30:00,0.002807078
4556,2013-11-22 17:40:00,0.002807078
4556,2013-11-22 17:40:00,737.49194
4556,2013-11-22 17:40:00,6.477126
4556,2013-11-22 17:50:00,839.97107
4556,2013-11-22 17:50:00,1.7514678
4556,2013-11-22 17:50:00,0.92530376
4556,2013-11-22 17:50:00,0.9853416
4556,2013-11-22 17:50:00,1.9106454
4556,2013-11-22 17:50:00,2.8359492
4556,2013-11-22 18:00:00,0.002807078
4556,2013-11-22 18:00:00,0.002807078
4556,2013-11-22 18:00:00,869.4861
4556,2013-11-22 18:00:00,0.002807078
4556,2013-11-22 18:00:00,24.057898
4556,2013-11-22 18:10:00,795.6812
4556,2013-11-22 18:10:00,0.002807078
4556,2013-11-22 18:10:00,0.92530376
4556,2013-11-22 18:20:00,0.002807078
4556,2013-11-22 18:20:00,799.23395
4556,2013-11-22 18:20:00,1.7514678
4556,2013-11-22 18:20:00,0.002807078
4556,2013-11-22 18:20:00,1.9106454
4556,2013-11-22 18:30:00,0.002807078
4556,2013-11-22 18:30:00,872.3186
4556,2013-11-22 18:30:00,0.9881487
4556,2013-11-22 18:40:00,1.8115057
4556,2013-11-22 18:40:00,921.7916
4556,2013-11-22 18:40:00,0.9853416
4556,2013-11-22 18:40:00,0.92530376
4556,2013-11-22 18:50:00,0.002807078
4556,2013-11-22 18:50:00,2.895987
4556,2013-11-22 18:50:00,851.5565
4556,2013-11-22 18:50:00,0.92530376
4556,2013-11-22 18:50:00,1.9134525
4556,2013-11-22 18:50:00,0.002807078
4556,2013-11-22 19:00:00,0.92530376
4556,2013-11-22 19:00:00,0.92530376
4556,2013-11-22 19:00:00,904.3769
4556,2013-11-22 19:10:00,0.82616407
4556,2013-11-22 19:10:00,0.9853416
4556,2013-11-22 19:10:00,1.9106454
4556,2013-11-22 19:10:00,0.002807078
4556,2013-11-22 19:10:00,0.9853416
4556,2013-11-22 19:10:00,816.171
4556,2013-11-22 19:10:00,0.9853416
4556,2013-11-22 19:20:00,1.9106454
4556,2013-11-22 19:20:00,0.92530376
4556,2013-11-22 19:20:00,1.9106454
4556,2013-11-22 19:20:00,820.9555
4556,2013-11-22 19:20:00,1.8506075
4556,2013-11-22 19:30:00,0.92530376
4556,2013-11-22 19:30:00,838.35895
4556,2013-11-22 19:30:00,0.002807078
4556,2013-11-22 19:30:00,3.6621132
4556,2013-11-22 19:30:00,0.9881487
4556,2013-11-22 19:30:00,0.9881487
4556,2013-11-22 19:40:00,0.82616407
4556,2013-11-22 19:40:00,867.63965
4556,2013-11-22 19:40:00,2.8359492
4556,2013-11-22 19:40:00,0.9853416
4556,2013-11-22 19:40:00,6.7172775
4556,2013-11-22 19:40:00,0.82616407
4556,2013-11-22 19:50:00,1.9106454
4556,2013-11-22 19:50:00,0.005614156
4556,2013-11-22 19:50:00,0.002807078
4556,2013-11-22 19:50:00,949.849
4556,2013-11-22 19:50:00,5.731936
4556,2013-11-22 19:50:00,5.731936
4556,2013-11-22 20:00:00,1033.5566
4556,2013-11-22 20:00:00,6.662854
4556,2013-11-22 20:00:00,0.92530376
4556,2013-11-22 20:10:00,0.002807078
4556,2013-11-22 20:10:00,1.9106454
4556,2013-11-22 20:10:00,1043.5798
4556,2013-11-22 20:10:00,3.9497876
4556,2013-11-22 20:10:00,12.449214
4556,2013-11-22 20:20:00,5.413581
4556,2013-11-22 20:20:00,1.9106454
4556,2013-11-22 20:20:00,0.002807078
4556,2013-11-22 20:20:00,1034.2263
4556,2013-11-22 20:20:00,0.002807078
4556,2013-11-22 20:20:00,5.7431645
4556,2013-11-22 20:20:00,5.731936
4556,2013-11-22 20:20:00,0.9853416
4556,2013-11-22 20:30:00,0.92530376
4556,2013-11-22 20:30:00,0.92530376
4556,2013-11-22 20:30:00,1050.2361
4556,2013-11-22 20:30:00,0.002807078
4556,2013-11-22 20:30:00,4.8122463
4556,2013-11-22 20:30:00,0.002807078
4556,2013-11-22 20:30:00,9.39405
4556,2013-11-22 20:30:00,0.002807078
4556,2013-11-22 20:40:00,1.9106454
4556,2013-11-22 20:40:00,1.9106454
4556,2013-11-22 20:40:00,1.9106454
4556,2013-11-22 20:40:00,0.92530376
4556,2013-11-22 20:40:00,1372.888
4556,2013-11-22 20:40:00,8.507848
4556,2013-11-22 20:40:00,3.7612529
4556,2013-11-22 20:40:00,0.008421234
4556,2013-11-22 20:50:00,6.600009
4556,2013-11-22 20:50:00,0.9853416
4556,2013-11-22 20:50:00,1123.6678
4556,2013-11-22 20:50:00,1.9706832
4556,2013-11-22 20:50:00,6.4017296
4556,2013-11-22 20:50:00,0.92530376
4556,2013-11-22 21:00:00,0.002807078
4556,2013-11-22 21:00:00,1185.9069
4556,2013-11-22 21:00:00,0.9881487
4556,2013-11-22 21:00:00,5.731936
4556,2013-11-22 21:00:00,0.92530376
4556,2013-11-22 21:10:00,1110.3696
4556,2013-11-22 21:10:00,0.9881487
4556,2013-11-22 21:10:00,2.8387563
4556,2013-11-22 21:10:00,0.002807078
4556,2013-11-22 21:10:00,5.731936
4556,2013-11-22 21:20:00,1.8534145
4556,2013-11-22 21:20:00,1193.6383
4556,2013-11-22 21:20:00,0.002807078
4556,2013-11-22 21:20:00,1.9134525
4556,2013-11-22 21:20:00,5.731936
4556,2013-11-22 21:30:00,0.99095577
4556,2013-11-22 21:30:00,0.92530376
4556,2013-11-22 21:30:00,0.92530376
4556,2013-11-22 21:30:00,0.002807078
4556,2013-11-22 21:30:00,0.9853416
4556,2013-11-22 21:30:00,0.9853416
4556,2013-11-22 21:30:00,1369.0817
4556,2013-11-22 21:30:00,0.9853416
4556,2013-11-22 21:30:00,1.9106454
4556,2013-11-22 21:30:00,3.5029356
4556,2013-11-22 21:40:00,0.92811084
4556,2013-11-22 21:40:00,0.9853416
4556,2013-11-22 21:40:00,1.8506075
4556,2013-11-22 21:40:00,1.9106454
4556,2013-11-22 21:40:00,0.9853416
4556,2013-11-22 21:40:00,1387.5159
4556,2013-11-22 21:40:00,2.958832
4556,2013-11-22 21:40:00,5.734743
4556,2013-11-22 21:40:00,0.9853416
4556,2013-11-22 21:40:00,0.9853416
4556,2013-11-22 21:50:00,0.002807078
4556,2013-11-22 21:50:00,0.92530376
4556,2013-11-22 21:50:00,0.92530376
4556,2013-11-22 21:50:00,1220.1417
4556,2013-11-22 21:50:00,4.8066325
4556,2013-11-22 21:50:00,0.002807078
4556,2013-11-22 21:50:00,1.9106454
4556,2013-11-22 21:50:00,0.002807078
4556,2013-11-22 22:00:00,0.92811084
4556,2013-11-22 22:00:00,1.9106454
4556,2013-11-22 22:00:00,1406.7418
4556,2013-11-22 22:00:00,0.92530376
4556,2013-11-22 22:00:00,2.8359492
4556,2013-11-22 22:10:00,0.92530376
4556,2013-11-22 22:10:00,1.7514678
4556,2013-11-22 22:10:00,12.954252
4556,2013-11-22 22:10:00,1258.6152
4556,2013-11-22 22:10:00,0.002807078
4556,2013-11-22 22:10:00,0.92530376
4556,2013-11-22 22:10:00,4.7465944
4556,2013-11-22 22:10:00,0.002807078
4556,2013-11-22 22:20:00,1072.2196
4556,2013-11-22 22:20:00,1.9106454
4556,2013-11-22 22:20:00,4.8066325
4556,2013-11-22 22:20:00,0.92530376
4556,2013-11-22 22:20:00,1.9762974
4556,2013-11-22 22:30:00,1254.8673
4556,2013-11-22 22:30:00,5.731936
4556,2013-11-22 22:30:00,0.002807078
4556,2013-11-22 22:30:00,1.9106454
4556,2013-11-22 22:30:00,0.9881487
4556,2013-11-22 22:40:00,0.92530376
4556,2013-11-22 22:40:00,0.92530376
4556,2013-11-22 22:40:00,4.3891377
4556,2013-11-22 22:40:00,1220.5997
4556,2013-11-22 22:40:00,0.9853416
4556,2013-11-22 22:40:00,0.92811084
4556,2013-11-22 22:40:00,1.8115057
4556,2013-11-22 22:40:00,0.005614156
4556,2013-11-22 22:50:00,0.92530376
4556,2013-11-22 22:50:00,1118.643
4556,2013-11-22 22:50:00,3.7612529
4556,2013-11-22 22:50:00,0.002807078
4556,2013-11-22 22:50:00,0.99095577
4556,2013-11-22 23:00:00,2.7787182
4556,2013-11-22 23:00:00,0.92530376
4556,2013-11-22 23:00:00,1186.5924
4556,2013-11-22 23:00:00,3.8240979
4556,2013-11-22 23:00:00,0.9881487
4556,2013-11-22 23:00:00,0.9881487
4556,2013-11-22 23:10:00,0.002807078
4556,2013-11-22 23:10:00,0.9853416
4556,2013-11-22 23:10:00,1177.6163
4556,2013-11-22 23:10:00,1.9134525
4556,2013-11-22 23:10:00,4.8778987
4556,2013-11-22 23:10:00,0.92530376
4556,2013-11-22 23:10:00,0.9881487
4556,2013-11-22 23:20:00,0.9853416
4556,2013-11-22 23:20:00,0.9853416
4556,2013-11-22 23:20:00,0.9853416
4556,2013-11-22 23:20:00,874.7773
4556,2013-11-22 23:20:00,0.92811084
4556,2013-11-22 23:20:00,0.002807078
4556,2013-11-22 23:30:00,0.002807078
4556,2013-11-22 23:30:00,0.82616407
4556,2013-11-22 23:30:00,1.9106454
4556,2013-11-22 23:30:00,0.92530376
4556,2013-11-22 23:30:00,958.02277
4556,2013-11-22 23:30:00,1.9106454
4556,2013-11-22 23:30:00,2.7368095
4556,2013-11-22 23:40:00,0.005614156
4556,2013-11-22 23:40:00,3.8212907
4556,2013-11-22 23:40:00,915.919
4556,2013-11-22 23:40:00,1.8562217
4556,2013-11-22 23:50:00,0.002807078
4556,2013-11-22 23:50:00,3.6621132
4556,2013-11-22 23:50:00,961.5632
4556,2013-11-22 23:50:00,0.9853416
4556,2013-11-22 23:50:00,0.933725
4556,2013-11-22 23:50:00,0.002807078
4556,2013-11-22 23:50:00,5.731936
4556,2013-11-23 00:00:00,0.9853416
4556,2013-11-23 00:00:00,1188.1234
4556,2013-11-23 00:00:00,0.011228312
4556,2013-11-23 00:00:00,6.498062
4556,2013-11-23 00:10:00,0.002807078
4556,2013-11-23 00:10:00,2.7368095
4556,2013-11-23 00:10:00,876.4102
4556,2013-11-23 00:10:00,6.660047
4556,2013-11-23 00:10:00,0.9853416
4556,2013-11-23 00:20:00,0.002807078
4556,2013-11-23 00:20:00,1.9706832
4556,2013-11-23 00:20:00,0.92530376
4556,2013-11-23 00:20:00,876.8873
4556,2013-11-23 00:30:00,707.0064
4556,2013-11-23 00:30:00,1.9106454
4556,2013-11-23 00:40:00,0.9853416
4556,2013-11-23 00:40:00,669.987
4556,2013-11-23 00:40:00,3.8212907
4556,2013-11-23 00:50:00,0.002807078
4556,2013-11-23 00:50:00,1.9706832
4556,2013-11-23 00:50:00,677.38525
4556,2013-11-23 01:00:00,0.92530376
4556,2013-11-23 01:00:00,668.9715
4556,2013-11-23 01:10:00,620.2878
4556,2013-11-23 01:20:00,0.002807078
4556,2013-11-23 01:20:00,463.28955
4556,2013-11-23 01:20:00,0.92530376
4556,2013-11-23 01:20:00,1.9106454
4556,2013-11-23 01:30:00,0.9881487
4556,2013-11-23 01:30:00,487.33533
4556,2013-11-23 01:30:00,2.577632
4556,2013-11-23 01:40:00,1.9706832
4556,2013-11-23 01:40:00,525.5277
4556,2013-11-23 01:40:00,1.9134525
4556,2013-11-23 01:50:00,1.002184
4556,2013-11-23 01:50:00,451.84256
4556,2013-11-23 01:50:00,2.6767716
4556,2013-11-23 02:00:00,0.9853416
4556,2013-11-23 02:00:00,387.99872
4556,2013-11-23 02:10:00,1.9762974
4556,2013-11-23 02:10:00,460.23987
4556,2013-11-23 02:20:00,0.9853416
4556,2013-11-23 02:20:00,422.42557
4556,2013-11-23 02:20:00,1.9106454
4556,2013-11-23 02:30:00,0.9881487
4556,2013-11-23 02:30:00,402.0653
4556,2013-11-23 02:30:00,0.92530376
4556,2013-11-23 02:40:00,5.731936
4556,2013-11-23 02:40:00,459.15207
4556,2013-11-23 02:50:00,4.8066325
4556,2013-11-23 02:50:00,313.45404
4556,2013-11-23 02:50:00,1.9106454
4556,2013-11-23 03:00:00,0.002807078
4556,2013-11-23 03:00:00,3.8212907
4556,2013-11-23 03:00:00,321.31012
4556,2013-11-23 03:00:00,1.7514678
4556,2013-11-23 03:10:00,1.9106454
4556,2013-11-23 03:10:00,310.23337
4556,2013-11-23 03:10:00,0.92530376
4556,2013-11-23 03:20:00,2.8359492
4556,2013-11-23 03:20:00,254.16795
4556,2013-11-23 03:30:00,279.16177
4556,2013-11-23 03:40:00,280.7015
4556,2013-11-23 03:50:00,249.3348
4556,2013-11-23 03:50:00,1.9106454
4556,2013-11-23 04:00:00,241.64209
4556,2013-11-23 04:10:00,244.58966
4556,2013-11-23 04:20:00,5.6118603
4556,2013-11-23 04:20:00,266.81754
4556,2013-11-23 04:20:00,0.92530376
4556,2013-11-23 04:30:00,246.79094
4556,2013-11-23 04:40:00,257.34692
4556,2013-11-23 04:50:00,263.85773
4556,2013-11-23 04:50:00,1.7514678
4556,2013-11-23 05:00:00,233.89134
4556,2013-11-23 05:00:00,0.92530376
4556,2013-11-23 05:10:00,287.78595
4556,2013-11-23 05:20:00,272.1658
4556,2013-11-23 05:30:00,237.52968
4556,2013-11-23 05:30:00,1.7514678
4556,2013-11-23 05:40:00,0.92530376
4556,2013-11-23 05:40:00,273.99255
4556,2013-11-23 05:40:00,0.92530376
4556,2013-11-23 05:50:00,250.49846
4556,2013-11-23 06:00:00,232.69148
4556,2013-11-23 06:00:00,0.92530376
4556,2013-11-23 06:10:00,278.38773
4556,2013-11-23 06:10:00,1.8506075
4556,2013-11-23 06:20:00,243.70866
4556,2013-11-23 06:20:00,0.9853416
4556,2013-11-23 06:30:00,278.90762
4556,2013-11-23 06:30:00,3.6621132
4556,2013-11-23 06:40:00,303.34717
4556,2013-11-23 06:40:00,0.82616407
4556,2013-11-23 06:40:00,1.9106454
4556,2013-11-23 06:50:00,276.3025
4556,2013-11-23 06:50:00,3.5029356
4556,2013-11-23 06:50:00,1.7514678
4556,2013-11-23 07:00:00,333.88525
4556,2013-11-23 07:10:00,359.0358
4556,2013-11-23 07:10:00,2.956025
4556,2013-11-23 07:10:00,4.6474547
4556,2013-11-23 07:20:00,329.52036
4556,2013-11-23 07:20:00,0.92530376
4556,2013-11-23 07:20:00,1.7514678
4556,2013-11-23 07:20:00,4.686557
4556,2013-11-23 07:30:00,331.51428
4556,2013-11-23 07:40:00,477.99823
4556,2013-11-23 07:40:00,1.7514678
4556,2013-11-23 07:40:00,1.9106454
4556,2013-11-23 07:50:00,474.21954
4556,2013-11-23 07:50:00,1.9106454
4556,2013-11-23 08:00:00,383.00677
4556,2013-11-23 08:00:00,5.6146674
4556,2013-11-23 08:00:00,0.9853416
4556,2013-11-23 08:10:00,0.002807078
4556,2013-11-23 08:10:00,443.30032
4556,2013-11-23 08:10:00,0.92530376
4556,2013-11-23 08:20:00,408.09958
4556,2013-11-23 08:20:00,1.9106454
4556,2013-11-23 08:30:00,0.9853416
4556,2013-11-23 08:30:00,489.64893
4556,2013-11-23 08:30:00,1.9106454
4556,2013-11-23 08:30:00,1.9106454
4556,2013-11-23 08:40:00,0.92811084
4556,2013-11-23 08:40:00,563.3183
4556,2013-11-23 08:40:00,0.9853416
4556,2013-11-23 08:50:00,0.92530376
4556,2013-11-23 08:50:00,501.04852
4556,2013-11-23 08:50:00,0.92530376
4556,2013-11-23 08:50:00,0.9853416
4556,2013-11-23 09:00:00,495.31158
4556,2013-11-23 09:00:00,0.002807078
4556,2013-11-23 09:10:00,476.69843
4556,2013-11-23 09:10:00,0.002807078
4556,2013-11-23 09:20:00,612.7982
4556,2013-11-23 09:20:00,0.99095577
4556,2013-11-23 09:20:00,1.7514678
4556,2013-11-23 09:30:00,543.9918
4556,2013-11-23 09:30:00,0.005614156
4556,2013-11-23 09:40:00,0.002807078
4556,2013-11-23 09:40:00,595.7401
4556,2013-11-23 09:40:00,0.92530376
4556,2013-11-23 09:40:00,2.7368095
4556,2013-11-23 09:50:00,536.3811
4556,2013-11-23 09:50:00,1.9106454
4556,2013-11-23 09:50:00,0.9853416
4556,2013-11-23 10:00:00,568.4065
4556,2013-11-23 10:00:00,1.9106454
4556,2013-11-23 10:00:00,9.174834
4556,2013-11-23 10:10:00,1.7514678
4556,2013-11-23 10:10:00,636.5757
4556,2013-11-23 10:20:00,602.5341
4556,2013-11-23 10:20:00,2.8359492
4556,2013-11-23 10:20:00,1.9106454
4556,2013-11-23 10:20:00,3.8212907
4556,2013-11-23 10:30:00,685.5356
4556,2013-11-23 10:30:00,1.9106454
4556,2013-11-23 10:40:00,708.0571
4556,2013-11-23 10:40:00,1.8506075
4556,2013-11-23 10:50:00,0.92811084
4556,2013-11-23 10:50:00,657.394
4556,2013-11-23 10:50:00,4.8066325
4556,2013-11-23 11:00:00,623.2316
4556,2013-11-23 11:00:00,2.6767716
4556,2013-11-23 11:10:00,699.7207
4556,2013-11-23 11:10:00,0.9853416
4556,2013-11-23 11:20:00,1.8506075
4556,2013-11-23 11:20:00,615.3767
4556,2013-11-23 11:20:00,0.002807078
4556,2013-11-23 11:30:00,629.3355
4556,2013-11-23 11:30:00,0.92530376
4556,2013-11-23 11:40:00,727.861
4556,2013-11-23 11:40:00,0.002807078
4556,2013-11-23 11:40:00,1.8115057
4556,2013-11-23 11:50:00,1.8506075
4556,2013-11-23 11:50:00,922.88116
4556,2013-11-23 11:50:00,0.92530376
4556,2013-11-23 11:50:00,1.9106454
4556,2013-11-23 11:50:00,0.9853416
4556,2013-11-23 11:50:00,1.9106454
4556,2013-11-23 12:00:00,0.9853416
4556,2013-11-23 12:00:00,1.9106454
4556,2013-11-23 12:00:00,714.235
4556,2013-11-23 12:00:00,1.7514678
4556,2013-11-23 12:00:00,0.9853416
4556,2013-11-23 12:00:00,3.8212907
4556,2013-11-23 12:10:00,3.701215
4556,2013-11-23 12:10:00,648.7779
4556,2013-11-23 12:10:00,1.9106454
4556,2013-11-23 12:10:00,2.956025
4556,2013-11-23 12:20:00,0.002807078
4556,2013-11-23 12:20:00,685.12823
4556,2013-11-23 12:20:00,0.9853416
4556,2013-11-23 12:20:00,0.9853416
4556,2013-11-23 12:20:00,1.9106454
4556,2013-11-23 12:30:00,879.8155
4556,2013-11-23 12:30:00,0.002807078
4556,2013-11-23 12:30:00,3.8212907
4556,2013-11-23 12:40:00,822.88885
4556,2013-11-23 12:50:00,0.92530376
4556,2013-11-23 12:50:00,1008.3165
4556,2013-11-23 13:00:00,1.9106454
4556,2013-11-23 13:00:00,824.2703
4556,2013-11-23 13:00:00,1.9106454
4556,2013-11-23 13:00:00,0.82616407
4556,2013-11-23 13:00:00,1.9706832
4556,2013-11-23 13:10:00,1014.1157
4556,2013-11-23 13:10:00,0.002807078
4556,2013-11-23 13:10:00,1.9706832
4556,2013-11-23 13:20:00,999.0675
4556,2013-11-23 13:30:00,1.9706832
4556,2013-11-23 13:30:00,832.67474
4556,2013-11-23 13:30:00,0.9853416
4556,2013-11-23 13:30:00,0.9853416
4556,2013-11-23 13:30:00,1.8506075
4556,2013-11-23 13:40:00,3.8212907
4556,2013-11-23 13:40:00,838.4093
4556,2013-11-23 13:40:00,0.92530376
4556,2013-11-23 13:40:00,0.002807078
4556,2013-11-23 13:40:00,1.7514678
4556,2013-11-23 13:40:00,0.005614156
4556,2013-11-23 13:50:00,0.92530376
4556,2013-11-23 13:50:00,871.37415
4556,2013-11-23 13:50:00,1.8506075
4556,2013-11-23 14:00:00,1.9106454
4556,2013-11-23 14:00:00,896.5112
4556,2013-11-23 14:00:00,5.6831264
4556,2013-11-23 14:10:00,0.92530376
4556,2013-11-23 14:10:00,869.10834
4556,2013-11-23 14:10:00,0.9853416
4556,2013-11-23 14:10:00,3.7124434
4556,2013-11-23 14:20:00,849.54706
4556,2013-11-23 14:20:00,0.92530376
4556,2013-11-23 14:20:00,1.8506075
4556,2013-11-23 14:30:00,1.8506075
4556,2013-11-23 14:30:00,0.002807078
4556,2013-11-23 14:30:00,0.9853416
4556,2013-11-23 14:30:00,825.1388
4556,2013-11-23 14:30:00,10.5385685
4556,2013-11-23 14:40:00,1.8506075
4556,2013-11-23 14:40:00,934.4165
4556,2013-11-23 14:40:00,0.002807078
4556,2013-11-23 14:40:00,7.6425815
4556,2013-11-23 14:50:00,0.002807078
4556,2013-11-23 14:50:00,1.9106454
4556,2013-11-23 14:50:00,979.60925
4556,2013-11-23 14:50:00,1.9106454
4556,2013-11-23 14:50:00,1.9706832
4556,2013-11-23 15:00:00,1130.822
4556,2013-11-23 15:00:00,1.9106454
4556,2013-11-23 15:00:00,0.92530376
4556,2013-11-23 15:00:00,0.92530376
4556,2013-11-23 15:00:00,0.92530376
4556,2013-11-23 15:10:00,0.002807078
4556,2013-11-23 15:10:00,939.3651
4556,2013-11-23 15:10:00,0.9853416
4556,2013-11-23 15:10:00,1.9106454
4556,2013-11-23 15:20:00,924.1282
4556,2013-11-23 15:20:00,1.7514678
4556,2013-11-23 15:20:00,0.92530376
4556,2013-11-23 15:30:00,814.1891
4556,2013-11-23 15:30:00,0.002807078
4556,2013-11-23 15:40:00,792.12665
4556,2013-11-23 15:40:00,0.82616407
4556,2013-11-23 15:50:00,868.2603
4556,2013-11-23 15:50:00,3.8212907
4556,2013-11-23 16:00:00,0.82616407
4556,2013-11-23 16:00:00,746.7943
4556,2013-11-23 16:00:00,1.9106454
4556,2013-11-23 16:00:00,3.8212907
4556,2013-11-23 16:00:00,0.002807078
4556,2013-11-23 16:10:00,718.35913
4556,2013-11-23 16:10:00,0.9853416
4556,2013-11-23 16:10:00,0.92530376
4556,2013-11-23 16:10:00,0.002807078
4556,2013-11-23 16:20:00,857.7504
4556,2013-11-23 16:30:00,3.8212907
4556,2013-11-23 16:30:00,817.8938
4556,2013-11-23 16:30:00,0.9853416
4556,2013-11-23 16:30:00,1.7514678
4556,2013-11-23 16:30:00,1.9706832
4556,2013-11-23 16:40:00,0.82616407
4556,2013-11-23 16:40:00,802.08496
4556,2013-11-23 16:40:00,1.9106454
4556,2013-11-23 16:40:00,0.92530376
4556,2013-11-23 16:40:00,0.002807078
4556,2013-11-23 16:40:00,3.6621132
4556,2013-11-23 16:50:00,1.9706832
4556,2013-11-23 16:50:00,815.89154
4556,2013-11-23 16:50:00,2.8359492
4556,2013-11-23 16:50:00,0.92530376
4556,2013-11-23 16:50:00,6.338885
4556,2013-11-23 17:00:00,0.9853416
4556,2013-11-23 17:00:00,646.1569
4556,2013-11-23 17:10:00,0.9853416
4556,2013-11-23 17:10:00,0.9853416
4556,2013-11-23 17:10:00,0.9853416
4556,2013-11-23 17:10:00,756.1132
4556,2013-11-23 17:10:00,0.002807078
4556,2013-11-23 17:10:00,1.8506075
4556,2013-11-23 17:10:00,0.9853416
4556,2013-11-23 17:20:00,0.92530376
4556,2013-11-23 17:20:00,0.92530376
4556,2013-11-23 17:20:00,732.71436
4556,2013-11-23 17:20:00,1.9106454
4556,2013-11-23 17:30:00,0.92530376
4556,2013-11-23 17:30:00,812.2998
4556,2013-11-23 17:30:00,0.82616407
4556,2013-11-23 17:30:00,0.9881487
4556,2013-11-23 17:30:00,1.9706832
4556,2013-11-23 17:40:00,0.002807078
4556,2013-11-23 17:40:00,847.68256
4556,2013-11-23 17:40:00,0.92811084
4556,2013-11-23 17:40:00,1.9106454
4556,2013-11-23 17:40:00,1.8506075
4556,2013-11-23 17:50:00,2.8359492
4556,2013-11-23 17:50:00,914.2492
4556,2013-11-23 17:50:00,2.7759113
4556,2013-11-23 17:50:00,3.8841357
4556,2013-11-23 18:00:00,0.9853416
4556,2013-11-23 18:00:00,892.0647
4556,2013-11-23 18:00:00,0.92530376
4556,2013-11-23 18:00:00,0.92530376
4556,2013-11-23 18:00:00,0.002807078
4556,2013-11-23 18:10:00,0.9853416
4556,2013-11-23 18:10:00,0.002807078
4556,2013-11-23 18:10:00,1036.3619
4556,2013-11-23 18:10:00,1.8506075
4556,2013-11-23 18:10:00,1.9706832
4556,2013-11-23 18:20:00,0.9853416
4556,2013-11-23 18:20:00,0.82897115
4556,2013-11-23 18:20:00,822.28674
4556,2013-11-23 18:20:00,0.92530376
4556,2013-11-23 18:20:00,1.9106454
4556,2013-11-23 18:20:00,0.92530376
4556,2013-11-23 18:20:00,0.92530376
4556,2013-11-23 18:30:00,0.92530376
4556,2013-11-23 18:30:00,0.9881487
4556,2013-11-23 18:30:00,829.0574
4556,2013-11-23 18:30:00,0.9853416
4556,2013-11-23 18:30:00,2.956025
4556,2013-11-23 18:30:00,1.9106454
4556,2013-11-23 18:30:00,4.707493
4556,2013-11-23 18:40:00,0.82897115
4556,2013-11-23 18:40:00,895.62823
4556,2013-11-23 18:40:00,0.92530376
4556,2013-11-23 18:40:00,2.895987
4556,2013-11-23 18:40:00,1.9106454
4556,2013-11-23 18:40:00,8.627923
4556,2013-11-23 18:50:00,0.9853416
4556,2013-11-23 18:50:00,1.7514678
4556,2013-11-23 18:50:00,859.9409
4556,2013-11-23 18:50:00,0.92530376
4556,2013-11-23 18:50:00,0.9853416
4556,2013-11-23 18:50:00,7.6425815
4556,2013-11-23 18:50:00,1.9734904
4556,2013-11-23 18:50:00,0.9853416
4556,2013-11-23 19:00:00,0.002807078
4556,2013-11-23 19:00:00,1009.0641
4556,2013-11-23 19:00:00,0.92530376
4556,2013-11-23 19:00:00,0.9853416
4556,2013-11-23 19:00:00,1.9106454
4556,2013-11-23 19:00:00,7.483404
4556,2013-11-23 19:00:00,0.9881487
4556,2013-11-23 19:00:00,0.9853416
4556,2013-11-23 19:10:00,0.9881487
4556,2013-11-23 19:10:00,0.002807078
4556,2013-11-23 19:10:00,0.92530376
4556,2013-11-23 19:10:00,926.30115
4556,2013-11-23 19:10:00,0.92530376
4556,2013-11-23 19:10:00,1.9106454
4556,2013-11-23 19:10:00,4.8066325
4556,2013-11-23 19:20:00,0.9853416
4556,2013-11-23 19:20:00,1164.9174
4556,2013-11-23 19:20:00,0.92530376
4556,2013-11-23 19:20:00,6.65724
4556,2013-11-23 19:20:00,4.8066325
4556,2013-11-23 19:30:00,1.9106454
4556,2013-11-23 19:30:00,0.9853416
4556,2013-11-23 19:30:00,1028.3073
4556,2013-11-23 19:30:00,2.7759113
4556,2013-11-23 19:30:00,14.140644
4556,2013-11-23 19:30:00,1.9706832
4556,2013-11-23 19:40:00,0.005614156
4556,2013-11-23 19:40:00,1244.2355
4556,2013-11-23 19:40:00,2.7759113
4556,2013-11-23 19:40:00,8.309568
4556,2013-11-23 19:40:00,5.731936
4556,2013-11-23 19:50:00,0.005614156
4556,2013-11-23 19:50:00,1.7514678
4556,2013-11-23 19:50:00,0.9853416
4556,2013-11-23 19:50:00,1084.6472
4556,2013-11-23 19:50:00,9.493189
4556,2013-11-23 19:50:00,1.8506075
4556,2013-11-23 19:50:00,0.9853416
4556,2013-11-23 20:00:00,0.002807078
4556,2013-11-23 20:00:00,3.6621132
4556,2013-11-23 20:00:00,0.002807078
4556,2013-11-23 20:00:00,1186.446
4556,2013-11-23 20:00:00,0.92530376
4556,2013-11-23 20:00:00,0.005614156
4556,2013-11-23 20:00:00,2.8387563
4556,2013-11-23 20:00:00,10.5385685
4556,2013-11-23 20:10:00,0.002807078
4556,2013-11-23 20:10:00,2.8443704
4556,2013-11-23 20:10:00,0.92530376
4556,2013-11-23 20:10:00,0.92530376
4556,2013-11-23 20:10:00,1450.5984
4556,2013-11-23 20:10:00,0.9881487
4556,2013-11-23 20:10:00,8.627923
4556,2013-11-23 20:10:00,0.005614156
4556,2013-11-23 20:20:00,0.002807078
4556,2013-11-23 20:20:00,0.92530376
4556,2013-11-23 20:20:00,0.92530376
4556,2013-11-23 20:20:00,1154.1937
4556,2013-11-23 20:20:00,0.92530376
4556,2013-11-23 20:20:00,0.99095577
4556,2013-11-23 20:20:00,0.99095577
4556,2013-11-23 20:20:00,0.92530376
4556,2013-11-23 20:20:00,0.002807078
4556,2013-11-23 20:30:00,0.9881487
4556,2013-11-23 20:30:00,1.9162595
4556,2013-11-23 20:30:00,1271.9037
4556,2013-11-23 20:30:00,5.7975883
4556,2013-11-23 20:30:00,0.002807078
4556,2013-11-23 20:30:00,1.9106454
4556,2013-11-23 20:40:00,0.002807078
4556,2013-11-23 20:40:00,1248.2045
4556,2013-11-23 20:40:00,0.005614156
4556,2013-11-23 20:40:00,2.6823857
4556,2013-11-23 20:40:00,0.002807078
4556,2013-11-23 20:40:00,7.483404
4556,2013-11-23 20:50:00,0.011228312
4556,2013-11-23 20:50:00,0.92530376
4556,2013-11-23 20:50:00,1.9134525
4556,2013-11-23 20:50:00,3.5029356
4556,2013-11-23 20:50:00,1515.4363
4556,2013-11-23 20:50:00,1.9706832
4556,2013-11-23 20:50:00,0.99095577
4556,2013-11-23 20:50:00,0.005614156
4556,2013-11-23 20:50:00,12.452021
4556,2013-11-23 20:50:00,0.002807078
4556,2013-11-23 21:00:00,0.9853416
4556,2013-11-23 21:00:00,0.9881487
4556,2013-11-23 21:00:00,0.9853416
4556,2013-11-23 21:00:00,1518.5105
4556,2013-11-23 21:00:00,0.9309179
4556,2013-11-23 21:00:00,0.99095577
4556,2013-11-23 21:00:00,0.002807078
4556,2013-11-23 21:00:00,11.463872
4556,2013-11-23 21:00:00,0.9853416
4556,2013-11-23 21:10:00,1.9162595
4556,2013-11-23 21:10:00,0.008421234
4556,2013-11-23 21:10:00,1333.8555
4556,2013-11-23 21:10:00,0.002807078
4556,2013-11-23 21:10:00,0.005614156
4556,2013-11-23 21:10:00,1.9134525
4556,2013-11-23 21:10:00,11.463872
4556,2013-11-23 21:10:00,0.9853416
4556,2013-11-23 21:10:00,1.8562217
4556,2013-11-23 21:20:00,0.9309179
4556,2013-11-23 21:20:00,0.9881487
4556,2013-11-23 21:20:00,0.92530376
4556,2013-11-23 21:20:00,1373.5504
4556,2013-11-23 21:20:00,0.82897115
4556,2013-11-23 21:20:00,0.005614156
4556,2013-11-23 21:20:00,0.002807078
4556,2013-11-23 21:20:00,0.9853416
4556,2013-11-23 21:20:00,13.434555
4556,2013-11-23 21:30:00,0.002807078
4556,2013-11-23 21:30:00,2.895987
4556,2013-11-23 21:30:00,0.9881487
4556,2013-11-23 21:30:00,1582.4167
4556,2013-11-23 21:30:00,1.7514678
4556,2013-11-23 21:30:00,0.8345853
4556,2013-11-23 21:30:00,1.9134525
4556,2013-11-23 21:30:00,0.002807078
4556,2013-11-23 21:40:00,4.8066325
4556,2013-11-23 21:40:00,0.002807078
4556,2013-11-23 21:40:00,1.8506075
4556,2013-11-23 21:40:00,1595.2297
4556,2013-11-23 21:40:00,4.8066325
4556,2013-11-23 21:40:00,1.8506075
4556,2013-11-23 21:50:00,1.9106454
4556,2013-11-23 21:50:00,1.9106454
4556,2013-11-23 21:50:00,1.8534145
4556,2013-11-23 21:50:00,1728.5569
4556,2013-11-23 21:50:00,0.92530376
4556,2013-11-23 21:50:00,0.99376285
4556,2013-11-23 21:50:00,0.002807078
4556,2013-11-23 21:50:00,6.65724
4556,2013-11-23 21:50:00,3.8212907
4556,2013-11-23 21:50:00,0.002807078
4556,2013-11-23 22:00:00,0.002807078
4556,2013-11-23 22:00:00,6.660047
4556,2013-11-23 22:00:00,0.9309179
4556,2013-11-23 22:00:00,1363.6578
4556,2013-11-23 22:00:00,0.002807078
4556,2013-11-23 22:00:00,0.82616407
4556,2013-11-23 22:00:00,14.359859
4556,2013-11-23 22:10:00,0.008421234
4556,2013-11-23 22:10:00,3.8212907
4556,2013-11-23 22:10:00,0.92530376
4556,2013-11-23 22:10:00,1.8534145
4556,2013-11-23 22:10:00,1224.9172
4556,2013-11-23 22:10:00,0.005614156
4556,2013-11-23 22:10:00,0.9853416
4556,2013-11-23 22:10:00,0.005614156
4556,2013-11-23 22:10:00,13.374517
4556,2013-11-23 22:20:00,0.005614156
4556,2013-11-23 22:20:00,2.895987
4556,2013-11-23 22:20:00,0.002807078
4556,2013-11-23 22:20:00,1196.5013
4556,2013-11-23 22:20:00,0.99095577
4556,2013-11-23 22:20:00,0.9853416
4556,2013-11-23 22:20:00,6.7773156
4556,2013-11-23 22:30:00,1.9106454
4556,2013-11-23 22:30:00,1.8506075
4556,2013-11-23 22:30:00,1217.5068
4556,2013-11-23 22:30:00,0.9881487
4556,2013-11-23 22:30:00,1.9762974
4556,2013-11-23 22:30:00,1.9706832
4556,2013-11-23 22:30:00,0.002807078
4556,2013-11-23 22:30:00,5.575566
4556,2013-11-23 22:40:00,2.8987942
4556,2013-11-23 22:40:00,0.005614156
4556,2013-11-23 22:40:00,1153.2487
4556,2013-11-23 22:40:00,2.8387563
4556,2013-11-23 22:40:00,1.9162595
4556,2013-11-23 22:40:00,0.9881487
4556,2013-11-23 22:40:00,2.8387563
4556,2013-11-23 22:40:00,0.002807078
4556,2013-11-23 22:50:00,0.9853416
4556,2013-11-23 22:50:00,0.002807078
4556,2013-11-23 22:50:00,1232.0188
4556,2013-11-23 22:50:00,0.9853416
4556,2013-11-23 22:50:00,6.5581
4556,2013-11-23 23:00:00,8.567885
4556,2013-11-23 23:00:00,1081.5845
4556,2013-11-23 23:00:00,1.9106454
4556,2013-11-23 23:00:00,3.76406
4556,2013-11-23 23:10:00,0.005614156
4556,2013-11-23 23:10:00,0.9853416
4556,2013-11-23 23:10:00,1050.2999
4556,2013-11-23 23:10:00,0.92530376
4556,2013-11-23 23:10:00,1.8199269
4556,2013-11-23 23:10:00,0.005614156
4556,2013-11-23 23:10:00,1.9106454
4556,2013-11-23 23:10:00,1.9106454
4556,2013-11-23 23:20:00,2.7396166
4556,2013-11-23 23:20:00,1084.3508
4556,2013-11-23 23:20:00,0.92530376
4556,2013-11-23 23:20:00,1.9134525
4556,2013-11-23 23:20:00,0.9853416
4556,2013-11-23 23:30:00,1.9106454
4556,2013-11-23 23:30:00,0.9309179
4556,2013-11-23 23:30:00,1274.0277
4556,2013-11-23 23:30:00,2.7759113
4556,2013-11-23 23:30:00,1.9134525
4556,2013-11-23 23:30:00,0.002807078
4556,2013-11-23 23:30:00,0.9881487
4556,2013-11-23 23:40:00,0.92530376
4556,2013-11-23 23:40:00,885.4028
4556,2013-11-23 23:40:00,1.9106454
4556,2013-11-23 23:40:00,3.7249582
4556,2013-11-23 23:40:00,0.9853416
4556,2013-11-23 23:40:00,0.9881487
4556,2013-11-23 23:40:00,0.99376285
4556,2013-11-23 23:50:00,0.99095577
4556,2013-11-23 23:50:00,888.07086
4556,2013-11-23 23:50:00,0.82616407
4556,2013-11-23 23:50:00,0.9309179
4556,2013-11-23 23:50:00,0.9853416
4556,2013-11-24 00:00:00,891.269
4556,2013-11-24 00:00:00,0.002807078
4556,2013-11-24 00:00:00,0.9853416
4556,2013-11-24 00:00:00,0.002807078
4556,2013-11-24 00:00:00,1.9106454
4556,2013-11-24 00:10:00,970.7568
4556,2013-11-24 00:10:00,1.9134525
4556,2013-11-24 00:10:00,0.002807078
4556,2013-11-24 00:20:00,0.002807078
4556,2013-11-24 00:20:00,944.7031
4556,2013-11-24 00:20:00,1.9106454
4556,2013-11-24 00:20:00,0.008421234
4556,2013-11-24 00:30:00,1.9106454
4556,2013-11-24 00:30:00,789.49786
4556,2013-11-24 00:30:00,1.9106454
4556,2013-11-24 00:30:00,0.933725
4556,2013-11-24 00:30:00,0.9853416
4556,2013-11-24 00:40:00,707.02014
4556,2013-11-24 00:40:00,1.9706832
4556,2013-11-24 00:40:00,2.8359492
4556,2013-11-24 00:50:00,676.88226
4556,2013-11-24 00:50:00,0.99376285
4556,2013-11-24 01:00:00,651.47797
4556,2013-11-24 01:00:00,1.9106454
4556,2013-11-24 01:00:00,0.005614156
4556,2013-11-24 01:10:00,1.9106454
4556,2013-11-24 01:10:00,532.7086
4556,2013-11-24 01:10:00,0.82616407
4556,2013-11-24 01:20:00,1.9106454
4556,2013-11-24 01:20:00,554.3671
4556,2013-11-24 01:20:00,0.9853416
4556,2013-11-24 01:20:00,2.8359492
4556,2013-11-24 01:30:00,1.8506075
4556,2013-11-24 01:30:00,1.9106454
4556,2013-11-24 01:30:00,467.2891
4556,2013-11-24 01:40:00,0.002807078
4556,2013-11-24 01:40:00,585.7921
4556,2013-11-24 01:40:00,2.7759113
4556,2013-11-24 01:50:00,418.06616
4556,2013-11-24 01:50:00,0.92530376
4556,2013-11-24 02:00:00,0.92530376
4556,2013-11-24 02:00:00,400.39996
4556,2013-11-24 02:00:00,1.9106454
4556,2013-11-24 02:10:00,384.2443
4556,2013-11-24 02:10:00,1.9106454
4556,2013-11-24 02:20:00,351.02246
4556,2013-11-24 02:30:00,0.92530376
4556,2013-11-24 02:30:00,1.9106454
4556,2013-11-24 02:30:00,331.92517
4556,2013-11-24 02:40:00,308.983
4556,2013-11-24 02:50:00,298.00858
4556,2013-11-24 03:00:00,0.92530376
4556,2013-11-24 03:00:00,312.75623
4556,2013-11-24 03:10:00,322.04556
4556,2013-11-24 03:20:00,281.19955
4556,2013-11-24 03:30:00,0.92530376
4556,2013-11-24 03:30:00,256.7437
4556,2013-11-24 03:40:00,0.92530376
4556,2013-11-24 03:40:00,287.82593
4556,2013-11-24 03:50:00,266.36945
4556,2013-11-24 04:00:00,236.11882
4556,2013-11-24 04:10:00,285.87598
4556,2013-11-24 04:10:00,0.9853416
4556,2013-11-24 04:10:00,0.9881487
4556,2013-11-24 04:10:00,0.002807078
4556,2013-11-24 04:20:00,272.48224
4556,2013-11-24 04:30:00,243.05211
4556,2013-11-24 04:40:00,0.92530376
4556,2013-11-24 04:40:00,272.00787
4556,2013-11-24 04:50:00,0.92530376
4556,2013-11-24 04:50:00,244.07281
4556,2013-11-24 05:00:00,263.47067
4556,2013-11-24 05:00:00,1.8506075
4556,2013-11-24 05:10:00,276.7717
4556,2013-11-24 05:20:00,261.57535
4556,2013-11-24 05:30:00,243.95961
4556,2013-11-24 05:40:00,0.92530376
4556,2013-11-24 05:40:00,265.45163
4556,2013-11-24 05:50:00,0.92530376
4556,2013-11-24 05:50:00,266.84695
4556,2013-11-24 06:00:00,251.33224
4556,2013-11-24 06:10:00,260.92014
4556,2013-11-24 06:20:00,249.21967
4556,2013-11-24 06:30:00,237.30988
4556,2013-11-24 06:30:00,0.9853416
4556,2013-11-24 06:40:00,224.02061
4556,2013-11-24 06:50:00,239.16048
4556,2013-11-24 06:50:00,3.8212907
4556,2013-11-24 07:00:00,235.40616
4556,2013-11-24 07:00:00,1.9106454
4556,2013-11-24 07:00:00,2.956025
4556,2013-11-24 07:10:00,0.002807078
4556,2013-11-24 07:10:00,235.25705
4556,2013-11-24 07:10:00,0.92530376
4556,2013-11-24 07:10:00,1.9762974
4556,2013-11-24 07:20:00,246.96187
4556,2013-11-24 07:20:00,0.92530376
4556,2013-11-24 07:30:00,262.62943
4556,2013-11-24 07:30:00,0.9853416
4556,2013-11-24 07:30:00,2.895987
4556,2013-11-24 07:40:00,260.83936
4556,2013-11-24 07:40:00,1.8506075
4556,2013-11-24 07:50:00,0.92530376
4556,2013-11-24 07:50:00,276.3529
4556,2013-11-24 07:50:00,3.8212907
4556,2013-11-24 08:00:00,288.06223
4556,2013-11-24 08:00:00,2.8387563
4556,2013-11-24 08:00:00,1.8506075
4556,2013-11-24 08:10:00,1.9106454
4556,2013-11-24 08:10:00,350.5186
4556,2013-11-24 08:10:00,1.9106454
4556,2013-11-24 08:20:00,382.56885
4556,2013-11-24 08:20:00,1.9106454
4556,2013-11-24 08:20:00,3.8212907
4556,2013-11-24 08:20:00,3.8212907
4556,2013-11-24 08:30:00,369.4163
4556,2013-11-24 08:30:00,0.9853416
4556,2013-11-24 08:30:00,0.9853416
4556,2013-11-24 08:40:00,387.90134
4556,2013-11-24 08:40:00,3.5029356
4556,2013-11-24 08:50:00,416.2724
4556,2013-11-24 08:50:00,0.92530376
4556,2013-11-24 08:50:00,1.9106454
4556,2013-11-24 08:50:00,10.508807
4556,2013-11-24 09:00:00,0.002807078
4556,2013-11-24 09:00:00,431.54593
4556,2013-11-24 09:00:00,8.7573395
4556,2013-11-24 09:10:00,433.636
4556,2013-11-24 09:20:00,3.8813286
4556,2013-11-24 09:20:00,450.92905
4556,2013-11-24 09:20:00,0.92530376
4556,2013-11-24 09:20:00,0.008421234
4556,2013-11-24 09:30:00,6.65724
4556,2013-11-24 09:30:00,0.82616407
4556,2013-11-24 09:30:00,520.0116
4556,2013-11-24 09:40:00,9.553226
4556,2013-11-24 09:40:00,620.38477
4556,2013-11-24 09:40:00,0.9853416
4556,2013-11-24 09:50:00,1.7514678
4556,2013-11-24 09:50:00,582.4646
4556,2013-11-24 09:50:00,1.9106454
4556,2013-11-24 10:00:00,12.290036
4556,2013-11-24 10:00:00,0.92530376
4556,2013-11-24 10:00:00,623.5066
4556,2013-11-24 10:00:00,0.002807078
4556,2013-11-24 10:10:00,2.8359492
4556,2013-11-24 10:10:00,594.21094
4556,2013-11-24 10:10:00,0.92530376
4556,2013-11-24 10:10:00,7.165049
4556,2013-11-24 10:20:00,685.08875
4556,2013-11-24 10:20:00,1.9106454
4556,2013-11-24 10:20:00,0.82616407
4556,2013-11-24 10:20:00,3.5029356
4556,2013-11-24 10:30:00,1.9706832
4556,2013-11-24 10:30:00,711.7894
4556,2013-11-24 10:30:00,0.9853416
4556,2013-11-24 10:40:00,4.8066325
4556,2013-11-24 10:40:00,614.34644
4556,2013-11-24 10:40:00,0.82616407
4556,2013-11-24 10:40:00,0.92530376
4556,2013-11-24 10:40:00,3.8212907
4556,2013-11-24 10:50:00,1.9106454
4556,2013-11-24 10:50:00,0.9853416
4556,2013-11-24 10:50:00,607.121
4556,2013-11-24 10:50:00,0.92530376
4556,2013-11-24 10:50:00,1.9106454
4556,2013-11-24 10:50:00,0.92530376
4556,2013-11-24 10:50:00,7.543442
4556,2013-11-24 11:00:00,3.8813286
4556,2013-11-24 11:00:00,1015.73816
4556,2013-11-24 11:00:00,7.3842645
4556,2013-11-24 11:10:00,856.45294
4556,2013-11-24 11:10:00,1.7514678
4556,2013-11-24 11:10:00,9.553226
4556,2013-11-24 11:20:00,883.34094
4556,2013-11-24 11:20:00,0.92530376
4556,2013-11-24 11:20:00,2.6767716
4556,2013-11-24 11:20:00,3.8212907
4556,2013-11-24 11:30:00,1.8506075
4556,2013-11-24 11:30:00,965.3791
4556,2013-11-24 11:30:00,0.9881487
4556,2013-11-24 11:30:00,0.9853416
4556,2013-11-24 11:40:00,2.956025
4556,2013-11-24 11:40:00,858.34973
4556,2013-11-24 11:40:00,0.002807078
4556,2013-11-24 11:40:00,0.82897115
4556,2013-11-24 11:40:00,0.005614156
4556,2013-11-24 11:50:00,2.895987
4556,2013-11-24 11:50:00,1.8506075
4556,2013-11-24 11:50:00,775.9735
4556,2013-11-24 11:50:00,1.9106454
4556,2013-11-24 12:00:00,0.92530376
4556,2013-11-24 12:00:00,988.2777
4556,2013-11-24 12:00:00,0.82616407
4556,2013-11-24 12:00:00,1.7514678
4556,2013-11-24 12:00:00,2.895987
4556,2013-11-24 12:10:00,0.002807078
4556,2013-11-24 12:10:00,1.9106454
4556,2013-11-24 12:10:00,877.9573
4556,2013-11-24 12:10:00,0.002807078
4556,2013-11-24 12:10:00,0.9853416
4556,2013-11-24 12:20:00,3.9441736
4556,2013-11-24 12:20:00,939.6707
4556,2013-11-24 12:20:00,0.82616407
4556,2013-11-24 12:20:00,3.5029356
4556,2013-11-24 12:20:00,3.8841357
4556,2013-11-24 12:30:00,0.002807078
4556,2013-11-24 12:30:00,1100.4639
4556,2013-11-24 12:30:00,0.005614156
4556,2013-11-24 12:30:00,1.9762974
4556,2013-11-24 12:30:00,0.9853416
4556,2013-11-24 12:40:00,1147.5238
4556,2013-11-24 12:40:00,0.9853416
4556,2013-11-24 12:40:00,0.8317782
4556,2013-11-24 12:40:00,1.9134525
4556,2013-11-24 12:50:00,1.9762974
4556,2013-11-24 12:50:00,0.92530376
4556,2013-11-24 12:50:00,1139.8779
4556,2013-11-24 12:50:00,0.9881487
4556,2013-11-24 12:50:00,6.5609074
4556,2013-11-24 13:00:00,1.9706832
4556,2013-11-24 13:00:00,0.002807078
4556,2013-11-24 13:00:00,1237.4452
4556,2013-11-24 13:00:00,0.002807078
4556,2013-11-24 13:00:00,1.9734904
4556,2013-11-24 13:10:00,0.9853416
4556,2013-11-24 13:10:00,0.002807078
4556,2013-11-24 13:10:00,2.956025
4556,2013-11-24 13:10:00,1040.538
4556,2013-11-24 13:10:00,0.9853416
4556,2013-11-24 13:20:00,0.99376285
4556,2013-11-24 13:20:00,1.9706832
4556,2013-11-24 13:20:00,1119.7883
4556,2013-11-24 13:20:00,1.9734904
4556,2013-11-24 13:20:00,0.82616407
4556,2013-11-24 13:30:00,0.99095577
4556,2013-11-24 13:30:00,1106.7107
4556,2013-11-24 13:30:00,0.92530376
4556,2013-11-24 13:30:00,0.92530376
4556,2013-11-24 13:30:00,1.9106454
4556,2013-11-24 13:30:00,0.005614156
4556,2013-11-24 13:30:00,0.82616407
4556,2013-11-24 13:40:00,0.005614156
4556,2013-11-24 13:40:00,994.1515
4556,2013-11-24 13:40:00,0.9853416
4556,2013-11-24 13:40:00,0.82616407
4556,2013-11-24 13:50:00,0.82616407
4556,2013-11-24 13:50:00,0.9881487
4556,2013-11-24 13:50:00,0.92530376
4556,2013-11-24 13:50:00,1020.6373
4556,2013-11-24 13:50:00,3.7612529
4556,2013-11-24 14:00:00,0.9881487
4556,2013-11-24 14:00:00,0.9853416
4556,2013-11-24 14:00:00,1046.918
4556,2013-11-24 14:00:00,1.7514678
4556,2013-11-24 14:00:00,4.6474547
4556,2013-11-24 14:10:00,0.82897115
4556,2013-11-24 14:10:00,0.92530376
4556,2013-11-24 14:10:00,0.002807078
4556,2013-11-24 14:10:00,1044.5596
4556,2013-11-24 14:10:00,0.9853416
4556,2013-11-24 14:10:00,0.9853416
4556,2013-11-24 14:10:00,0.9853416
4556,2013-11-24 14:10:00,0.9853416
4556,2013-11-24 14:20:00,0.92811084
4556,2013-11-24 14:20:00,1.8506075
4556,2013-11-24 14:20:00,0.002807078
4556,2013-11-24 14:20:00,992.50305
4556,2013-11-24 14:20:00,0.92530376
4556,2013-11-24 14:20:00,0.9309179
4556,2013-11-24 14:20:00,1.9106454
4556,2013-11-24 14:20:00,0.9853416
4556,2013-11-24 14:30:00,0.002807078
4556,2013-11-24 14:30:00,999.39294
4556,2013-11-24 14:30:00,3.6621132
4556,2013-11-24 14:40:00,0.9853416
4556,2013-11-24 14:40:00,1.6551352
4556,2013-11-24 14:40:00,974.01654
4556,2013-11-24 14:40:00,0.002807078
4556,2013-11-24 14:40:00,0.92811084
4556,2013-11-24 14:40:00,0.9853416
4556,2013-11-24 14:50:00,1.8115057
4556,2013-11-24 14:50:00,0.002807078
4556,2013-11-24 14:50:00,0.002807078
4556,2013-11-24 14:50:00,1069.0884
4556,2013-11-24 14:50:00,0.002807078
4556,2013-11-24 14:50:00,0.9853416
4556,2013-11-24 15:00:00,0.92530376
4556,2013-11-24 15:00:00,908.22266
4556,2013-11-24 15:10:00,0.9853416
4556,2013-11-24 15:10:00,874.46893
4556,2013-11-24 15:10:00,1.9762974
4556,2013-11-24 15:10:00,1.9706832
4556,2013-11-24 15:20:00,2.895987
4556,2013-11-24 15:20:00,930.0381
4556,2013-11-24 15:20:00,0.92530376
4556,2013-11-24 15:20:00,6.65724
4556,2013-11-24 15:30:00,6.498062
4556,2013-11-24 15:30:00,0.9853416
4556,2013-11-24 15:30:00,1106.1136
4556,2013-11-24 15:30:00,0.002807078
4556,2013-11-24 15:30:00,1.8506075
4556,2013-11-24 15:30:00,13.061777
4556,2013-11-24 15:40:00,7.60348
4556,2013-11-24 15:40:00,1285.318
4556,2013-11-24 15:40:00,0.9853416
4556,2013-11-24 15:40:00,1.8506075
4556,2013-11-24 15:50:00,9.676109
4556,2013-11-24 15:50:00,912.2121
4556,2013-11-24 15:50:00,0.002807078
4556,2013-11-24 16:00:00,3.8212907
4556,2013-11-24 16:00:00,0.9853416
4556,2013-11-24 16:00:00,808.7641
4556,2013-11-24 16:10:00,882.2308
4556,2013-11-24 16:20:00,1068.4878
4556,2013-11-24 16:20:00,0.92530376
4556,2013-11-24 16:30:00,0.002807078
4556,2013-11-24 16:30:00,810.57715
4556,2013-11-24 16:30:00,1.8506075
4556,2013-11-24 16:40:00,0.9853416
4556,2013-11-24 16:40:00,775.49786
4556,2013-11-24 16:50:00,0.92530376
4556,2013-11-24 16:50:00,794.9944
4556,2013-11-24 16:50:00,0.9853416
4556,2013-11-24 17:00:00,825.48926
4556,2013-11-24 17:10:00,0.005614156
4556,2013-11-24 17:10:00,880.11646
4556,2013-11-24 17:10:00,0.92530376
4556,2013-11-24 17:10:00,0.82616407
4556,2013-11-24 17:20:00,0.9853416
4556,2013-11-24 17:20:00,826.8725
4556,2013-11-24 17:30:00,0.002807078
4556,2013-11-24 17:30:00,919.1536
4556,2013-11-24 17:40:00,3.8813286
4556,2013-11-24 17:40:00,1036.6832
4556,2013-11-24 17:40:00,1.9106454
4556,2013-11-24 17:40:00,0.92530376
4556,2013-11-24 17:50:00,2.8359492
4556,2013-11-24 17:50:00,1.8506075
4556,2013-11-24 17:50:00,931.5831
4556,2013-11-24 17:50:00,3.701215
4556,2013-11-24 18:00:00,0.9881487
4556,2013-11-24 18:00:00,1029.4576
4556,2013-11-24 18:00:00,0.92530376
4556,2013-11-24 18:10:00,0.002807078
4556,2013-11-24 18:10:00,0.008421234
4556,2013-11-24 18:10:00,771.71063
4556,2013-11-24 18:10:00,1.9106454
4556,2013-11-24 18:20:00,0.002807078
4556,2013-11-24 18:20:00,0.9881487
4556,2013-11-24 18:20:00,764.99097
4556,2013-11-24 18:20:00,0.005614156
4556,2013-11-24 18:30:00,931.6074
4556,2013-11-24 18:30:00,0.9853416
4556,2013-11-24 18:30:00,2.7759113
4556,2013-11-24 18:40:00,1303.7052
4556,2013-11-24 18:40:00,0.92530376
4556,2013-11-24 18:50:00,1056.0951
4556,2013-11-24 18:50:00,0.82616407
4556,2013-11-24 18:50:00,2.7368095
4556,2013-11-24 19:00:00,0.005614156
4556,2013-11-24 19:00:00,1155.3127
4556,2013-11-24 19:00:00,0.92530376
4556,2013-11-24 19:00:00,1.8506075
4556,2013-11-24 19:10:00,0.82616407
4556,2013-11-24 19:10:00,1075.0898
4556,2013-11-24 19:10:00,0.9853416
4556,2013-11-24 19:20:00,0.82616407
4556,2013-11-24 19:20:00,1.9106454
4556,2013-11-24 19:20:00,784.5309
4556,2013-11-24 19:30:00,0.002807078
4556,2013-11-24 19:30:00,1.757082
4556,2013-11-24 19:30:00,821.81287
4556,2013-11-24 19:30:00,0.9853416
4556,2013-11-24 19:40:00,0.92530376
4556,2013-11-24 19:40:00,8.567885
4556,2013-11-24 19:40:00,2.895987
4556,2013-11-24 19:40:00,859.1032
4556,2013-11-24 19:50:00,0.92530376
4556,2013-11-24 19:50:00,13.374517
4556,2013-11-24 19:50:00,3.8212907
4556,2013-11-24 19:50:00,981.67865
4556,2013-11-24 19:50:00,0.92530376
4556,2013-11-24 19:50:00,0.9853416
4556,2013-11-24 19:50:00,1.9706832
4556,2013-11-24 20:00:00,0.99095577
4556,2013-11-24 20:00:00,5.473619
4556,2013-11-24 20:00:00,1.9106454
4556,2013-11-24 20:00:00,989.8614
4556,2013-11-24 20:00:00,0.9853416
4556,2013-11-24 20:00:00,0.92530376
4556,2013-11-24 20:10:00,0.9853416
4556,2013-11-24 20:10:00,4.587417
4556,2013-11-24 20:10:00,4.3891377
4556,2013-11-24 20:10:00,948.9753
4556,2013-11-24 20:10:00,1.8506075
4556,2013-11-24 20:20:00,6.5008693
4556,2013-11-24 20:20:00,1.9106454
4556,2013-11-24 20:20:00,1008.9076
4556,2013-11-24 20:20:00,1.7514678
4556,2013-11-24 20:20:00,0.9853416
4556,2013-11-24 20:30:00,3.6621132
4556,2013-11-24 20:30:00,6.65724
4556,2013-11-24 20:30:00,930.1055
4556,2013-11-24 20:40:00,1.9106454
4556,2013-11-24 20:40:00,1.9134525
4556,2013-11-24 20:40:00,2.956025
4556,2013-11-24 20:40:00,1005.93365
4556,2013-11-24 20:40:00,0.9853416
4556,2013-11-24 20:50:00,1.9162595
4556,2013-11-24 20:50:00,2.7815254
4556,2013-11-24 20:50:00,0.9853416
4556,2013-11-24 20:50:00,989.38245
4556,2013-11-24 20:50:00,0.9853416
4556,2013-11-24 21:00:00,1.9106454
4556,2013-11-24 21:00:00,3.5029356
4556,2013-11-24 21:00:00,4.7465944
4556,2013-11-24 21:00:00,1064.73
4556,2013-11-24 21:00:00,0.002807078
4556,2013-11-24 21:00:00,1.9134525
4556,2013-11-24 21:10:00,1.9106454
4556,2013-11-24 21:10:00,1.7514678
4556,2013-11-24 21:10:00,2.8359492
4556,2013-11-24 21:10:00,1003.85376
4556,2013-11-24 21:10:00,0.9853416
4556,2013-11-24 21:20:00,2.895987
4556,2013-11-24 21:20:00,918.755
4556,2013-11-24 21:20:00,0.92530376
4556,2013-11-24 21:30:00,1.7514678
4556,2013-11-24 21:30:00,1176.9872
4556,2013-11-24 21:30:00,1.9106454
4556,2013-11-24 21:30:00,0.9853416
4556,2013-11-24 21:40:00,0.9881487
4556,2013-11-24 21:40:00,1.8506075
4556,2013-11-24 21:40:00,993.7434
4556,2013-11-24 21:40:00,1.9106454
4556,2013-11-24 21:50:00,9.433151
4556,2013-11-24 21:50:00,1030.441
4556,2013-11-24 21:50:00,0.9853416
4556,2013-11-24 21:50:00,0.9853416
4556,2013-11-24 22:00:00,2.895987
4556,2013-11-24 22:00:00,0.002807078
4556,2013-11-24 22:00:00,0.005614156
4556,2013-11-24 22:00:00,785.0347
4556,2013-11-24 22:10:00,5.6718984
4556,2013-11-24 22:10:00,755.34796
4556,2013-11-24 22:10:00,0.92530376
4556,2013-11-24 22:10:00,2.895987
4556,2013-11-24 22:20:00,8.309568
4556,2013-11-24 22:20:00,0.92811084
4556,2013-11-24 22:20:00,792.2858
4556,2013-11-24 22:20:00,2.577632
4556,2013-11-24 22:20:00,0.9853416
4556,2013-11-24 22:30:00,1.7514678
4556,2013-11-24 22:30:00,0.002807078
4556,2013-11-24 22:30:00,727.71405
4556,2013-11-24 22:40:00,2.8987942
4556,2013-11-24 22:40:00,734.7154
4556,2013-11-24 22:40:00,0.002807078
4556,2013-11-24 22:50:00,832.3087
4556,2013-11-24 22:50:00,0.9853416
4556,2013-11-24 23:00:00,1.7514678
4556,2013-11-24 23:00:00,829.24457
4556,2013-11-24 23:10:00,6.65724
4556,2013-11-24 23:10:00,631.92566
4556,2013-11-24 23:10:00,0.002807078
4556,2013-11-24 23:10:00,0.002807078
4556,2013-11-24 23:20:00,6.7172775
4556,2013-11-24 23:20:00,650.4443
4556,2013-11-24 23:20:00,0.92530376
4556,2013-11-24 23:20:00,0.9853416
4556,2013-11-24 23:30:00,4.8066325
4556,2013-11-24 23:30:00,588.49005
4556,2013-11-24 23:40:00,3.7612529
4556,2013-11-24 23:40:00,525.78687
4556,2013-11-24 23:40:00,0.92530376
4556,2013-11-24 23:50:00,2.895987
4556,2013-11-24 23:50:00,635.2887
4556,2013-11-25 00:00:00,430.43362
4556,2013-11-25 00:10:00,0.92530376
4556,2013-11-25 00:10:00,455.50266
4556,2013-11-25 00:20:00,1.8506075
4556,2013-11-25 00:20:00,463.84445
4556,2013-11-25 00:20:00,0.9881487
4556,2013-11-25 00:20:00,1.9106454
4556,2013-11-25 00:30:00,405.3247
4556,2013-11-25 00:30:00,0.9881487
4556,2013-11-25 00:40:00,391.67154
4556,2013-11-25 00:40:00,0.9881487
4556,2013-11-25 00:50:00,355.70724
4556,2013-11-25 01:00:00,340.50583
4556,2013-11-25 01:10:00,0.92530376
4556,2013-11-25 01:10:00,338.15973
4556,2013-11-25 01:20:00,380.82578
4556,2013-11-25 01:30:00,313.4846
4556,2013-11-25 01:40:00,324.78616
4556,2013-11-25 01:50:00,311.13593
4556,2013-11-25 02:00:00,324.73654
4556,2013-11-25 02:10:00,323.96878
4556,2013-11-25 02:20:00,304.8567
4556,2013-11-25 02:30:00,315.31985
4556,2013-11-25 02:30:00,0.9853416
4556,2013-11-25 02:40:00,285.47876
4556,2013-11-25 02:50:00,358.94452
4556,2013-11-25 03:00:00,567.76855
4556,2013-11-25 03:10:00,379.42288
4556,2013-11-25 03:20:00,0.92530376
4556,2013-11-25 03:20:00,442.33508
4556,2013-11-25 03:30:00,284.22913
4556,2013-11-25 03:40:00,282.5143
4556,2013-11-25 03:50:00,261.57538
4556,2013-11-25 04:00:00,239.28111
4556,2013-11-25 04:00:00,1.8506075
4556,2013-11-25 04:10:00,297.07904
4556,2013-11-25 04:20:00,273.24725
4556,2013-11-25 04:30:00,298.34048
4556,2013-11-25 04:40:00,240.34225
4556,2013-11-25 04:50:00,276.9509
4556,2013-11-25 05:00:00,268.15976
4556,2013-11-25 05:10:00,325.26678
4556,2013-11-25 05:20:00,292.0466
4556,2013-11-25 05:30:00,0.92530376
4556,2013-11-25 05:30:00,293.35983
4556,2013-11-25 05:40:00,312.09238
4556,2013-11-25 05:50:00,279.92877
4556,2013-11-25 05:50:00,0.92530376
4556,2013-11-25 06:00:00,246.7653
4556,2013-11-25 06:10:00,301.50082
4556,2013-11-25 06:20:00,335.74265
4556,2013-11-25 06:20:00,1.9706832
4556,2013-11-25 06:30:00,348.55157
4556,2013-11-25 06:40:00,388.28
4556,2013-11-25 06:50:00,425.52536
4556,2013-11-25 07:00:00,462.6258
4556,2013-11-25 07:00:00,1.9106454
4556,2013-11-25 07:00:00,3.8212907
4556,2013-11-25 07:10:00,460.32205
4556,2013-11-25 07:20:00,0.82616407
4556,2013-11-25 07:20:00,551.60754
4556,2013-11-25 07:20:00,3.8212907
4556,2013-11-25 07:30:00,474.43686
4556,2013-11-25 07:30:00,0.002807078
4556,2013-11-25 07:40:00,468.91064
4556,2013-11-25 07:40:00,2.956025
4556,2013-11-25 07:50:00,0.002807078
4556,2013-11-25 07:50:00,514.30194
4556,2013-11-25 08:00:00,0.92530376
4556,2013-11-25 08:00:00,0.002807078
4556,2013-11-25 08:00:00,0.002807078
4556,2013-11-25 08:00:00,566.3032
4556,2013-11-25 08:10:00,539.95984
4556,2013-11-25 08:10:00,0.92530376
4556,2013-11-25 08:20:00,0.002807078
4556,2013-11-25 08:20:00,457.48395
4556,2013-11-25 08:20:00,0.9853416
4556,2013-11-25 08:30:00,3.8212907
4556,2013-11-25 08:30:00,413.42853
4556,2013-11-25 08:40:00,6.7172775
4556,2013-11-25 08:40:00,0.9853416
4556,2013-11-25 08:40:00,464.88965
4556,2013-11-25 08:50:00,6.65724
4556,2013-11-25 08:50:00,0.9853416
4556,2013-11-25 08:50:00,506.58353
4556,2013-11-25 09:00:00,1.9106454
4556,2013-11-25 09:00:00,548.7533
4556,2013-11-25 09:10:00,1.9106454
4556,2013-11-25 09:10:00,451.01443
4556,2013-11-25 09:20:00,514.77734
4556,2013-11-25 09:20:00,0.9853416
4556,2013-11-25 09:30:00,5.731936
4556,2013-11-25 09:30:00,542.6011
4556,2013-11-25 09:40:00,583.98083
4556,2013-11-25 09:50:00,615.80286
4556,2013-11-25 09:50:00,0.9853416
4556,2013-11-25 10:00:00,399.44867
4556,2013-11-25 10:00:00,0.9853416
4556,2013-11-25 10:10:00,0.9853416
4556,2013-11-25 10:10:00,396.0426
4556,2013-11-25 10:10:00,5.731936
4556,2013-11-25 10:20:00,497.81583
4556,2013-11-25 10:20:00,0.92530376
4556,2013-11-25 10:30:00,572.6903
4556,2013-11-25 10:30:00,5.731936
4556,2013-11-25 10:30:00,0.92530376
4556,2013-11-25 10:40:00,0.9853416
4556,2013-11-25 10:40:00,422.9959
4556,2013-11-25 10:40:00,0.92530376
4556,2013-11-25 10:40:00,0.9853416
4556,2013-11-25 10:50:00,605.53937
4556,2013-11-25 10:50:00,0.9853416
4556,2013-11-25 11:00:00,410.64148
4556,2013-11-25 11:00:00,0.82616407
4556,2013-11-25 11:10:00,438.19714
4556,2013-11-25 11:10:00,1.8506075
4556,2013-11-25 11:20:00,428.60803
4556,2013-11-25 11:20:00,1.7514678
4556,2013-11-25 11:30:00,493.0405
4556,2013-11-25 11:40:00,1.9706832
4556,2013-11-25 11:40:00,471.61945
4556,2013-11-25 11:40:00,0.9853416
4556,2013-11-25 11:50:00,5.6718984
4556,2013-11-25 11:50:00,471.4452
4556,2013-11-25 11:50:00,0.92530376
4556,2013-11-25 11:50:00,0.92530376
4556,2013-11-25 12:00:00,499.52554
4556,2013-11-25 12:00:00,0.92530376
4556,2013-11-25 12:10:00,550.98346
4556,2013-11-25 12:20:00,506.96088
4556,2013-11-25 12:20:00,1.9106454
4556,2013-11-25 12:20:00,1.7514678
4556,2013-11-25 12:30:00,520.6712
4556,2013-11-25 12:30:00,0.002807078
4556,2013-11-25 12:40:00,485.03027
4556,2013-11-25 12:40:00,1.9106454
4556,2013-11-25 12:50:00,516.2096
4556,2013-11-25 13:00:00,522.9999
4556,2013-11-25 13:10:00,1.7514678
4556,2013-11-25 13:10:00,627.4397
4556,2013-11-25 13:10:00,0.002807078
4556,2013-11-25 13:20:00,3.8813286
4556,2013-11-25 13:20:00,532.25134
4556,2013-11-25 13:20:00,1.8506075
4556,2013-11-25 13:30:00,6.498062
4556,2013-11-25 13:30:00,488.6443
4556,2013-11-25 13:30:00,0.92530376
4556,2013-11-25 13:40:00,0.92530376
4556,2013-11-25 13:40:00,500.76602
4556,2013-11-25 13:40:00,0.9853416
4556,2013-11-25 13:40:00,0.9853416
4556,2013-11-25 13:50:00,0.92530376
4556,2013-11-25 13:50:00,610.7066
4556,2013-11-25 13:50:00,1.9106454
4556,2013-11-25 13:50:00,0.002807078
4556,2013-11-25 14:00:00,0.9853416
4556,2013-11-25 14:00:00,474.89923
4556,2013-11-25 14:00:00,0.92530376
4556,2013-11-25 14:00:00,4.6265187
4556,2013-11-25 14:10:00,0.92530376
4556,2013-11-25 14:10:00,448.07684
4556,2013-11-25 14:20:00,477.50775
4556,2013-11-25 14:30:00,472.904
4556,2013-11-25 14:30:00,0.92530376
4556,2013-11-25 14:30:00,0.002807078
4556,2013-11-25 14:40:00,0.002807078
4556,2013-11-25 14:40:00,5.5518227
4556,2013-11-25 14:40:00,564.48773
4556,2013-11-25 14:40:00,0.9853416
4556,2013-11-25 14:40:00,0.9853416
4556,2013-11-25 14:50:00,0.92530376
4556,2013-11-25 14:50:00,639.5514
4556,2013-11-25 15:00:00,2.7759113
4556,2013-11-25 15:00:00,460.75876
4556,2013-11-25 15:00:00,1.9706832
4556,2013-11-25 15:10:00,0.9853416
4556,2013-11-25 15:10:00,0.9853416
4556,2013-11-25 15:10:00,442.09787
4556,2013-11-25 15:20:00,581.6489
4556,2013-11-25 15:30:00,535.54065
4556,2013-11-25 15:30:00,5.731936
4556,2013-11-25 15:40:00,544.0275
4556,2013-11-25 15:50:00,487.6682
4556,2013-11-25 15:50:00,0.9853416
4556,2013-11-25 15:50:00,0.9853416
4556,2013-11-25 16:00:00,517.38275
4556,2013-11-25 16:00:00,1.8115057
4556,2013-11-25 16:10:00,1.6523281
4556,2013-11-25 16:10:00,480.496
4556,2013-11-25 16:10:00,0.9853416
4556,2013-11-25 16:20:00,478.35397
4556,2013-11-25 16:30:00,465.5367
4556,2013-11-25 16:30:00,0.002807078
4556,2013-11-25 16:40:00,459.29013
4556,2013-11-25 16:40:00,1.8506075
4556,2013-11-25 16:40:00,0.9853416
4556,2013-11-25 16:50:00,510.99255
4556,2013-11-25 17:00:00,588.3636
4556,2013-11-25 17:00:00,0.92530376
4556,2013-11-25 17:00:00,0.005614156
4556,2013-11-25 17:00:00,0.9853416
4556,2013-11-25 17:00:00,0.9853416
4556,2013-11-25 17:00:00,0.92530376
4556,2013-11-25 17:10:00,486.83774
4556,2013-11-25 17:10:00,1.8115057
4556,2013-11-25 17:20:00,479.72366
4556,2013-11-25 17:20:00,1.9106454
4556,2013-11-25 17:20:00,1.9706832
4556,2013-11-25 17:30:00,606.2329
4556,2013-11-25 17:30:00,0.92530376
4556,2013-11-25 17:40:00,583.78284
4556,2013-11-25 17:40:00,0.9853416
4556,2013-11-25 17:50:00,601.21875
4556,2013-11-25 17:50:00,1.9106454
4556,2013-11-25 17:50:00,0.92530376
4556,2013-11-25 18:00:00,636.1878
4556,2013-11-25 18:00:00,0.002807078
4556,2013-11-25 18:00:00,0.99095577
4556,2013-11-25 18:00:00,0.002807078
4556,2013-11-25 18:10:00,0.82616407
4556,2013-11-25 18:10:00,0.9853416
4556,2013-11-25 18:10:00,620.82086
4556,2013-11-25 18:10:00,1.9106454
4556,2013-11-25 18:10:00,0.9853416
4556,2013-11-25 18:20:00,0.002807078
4556,2013-11-25 18:20:00,574.16516
4556,2013-11-25 18:20:00,1.9106454
4556,2013-11-25 18:20:00,1.8506075
4556,2013-11-25 18:30:00,0.002807078
4556,2013-11-25 18:30:00,0.002807078
4556,2013-11-25 18:30:00,720.9529
4556,2013-11-25 18:30:00,0.002807078
4556,2013-11-25 18:30:00,0.002807078
4556,2013-11-25 18:30:00,3.5029356
4556,2013-11-25 18:40:00,0.9853416
4556,2013-11-25 18:40:00,699.8608
4556,2013-11-25 18:40:00,4.8066325
4556,2013-11-25 18:50:00,735.16547
4556,2013-11-25 18:50:00,0.9881487
4556,2013-11-25 18:50:00,0.82616407
4556,2013-11-25 18:50:00,0.9853416
4556,2013-11-25 18:50:00,4.7465944
4556,2013-11-25 18:50:00,3.8212907
4556,2013-11-25 19:00:00,0.92530376
4556,2013-11-25 19:00:00,770.3972
4556,2013-11-25 19:00:00,1.9134525
4556,2013-11-25 19:00:00,0.002807078
4556,2013-11-25 19:00:00,1.9106454
4556,2013-11-25 19:10:00,790.9709
4556,2013-11-25 19:10:00,8.627923
4556,2013-11-25 19:10:00,0.002807078
4556,2013-11-25 19:10:00,0.002807078
4556,2013-11-25 19:10:00,7.5881577
4556,2013-11-25 19:10:00,0.92530376
4556,2013-11-25 19:20:00,3.8240979
4556,2013-11-25 19:20:00,680.39813
4556,2013-11-25 19:20:00,2.8387563
4556,2013-11-25 19:20:00,1.9106454
4556,2013-11-25 19:20:00,1.8506075
4556,2013-11-25 19:20:00,6.5581
4556,2013-11-25 19:20:00,5.791974
4556,2013-11-25 19:30:00,1.8534145
4556,2013-11-25 19:30:00,709.16394
4556,2013-11-25 19:30:00,1.9106454
4556,2013-11-25 19:30:00,6.3989224
4556,2013-11-25 19:30:00,1.9106454
4556,2013-11-25 19:30:00,5.6718984
4556,2013-11-25 19:40:00,0.92530376
4556,2013-11-25 19:40:00,3.8212907
4556,2013-11-25 19:40:00,680.68805
4556,2013-11-25 19:40:00,6.837353
4556,2013-11-25 19:40:00,2.7368095
4556,2013-11-25 19:50:00,0.002807078
4556,2013-11-25 19:50:00,0.92811084
4556,2013-11-25 19:50:00,686.8614
4556,2013-11-25 19:50:00,2.7759113
4556,2013-11-25 19:50:00,1.9134525
4556,2013-11-25 19:50:00,0.9853416
4556,2013-11-25 19:50:00,1.9106454
4556,2013-11-25 19:50:00,0.9853416
4556,2013-11-25 20:00:00,0.92530376
4556,2013-11-25 20:00:00,715.25476
4556,2013-11-25 20:00:00,1.9162595
4556,2013-11-25 20:00:00,2.8359492
4556,2013-11-25 20:00:00,3.6621132
4556,2013-11-25 20:00:00,3.8212907
4556,2013-11-25 20:10:00,0.002807078
4556,2013-11-25 20:10:00,1.8506075
4556,2013-11-25 20:10:00,692.6098
4556,2013-11-25 20:10:00,0.9853416
4556,2013-11-25 20:10:00,0.9309179
4556,2013-11-25 20:10:00,0.9853416
4556,2013-11-25 20:20:00,777.99493
4556,2013-11-25 20:20:00,0.82616407
4556,2013-11-25 20:20:00,0.002807078
4556,2013-11-25 20:20:00,0.92530376
4556,2013-11-25 20:20:00,2.8359492
4556,2013-11-25 20:20:00,3.8212907
4556,2013-11-25 20:30:00,790.4465
4556,2013-11-25 20:30:00,0.9853416
4556,2013-11-25 20:30:00,0.92530376
4556,2013-11-25 20:30:00,1.9106454
4556,2013-11-25 20:30:00,1.9106454
4556,2013-11-25 20:30:00,1.7514678
4556,2013-11-25 20:40:00,4.8066325
4556,2013-11-25 20:40:00,738.4073
4556,2013-11-25 20:40:00,1.9734904
4556,2013-11-25 20:40:00,0.92811084
4556,2013-11-25 20:40:00,0.92530376
4556,2013-11-25 20:50:00,726.35956
4556,2013-11-25 20:50:00,4.7465944
4556,2013-11-25 21:00:00,0.92530376
4556,2013-11-25 21:00:00,835.46814
4556,2013-11-25 21:00:00,2.8359492
4556,2013-11-25 21:00:00,0.92811084
4556,2013-11-25 21:10:00,639.50275
4556,2013-11-25 21:10:00,1.9106454
4556,2013-11-25 21:10:00,3.8212907
4556,2013-11-25 21:20:00,0.92530376
4556,2013-11-25 21:20:00,619.52277
4556,2013-11-25 21:20:00,2.8415632
4556,2013-11-25 21:20:00,1.9106454
4556,2013-11-25 21:30:00,0.002807078
4556,2013-11-25 21:30:00,607.75867
4556,2013-11-25 21:30:00,0.9853416
4556,2013-11-25 21:40:00,673.28357
4556,2013-11-25 21:40:00,0.92530376
4556,2013-11-25 21:40:00,0.9853416
4556,2013-11-25 21:50:00,0.9853416
4556,2013-11-25 21:50:00,665.66473
4556,2013-11-25 21:50:00,0.92811084
4556,2013-11-25 21:50:00,0.9881487
4556,2013-11-25 22:00:00,633.7432
4556,2013-11-25 22:00:00,0.008421234
4556,2013-11-25 22:10:00,0.002807078
4556,2013-11-25 22:10:00,657.5
4556,2013-11-25 22:10:00,1.9134525
4556,2013-11-25 22:20:00,0.9853416
4556,2013-11-25 22:20:00,569.18713
4556,2013-11-25 22:30:00,559.1021
4556,2013-11-25 22:30:00,4.8066325
4556,2013-11-25 22:40:00,628.2174
4556,2013-11-25 22:40:00,2.8387563
4556,2013-11-25 22:50:00,0.002807078
4556,2013-11-25 22:50:00,529.929
4556,2013-11-25 22:50:00,0.92530376
4556,2013-11-25 23:00:00,486.69186
4556,2013-11-25 23:00:00,4.7465944
4556,2013-11-25 23:10:00,503.36383
4556,2013-11-25 23:10:00,0.92530376
4556,2013-11-25 23:20:00,628.54944
4556,2013-11-25 23:20:00,0.92530376
4556,2013-11-25 23:30:00,536.97266
4556,2013-11-25 23:40:00,455.58005
4556,2013-11-25 23:50:00,424.7924
4556,2013-11-25 23:50:00,1.9106454
4556,2013-11-26 00:00:00,436.79733
4556,2013-11-26 00:10:00,404.99835
4556,2013-11-26 00:20:00,396.68515
4556,2013-11-26 00:30:00,452.69412
4556,2013-11-26 00:40:00,321.2029
4556,2013-11-26 00:50:00,336.36862
4556,2013-11-26 01:00:00,328.69507
4556,2013-11-26 01:10:00,282.84503
4556,2013-11-26 01:20:00,300.4819
4556,2013-11-26 01:30:00,287.74332
4556,2013-11-26 01:40:00,317.56116
4556,2013-11-26 01:50:00,290.63223
4556,2013-11-26 02:00:00,309.78577
4556,2013-11-26 02:10:00,272.2243
4556,2013-11-26 02:20:00,247.43042
4556,2013-11-26 02:30:00,254.89589
4556,2013-11-26 02:40:00,373.7494
4556,2013-11-26 02:40:00,0.9853416
4556,2013-11-26 02:50:00,224.34903
4556,2013-11-26 03:00:00,236.00357
4556,2013-11-26 03:10:00,232.88078
4556,2013-11-26 03:20:00,222.40402
4556,2013-11-26 03:30:00,227.80525
4556,2013-11-26 03:30:00,1.9706832
4556,2013-11-26 03:40:00,228.95386
4556,2013-11-26 03:40:00,1.9706832
4556,2013-11-26 03:50:00,216.28804
4556,2013-11-26 04:00:00,220.4335
4556,2013-11-26 04:10:00,225.3993
4556,2013-11-26 04:20:00,213.76764
4556,2013-11-26 04:30:00,210.46185
4556,2013-11-26 04:40:00,233.52031
4556,2013-11-26 04:50:00,202.06267
4556,2013-11-26 05:00:00,227.38559
4556,2013-11-26 05:00:00,0.92530376
4556,2013-11-26 05:10:00,255.92735
4556,2013-11-26 05:20:00,264.8666
4556,2013-11-26 05:20:00,0.92530376
4556,2013-11-26 05:30:00,278.9636
4556,2013-11-26 05:30:00,0.9853416
4556,2013-11-26 05:40:00,0.002807078
4556,2013-11-26 05:40:00,300.53928
4556,2013-11-26 05:50:00,259.23337
4556,2013-11-26 06:00:00,277.16766
4556,2013-11-26 06:00:00,0.92530376
4556,2013-11-26 06:10:00,312.82428
4556,2013-11-26 06:20:00,388.29013
4556,2013-11-26 06:20:00,0.9853416
4556,2013-11-26 06:30:00,375.5343
4556,2013-11-26 06:30:00,1.9106454
4556,2013-11-26 06:40:00,390.2664
4556,2013-11-26 06:40:00,1.8562217
4556,2013-11-26 06:50:00,465.2966
4556,2013-11-26 06:50:00,1.9106454
4556,2013-11-26 06:50:00,1.9106454
4556,2013-11-26 07:00:00,0.9853416
4556,2013-11-26 07:00:00,443.3914
4556,2013-11-26 07:10:00,453.935
4556,2013-11-26 07:20:00,0.002807078
4556,2013-11-26 07:20:00,498.66962
4556,2013-11-26 07:30:00,0.82616407
4556,2013-11-26 07:30:00,512.10956
4556,2013-11-26 07:30:00,0.9853416
4556,2013-11-26 07:40:00,494.1416
4556,2013-11-26 07:40:00,1.9106454
4556,2013-11-26 07:50:00,467.00266
4556,2013-11-26 07:50:00,1.9106454
4556,2013-11-26 08:00:00,541.4361
4556,2013-11-26 08:00:00,0.9853416
4556,2013-11-26 08:10:00,764.209
4556,2013-11-26 08:10:00,0.92530376
4556,2013-11-26 08:10:00,1.9706832
4556,2013-11-26 08:20:00,0.92530376
4556,2013-11-26 08:20:00,535.12897
4556,2013-11-26 08:30:00,0.002807078
4556,2013-11-26 08:30:00,0.82616407
4556,2013-11-26 08:30:00,0.92530376
4556,2013-11-26 08:30:00,503.0918
4556,2013-11-26 08:30:00,3.8212907
4556,2013-11-26 08:40:00,0.002807078
4556,2013-11-26 08:40:00,486.56708
4556,2013-11-26 08:50:00,444.27344
4556,2013-11-26 09:00:00,0.92530376
4556,2013-11-26 09:00:00,519.28564
4556,2013-11-26 09:00:00,0.82616407
4556,2013-11-26 09:10:00,499.72382
4556,2013-11-26 09:20:00,0.92530376
4556,2013-11-26 09:20:00,504.53934
4556,2013-11-26 09:30:00,0.82616407
4556,2013-11-26 09:30:00,605.83514
4556,2013-11-26 09:40:00,0.9853416
4556,2013-11-26 09:40:00,497.25607
4556,2013-11-26 09:50:00,526.12866
4556,2013-11-26 10:00:00,551.844
4556,2013-11-26 10:10:00,0.92530376
4556,2013-11-26 10:10:00,674.0279
4556,2013-11-26 10:10:00,0.92530376
4556,2013-11-26 10:20:00,0.9853416
4556,2013-11-26 10:20:00,513.2783
4556,2013-11-26 10:30:00,0.92530376
4556,2013-11-26 10:30:00,488.07956
4556,2013-11-26 10:40:00,484.1951
4556,2013-11-26 10:50:00,0.92530376
4556,2013-11-26 10:50:00,0.9853416
4556,2013-11-26 10:50:00,0.002807078
4556,2013-11-26 10:50:00,484.67978
4556,2013-11-26 10:50:00,0.82616407
4556,2013-11-26 11:00:00,0.002807078
4556,2013-11-26 11:00:00,0.9853416
4556,2013-11-26 11:00:00,496.38046
4556,2013-11-26 11:10:00,592.9489
4556,2013-11-26 11:20:00,0.92530376
4556,2013-11-26 11:20:00,505.38004
4556,2013-11-26 11:30:00,459.6824
4556,2013-11-26 11:40:00,527.32086
4556,2013-11-26 11:50:00,0.9853416
4556,2013-11-26 11:50:00,570.3546
4556,2013-11-26 11:50:00,0.9853416
4556,2013-11-26 12:00:00,497.64258
4556,2013-11-26 12:10:00,0.9853416
4556,2013-11-26 12:10:00,482.1221
4556,2013-11-26 12:20:00,465.19345
4556,2013-11-26 12:30:00,505.10684
4556,2013-11-26 12:40:00,0.9881487
4556,2013-11-26 12:40:00,605.8343
4556,2013-11-26 12:50:00,543.19977
4556,2013-11-26 13:00:00,579.0704
4556,2013-11-26 13:00:00,0.9853416
4556,2013-11-26 13:00:00,0.9853416
4556,2013-11-26 13:10:00,0.82616407
4556,2013-11-26 13:10:00,1.7514678
4556,2013-11-26 13:10:00,634.7558
4556,2013-11-26 13:20:00,612.8158
4556,2013-11-26 13:20:00,0.002807078
4556,2013-11-26 13:30:00,627.573
4556,2013-11-26 13:40:00,551.0741
4556,2013-11-26 13:50:00,598.08795
4556,2013-11-26 14:00:00,570.6048
4556,2013-11-26 14:10:00,539.5008
4556,2013-11-26 14:10:00,5.5518227
4556,2013-11-26 14:20:00,524.8184
4556,2013-11-26 14:20:00,0.002807078
4556,2013-11-26 14:30:00,0.9853416
4556,2013-11-26 14:30:00,0.002807078
4556,2013-11-26 14:30:00,551.0599
4556,2013-11-26 14:30:00,1.9706832
4556,2013-11-26 14:40:00,525.2124
4556,2013-11-26 14:50:00,567.16345
4556,2013-11-26 15:00:00,599.2261
4556,2013-11-26 15:00:00,0.9853416
4556,2013-11-26 15:10:00,542.924
4556,2013-11-26 15:10:00,0.9853416
4556,2013-11-26 15:10:00,1.7514678
4556,2013-11-26 15:20:00,0.002807078
4556,2013-11-26 15:20:00,518.2531
4556,2013-11-26 15:20:00,0.92530376
4556,2013-11-26 15:20:00,1.9106454
4556,2013-11-26 15:30:00,0.92530376
4556,2013-11-26 15:30:00,720.0588
4556,2013-11-26 15:30:00,0.9853416
4556,2013-11-26 15:40:00,0.002807078
4556,2013-11-26 15:40:00,651.49054
4556,2013-11-26 15:40:00,0.9853416
4556,2013-11-26 15:40:00,0.9853416
4556,2013-11-26 15:50:00,622.2509
4556,2013-11-26 15:50:00,1.9106454
4556,2013-11-26 16:00:00,605.76184
4556,2013-11-26 16:00:00,1.9106454
4556,2013-11-26 16:10:00,633.2241
4556,2013-11-26 16:10:00,1.9106454
4556,2013-11-26 16:10:00,0.92530376
4556,2013-11-26 16:20:00,0.92530376
4556,2013-11-26 16:20:00,1.9706832
4556,2013-11-26 16:20:00,606.27356
4556,2013-11-26 16:20:00,0.92530376
4556,2013-11-26 16:20:00,0.9853416
4556,2013-11-26 16:20:00,0.92530376
4556,2013-11-26 16:30:00,0.9853416
4556,2013-11-26 16:30:00,562.6296
4556,2013-11-26 16:30:00,6.65724
4556,2013-11-26 16:40:00,0.002807078
4556,2013-11-26 16:40:00,571.80054
4556,2013-11-26 16:50:00,0.002807078
4556,2013-11-26 16:50:00,635.08417
4556,2013-11-26 16:50:00,0.9853416
4556,2013-11-26 17:00:00,0.82616407
4556,2013-11-26 17:00:00,0.9853416
4556,2013-11-26 17:00:00,568.3319
4556,2013-11-26 17:00:00,0.92530376
4556,2013-11-26 17:00:00,0.9853416
4556,2013-11-26 17:10:00,615.6533
4556,2013-11-26 17:10:00,0.92530376
4556,2013-11-26 17:10:00,0.9853416
4556,2013-11-26 17:20:00,586.52814
4556,2013-11-26 17:30:00,602.16077
4556,2013-11-26 17:40:00,0.92530376
4556,2013-11-26 17:40:00,644.58386
4556,2013-11-26 17:40:00,0.9853416
4556,2013-11-26 17:50:00,0.92811084
4556,2013-11-26 17:50:00,689.89856
4556,2013-11-26 18:00:00,0.002807078
4556,2013-11-26 18:00:00,709.54297
4556,2013-11-26 18:10:00,1.7514678
4556,2013-11-26 18:10:00,684.7893
4556,2013-11-26 18:10:00,0.92530376
4556,2013-11-26 18:20:00,722.00195
4556,2013-11-26 18:30:00,723.8302
4556,2013-11-26 18:30:00,0.92530376
4556,2013-11-26 18:40:00,3.8813286
4556,2013-11-26 18:40:00,700.74866
4556,2013-11-26 18:40:00,0.002807078
4556,2013-11-26 18:50:00,0.002807078
4556,2013-11-26 18:50:00,0.9853416
4556,2013-11-26 18:50:00,682.88666
4556,2013-11-26 18:50:00,0.002807078
4556,2013-11-26 18:50:00,0.92530376
4556,2013-11-26 19:00:00,0.002807078
4556,2013-11-26 19:00:00,0.92530376
4556,2013-11-26 19:00:00,694.17773
4556,2013-11-26 19:10:00,0.92530376
4556,2013-11-26 19:10:00,0.9853416
4556,2013-11-26 19:10:00,944.26746
4556,2013-11-26 19:20:00,697.3175
4556,2013-11-26 19:20:00,0.92530376
4556,2013-11-26 19:20:00,3.701215
4556,2013-11-26 19:30:00,0.002807078
4556,2013-11-26 19:30:00,0.002807078
4556,2013-11-26 19:30:00,3.8212907
4556,2013-11-26 19:30:00,741.3836
4556,2013-11-26 19:30:00,1.9706832
4556,2013-11-26 19:30:00,0.9853416
4556,2013-11-26 19:30:00,0.9853416
4556,2013-11-26 19:30:00,3.8212907
4556,2013-11-26 19:30:00,0.002807078
4556,2013-11-26 19:40:00,0.005614156
4556,2013-11-26 19:40:00,2.8359492
4556,2013-11-26 19:40:00,845.6097
4556,2013-11-26 19:40:00,0.002807078
4556,2013-11-26 19:50:00,0.9853416
4556,2013-11-26 19:50:00,0.002807078
4556,2013-11-26 19:50:00,748.1431
4556,2013-11-26 19:50:00,1.9134525
4556,2013-11-26 20:00:00,0.99376285
4556,2013-11-26 20:00:00,0.9881487
4556,2013-11-26 20:00:00,1.9106454
4556,2013-11-26 20:00:00,894.70886
4556,2013-11-26 20:10:00,0.005614156
4556,2013-11-26 20:10:00,0.002807078
4556,2013-11-26 20:10:00,5.791974
4556,2013-11-26 20:10:00,867.3287
4556,2013-11-26 20:10:00,0.9853416
4556,2013-11-26 20:10:00,1.9106454
4556,2013-11-26 20:20:00,0.005614156
4556,2013-11-26 20:20:00,0.9881487
4556,2013-11-26 20:20:00,2.6767716
4556,2013-11-26 20:20:00,890.4603
4556,2013-11-26 20:20:00,0.9881487
4556,2013-11-26 20:20:00,0.9853416
4556,2013-11-26 20:30:00,0.8317782
4556,2013-11-26 20:30:00,0.92530376
4556,2013-11-26 20:30:00,882.2095
4556,2013-11-26 20:30:00,0.005614156
4556,2013-11-26 20:30:00,2.895987
4556,2013-11-26 20:30:00,1.9734904
4556,2013-11-26 20:40:00,0.005614156
4556,2013-11-26 20:40:00,966.9075
4556,2013-11-26 20:40:00,0.005614156
4556,2013-11-26 20:50:00,0.002807078
4556,2013-11-26 20:50:00,0.92530376
4556,2013-11-26 20:50:00,1014.94415
4556,2013-11-26 20:50:00,1.9106454
4556,2013-11-26 20:50:00,0.9881487
4556,2013-11-26 21:00:00,0.92530376
4556,2013-11-26 21:00:00,0.008421234
4556,2013-11-26 21:00:00,2.4784923
4556,2013-11-26 21:00:00,1002.37213
4556,2013-11-26 21:00:00,0.002807078
4556,2013-11-26 21:10:00,1.9106454
4556,2013-11-26 21:10:00,0.002807078
4556,2013-11-26 21:10:00,0.002807078
4556,2013-11-26 21:10:00,918.4879
4556,2013-11-26 21:10:00,0.002807078
4556,2013-11-26 21:10:00,0.9853416
4556,2013-11-26 21:20:00,0.002807078
4556,2013-11-26 21:20:00,955.8146
4556,2013-11-26 21:20:00,0.9853416
4556,2013-11-26 21:30:00,0.011228312
4556,2013-11-26 21:30:00,0.92530376
4556,2013-11-26 21:30:00,0.82616407
4556,2013-11-26 21:30:00,841.6108
4556,2013-11-26 21:30:00,1.9706832
4556,2013-11-26 21:40:00,861.379
4556,2013-11-26 21:50:00,737.22864
4556,2013-11-26 21:50:00,5.5727587
4556,2013-11-26 22:00:00,1125.8794
4556,2013-11-26 22:00:00,0.9853416
4556,2013-11-26 22:10:00,2.956025
4556,2013-11-26 22:10:00,1055.618
4556,2013-11-26 22:10:00,1.8506075
4556,2013-11-26 22:20:00,847.0069
4556,2013-11-26 22:20:00,4.7494016
4556,2013-11-26 22:20:00,0.9853416
4556,2013-11-26 22:30:00,6.3989224
4556,2013-11-26 22:30:00,838.60504
4556,2013-11-26 22:30:00,0.82616407
4556,2013-11-26 22:40:00,13.056163
4556,2013-11-26 22:40:00,706.24603
4556,2013-11-26 22:50:00,5.731936
4556,2013-11-26 22:50:00,658.3414
4556,2013-11-26 22:50:00,1.9106454
4556,2013-11-26 23:00:00,2.8359492
4556,2013-11-26 23:00:00,628.2666
4556,2013-11-26 23:10:00,0.92530376
4556,2013-11-26 23:10:00,580.36615
4556,2013-11-26 23:20:00,515.61633
4556,2013-11-26 23:20:00,0.9853416
4556,2013-11-26 23:30:00,0.002807078
4556,2013-11-26 23:30:00,0.92530376
4556,2013-11-26 23:30:00,526.8223
4556,2013-11-26 23:40:00,0.92530376
4556,2013-11-26 23:40:00,492.293
4556,2013-11-26 23:40:00,0.92530376
4556,2013-11-26 23:50:00,0.002807078
4556,2013-11-26 23:50:00,3.6621132
4556,2013-11-26 23:50:00,481.0702
4556,2013-11-27 00:00:00,4.587417
4556,2013-11-27 00:00:00,530.6324
4556,2013-11-27 00:10:00,430.0179
4556,2013-11-27 00:20:00,0.92530376
4556,2013-11-27 00:20:00,400.53333
4556,2013-11-27 00:30:00,0.002807078
4556,2013-11-27 00:30:00,396.02795
4556,2013-11-27 00:30:00,0.005614156
4556,2013-11-27 00:40:00,0.92530376
4556,2013-11-27 00:40:00,367.76538
4556,2013-11-27 00:50:00,349.07693
4556,2013-11-27 00:50:00,0.002807078
4556,2013-11-27 01:00:00,351.9256
4556,2013-11-27 01:00:00,0.9853416
4556,2013-11-27 01:10:00,0.92530376
4556,2013-11-27 01:10:00,320.96976
4556,2013-11-27 01:20:00,318.65494
4556,2013-11-27 01:30:00,301.1319
4556,2013-11-27 01:30:00,1.9706832
4556,2013-11-27 01:40:00,276.9934
4556,2013-11-27 01:40:00,0.002807078
4556,2013-11-27 01:50:00,262.67487
4556,2013-11-27 01:50:00,2.7424235
4556,2013-11-27 02:00:00,261.4039
4556,2013-11-27 02:00:00,0.99376285
4556,2013-11-27 02:10:00,246.38713
4556,2013-11-27 02:10:00,0.9853416
4556,2013-11-27 02:20:00,249.70529
4556,2013-11-27 02:30:00,261.47888
4556,2013-11-27 02:30:00,4.5358005
4556,2013-11-27 02:40:00,235.68373
4556,2013-11-27 02:40:00,0.002807078
4556,2013-11-27 02:50:00,237.05214
4556,2013-11-27 02:50:00,0.92530376
4556,2013-11-27 03:00:00,246.43982
4556,2013-11-27 03:10:00,0.82616407
4556,2013-11-27 03:10:00,228.13051
4556,2013-11-27 03:20:00,239.34528
4556,2013-11-27 03:20:00,0.9853416
4556,2013-11-27 03:30:00,243.55919
4556,2013-11-27 03:30:00,0.92530376
4556,2013-11-27 03:40:00,0.92530376
4556,2013-11-27 03:40:00,236.11618
4556,2013-11-27 03:50:00,230.94371
4556,2013-11-27 03:50:00,0.82616407
4556,2013-11-27 04:00:00,221.58086
4556,2013-11-27 04:00:00,0.92530376
4556,2013-11-27 04:10:00,241.32498
4556,2013-11-27 04:20:00,227.79068
4556,2013-11-27 04:20:00,0.92530376
4556,2013-11-27 04:30:00,224.66502
4556,2013-11-27 04:40:00,243.392
4556,2013-11-27 04:50:00,243.1806
4556,2013-11-27 04:50:00,1.9106454
4556,2013-11-27 05:00:00,249.19612
4556,2013-11-27 05:10:00,245.44646
4556,2013-11-27 05:20:00,272.99008
4556,2013-11-27 05:30:00,0.002807078
4556,2013-11-27 05:30:00,280.0704
4556,2013-11-27 05:40:00,273.08832
4556,2013-11-27 05:40:00,1.9706832
4556,2013-11-27 05:50:00,283.6474
4556,2013-11-27 06:00:00,300.52643
4556,2013-11-27 06:10:00,319.00504
4556,2013-11-27 06:10:00,0.9853416
4556,2013-11-27 06:20:00,0.92530376
4556,2013-11-27 06:20:00,363.53806
4556,2013-11-27 06:30:00,428.68137
4556,2013-11-27 06:40:00,395.1112
4556,2013-11-27 06:50:00,397.81235
4556,2013-11-27 07:00:00,509.7777
4556,2013-11-27 07:00:00,5.6327963
4556,2013-11-27 07:10:00,0.82616407
4556,2013-11-27 07:10:00,533.33844
4556,2013-11-27 07:10:00,1.9106454
4556,2013-11-27 07:10:00,1.9106454
4556,2013-11-27 07:10:00,0.002807078
4556,2013-11-27 07:20:00,487.93234
4556,2013-11-27 07:20:00,1.9106454
4556,2013-11-27 07:30:00,684.79755
4556,2013-11-27 07:30:00,5.731936
4556,2013-11-27 07:30:00,1.9106454
4556,2013-11-27 07:40:00,552.32947
4556,2013-11-27 07:50:00,2.8359492
4556,2013-11-27 07:50:00,648.4383
4556,2013-11-27 07:50:00,1.9106454
4556,2013-11-27 07:50:00,0.92530376
4556,2013-11-27 08:00:00,0.002807078
4556,2013-11-27 08:00:00,660.3317
4556,2013-11-27 08:00:00,4.6265187
4556,2013-11-27 08:00:00,1.9106454
4556,2013-11-27 08:10:00,7.7026196
4556,2013-11-27 08:10:00,517.16986
4556,2013-11-27 08:10:00,0.9853416
4556,2013-11-27 08:10:00,1.8506075
4556,2013-11-27 08:20:00,7.483404
4556,2013-11-27 08:20:00,457.0772
4556,2013-11-27 08:30:00,5.731936
4556,2013-11-27 08:30:00,520.06384
4556,2013-11-27 08:30:00,0.9853416
4556,2013-11-27 08:40:00,8.567885
4556,2013-11-27 08:40:00,427.3392
4556,2013-11-27 08:40:00,0.002807078
4556,2013-11-27 08:40:00,1.9106454
4556,2013-11-27 08:50:00,3.722151
4556,2013-11-27 08:50:00,525.45593
4556,2013-11-27 08:50:00,0.9853416
4556,2013-11-27 08:50:00,3.8212907
4556,2013-11-27 09:00:00,8.411515
4556,2013-11-27 09:00:00,502.5535
4556,2013-11-27 09:10:00,3.6621132
4556,2013-11-27 09:10:00,462.6405
4556,2013-11-27 09:10:00,0.92530376
4556,2013-11-27 09:20:00,527.94165
4556,2013-11-27 09:20:00,0.82616407
4556,2013-11-27 09:30:00,508.01956
4556,2013-11-27 09:30:00,0.9853416
4556,2013-11-27 09:30:00,0.92530376
4556,2013-11-27 09:40:00,550.5148
4556,2013-11-27 09:50:00,534.0829
4556,2013-11-27 09:50:00,0.9853416
4556,2013-11-27 10:00:00,1.9106454
4556,2013-11-27 10:00:00,440.84888
4556,2013-11-27 10:00:00,0.92530376
4556,2013-11-27 10:00:00,0.82616407
4556,2013-11-27 10:10:00,3.8813286
4556,2013-11-27 10:10:00,519.85565
4556,2013-11-27 10:10:00,0.9881487
4556,2013-11-27 10:10:00,0.9853416
4556,2013-11-27 10:20:00,1.9106454
4556,2013-11-27 10:20:00,0.92530376
4556,2013-11-27 10:20:00,566.0225
4556,2013-11-27 10:20:00,0.005614156
4556,2013-11-27 10:30:00,518.21484
4556,2013-11-27 10:40:00,508.3415
4556,2013-11-27 10:40:00,0.9881487
4556,2013-11-27 10:50:00,510.8047
4556,2013-11-27 10:50:00,3.9413664
4556,2013-11-27 11:00:00,549.38104
4556,2013-11-27 11:00:00,0.9853416
4556,2013-11-27 11:10:00,0.92530376
4556,2013-11-27 11:10:00,513.74506
4556,2013-11-27 11:10:00,0.82616407
4556,2013-11-27 11:20:00,466.6927
4556,2013-11-27 11:20:00,0.002807078
4556,2013-11-27 11:30:00,556.5209
4556,2013-11-27 11:40:00,5.6718984
4556,2013-11-27 11:40:00,0.9881487
4556,2013-11-27 11:40:00,512.4688
4556,2013-11-27 11:50:00,1.9106454
4556,2013-11-27 11:50:00,556.40717
4556,2013-11-27 12:00:00,0.9853416
4556,2013-11-27 12:00:00,573.4618
4556,2013-11-27 12:10:00,486.28204
4556,2013-11-27 12:10:00,0.92530376
4556,2013-11-27 12:20:00,0.9853416
4556,2013-11-27 12:20:00,550.21124
4556,2013-11-27 12:30:00,0.002807078
4556,2013-11-27 12:30:00,691.82886
4556,2013-11-27 12:30:00,0.9853416
4556,2013-11-27 12:40:00,2.8359492
4556,2013-11-27 12:40:00,772.0787
4556,2013-11-27 12:50:00,1.8506075
4556,2013-11-27 12:50:00,636.75214
4556,2013-11-27 12:50:00,0.9853416
4556,2013-11-27 13:00:00,0.82616407
4556,2013-11-27 13:00:00,556.6856
4556,2013-11-27 13:10:00,679.4796
4556,2013-11-27 13:10:00,0.9853416
4556,2013-11-27 13:20:00,0.9853416
4556,2013-11-27 13:20:00,0.82616407
4556,2013-11-27 13:20:00,712.2356
4556,2013-11-27 13:20:00,1.9106454
4556,2013-11-27 13:30:00,584.8152
4556,2013-11-27 13:30:00,0.9853416
4556,2013-11-27 13:40:00,1.7514678
4556,2013-11-27 13:40:00,548.4492
4556,2013-11-27 13:40:00,0.9853416
4556,2013-11-27 13:50:00,560.74164
4556,2013-11-27 13:50:00,0.9881487
4556,2013-11-27 14:00:00,565.4064
4556,2013-11-27 14:00:00,0.005614156
4556,2013-11-27 14:10:00,705.6872
4556,2013-11-27 14:20:00,682.0008
4556,2013-11-27 14:30:00,0.82616407
4556,2013-11-27 14:30:00,617.8568
4556,2013-11-27 14:30:00,0.002807078
4556,2013-11-27 14:40:00,590.4551
4556,2013-11-27 14:50:00,0.82616407
4556,2013-11-27 14:50:00,529.1917
4556,2013-11-27 15:00:00,568.2377
4556,2013-11-27 15:00:00,0.002807078
4556,2013-11-27 15:10:00,0.002807078
4556,2013-11-27 15:10:00,616.97754
4556,2013-11-27 15:10:00,0.9853416
4556,2013-11-27 15:20:00,0.9853416
4556,2013-11-27 15:20:00,0.9853416
4556,2013-11-27 15:20:00,654.39496
4556,2013-11-27 15:20:00,0.92530376
4556,2013-11-27 15:30:00,667.1895
4556,2013-11-27 15:40:00,581.43994
4556,2013-11-27 15:40:00,0.9853416
4556,2013-11-27 15:50:00,588.9647
4556,2013-11-27 15:50:00,0.002807078
4556,2013-11-27 16:00:00,0.002807078
4556,2013-11-27 16:00:00,518.24994
4556,2013-11-27 16:10:00,587.93097
4556,2013-11-27 16:10:00,0.002807078
4556,2013-11-27 16:20:00,0.002807078
4556,2013-11-27 16:20:00,558.8781
4556,2013-11-27 16:20:00,0.9853416
4556,2013-11-27 16:30:00,552.0728
4556,2013-11-27 16:40:00,0.002807078
4556,2013-11-27 16:40:00,591.19806
4556,2013-11-27 16:50:00,610.9846
4556,2013-11-27 17:00:00,642.5089
4556,2013-11-27 17:00:00,0.9853416
4556,2013-11-27 17:00:00,0.002807078
4556,2013-11-27 17:10:00,629.7244
4556,2013-11-27 17:20:00,546.2032
4556,2013-11-27 17:20:00,0.005614156
4556,2013-11-27 17:30:00,0.92530376
4556,2013-11-27 17:30:00,0.002807078
4556,2013-11-27 17:30:00,665.87524
4556,2013-11-27 17:30:00,0.002807078
4556,2013-11-27 17:30:00,0.82616407
4556,2013-11-27 17:30:00,0.9853416
4556,2013-11-27 17:40:00,687.8494
4556,2013-11-27 17:50:00,714.19824
4556,2013-11-27 18:00:00,1.9106454
4556,2013-11-27 18:00:00,622.166
4556,2013-11-27 18:00:00,0.9853416
4556,2013-11-27 18:00:00,1.7514678
4556,2013-11-27 18:10:00,741.4095
4556,2013-11-27 18:10:00,2.8359492
4556,2013-11-27 18:10:00,0.002807078
4556,2013-11-27 18:10:00,1.9106454
4556,2013-11-27 18:20:00,0.002807078
4556,2013-11-27 18:20:00,1046.9773
4556,2013-11-27 18:20:00,0.9853416
4556,2013-11-27 18:30:00,0.92530376
4556,2013-11-27 18:30:00,863.8593
4556,2013-11-27 18:40:00,0.002807078
4556,2013-11-27 18:40:00,846.5035
4556,2013-11-27 18:40:00,0.002807078
4556,2013-11-27 18:50:00,0.002807078
4556,2013-11-27 18:50:00,797.0186
4556,2013-11-27 18:50:00,0.002807078
4556,2013-11-27 19:00:00,0.002807078
4556,2013-11-27 19:00:00,782.8431
4556,2013-11-27 19:00:00,0.9853416
4556,2013-11-27 19:10:00,0.92530376
4556,2013-11-27 19:10:00,912.88043
4556,2013-11-27 19:10:00,0.82616407
4556,2013-11-27 19:20:00,831.7632
4556,2013-11-27 19:20:00,0.002807078
4556,2013-11-27 19:20:00,1.8506075
4556,2013-11-27 19:20:00,5.731936
4556,2013-11-27 19:20:00,0.92530376
4556,2013-11-27 19:20:00,3.701215
4556,2013-11-27 19:30:00,1083.2329
4556,2013-11-27 19:30:00,0.92530376
4556,2013-11-27 19:30:00,1.7514678
4556,2013-11-27 19:40:00,1.7514678
4556,2013-11-27 19:40:00,873.44385
4556,2013-11-27 19:40:00,0.82616407
4556,2013-11-27 19:50:00,0.9853416
4556,2013-11-27 19:50:00,0.92530376
4556,2013-11-27 19:50:00,802.0044
4556,2013-11-27 20:00:00,0.92530376
4556,2013-11-27 20:00:00,804.2345
4556,2013-11-27 20:00:00,0.9853416
4556,2013-11-27 20:00:00,0.9853416
4556,2013-11-27 20:10:00,0.9881487
4556,2013-11-27 20:10:00,957.09863
4556,2013-11-27 20:10:00,0.92530376
4556,2013-11-27 20:10:00,0.92530376
4556,2013-11-27 20:10:00,0.9853416
4556,2013-11-27 20:20:00,1.9106454
4556,2013-11-27 20:20:00,1.9106454
4556,2013-11-27 20:20:00,934.23285
4556,2013-11-27 20:20:00,1.9106454
4556,2013-11-27 20:20:00,0.9853416
4556,2013-11-27 20:30:00,2.895987
4556,2013-11-27 20:30:00,970.9266
4556,2013-11-27 20:30:00,1.9106454
4556,2013-11-27 20:30:00,0.9853416
4556,2013-11-27 20:30:00,0.9853416
4556,2013-11-27 20:30:00,1.9106454
4556,2013-11-27 20:30:00,0.92530376
4556,2013-11-27 20:40:00,2.895987
4556,2013-11-27 20:40:00,938.6743
4556,2013-11-27 20:40:00,0.9853416
4556,2013-11-27 20:40:00,1.9106454
4556,2013-11-27 20:40:00,0.92530376
4556,2013-11-27 20:50:00,909.91754
4556,2013-11-27 20:50:00,1.9106454
4556,2013-11-27 21:00:00,0.9853416
4556,2013-11-27 21:00:00,1.9106454
4556,2013-11-27 21:00:00,884.621
4556,2013-11-27 21:00:00,0.9853416
4556,2013-11-27 21:00:00,1.8506075
4556,2013-11-27 21:10:00,3.8212907
4556,2013-11-27 21:10:00,2.7368095
4556,2013-11-27 21:10:00,858.0597
4556,2013-11-27 21:10:00,1.9106454
4556,2013-11-27 21:10:00,0.9853416
4556,2013-11-27 21:20:00,1.9106454
4556,2013-11-27 21:20:00,934.36346
4556,2013-11-27 21:20:00,0.9853416
4556,2013-11-27 21:30:00,5.5727587
4556,2013-11-27 21:30:00,923.43884
4556,2013-11-27 21:30:00,0.92530376
4556,2013-11-27 21:40:00,2.8387563
4556,2013-11-27 21:40:00,906.0516
4556,2013-11-27 21:40:00,1.9134525
4556,2013-11-27 21:40:00,0.92530376
4556,2013-11-27 21:40:00,0.92530376
4556,2013-11-27 21:50:00,0.92530376
4556,2013-11-27 21:50:00,1.9106454
4556,2013-11-27 21:50:00,1.8506075
4556,2013-11-27 21:50:00,807.9122
4556,2013-11-27 21:50:00,0.9881487
4556,2013-11-27 21:50:00,1.9106454
4556,2013-11-27 22:00:00,0.92530376
4556,2013-11-27 22:00:00,0.9853416
4556,2013-11-27 22:00:00,925.8713
4556,2013-11-27 22:10:00,911.37213
4556,2013-11-27 22:10:00,0.002807078
4556,2013-11-27 22:20:00,1022.0373
4556,2013-11-27 22:20:00,0.92530376
4556,2013-11-27 22:30:00,777.59784
4556,2013-11-27 22:30:00,0.9853416
4556,2013-11-27 22:30:00,2.8359492
4556,2013-11-27 22:40:00,0.92530376
4556,2013-11-27 22:40:00,676.9933
4556,2013-11-27 22:40:00,4.6265187
4556,2013-11-27 22:50:00,0.002807078
4556,2013-11-27 22:50:00,675.11884
4556,2013-11-27 22:50:00,1.9106454
4556,2013-11-27 23:00:00,0.005614156
4556,2013-11-27 23:00:00,0.005614156
4556,2013-11-27 23:00:00,771.40295
4556,2013-11-27 23:10:00,0.011228312
4556,2013-11-27 23:10:00,1051.1703
4556,2013-11-27 23:10:00,1.9106454
4556,2013-11-27 23:20:00,561.63513
4556,2013-11-27 23:20:00,1.7514678
4556,2013-11-27 23:30:00,0.002807078
4556,2013-11-27 23:30:00,553.5974
4556,2013-11-27 23:30:00,3.8212907
4556,2013-11-27 23:40:00,536.1019
4556,2013-11-27 23:40:00,0.002807078
4556,2013-11-27 23:40:00,0.92530376
4556,2013-11-27 23:50:00,494.58032
4556,2013-11-27 23:50:00,0.9853416
4556,2013-11-28 00:00:00,495.8449
4556,2013-11-28 00:00:00,1.9106454
4556,2013-11-28 00:00:00,1.9706832
4556,2013-11-28 00:10:00,499.70026
4556,2013-11-28 00:20:00,452.6202
4556,2013-11-28 00:30:00,435.13852
4556,2013-11-28 00:40:00,414.13693
4556,2013-11-28 00:50:00,0.005614156
4556,2013-11-28 00:50:00,364.00128
4556,2013-11-28 01:00:00,363.72205
4556,2013-11-28 01:00:00,0.002807078
4556,2013-11-28 01:10:00,365.61026
4556,2013-11-28 01:20:00,347.8174
4556,2013-11-28 01:30:00,319.52075
4556,2013-11-28 01:40:00,299.9971
4556,2013-11-28 01:40:00,0.92530376
4556,2013-11-28 01:50:00,243.5981
4556,2013-11-28 02:00:00,382.64255
4556,2013-11-28 02:00:00,0.9853416
4556,2013-11-28 02:00:00,0.9853416
4556,2013-11-28 02:00:00,0.002807078
4556,2013-11-28 02:10:00,495.35498
4556,2013-11-28 02:10:00,1.9106454
4556,2013-11-28 02:10:00,0.9853416
4556,2013-11-28 02:10:00,1.9106454
4556,2013-11-28 02:10:00,0.82616407
4556,2013-11-28 02:10:00,3.8212907
4556,2013-11-28 02:20:00,310.0437
4556,2013-11-28 02:30:00,216.10469
4556,2013-11-28 02:40:00,253.99324
4556,2013-11-28 02:40:00,0.92811084
4556,2013-11-28 02:50:00,273.768
4556,2013-11-28 03:00:00,210.0047
4556,2013-11-28 03:10:00,243.47409
4556,2013-11-28 03:20:00,254.81491
4556,2013-11-28 03:30:00,208.0292
4556,2013-11-28 03:40:00,252.3096
4556,2013-11-28 03:50:00,244.83617
4556,2013-11-28 04:00:00,215.23956
4556,2013-11-28 04:10:00,214.87196
4556,2013-11-28 04:20:00,210.37386
4556,2013-11-28 04:30:00,219.91582
4556,2013-11-28 04:40:00,233.07501
4556,2013-11-28 04:50:00,212.37518
4556,2013-11-28 05:00:00,240.71802
4556,2013-11-28 05:00:00,1.8506075
4556,2013-11-28 05:10:00,244.81256
4556,2013-11-28 05:20:00,233.18317
4556,2013-11-28 05:30:00,244.89998
4556,2013-11-28 05:40:00,283.52792
4556,2013-11-28 05:50:00,243.60411
4556,2013-11-28 06:00:00,238.4644
4556,2013-11-28 06:00:00,0.002807078
4556,2013-11-28 06:10:00,343.8799
4556,2013-11-28 06:20:00,338.43936
4556,2013-11-28 06:30:00,342.64844
4556,2013-11-28 06:40:00,362.73328
4556,2013-11-28 06:40:00,0.82616407
4556,2013-11-28 06:40:00,0.9853416
4556,2013-11-28 06:50:00,397.86224
4556,2013-11-28 07:00:00,421.91315
4556,2013-11-28 07:00:00,0.9853416
4556,2013-11-28 07:00:00,1.9106454
4556,2013-11-28 07:10:00,0.9853416
4556,2013-11-28 07:10:00,481.73492
4556,2013-11-28 07:20:00,1.9706832
4556,2013-11-28 07:20:00,477.84836
4556,2013-11-28 07:30:00,1.9106454
4556,2013-11-28 07:30:00,561.4824
4556,2013-11-28 07:40:00,5.731936
4556,2013-11-28 07:40:00,601.55566
4556,2013-11-28 07:40:00,1.9106454
4556,2013-11-28 07:50:00,0.9853416
4556,2013-11-28 07:50:00,520.89246
4556,2013-11-28 08:00:00,4.7465944
4556,2013-11-28 08:00:00,570.38416
4556,2013-11-28 08:10:00,484.60223
4556,2013-11-28 08:20:00,477.86627
4556,2013-11-28 08:20:00,0.9853416
4556,2013-11-28 08:20:00,0.005614156
4556,2013-11-28 08:30:00,0.002807078
4556,2013-11-28 08:30:00,509.58795
4556,2013-11-28 08:30:00,0.9853416
4556,2013-11-28 08:40:00,529.86285
4556,2013-11-28 08:50:00,671.78986
4556,2013-11-28 09:00:00,535.0739
4556,2013-11-28 09:00:00,0.002807078
4556,2013-11-28 09:10:00,550.643
4556,2013-11-28 09:20:00,0.92811084
4556,2013-11-28 09:20:00,486.49576
4556,2013-11-28 09:30:00,498.72037
4556,2013-11-28 09:30:00,0.9853416
4556,2013-11-28 09:40:00,537.4044
4556,2013-11-28 09:50:00,487.67273
4556,2013-11-28 09:50:00,0.002807078
4556,2013-11-28 10:00:00,443.84012
4556,2013-11-28 10:00:00,0.92530376
4556,2013-11-28 10:10:00,0.92530376
4556,2013-11-28 10:10:00,0.82616407
4556,2013-11-28 10:10:00,522.2235
4556,2013-11-28 10:20:00,0.92530376
4556,2013-11-28 10:20:00,0.9853416
4556,2013-11-28 10:20:00,571.25037
4556,2013-11-28 10:30:00,614.6253
4556,2013-11-28 10:30:00,0.92530376
4556,2013-11-28 10:40:00,514.2343
4556,2013-11-28 10:40:00,0.9853416
4556,2013-11-28 10:50:00,615.6066
4556,2013-11-28 10:50:00,0.002807078
4556,2013-11-28 11:00:00,601.04016
4556,2013-11-28 11:10:00,633.85376
4556,2013-11-28 11:20:00,461.06195
4556,2013-11-28 11:30:00,0.002807078
4556,2013-11-28 11:30:00,568.16284
4556,2013-11-28 11:40:00,1.7514678
4556,2013-11-28 11:40:00,673.2709
4556,2013-11-28 11:50:00,0.92530376
4556,2013-11-28 11:50:00,652.3514
4556,2013-11-28 12:00:00,1.9106454
4556,2013-11-28 12:00:00,531.814
4556,2013-11-28 12:10:00,561.5173
4556,2013-11-28 12:10:00,0.9853416
4556,2013-11-28 12:20:00,1.7514678
4556,2013-11-28 12:20:00,0.002807078
4556,2013-11-28 12:20:00,6.179707
4556,2013-11-28 12:20:00,763.1343
4556,2013-11-28 12:30:00,2.8359492
4556,2013-11-28 12:30:00,653.8812
4556,2013-11-28 12:40:00,615.8355
4556,2013-11-28 12:50:00,600.8668
4556,2013-11-28 12:50:00,0.92530376
4556,2013-11-28 12:50:00,0.9853416
4556,2013-11-28 13:00:00,0.002807078
4556,2013-11-28 13:00:00,602.5424
4556,2013-11-28 13:10:00,1.9706832
4556,2013-11-28 13:10:00,621.2585
4556,2013-11-28 13:10:00,0.9853416
4556,2013-11-28 13:20:00,632.54596
4556,2013-11-28 13:30:00,616.3611
4556,2013-11-28 13:30:00,1.9106454
4556,2013-11-28 13:40:00,0.9853416
4556,2013-11-28 13:40:00,0.9853416
4556,2013-11-28 13:40:00,567.14307
4556,2013-11-28 13:40:00,0.002807078
4556,2013-11-28 13:50:00,0.9853416
4556,2013-11-28 13:50:00,555.8962
4556,2013-11-28 14:00:00,1.9134525
4556,2013-11-28 14:00:00,556.91235
4556,2013-11-28 14:10:00,0.002807078
4556,2013-11-28 14:10:00,535.0682
4556,2013-11-28 14:10:00,0.002807078
4556,2013-11-28 14:20:00,1.9106454
4556,2013-11-28 14:20:00,518.4545
4556,2013-11-28 14:30:00,578.3279
4556,2013-11-28 14:30:00,0.002807078
4556,2013-11-28 14:40:00,621.49133
4556,2013-11-28 14:40:00,0.002807078
4556,2013-11-28 14:40:00,1.9106454
4556,2013-11-28 14:50:00,1.7542748
4556,2013-11-28 14:50:00,573.1145
4556,2013-11-28 14:50:00,0.002807078
4556,2013-11-28 15:00:00,0.005614156
4556,2013-11-28 15:00:00,460.3255
4556,2013-11-28 15:00:00,0.002807078
4556,2013-11-28 15:10:00,0.9853416
4556,2013-11-28 15:10:00,523.28705
4556,2013-11-28 15:10:00,1.7514678
4556,2013-11-28 15:10:00,0.9853416
4556,2013-11-28 15:20:00,3.7612529
4556,2013-11-28 15:20:00,479.80472
4556,2013-11-28 15:20:00,1.9106454
4556,2013-11-28 15:30:00,0.92530376
4556,2013-11-28 15:30:00,601.59576
4556,2013-11-28 15:30:00,0.002807078
4556,2013-11-28 15:40:00,578.6339
4556,2013-11-28 15:50:00,690.10114
4556,2013-11-28 16:00:00,549.40356
4556,2013-11-28 16:10:00,0.002807078
4556,2013-11-28 16:10:00,1.9106454
4556,2013-11-28 16:10:00,552.0643
4556,2013-11-28 16:20:00,20.356682
4556,2013-11-28 16:20:00,502.4439
4556,2013-11-28 16:30:00,0.9853416
4556,2013-11-28 16:30:00,509.1818
4556,2013-11-28 16:30:00,0.002807078
4556,2013-11-28 16:40:00,5.5727587
4556,2013-11-28 16:40:00,573.7393
4556,2013-11-28 16:40:00,0.002807078
4556,2013-11-28 16:40:00,0.9853416
4556,2013-11-28 16:40:00,0.9853416
4556,2013-11-28 16:50:00,6.7172775
4556,2013-11-28 16:50:00,539.29004
4556,2013-11-28 16:50:00,0.99095577
4556,2013-11-28 17:00:00,0.9853416
4556,2013-11-28 17:00:00,10.478531
4556,2013-11-28 17:00:00,631.83014
4556,2013-11-28 17:00:00,0.005614156
4556,2013-11-28 17:00:00,0.92530376
4556,2013-11-28 17:10:00,1.7514678
4556,2013-11-28 17:10:00,0.92530376
4556,2013-11-28 17:10:00,632.64935
4556,2013-11-28 17:10:00,0.002807078
4556,2013-11-28 17:20:00,2.7759113
4556,2013-11-28 17:20:00,0.9853416
4556,2013-11-28 17:20:00,1.7514678
4556,2013-11-28 17:20:00,560.4537
4556,2013-11-28 17:20:00,0.92530376
4556,2013-11-28 17:30:00,2.895987
4556,2013-11-28 17:30:00,585.8615
4556,2013-11-28 17:30:00,0.005614156
4556,2013-11-28 17:30:00,0.9853416
4556,2013-11-28 17:40:00,0.92811084
4556,2013-11-28 17:40:00,1.7514678
4556,2013-11-28 17:40:00,573.0979
4556,2013-11-28 17:40:00,0.002807078
4556,2013-11-28 17:40:00,0.9881487
4556,2013-11-28 17:50:00,0.92530376
4556,2013-11-28 17:50:00,1.9106454
4556,2013-11-28 17:50:00,2.8359492
4556,2013-11-28 17:50:00,577.4149
4556,2013-11-28 17:50:00,0.002807078
4556,2013-11-28 17:50:00,1.9134525
4556,2013-11-28 18:00:00,0.002807078
4556,2013-11-28 18:00:00,1.9106454
4556,2013-11-28 18:00:00,631.018
4556,2013-11-28 18:00:00,1.8506075
4556,2013-11-28 18:10:00,0.9881487
4556,2013-11-28 18:10:00,2.6767716
4556,2013-11-28 18:10:00,569.84106
4556,2013-11-28 18:10:00,0.92530376
4556,2013-11-28 18:20:00,5.413581
4556,2013-11-28 18:20:00,682.3038
4556,2013-11-28 18:20:00,1.9706832
4556,2013-11-28 18:20:00,0.002807078
4556,2013-11-28 18:20:00,8.627923
4556,2013-11-28 18:20:00,1.9106454
4556,2013-11-28 18:30:00,1.9106454
4556,2013-11-28 18:30:00,0.82616407
4556,2013-11-28 18:30:00,719.84937
4556,2013-11-28 18:30:00,3.8813286
4556,2013-11-28 18:40:00,0.002807078
4556,2013-11-28 18:40:00,3.7612529
4556,2013-11-28 18:40:00,778.50275
4556,2013-11-28 18:40:00,3.8813286
4556,2013-11-28 18:50:00,4.6474547
4556,2013-11-28 18:50:00,704.2422
4556,2013-11-28 18:50:00,0.002807078
4556,2013-11-28 18:50:00,6.4380245
4556,2013-11-28 19:00:00,0.002807078
4556,2013-11-28 19:00:00,0.9309179
4556,2013-11-28 19:00:00,4.3290997
4556,2013-11-28 19:00:00,905.6112
4556,2013-11-28 19:00:00,4.8066325
4556,2013-11-28 19:10:00,0.9853416
4556,2013-11-28 19:10:00,4.587417
4556,2013-11-28 19:10:00,825.19135
4556,2013-11-28 19:10:00,3.8212907
4556,2013-11-28 19:20:00,0.002807078
4556,2013-11-28 19:20:00,14.90677
4556,2013-11-28 19:20:00,775.5018
4556,2013-11-28 19:20:00,1.9706832
4556,2013-11-28 19:20:00,0.002807078
4556,2013-11-28 19:20:00,2.8359492
4556,2013-11-28 19:30:00,0.9881487
4556,2013-11-28 19:30:00,0.9853416
4556,2013-11-28 19:30:00,2.6767716
4556,2013-11-28 19:30:00,727.5282
4556,2013-11-28 19:30:00,0.9881487
4556,2013-11-28 19:40:00,0.82616407
4556,2013-11-28 19:40:00,0.002807078
4556,2013-11-28 19:40:00,0.92811084
4556,2013-11-28 19:40:00,796.4622
4556,2013-11-28 19:40:00,1.9106454
4556,2013-11-28 19:50:00,0.002807078
4556,2013-11-28 19:50:00,1.9106454
4556,2013-11-28 19:50:00,708.7253
4556,2013-11-28 19:50:00,0.82616407
4556,2013-11-28 19:50:00,7.483404
4556,2013-11-28 19:50:00,0.005614156
4556,2013-11-28 20:00:00,0.005614156
4556,2013-11-28 20:00:00,0.9853416
4556,2013-11-28 20:00:00,804.97235
4556,2013-11-28 20:00:00,0.92530376
4556,2013-11-28 20:00:00,1.9106454
4556,2013-11-28 20:00:00,0.002807078
4556,2013-11-28 20:10:00,0.002807078
4556,2013-11-28 20:10:00,1.7514678
4556,2013-11-28 20:10:00,871.95447
4556,2013-11-28 20:10:00,0.002807078
4556,2013-11-28 20:10:00,0.002807078
4556,2013-11-28 20:10:00,0.92530376
4556,2013-11-28 20:20:00,0.82616407
4556,2013-11-28 20:20:00,792.8905
4556,2013-11-28 20:20:00,0.9853416
4556,2013-11-28 20:20:00,0.9853416
4556,2013-11-28 20:30:00,839.0731
4556,2013-11-28 20:30:00,0.9853416
4556,2013-11-28 20:30:00,0.002807078
4556,2013-11-28 20:30:00,1.8506075
4556,2013-11-28 20:40:00,0.002807078
4556,2013-11-28 20:40:00,3.8212907
4556,2013-11-28 20:40:00,793.3579
4556,2013-11-28 20:40:00,0.9853416
4556,2013-11-28 20:40:00,0.82616407
4556,2013-11-28 20:50:00,848.9931
4556,2013-11-28 20:50:00,0.92530376
4556,2013-11-28 20:50:00,1.9706832
4556,2013-11-28 21:00:00,0.002807078
4556,2013-11-28 21:00:00,0.82616407
4556,2013-11-28 21:00:00,811.8851
4556,2013-11-28 21:00:00,3.6621132
4556,2013-11-28 21:00:00,0.002807078
4556,2013-11-28 21:00:00,3.8813286
4556,2013-11-28 21:00:00,0.92530376
4556,2013-11-28 21:00:00,5.731936
4556,2013-11-28 21:00:00,7.5881577
4556,2013-11-28 21:00:00,0.002807078
4556,2013-11-28 21:10:00,0.005614156
4556,2013-11-28 21:10:00,0.002807078
4556,2013-11-28 21:10:00,0.9853416
4556,2013-11-28 21:10:00,854.40063
4556,2013-11-28 21:10:00,1.9106454
4556,2013-11-28 21:10:00,0.92530376
4556,2013-11-28 21:10:00,0.92530376
4556,2013-11-28 21:20:00,0.92811084
4556,2013-11-28 21:20:00,0.9853416
4556,2013-11-28 21:20:00,841.75903
4556,2013-11-28 21:20:00,0.9853416
4556,2013-11-28 21:20:00,3.8813286
4556,2013-11-28 21:30:00,0.99376285
4556,2013-11-28 21:30:00,0.002807078
4556,2013-11-28 21:30:00,827.036
4556,2013-11-28 21:30:00,0.005614156
4556,2013-11-28 21:30:00,3.8212907
4556,2013-11-28 21:40:00,1.9134525
4556,2013-11-28 21:40:00,0.92530376
4556,2013-11-28 21:40:00,932.5754
4556,2013-11-28 21:40:00,0.002807078
4556,2013-11-28 21:40:00,0.92530376
4556,2013-11-28 21:40:00,0.92530376
4556,2013-11-28 21:50:00,0.92530376
4556,2013-11-28 21:50:00,1.9106454
4556,2013-11-28 21:50:00,854.8377
4556,2013-11-28 21:50:00,2.895987
4556,2013-11-28 21:50:00,0.92530376
4556,2013-11-28 22:00:00,0.92530376
4556,2013-11-28 22:00:00,878.2802
4556,2013-11-28 22:10:00,0.9853416
4556,2013-11-28 22:10:00,2.7368095
4556,2013-11-28 22:10:00,0.92811084
4556,2013-11-28 22:10:00,871.0029
4556,2013-11-28 22:10:00,0.9853416
4556,2013-11-28 22:10:00,0.002807078
4556,2013-11-28 22:10:00,0.9853416
4556,2013-11-28 22:20:00,0.92530376
4556,2013-11-28 22:20:00,1.9106454
4556,2013-11-28 22:20:00,784.61487
4556,2013-11-28 22:20:00,2.7759113
4556,2013-11-28 22:30:00,0.9881487
4556,2013-11-28 22:30:00,1.8506075
4556,2013-11-28 22:30:00,1.8562217
4556,2013-11-28 22:30:00,736.1431
4556,2013-11-28 22:30:00,1.8506075
4556,2013-11-28 22:40:00,1.9106454
4556,2013-11-28 22:40:00,668.2357
4556,2013-11-28 22:40:00,0.92530376
4556,2013-11-28 22:40:00,0.92530376
4556,2013-11-28 22:50:00,3.8212907
4556,2013-11-28 22:50:00,5.734743
4556,2013-11-28 22:50:00,729.1475
4556,2013-11-28 23:00:00,0.92530376
4556,2013-11-28 23:00:00,0.002807078
4556,2013-11-28 23:00:00,1.9106454
4556,2013-11-28 23:00:00,1.9106454
4556,2013-11-28 23:00:00,649.3262
4556,2013-11-28 23:10:00,0.9853416
4556,2013-11-28 23:10:00,3.6621132
4556,2013-11-28 23:10:00,6.3989224
4556,2013-11-28 23:10:00,659.1538
4556,2013-11-28 23:10:00,2.895987
4556,2013-11-28 23:10:00,0.9853416
4556,2013-11-28 23:20:00,1.7514678
4556,2013-11-28 23:20:00,2.8359492
4556,2013-11-28 23:20:00,591.8454
4556,2013-11-28 23:30:00,1.9106454
4556,2013-11-28 23:30:00,1.9106454
4556,2013-11-28 23:30:00,497.37323
4556,2013-11-28 23:40:00,1.7514678
4556,2013-11-28 23:40:00,487.75595
4556,2013-11-28 23:40:00,0.9853416
4556,2013-11-28 23:50:00,0.92530376
4556,2013-11-28 23:50:00,529.29834
4556,2013-11-29 00:00:00,1.7514678
4556,2013-11-29 00:00:00,485.07098
4556,2013-11-29 00:00:00,1.7514678
4556,2013-11-29 00:10:00,1.9106454
4556,2013-11-29 00:10:00,1.9106454
4556,2013-11-29 00:10:00,505.58505
4556,2013-11-29 00:10:00,3.5029356
4556,2013-11-29 00:20:00,457.4994
4556,2013-11-29 00:20:00,1.9106454
4556,2013-11-29 00:30:00,420.33304
4556,2013-11-29 00:40:00,1.7514678
4556,2013-11-29 00:40:00,401.75354
4556,2013-11-29 00:50:00,0.92530376
4556,2013-11-29 00:50:00,392.83603
4556,2013-11-29 01:00:00,364.03827
4556,2013-11-29 01:10:00,1.7514678
4556,2013-11-29 01:10:00,350.94077
4556,2013-11-29 01:20:00,1.7514678
4556,2013-11-29 01:20:00,316.35126
4556,2013-11-29 01:30:00,3.8212907
4556,2013-11-29 01:30:00,332.13016
4556,2013-11-29 01:30:00,0.92530376
4556,2013-11-29 01:40:00,0.92530376
4556,2013-11-29 01:40:00,0.82616407
4556,2013-11-29 01:40:00,326.68365
4556,2013-11-29 01:50:00,0.92530376
4556,2013-11-29 01:50:00,324.1323
4556,2013-11-29 01:50:00,0.92530376
4556,2013-11-29 02:00:00,323.12128
4556,2013-11-29 02:10:00,0.92530376
4556,2013-11-29 02:10:00,276.21042
4556,2013-11-29 02:20:00,290.88824
4556,2013-11-29 02:20:00,0.82616407
4556,2013-11-29 02:30:00,293.01083
4556,2013-11-29 02:40:00,275.61597
4556,2013-11-29 02:50:00,276.00784
4556,2013-11-29 03:00:00,261.38983
4556,2013-11-29 03:10:00,232.1415
4556,2013-11-29 03:20:00,246.11887
4556,2013-11-29 03:30:00,229.43929
4556,2013-11-29 03:40:00,243.01898
4556,2013-11-29 03:50:00,215.45258
4556,2013-11-29 04:00:00,233.90944
4556,2013-11-29 04:10:00,227.80823
4556,2013-11-29 04:10:00,0.9853416
4556,2013-11-29 04:20:00,0.82616407
4556,2013-11-29 04:20:00,226.44456
4556,2013-11-29 04:30:00,243.67497
4556,2013-11-29 04:30:00,0.92530376
4556,2013-11-29 04:40:00,1.7514678
4556,2013-11-29 04:40:00,219.01422
4556,2013-11-29 04:50:00,242.05316
4556,2013-11-29 05:00:00,237.60374
4556,2013-11-29 05:10:00,215.8405
4556,2013-11-29 05:20:00,245.83813
4556,2013-11-29 05:30:00,247.85498
4556,2013-11-29 05:30:00,2.8359492
4556,2013-11-29 05:40:00,242.36061
4556,2013-11-29 05:50:00,272.06775
4556,2013-11-29 05:50:00,0.92530376
4556,2013-11-29 06:00:00,284.6578
4556,2013-11-29 06:10:00,279.2504
4556,2013-11-29 06:20:00,294.39658
4556,2013-11-29 06:30:00,1.9106454
4556,2013-11-29 06:30:00,340.1023
4556,2013-11-29 06:30:00,1.9706832
4556,2013-11-29 06:40:00,353.3124
4556,2013-11-29 06:40:00,0.9853416
4556,2013-11-29 06:40:00,1.8506075
4556,2013-11-29 06:50:00,1.7514678
4556,2013-11-29 06:50:00,379.39264
4556,2013-11-29 06:50:00,0.92530376
4556,2013-11-29 06:50:00,0.92530376
4556,2013-11-29 07:00:00,1.9106454
4556,2013-11-29 07:00:00,408.7766
4556,2013-11-29 07:00:00,1.9106454
4556,2013-11-29 07:00:00,1.9106454
4556,2013-11-29 07:00:00,1.8506075
4556,2013-11-29 07:10:00,4.4491754
4556,2013-11-29 07:10:00,507.17767
4556,2013-11-29 07:10:00,3.8212907
4556,2013-11-29 07:20:00,0.82616407
4556,2013-11-29 07:20:00,0.002807078
4556,2013-11-29 07:20:00,2.6767716
4556,2013-11-29 07:20:00,509.05658
4556,2013-11-29 07:20:00,0.92530376
4556,2013-11-29 07:20:00,3.8212907
4556,2013-11-29 07:30:00,3.5029356
4556,2013-11-29 07:30:00,725.43445
4556,2013-11-29 07:40:00,0.92530376
4556,2013-11-29 07:40:00,2.8359492
4556,2013-11-29 07:40:00,501.50818
4556,2013-11-29 07:40:00,0.9853416
4556,2013-11-29 07:50:00,1.8115057
4556,2013-11-29 07:50:00,0.9853416
4556,2013-11-29 07:50:00,578.47974
4556,2013-11-29 07:50:00,0.002807078
4556,2013-11-29 07:50:00,1.9106454
4556,2013-11-29 07:50:00,1.9106454
4556,2013-11-29 07:50:00,1.9706832
4556,2013-11-29 08:00:00,0.9853416
4556,2013-11-29 08:00:00,2.7368095
4556,2013-11-29 08:00:00,525.6016
4556,2013-11-29 08:00:00,1.8506075
4556,2013-11-29 08:10:00,3.8212907
4556,2013-11-29 08:10:00,669.1198
4556,2013-11-29 08:20:00,2.8443704
4556,2013-11-29 08:20:00,482.2921
4556,2013-11-29 08:20:00,0.002807078
4556,2013-11-29 08:20:00,0.002807078
4556,2013-11-29 08:30:00,0.002807078
4556,2013-11-29 08:30:00,1.7514678
4556,2013-11-29 08:30:00,487.59146
4556,2013-11-29 08:30:00,1.9734904
4556,2013-11-29 08:40:00,0.92530376
4556,2013-11-29 08:40:00,2.8359492
4556,2013-11-29 08:40:00,572.56445
4556,2013-11-29 08:40:00,1.9106454
4556,2013-11-29 08:50:00,0.002807078
4556,2013-11-29 08:50:00,499.59866
4556,2013-11-29 09:00:00,451.78604
4556,2013-11-29 09:00:00,0.002807078
4556,2013-11-29 09:00:00,5.5518227
4556,2013-11-29 09:10:00,0.92530376
4556,2013-11-29 09:10:00,1.9106454
4556,2013-11-29 09:10:00,476.88416
4556,2013-11-29 09:10:00,3.701215
4556,2013-11-29 09:20:00,4.7465944
4556,2013-11-29 09:20:00,534.70374
4556,2013-11-29 09:20:00,0.82616407
4556,2013-11-29 09:30:00,1.9706832
4556,2013-11-29 09:30:00,469.75665
4556,2013-11-29 09:30:00,0.002807078
4556,2013-11-29 09:40:00,0.92530376
4556,2013-11-29 09:40:00,458.58878
4556,2013-11-29 09:40:00,0.92530376
4556,2013-11-29 09:40:00,0.9853416
4556,2013-11-29 09:50:00,0.005614156
4556,2013-11-29 09:50:00,461.7222
4556,2013-11-29 09:50:00,0.92530376
4556,2013-11-29 09:50:00,3.8212907
4556,2013-11-29 10:00:00,596.6294
4556,2013-11-29 10:00:00,0.92530376
4556,2013-11-29 10:00:00,0.002807078
4556,2013-11-29 10:10:00,607.1021
4556,2013-11-29 10:20:00,0.92530376
4556,2013-11-29 10:20:00,898.47906
4556,2013-11-29 10:20:00,0.9853416
4556,2013-11-29 10:30:00,752.27997
4556,2013-11-29 10:30:00,0.002807078
4556,2013-11-29 10:40:00,570.3959
4556,2013-11-29 10:40:00,0.9881487
4556,2013-11-29 10:50:00,486.61832
4556,2013-11-29 11:00:00,1.9106454
4556,2013-11-29 11:00:00,516.2198
4556,2013-11-29 11:00:00,1.9734904
4556,2013-11-29 11:10:00,503.1859
4556,2013-11-29 11:10:00,0.002807078
4556,2013-11-29 11:10:00,0.9853416
4556,2013-11-29 11:20:00,652.8789
4556,2013-11-29 11:20:00,0.9853416
4556,2013-11-29 11:30:00,0.92530376
4556,2013-11-29 11:30:00,537.39355
4556,2013-11-29 11:30:00,0.9853416
4556,2013-11-29 11:30:00,0.002807078
4556,2013-11-29 11:30:00,0.82616407
4556,2013-11-29 11:40:00,620.67377
4556,2013-11-29 11:40:00,0.92530376
4556,2013-11-29 11:40:00,1.9134525
4556,2013-11-29 11:50:00,1.9106454
4556,2013-11-29 11:50:00,587.9779
4556,2013-11-29 11:50:00,1.9106454
4556,2013-11-29 12:00:00,0.002807078
4556,2013-11-29 12:00:00,564.0803
4556,2013-11-29 12:00:00,1.9106454
4556,2013-11-29 12:10:00,657.2153
4556,2013-11-29 12:10:00,0.002807078
4556,2013-11-29 12:20:00,1.9706832
4556,2013-11-29 12:20:00,544.68286
4556,2013-11-29 12:20:00,0.92530376
4556,2013-11-29 12:20:00,0.005614156
4556,2013-11-29 12:30:00,0.9853416
4556,2013-11-29 12:30:00,582.97
4556,2013-11-29 12:40:00,0.82616407
4556,2013-11-29 12:40:00,630.4998
4556,2013-11-29 12:40:00,0.92530376
4556,2013-11-29 12:50:00,0.022456624
4556,2013-11-29 12:50:00,635.31793
4556,2013-11-29 12:50:00,0.9853416
4556,2013-11-29 13:00:00,0.002807078
4556,2013-11-29 13:00:00,1.9106454
4556,2013-11-29 13:00:00,838.83923
4556,2013-11-29 13:10:00,0.92811084
4556,2013-11-29 13:10:00,683.9906
4556,2013-11-29 13:20:00,709.6356
4556,2013-11-29 13:20:00,0.002807078
4556,2013-11-29 13:30:00,710.8212
4556,2013-11-29 13:30:00,0.82616407
4556,2013-11-29 13:40:00,781.0091
4556,2013-11-29 13:50:00,0.01403539
4556,2013-11-29 13:50:00,663.27606
4556,2013-11-29 13:50:00,0.002807078
4556,2013-11-29 13:50:00,0.002807078
4556,2013-11-29 13:50:00,0.92530376
4556,2013-11-29 14:00:00,0.9853416
4556,2013-11-29 14:00:00,565.62256
4556,2013-11-29 14:00:00,0.002807078
4556,2013-11-29 14:00:00,0.002807078
4556,2013-11-29 14:10:00,714.9725
4556,2013-11-29 14:10:00,0.002807078
4556,2013-11-29 14:10:00,0.9853416
4556,2013-11-29 14:20:00,674.57275
4556,2013-11-29 14:20:00,0.9853416
4556,2013-11-29 14:30:00,0.002807078
4556,2013-11-29 14:30:00,616.1998
4556,2013-11-29 14:30:00,0.002807078
4556,2013-11-29 14:30:00,0.002807078
4556,2013-11-29 14:40:00,1.9106454
4556,2013-11-29 14:40:00,1.9706832
4556,2013-11-29 14:40:00,554.52246
4556,2013-11-29 14:40:00,0.002807078
4556,2013-11-29 14:50:00,0.9853416
4556,2013-11-29 14:50:00,0.002807078
4556,2013-11-29 14:50:00,530.69855
4556,2013-11-29 14:50:00,0.9853416
4556,2013-11-29 15:00:00,0.01403539
4556,2013-11-29 15:00:00,561.51904
4556,2013-11-29 15:00:00,0.002807078
4556,2013-11-29 15:00:00,0.002807078
4556,2013-11-29 15:00:00,0.9853416
4556,2013-11-29 15:10:00,0.9853416
4556,2013-11-29 15:10:00,525.36505
4556,2013-11-29 15:10:00,0.002807078
4556,2013-11-29 15:20:00,0.002807078
4556,2013-11-29 15:20:00,549.3175
4556,2013-11-29 15:20:00,0.92530376
4556,2013-11-29 15:30:00,0.92530376
4556,2013-11-29 15:30:00,657.2305
4556,2013-11-29 15:30:00,1.9106454
4556,2013-11-29 15:30:00,0.002807078
4556,2013-11-29 15:40:00,636.87115
4556,2013-11-29 15:40:00,0.9853416
4556,2013-11-29 15:50:00,1.9106454
4556,2013-11-29 15:50:00,649.0047
4556,2013-11-29 15:50:00,1.9106454
4556,2013-11-29 15:50:00,0.9853416
4556,2013-11-29 15:50:00,0.9853416
4556,2013-11-29 16:00:00,506.2143
4556,2013-11-29 16:00:00,0.9853416
4556,2013-11-29 16:10:00,2.8387563
4556,2013-11-29 16:10:00,591.6607
4556,2013-11-29 16:10:00,0.002807078
4556,2013-11-29 16:10:00,1.9706832
4556,2013-11-29 16:10:00,1.8506075
4556,2013-11-29 16:20:00,617.1055
4556,2013-11-29 16:20:00,0.002807078
4556,2013-11-29 16:30:00,565.04956
4556,2013-11-29 16:30:00,0.9853416
4556,2013-11-29 16:30:00,0.92530376
4556,2013-11-29 16:40:00,562.61127
4556,2013-11-29 16:40:00,1.8143128
4556,2013-11-29 16:40:00,0.9853416
4556,2013-11-29 16:50:00,1.9106454
4556,2013-11-29 16:50:00,602.50653
4556,2013-11-29 17:00:00,561.67267
4556,2013-11-29 17:10:00,649.17426
4556,2013-11-29 17:10:00,0.002807078
4556,2013-11-29 17:10:00,0.9853416
4556,2013-11-29 17:20:00,0.002807078
4556,2013-11-29 17:20:00,601.1807
4556,2013-11-29 17:20:00,1.9106454
4556,2013-11-29 17:20:00,0.9853416
4556,2013-11-29 17:30:00,0.002807078
4556,2013-11-29 17:30:00,610.9768
4556,2013-11-29 17:30:00,0.002807078
4556,2013-11-29 17:40:00,0.9853416
4556,2013-11-29 17:40:00,683.2676
4556,2013-11-29 17:40:00,3.8240979
4556,2013-11-29 17:50:00,1.8506075
4556,2013-11-29 17:50:00,0.002807078
4556,2013-11-29 17:50:00,0.92530376
4556,2013-11-29 17:50:00,0.92530376
4556,2013-11-29 17:50:00,704.7611
4556,2013-11-29 17:50:00,4.686557
4556,2013-11-29 17:50:00,2.901601
4556,2013-11-29 18:00:00,1.9106454
4556,2013-11-29 18:00:00,6.7200847
4556,2013-11-29 18:00:00,635.9434
4556,2013-11-29 18:00:00,1.9106454
4556,2013-11-29 18:00:00,2.7787182
4556,2013-11-29 18:10:00,0.002807078
4556,2013-11-29 18:10:00,604.7745
4556,2013-11-29 18:10:00,0.92530376
4556,2013-11-29 18:10:00,1.9106454
4556,2013-11-29 18:10:00,0.92530376
4556,2013-11-29 18:20:00,669.20746
4556,2013-11-29 18:20:00,3.706829
4556,2013-11-29 18:20:00,0.9881487
4556,2013-11-29 18:30:00,0.92530376
4556,2013-11-29 18:30:00,1.8506075
4556,2013-11-29 18:30:00,682.0904
4556,2013-11-29 18:30:00,0.92530376
4556,2013-11-29 18:30:00,3.8212907
4556,2013-11-29 18:30:00,1.9106454
4556,2013-11-29 18:30:00,0.92530376
4556,2013-11-29 18:40:00,741.8613
4556,2013-11-29 18:40:00,3.8813286
4556,2013-11-29 18:40:00,0.9853416
4556,2013-11-29 18:50:00,1.9106454
4556,2013-11-29 18:50:00,0.92530376
4556,2013-11-29 18:50:00,707.7695
4556,2013-11-29 18:50:00,1.9106454
4556,2013-11-29 18:50:00,0.92530376
4556,2013-11-29 18:50:00,1.9106454
4556,2013-11-29 18:50:00,0.92530376
4556,2013-11-29 19:00:00,0.002807078
4556,2013-11-29 19:00:00,0.002807078
4556,2013-11-29 19:00:00,794.476
4556,2013-11-29 19:00:00,0.9853416
4556,2013-11-29 19:00:00,8.387772
4556,2013-11-29 19:00:00,2.8987942
4556,2013-11-29 19:00:00,0.002807078
4556,2013-11-29 19:10:00,826.8032
4556,2013-11-29 19:10:00,1.9106454
4556,2013-11-29 19:10:00,0.92530376
4556,2013-11-29 19:10:00,8.468745
4556,2013-11-29 19:20:00,0.82616407
4556,2013-11-29 19:20:00,791.59125
4556,2013-11-29 19:20:00,0.9853416
4556,2013-11-29 19:20:00,11.103645
4556,2013-11-29 19:20:00,5.731936
4556,2013-11-29 19:30:00,0.933725
4556,2013-11-29 19:30:00,0.005614156
4556,2013-11-29 19:30:00,854.4856
4556,2013-11-29 19:30:00,2.7759113
4556,2013-11-29 19:30:00,1.9162595
4556,2013-11-29 19:40:00,1.9106454
4556,2013-11-29 19:40:00,0.002807078
4556,2013-11-29 19:40:00,0.92530376
4556,2013-11-29 19:40:00,904.2487
4556,2013-11-29 19:40:00,1.8506075
4556,2013-11-29 19:40:00,0.9853416
4556,2013-11-29 19:40:00,1.9162595
4556,2013-11-29 19:40:00,1.9106454
4556,2013-11-29 19:40:00,0.9853416
4556,2013-11-29 19:50:00,3.8212907
4556,2013-11-29 19:50:00,2.7759113
4556,2013-11-29 19:50:00,886.2462
4556,2013-11-29 19:50:00,0.92530376
4556,2013-11-29 19:50:00,0.92530376
4556,2013-11-29 19:50:00,2.8359492
4556,2013-11-29 19:50:00,2.8443704
4556,2013-11-29 19:50:00,0.92811084
4556,2013-11-29 20:00:00,1.9106454
4556,2013-11-29 20:00:00,0.005614156
4556,2013-11-29 20:00:00,0.92811084
4556,2013-11-29 20:00:00,1.9106454
4556,2013-11-29 20:00:00,1036.6693
4556,2013-11-29 20:00:00,0.92530376
4556,2013-11-29 20:00:00,3.701215
4556,2013-11-29 20:00:00,0.002807078
4556,2013-11-29 20:00:00,0.92530376
4556,2013-11-29 20:10:00,2.8359492
4556,2013-11-29 20:10:00,0.005614156
4556,2013-11-29 20:10:00,0.92530376
4556,2013-11-29 20:10:00,1.7514678
4556,2013-11-29 20:10:00,1024.794
4556,2013-11-29 20:10:00,3.7612529
4556,2013-11-29 20:10:00,1.8534145
4556,2013-11-29 20:10:00,2.7787182
4556,2013-11-29 20:10:00,0.92530376
4556,2013-11-29 20:20:00,1.9162595
4556,2013-11-29 20:20:00,0.005614156
4556,2013-11-29 20:20:00,0.92811084
4556,2013-11-29 20:20:00,891.3669
4556,2013-11-29 20:20:00,0.9853416
4556,2013-11-29 20:20:00,0.002807078
4556,2013-11-29 20:20:00,0.005614156
4556,2013-11-29 20:30:00,0.002807078
4556,2013-11-29 20:30:00,0.9853416
4556,2013-11-29 20:30:00,981.0188
4556,2013-11-29 20:30:00,1.9134525
4556,2013-11-29 20:30:00,0.92530376
4556,2013-11-29 20:30:00,1.9106454
4556,2013-11-29 20:30:00,1.9106454
4556,2013-11-29 20:40:00,0.002807078
4556,2013-11-29 20:40:00,0.92530376
4556,2013-11-29 20:40:00,1010.5838
4556,2013-11-29 20:40:00,1.9106454
4556,2013-11-29 20:40:00,0.005614156
4556,2013-11-29 20:40:00,1.9706832
4556,2013-11-29 20:50:00,0.9853416
4556,2013-11-29 20:50:00,1.9706832
4556,2013-11-29 20:50:00,0.9853416
4556,2013-11-29 20:50:00,1067.7557
4556,2013-11-29 20:50:00,0.92530376
4556,2013-11-29 20:50:00,0.002807078
4556,2013-11-29 20:50:00,0.008421234
4556,2013-11-29 21:00:00,0.82616407
4556,2013-11-29 21:00:00,0.9853416
4556,2013-11-29 21:00:00,1054.1969
4556,2013-11-29 21:00:00,35.28162
4556,2013-11-29 21:00:00,2.8415632
4556,2013-11-29 21:00:00,0.9881487
4556,2013-11-29 21:00:00,0.92530376
4556,2013-11-29 21:00:00,0.9309179
4556,2013-11-29 21:10:00,0.9853416
4556,2013-11-29 21:10:00,0.9853416
4556,2013-11-29 21:10:00,1018.33044
4556,2013-11-29 21:10:00,2.895987
4556,2013-11-29 21:10:00,2.956025
4556,2013-11-29 21:10:00,1.9106454
4556,2013-11-29 21:10:00,1.8506075
4556,2013-11-29 21:20:00,0.92530376
4556,2013-11-29 21:20:00,4.7522087
4556,2013-11-29 21:20:00,972.6492
4556,2013-11-29 21:20:00,0.92530376
4556,2013-11-29 21:20:00,1.9734904
4556,2013-11-29 21:20:00,0.005614156
4556,2013-11-29 21:20:00,1.9106454
4556,2013-11-29 21:30:00,2.8443704
4556,2013-11-29 21:30:00,0.92530376
4556,2013-11-29 21:30:00,1334.368
4556,2013-11-29 21:30:00,1.9106454
4556,2013-11-29 21:30:00,0.008421234
4556,2013-11-29 21:40:00,0.9853416
4556,2013-11-29 21:40:00,5.731936
4556,2013-11-29 21:40:00,1313.6865
4556,2013-11-29 21:40:00,1.9706832
4556,2013-11-29 21:40:00,0.9853416
4556,2013-11-29 21:50:00,0.92530376
4556,2013-11-29 21:50:00,1.9106454
4556,2013-11-29 21:50:00,2.8387563
4556,2013-11-29 21:50:00,1232.3701
4556,2013-11-29 21:50:00,0.005614156
4556,2013-11-29 22:00:00,1.9134525
4556,2013-11-29 22:00:00,1241.466
4556,2013-11-29 22:00:00,0.82897115
4556,2013-11-29 22:00:00,0.9853416
4556,2013-11-29 22:00:00,0.92530376
4556,2013-11-29 22:10:00,0.002807078
4556,2013-11-29 22:10:00,1150.1677
4556,2013-11-29 22:10:00,0.92530376
4556,2013-11-29 22:10:00,0.002807078
4556,2013-11-29 22:10:00,0.002807078
4556,2013-11-29 22:10:00,0.002807078
4556,2013-11-29 22:10:00,0.92530376
4556,2013-11-29 22:20:00,0.92530376
4556,2013-11-29 22:20:00,974.8318
4556,2013-11-29 22:20:00,0.9853416
4556,2013-11-29 22:20:00,0.002807078
4556,2013-11-29 22:20:00,0.9853416
4556,2013-11-29 22:30:00,0.92530376
4556,2013-11-29 22:30:00,1113.679
4556,2013-11-29 22:30:00,0.9853416
4556,2013-11-29 22:30:00,0.002807078
4556,2013-11-29 22:30:00,0.002807078
4556,2013-11-29 22:30:00,0.8317782
4556,2013-11-29 22:30:00,0.92530376
4556,2013-11-29 22:40:00,3.6621132
4556,2013-11-29 22:40:00,1.9106454
4556,2013-11-29 22:40:00,1136.4116
4556,2013-11-29 22:40:00,5.734743
4556,2013-11-29 22:40:00,0.9853416
4556,2013-11-29 22:40:00,0.9853416
4556,2013-11-29 22:50:00,0.9853416
4556,2013-11-29 22:50:00,1173.4261
4556,2013-11-29 22:50:00,4.8094397
4556,2013-11-29 22:50:00,2.6767716
4556,2013-11-29 23:00:00,0.92530376
4556,2013-11-29 23:00:00,1088.1957
4556,2013-11-29 23:10:00,962.6294
4556,2013-11-29 23:10:00,0.92530376
4556,2013-11-29 23:20:00,0.9853416
4556,2013-11-29 23:20:00,963.2457
4556,2013-11-29 23:20:00,0.002807078
4556,2013-11-29 23:20:00,0.92530376
4556,2013-11-29 23:20:00,3.782189
4556,2013-11-29 23:30:00,1.9106454
4556,2013-11-29 23:30:00,851.155
4556,2013-11-29 23:40:00,802.391
4556,2013-11-29 23:40:00,0.92530376
4556,2013-11-29 23:40:00,0.9853416
4556,2013-11-29 23:50:00,0.9853416
4556,2013-11-29 23:50:00,0.92530376
4556,2013-11-29 23:50:00,785.3394
4556,2013-11-29 23:50:00,0.005614156
4556,2013-11-30 00:00:00,0.92530376
4556,2013-11-30 00:00:00,855.93823
4556,2013-11-30 00:00:00,0.002807078
4556,2013-11-30 00:10:00,824.78723
4556,2013-11-30 00:10:00,0.002807078
4556,2013-11-30 00:20:00,730.95337
4556,2013-11-30 00:30:00,585.946
4556,2013-11-30 00:30:00,0.002807078
4556,2013-11-30 00:40:00,523.78375
4556,2013-11-30 00:40:00,0.9853416
4556,2013-11-30 00:50:00,1.9106454
4556,2013-11-30 00:50:00,562.5612
4556,2013-11-30 00:50:00,0.9853416
4556,2013-11-30 00:50:00,0.002807078
4556,2013-11-30 01:00:00,452.06754
4556,2013-11-30 01:10:00,456.9385
4556,2013-11-30 01:20:00,0.92530376
4556,2013-11-30 01:20:00,414.48682
4556,2013-11-30 01:30:00,396.57254
4556,2013-11-30 01:40:00,411.6497
4556,2013-11-30 01:50:00,350.7849
4556,2013-11-30 01:50:00,0.9881487
4556,2013-11-30 02:00:00,342.19543
4556,2013-11-30 02:00:00,0.002807078
4556,2013-11-30 02:10:00,326.48105
4556,2013-11-30 02:20:00,325.0176
4556,2013-11-30 02:20:00,0.9881487
4556,2013-11-30 02:30:00,308.93466
4556,2013-11-30 02:30:00,0.002807078
4556,2013-11-30 02:40:00,309.58356
4556,2013-11-30 02:50:00,334.86502
4556,2013-11-30 02:50:00,0.9853416
4556,2013-11-30 03:00:00,328.3926
4556,2013-11-30 03:10:00,404.62872
4556,2013-11-30 03:20:00,0.92530376
4556,2013-11-30 03:20:00,356.98767
4556,2013-11-30 03:30:00,1.9106454
4556,2013-11-30 03:30:00,320.46048
4556,2013-11-30 03:30:00,0.9853416
4556,2013-11-30 03:40:00,314.19006
4556,2013-11-30 03:50:00,287.6262
4556,2013-11-30 03:50:00,0.002807078
4556,2013-11-30 04:00:00,0.002807078
4556,2013-11-30 04:00:00,277.72952
4556,2013-11-30 04:00:00,0.99095577
4556,2013-11-30 04:10:00,3.8212907
4556,2013-11-30 04:10:00,300.3818
4556,2013-11-30 04:20:00,320.53262
4556,2013-11-30 04:30:00,232.44176
4556,2013-11-30 04:30:00,0.9853416
4556,2013-11-30 04:40:00,270.56625
4556,2013-11-30 04:50:00,242.31061
4556,2013-11-30 05:00:00,214.39925
4556,2013-11-30 05:00:00,0.9853416
4556,2013-11-30 05:10:00,257.74054
4556,2013-11-30 05:10:00,0.9853416
4556,2013-11-30 05:20:00,0.9853416
4556,2013-11-30 05:20:00,241.56862
4556,2013-11-30 05:30:00,0.92530376
4556,2013-11-30 05:30:00,281.987
4556,2013-11-30 05:40:00,261.42548
4556,2013-11-30 05:40:00,0.9853416
4556,2013-11-30 05:50:00,1.9106454
4556,2013-11-30 05:50:00,271.52692
4556,2013-11-30 05:50:00,0.9853416
4556,2013-11-30 06:00:00,244.45691
4556,2013-11-30 06:10:00,292.89008
4556,2013-11-30 06:10:00,0.9853416
4556,2013-11-30 06:20:00,306.87573
4556,2013-11-30 06:30:00,5.731936
4556,2013-11-30 06:30:00,256.10217
4556,2013-11-30 06:30:00,0.92530376
4556,2013-11-30 06:30:00,0.92530376
4556,2013-11-30 06:40:00,280.70523
4556,2013-11-30 06:40:00,0.92530376
4556,2013-11-30 06:50:00,299.85583
4556,2013-11-30 06:50:00,0.9853416
4556,2013-11-30 06:50:00,0.92530376
4556,2013-11-30 07:00:00,301.60593
4556,2013-11-30 07:00:00,1.9106454
4556,2013-11-30 07:10:00,303.46124
4556,2013-11-30 07:10:00,0.92530376
4556,2013-11-30 07:20:00,292.2071
4556,2013-11-30 07:20:00,0.9853416
4556,2013-11-30 07:20:00,1.9106454
4556,2013-11-30 07:30:00,428.61206
4556,2013-11-30 07:30:00,0.92530376
4556,2013-11-30 07:40:00,383.1969
4556,2013-11-30 07:40:00,5.731936
4556,2013-11-30 07:50:00,1.9106454
4556,2013-11-30 07:50:00,468.23428
4556,2013-11-30 07:50:00,0.92530376
4556,2013-11-30 07:50:00,0.9853416
4556,2013-11-30 08:00:00,0.9853416
4556,2013-11-30 08:00:00,1.9106454
4556,2013-11-30 08:00:00,304.39838
4556,2013-11-30 08:00:00,3.6621132
4556,2013-11-30 08:10:00,2.8359492
4556,2013-11-30 08:10:00,4.8066325
4556,2013-11-30 08:10:00,359.9988
4556,2013-11-30 08:10:00,0.002807078
4556,2013-11-30 08:20:00,1.9106454
4556,2013-11-30 08:20:00,0.002807078
4556,2013-11-30 08:20:00,566.3637
4556,2013-11-30 08:20:00,0.9853416
4556,2013-11-30 08:30:00,0.9853416
4556,2013-11-30 08:30:00,482.30356
4556,2013-11-30 08:40:00,1.9106454
4556,2013-11-30 08:40:00,440.8579
4556,2013-11-30 08:40:00,0.002807078
4556,2013-11-30 08:50:00,1.8506075
4556,2013-11-30 08:50:00,341.6927
4556,2013-11-30 09:00:00,462.90646
4556,2013-11-30 09:00:00,2.7368095
4556,2013-11-30 09:10:00,483.23285
4556,2013-11-30 09:10:00,0.92530376
4556,2013-11-30 09:20:00,397.21878
4556,2013-11-30 09:30:00,496.2149
4556,2013-11-30 09:30:00,0.92530376
4556,2013-11-30 09:30:00,0.92530376
4556,2013-11-30 09:30:00,0.9853416
4556,2013-11-30 09:40:00,1.9106454
4556,2013-11-30 09:40:00,428.35196
4556,2013-11-30 09:40:00,0.82616407
4556,2013-11-30 09:40:00,0.9853416
4556,2013-11-30 09:50:00,0.002807078
4556,2013-11-30 09:50:00,517.3551
4556,2013-11-30 09:50:00,0.002807078
4556,2013-11-30 10:00:00,0.002807078
4556,2013-11-30 10:00:00,498.4436
4556,2013-11-30 10:00:00,0.82897115
4556,2013-11-30 10:10:00,0.82616407
4556,2013-11-30 10:10:00,543.1442
4556,2013-11-30 10:10:00,0.92530376
4556,2013-11-30 10:20:00,1.9106454
4556,2013-11-30 10:20:00,594.0001
4556,2013-11-30 10:20:00,0.82616407
4556,2013-11-30 10:20:00,0.9853416
4556,2013-11-30 10:30:00,543.2098
4556,2013-11-30 10:40:00,508.73932
4556,2013-11-30 10:40:00,0.82616407
4556,2013-11-30 10:40:00,2.8359492
4556,2013-11-30 10:50:00,501.77356
4556,2013-11-30 10:50:00,0.92530376
4556,2013-11-30 11:00:00,507.49924
4556,2013-11-30 11:10:00,0.002807078
4556,2013-11-30 11:10:00,566.7856
4556,2013-11-30 11:10:00,1.9706832
4556,2013-11-30 11:10:00,0.82616407
4556,2013-11-30 11:10:00,0.002807078
4556,2013-11-30 11:20:00,0.92530376
4556,2013-11-30 11:20:00,0.9853416
4556,2013-11-30 11:20:00,524.8415
4556,2013-11-30 11:20:00,0.9853416
4556,2013-11-30 11:30:00,461.21255
4556,2013-11-30 11:40:00,514.4894
4556,2013-11-30 11:50:00,1.9106454
4556,2013-11-30 11:50:00,2.895987
4556,2013-11-30 11:50:00,548.6951
4556,2013-11-30 12:00:00,0.92530376
4556,2013-11-30 12:00:00,617.6451
4556,2013-11-30 12:00:00,1.9106454
4556,2013-11-30 12:00:00,1.9106454
4556,2013-11-30 12:10:00,646.4771
4556,2013-11-30 12:10:00,1.8506075
4556,2013-11-30 12:10:00,1.9106454
4556,2013-11-30 12:20:00,0.92530376
4556,2013-11-30 12:20:00,663.7133
4556,2013-11-30 12:20:00,1.9106454
4556,2013-11-30 12:20:00,0.92530376
4556,2013-11-30 12:20:00,0.92530376
4556,2013-11-30 12:30:00,1.9106454
4556,2013-11-30 12:30:00,614.81665
4556,2013-11-30 12:30:00,1.9106454
4556,2013-11-30 12:30:00,1.9106454
4556,2013-11-30 12:30:00,1.9106454
4556,2013-11-30 12:40:00,0.002807078
4556,2013-11-30 12:40:00,655.5622
4556,2013-11-30 12:40:00,0.92530376
4556,2013-11-30 12:40:00,2.895987
4556,2013-11-30 12:40:00,1.9106454
4556,2013-11-30 12:50:00,561.56415
4556,2013-11-30 12:50:00,0.92530376
4556,2013-11-30 13:00:00,0.005614156
4556,2013-11-30 13:00:00,597.02167
4556,2013-11-30 13:00:00,0.9853416
4556,2013-11-30 13:10:00,606.5704
4556,2013-11-30 13:10:00,1.8506075
4556,2013-11-30 13:10:00,0.9853416
4556,2013-11-30 13:20:00,0.92530376
4556,2013-11-30 13:20:00,766.53107
4556,2013-11-30 13:20:00,0.92530376
4556,2013-11-30 13:20:00,0.92530376
4556,2013-11-30 13:30:00,694.50806
4556,2013-11-30 13:30:00,4.6265187
4556,2013-11-30 13:30:00,0.9853416
4556,2013-11-30 13:30:00,0.9853416
4556,2013-11-30 13:40:00,730.01105
4556,2013-11-30 13:40:00,0.92530376
4556,2013-11-30 13:40:00,0.92530376
4556,2013-11-30 13:50:00,600.4692
4556,2013-11-30 13:50:00,0.002807078
4556,2013-11-30 13:50:00,1.9106454
4556,2013-11-30 14:00:00,0.92530376
4556,2013-11-30 14:00:00,659.079
4556,2013-11-30 14:00:00,1.9106454
4556,2013-11-30 14:10:00,546.2671
4556,2013-11-30 14:10:00,1.9106454
4556,2013-11-30 14:20:00,551.51434
4556,2013-11-30 14:20:00,1.7514678
4556,2013-11-30 14:30:00,525.74255
4556,2013-11-30 14:30:00,0.002807078
4556,2013-11-30 14:30:00,1.8506075
4556,2013-11-30 14:30:00,0.002807078
4556,2013-11-30 14:40:00,576.49524
4556,2013-11-30 14:40:00,4.7465944
4556,2013-11-30 14:40:00,0.005614156
4556,2013-11-30 14:50:00,0.002807078
4556,2013-11-30 14:50:00,567.0846
4556,2013-11-30 14:50:00,1.7514678
4556,2013-11-30 15:00:00,572.17285
4556,2013-11-30 15:00:00,1.9106454
4556,2013-11-30 15:10:00,662.0178
4556,2013-11-30 15:10:00,4.587417
4556,2013-11-30 15:10:00,0.92530376
4556,2013-11-30 15:10:00,0.002807078
4556,2013-11-30 15:20:00,550.9117
4556,2013-11-30 15:20:00,3.6649203
4556,2013-11-30 15:20:00,0.002807078
4556,2013-11-30 15:30:00,0.9853416
4556,2013-11-30 15:30:00,1.9106454
4556,2013-11-30 15:30:00,608.6205
4556,2013-11-30 15:30:00,4.587417
4556,2013-11-30 15:30:00,0.002807078
4556,2013-11-30 15:40:00,506.56628
4556,2013-11-30 15:40:00,5.6718984
4556,2013-11-30 15:40:00,1.9106454
4556,2013-11-30 15:50:00,0.9881487
4556,2013-11-30 15:50:00,1.6523281
4556,2013-11-30 15:50:00,647.71466
4556,2013-11-30 15:50:00,0.92530376
4556,2013-11-30 16:00:00,607.8096
4556,2013-11-30 16:00:00,0.82616407
4556,2013-11-30 16:10:00,0.9853416
4556,2013-11-30 16:10:00,724.64056
4556,2013-11-30 16:10:00,3.8212907
4556,2013-11-30 16:20:00,0.002807078
4556,2013-11-30 16:20:00,0.002807078
4556,2013-11-30 16:20:00,623.3942
4556,2013-11-30 16:20:00,0.005614156
4556,2013-11-30 16:30:00,1.9706832
4556,2013-11-30 16:30:00,666.0313
4556,2013-11-30 16:40:00,581.932
4556,2013-11-30 16:40:00,0.002807078
4556,2013-11-30 16:40:00,2.8387563
4556,2013-11-30 16:40:00,0.92530376
4556,2013-11-30 16:50:00,0.9853416
4556,2013-11-30 16:50:00,708.3154
4556,2013-11-30 16:50:00,2.8359492
4556,2013-11-30 17:00:00,0.002807078
4556,2013-11-30 17:00:00,542.7814
4556,2013-11-30 17:00:00,0.92530376
4556,2013-11-30 17:00:00,6.7172775
4556,2013-11-30 17:00:00,0.99095577
4556,2013-11-30 17:10:00,0.92530376
4556,2013-11-30 17:10:00,573.02747
4556,2013-11-30 17:10:00,1.8534145
4556,2013-11-30 17:10:00,3.76406
4556,2013-11-30 17:20:00,0.9853416
4556,2013-11-30 17:20:00,554.826
4556,2013-11-30 17:20:00,0.002807078
4556,2013-11-30 17:20:00,0.002807078
4556,2013-11-30 17:30:00,2.8387563
4556,2013-11-30 17:30:00,562.9591
4556,2013-11-30 17:30:00,2.8387563
4556,2013-11-30 17:40:00,592.0452
4556,2013-11-30 17:40:00,0.9853416
4556,2013-11-30 17:40:00,0.005614156
4556,2013-11-30 17:50:00,0.92530376
4556,2013-11-30 17:50:00,0.82616407
4556,2013-11-30 17:50:00,698.2864
4556,2013-11-30 17:50:00,0.92530376
4556,2013-11-30 17:50:00,1.9106454
4556,2013-11-30 17:50:00,0.92530376
4556,2013-11-30 18:00:00,789.6649
4556,2013-11-30 18:00:00,1.9106454
4556,2013-11-30 18:00:00,0.9853416
4556,2013-11-30 18:10:00,808.2597
4556,2013-11-30 18:10:00,1.9106454
4556,2013-11-30 18:10:00,0.92811084
4556,2013-11-30 18:10:00,3.8212907
4556,2013-11-30 18:10:00,0.92530376
4556,2013-11-30 18:20:00,645.9968
4556,2013-11-30 18:20:00,1.9106454
4556,2013-11-30 18:20:00,0.92530376
4556,2013-11-30 18:30:00,2.7368095
4556,2013-11-30 18:30:00,0.008421234
4556,2013-11-30 18:30:00,710.3744
4556,2013-11-30 18:30:00,0.9853416
4556,2013-11-30 18:40:00,0.9853416
4556,2013-11-30 18:40:00,1.8562217
4556,2013-11-30 18:40:00,0.92530376
4556,2013-11-30 18:40:00,751.3224
4556,2013-11-30 18:40:00,1.9106454
4556,2013-11-30 18:40:00,1.9106454
4556,2013-11-30 18:50:00,3.6048825
4556,2013-11-30 18:50:00,0.92530376
4556,2013-11-30 18:50:00,4.4882774
4556,2013-11-30 18:50:00,836.3109
4556,2013-11-30 18:50:00,1.9106454
4556,2013-11-30 18:50:00,0.002807078
4556,2013-11-30 18:50:00,3.8813286
4556,2013-11-30 18:50:00,0.002807078
4556,2013-11-30 19:00:00,2.956025
4556,2013-11-30 19:00:00,0.9853416
4556,2013-11-30 19:00:00,2.895987
4556,2013-11-30 19:00:00,765.4154
4556,2013-11-30 19:00:00,1.9106454
4556,2013-11-30 19:00:00,2.956025
4556,2013-11-30 19:00:00,0.9853416
4556,2013-11-30 19:00:00,1.7514678
4556,2013-11-30 19:10:00,0.92811084
4556,2013-11-30 19:10:00,12.899792
4556,2013-11-30 19:10:00,827.44116
4556,2013-11-30 19:10:00,3.722151
4556,2013-11-30 19:20:00,0.002807078
4556,2013-11-30 19:20:00,0.005614156
4556,2013-11-30 19:20:00,3.8212907
4556,2013-11-30 19:20:00,13.8222885
4556,2013-11-30 19:20:00,733.5962
4556,2013-11-30 19:20:00,1.9106454
4556,2013-11-30 19:30:00,1.9706832
4556,2013-11-30 19:30:00,2.7759113
4556,2013-11-30 19:30:00,1.9106454
4556,2013-11-30 19:30:00,14.044312
4556,2013-11-30 19:30:00,819.9275
4556,2013-11-30 19:30:00,0.002807078
4556,2013-11-30 19:30:00,0.9853416
4556,2013-11-30 19:30:00,0.9853416
4556,2013-11-30 19:30:00,1.9106454
4556,2013-11-30 19:40:00,0.9853416
4556,2013-11-30 19:40:00,0.002807078
4556,2013-11-30 19:40:00,5.857626
4556,2013-11-30 19:40:00,784.67426
4556,2013-11-30 19:40:00,0.005614156
4556,2013-11-30 19:40:00,0.9853416
4556,2013-11-30 19:50:00,0.9853416
4556,2013-11-30 19:50:00,1.8534145
4556,2013-11-30 19:50:00,0.9853416
4556,2013-11-30 19:50:00,8.528784
4556,2013-11-30 19:50:00,3.701215
4556,2013-11-30 19:50:00,881.7154
4556,2013-11-30 19:50:00,0.005614156
4556,2013-11-30 19:50:00,0.002807078
4556,2013-11-30 19:50:00,0.9853416
4556,2013-11-30 19:50:00,3.76406
4556,2013-11-30 20:00:00,0.92530376
4556,2013-11-30 20:00:00,0.9853416
4556,2013-11-30 20:00:00,6.5581
4556,2013-11-30 20:00:00,0.92530376
4556,2013-11-30 20:00:00,1133.3424
4556,2013-11-30 20:00:00,0.9309179
4556,2013-11-30 20:00:00,0.002807078
4556,2013-11-30 20:00:00,0.9853416
4556,2013-11-30 20:00:00,3.5029356
4556,2013-11-30 20:10:00,0.92530376
4556,2013-11-30 20:10:00,1.9706832
4556,2013-11-30 20:10:00,6.4017296
4556,2013-11-30 20:10:00,928.31586
4556,2013-11-30 20:10:00,0.002807078
4556,2013-11-30 20:10:00,2.895987
4556,2013-11-30 20:10:00,0.99095577
4556,2013-11-30 20:10:00,0.005614156
4556,2013-11-30 20:10:00,2.8359492
4556,2013-11-30 20:10:00,0.9853416
4556,2013-11-30 20:20:00,0.002807078
4556,2013-11-30 20:20:00,5.5727587
4556,2013-11-30 20:20:00,916.64417
4556,2013-11-30 20:20:00,0.008421234
4556,2013-11-30 20:20:00,1.7542748
4556,2013-11-30 20:20:00,1.9106454
4556,2013-11-30 20:20:00,1.8506075
4556,2013-11-30 20:30:00,2.8387563
4556,2013-11-30 20:30:00,9.237679
4556,2013-11-30 20:30:00,1014.0818
4556,2013-11-30 20:30:00,1.8534145
4556,2013-11-30 20:30:00,0.9881487
4556,2013-11-30 20:30:00,4.5902243
4556,2013-11-30 20:30:00,7.6425815
4556,2013-11-30 20:40:00,0.92811084
4556,2013-11-30 20:40:00,1.8506075
4556,2013-11-30 20:40:00,1001.3796
4556,2013-11-30 20:40:00,0.9309179
4556,2013-11-30 20:40:00,0.92530376
4556,2013-11-30 20:40:00,1.8506075
4556,2013-11-30 20:40:00,0.92530376
4556,2013-11-30 20:40:00,0.9853416
4556,2013-11-30 20:50:00,1.8506075
4556,2013-11-30 20:50:00,0.92530376
4556,2013-11-30 20:50:00,3.826905
4556,2013-11-30 20:50:00,1088.0442
4556,2013-11-30 20:50:00,1.9106454
4556,2013-11-30 20:50:00,0.002807078
4556,2013-11-30 20:50:00,1.9134525
4556,2013-11-30 21:00:00,0.9853416
4556,2013-11-30 21:00:00,0.92530376
4556,2013-11-30 21:00:00,1.9162595
4556,2013-11-30 21:00:00,2.7968473
4556,2013-11-30 21:00:00,1.9134525
4556,2013-11-30 21:00:00,998.7801
4556,2013-11-30 21:00:00,1.9106454
4556,2013-11-30 21:00:00,0.9853416
4556,2013-11-30 21:00:00,3.8212907
4556,2013-11-30 21:10:00,0.9853416
4556,2013-11-30 21:10:00,0.92530376
4556,2013-11-30 21:10:00,0.002807078
4556,2013-11-30 21:10:00,1189.6725
4556,2013-11-30 21:10:00,0.8317782
4556,2013-11-30 21:10:00,0.002807078
4556,2013-11-30 21:10:00,0.9853416
4556,2013-11-30 21:20:00,0.002807078
4556,2013-11-30 21:20:00,0.9881487
4556,2013-11-30 21:20:00,1269.249
4556,2013-11-30 21:20:00,0.92530376
4556,2013-11-30 21:20:00,0.92530376
4556,2013-11-30 21:20:00,0.92530376
4556,2013-11-30 21:30:00,0.9853416
4556,2013-11-30 21:30:00,0.9853416
4556,2013-11-30 21:30:00,0.92530376
4556,2013-11-30 21:30:00,1082.108
4556,2013-11-30 21:30:00,0.99095577
4556,2013-11-30 21:30:00,0.92530376
4556,2013-11-30 21:30:00,1.9706832
4556,2013-11-30 21:40:00,2.895987
4556,2013-11-30 21:40:00,1148.1798
4556,2013-11-30 21:40:00,2.7759113
4556,2013-11-30 21:40:00,1.9706832
4556,2013-11-30 21:40:00,1.9106454
4556,2013-11-30 21:50:00,0.005614156
4556,2013-11-30 21:50:00,2.7759113
4556,2013-11-30 21:50:00,0.9881487
4556,2013-11-30 21:50:00,1052.6947
4556,2013-11-30 21:50:00,3.8212907
4556,2013-11-30 22:00:00,1.9106454
4556,2013-11-30 22:00:00,0.92530376
4556,2013-11-30 22:00:00,1.8506075
4556,2013-11-30 22:00:00,1139.3021
4556,2013-11-30 22:00:00,5.6747055
4556,2013-11-30 22:00:00,0.92811084
4556,2013-11-30 22:10:00,0.99095577
4556,2013-11-30 22:10:00,1300.7178
4556,2013-11-30 22:10:00,1.8506075
4556,2013-11-30 22:10:00,0.005614156
4556,2013-11-30 22:10:00,0.9853416
4556,2013-11-30 22:20:00,2.7759113
4556,2013-11-30 22:20:00,1281.9021
4556,2013-11-30 22:20:00,2.8387563
4556,2013-11-30 22:20:00,0.9853416
4556,2013-11-30 22:20:00,0.92530376
4556,2013-11-30 22:30:00,5.5518227
4556,2013-11-30 22:30:00,0.92530376
4556,2013-11-30 22:30:00,6.5399714
4556,2013-11-30 22:30:00,1206.1084
4556,2013-11-30 22:30:00,1.757082
4556,2013-11-30 22:30:00,0.002807078
4556,2013-11-30 22:30:00,0.002807078
4556,2013-11-30 22:30:00,0.9853416
4556,2013-11-30 22:40:00,0.9853416
4556,2013-11-30 22:40:00,0.92530376
4556,2013-11-30 22:40:00,2.8359492
4556,2013-11-30 22:40:00,1.8534145
4556,2013-11-30 22:40:00,1628.4352
4556,2013-11-30 22:40:00,1.9706832
4556,2013-11-30 22:50:00,2.7996545
4556,2013-11-30 22:50:00,1223.4573
4556,2013-11-30 22:50:00,0.005614156
4556,2013-11-30 22:50:00,0.002807078
4556,2013-11-30 22:50:00,0.002807078
4556,2013-11-30 22:50:00,0.002807078
4556,2013-11-30 23:00:00,0.92530376
4556,2013-11-30 23:00:00,1191.5912
4556,2013-11-30 23:00:00,0.002807078
4556,2013-11-30 23:00:00,0.99376285
4556,2013-11-30 23:00:00,2.895987
4556,2013-11-30 23:10:00,1275.7657
4556,2013-11-30 23:10:00,0.92530376
4556,2013-11-30 23:10:00,0.002807078
4556,2013-11-30 23:10:00,0.002807078
4556,2013-11-30 23:20:00,0.002807078
4556,2013-11-30 23:20:00,1186.364
4556,2013-11-30 23:20:00,1.7542748
4556,2013-11-30 23:20:00,0.92530376
4556,2013-11-30 23:20:00,1.8506075
4556,2013-11-30 23:20:00,0.002807078
4556,2013-11-30 23:30:00,1159.5424
4556,2013-11-30 23:30:00,0.9853416
4556,2013-11-30 23:30:00,0.002807078
4556,2013-11-30 23:30:00,0.9853416
4556,2013-11-30 23:30:00,0.9853416
4556,2013-11-30 23:40:00,0.002807078
4556,2013-11-30 23:40:00,0.005614156
4556,2013-11-30 23:40:00,1170.9055
4556,2013-11-30 23:40:00,0.9881487
4556,2013-11-30 23:40:00,0.002807078
4556,2013-11-30 23:50:00,0.002807078
4556,2013-11-30 23:50:00,0.008421234
4556,2013-11-30 23:50:00,1.9706832
4556,2013-11-30 23:50:00,989.3128
4556,2013-11-30 23:50:00,0.9853416
4556,2013-12-01 00:00:00,0.011228312
4556,2013-12-01 00:00:00,1216.483
4556,2013-12-01 00:00:00,0.92530376
4556,2013-12-01 00:00:00,0.92530376
4556,2013-12-01 00:10:00,0.011228312
4556,2013-12-01 00:10:00,872.80774
4556,2013-12-01 00:10:00,0.92530376
4556,2013-12-01 00:10:00,0.002807078
4556,2013-12-01 00:20:00,0.002807078
4556,2013-12-01 00:20:00,0.002807078
4556,2013-12-01 00:20:00,864.1324
4556,2013-12-01 00:30:00,0.005614156
4556,2013-12-01 00:30:00,796.2409
4556,2013-12-01 00:30:00,1.8506075
4556,2013-12-01 00:40:00,0.005614156
4556,2013-12-01 00:40:00,784.50745
4556,2013-12-01 00:50:00,775.0073
4556,2013-12-01 00:50:00,0.002807078
4556,2013-12-01 01:00:00,619.13617
4556,2013-12-01 01:10:00,661.6749
4556,2013-12-01 01:10:00,0.9853416
4556,2013-12-01 01:20:00,0.82616407
4556,2013-12-01 01:20:00,537.3429
4556,2013-12-01 01:30:00,1.6523281
4556,2013-12-01 01:30:00,407.53897
4556,2013-12-01 01:30:00,0.9853416
4556,2013-12-01 01:40:00,446.66833
4556,2013-12-01 01:40:00,0.82616407
4556,2013-12-01 01:50:00,471.04968
4556,2013-12-01 02:00:00,354.0435
4556,2013-12-01 02:10:00,335.96033
4556,2013-12-01 02:10:00,2.8359492
4556,2013-12-01 02:20:00,313.54794
4556,2013-12-01 02:30:00,291.0873
4556,2013-12-01 02:30:00,0.002807078
4556,2013-12-01 02:40:00,288.76562
4556,2013-12-01 02:50:00,4.6265187
4556,2013-12-01 02:50:00,278.3626
4556,2013-12-01 03:00:00,285.40707
4556,2013-12-01 03:10:00,277.24228
4556,2013-12-01 03:10:00,1.9106454
4556,2013-12-01 03:20:00,258.4369
4556,2013-12-01 03:20:00,0.92530376
4556,2013-12-01 03:30:00,240.68823
4556,2013-12-01 03:40:00,265.22116
4556,2013-12-01 03:50:00,241.66982
4556,2013-12-01 04:00:00,227.41881
4556,2013-12-01 04:00:00,0.92530376
4556,2013-12-01 04:10:00,232.1611
4556,2013-12-01 04:20:00,217.50006
4556,2013-12-01 04:30:00,237.18282
4556,2013-12-01 04:40:00,238.16672
4556,2013-12-01 04:50:00,220.29373
4556,2013-12-01 05:00:00,207.58247
4556,2013-12-01 05:00:00,0.9853416
4556,2013-12-01 05:10:00,211.19743
4556,2013-12-01 05:20:00,215.45117
4556,2013-12-01 05:30:00,198.94522
4556,2013-12-01 05:40:00,197.61212
4556,2013-12-01 05:50:00,200.879
4556,2013-12-01 06:00:00,203.83093
4556,2013-12-01 06:10:00,212.38106
4556,2013-12-01 06:20:00,202.69797
4556,2013-12-01 06:30:00,0.002807078
4556,2013-12-01 06:30:00,200.12563
4556,2013-12-01 06:40:00,210.63933
4556,2013-12-01 06:40:00,0.92530376
4556,2013-12-01 06:50:00,242.7277
4556,2013-12-01 07:00:00,211.94936
4556,2013-12-01 07:10:00,241.65706
4556,2013-12-01 07:20:00,226.45345
4556,2013-12-01 07:20:00,3.8212907
4556,2013-12-01 07:30:00,2.7368095
4556,2013-12-01 07:30:00,264.74084
4556,2013-12-01 07:30:00,0.92530376
4556,2013-12-01 07:30:00,1.9106454
4556,2013-12-01 07:40:00,0.92530376
4556,2013-12-01 07:40:00,297.7199
4556,2013-12-01 07:40:00,1.9106454
4556,2013-12-01 07:50:00,3.8212907
4556,2013-12-01 07:50:00,258.04333
4556,2013-12-01 07:50:00,3.8212907
4556,2013-12-01 08:00:00,305.74203
4556,2013-12-01 08:00:00,8.468745
4556,2013-12-01 08:10:00,0.9881487
4556,2013-12-01 08:10:00,294.55652
4556,2013-12-01 08:10:00,0.92530376
4556,2013-12-01 08:20:00,0.9853416
4556,2013-12-01 08:20:00,360.0883
4556,2013-12-01 08:30:00,297.6012
4556,2013-12-01 08:30:00,0.92530376
4556,2013-12-01 08:40:00,289.16537
4556,2013-12-01 08:40:00,0.92530376
4556,2013-12-01 08:50:00,330.22488
4556,2013-12-01 08:50:00,0.9853416
4556,2013-12-01 08:50:00,6.477126
4556,2013-12-01 09:00:00,387.47162
4556,2013-12-01 09:00:00,3.701215
4556,2013-12-01 09:10:00,335.14157
4556,2013-12-01 09:10:00,1.9106454
4556,2013-12-01 09:10:00,0.92530376
4556,2013-12-01 09:10:00,0.9853416
4556,2013-12-01 09:20:00,347.0739
4556,2013-12-01 09:30:00,374.76437
4556,2013-12-01 09:40:00,378.7484
4556,2013-12-01 09:40:00,0.9853416
4556,2013-12-01 09:50:00,0.008421234
4556,2013-12-01 09:50:00,454.1785
4556,2013-12-01 09:50:00,0.92530376
4556,2013-12-01 10:00:00,457.6027
4556,2013-12-01 10:00:00,2.895987
4556,2013-12-01 10:10:00,3.5029356
4556,2013-12-01 10:10:00,457.63168
4556,2013-12-01 10:10:00,0.82616407
4556,2013-12-01 10:20:00,2.8359492
4556,2013-12-01 10:20:00,427.9018
4556,2013-12-01 10:20:00,0.92530376
4556,2013-12-01 10:30:00,0.9853416
4556,2013-12-01 10:30:00,439.19724
4556,2013-12-01 10:30:00,1.7514678
4556,2013-12-01 10:40:00,463.85703
4556,2013-12-01 10:50:00,4.7494016
4556,2013-12-01 10:50:00,465.032
4556,2013-12-01 10:50:00,0.92530376
4556,2013-12-01 11:00:00,1.9791045
4556,2013-12-01 11:00:00,556.86475
4556,2013-12-01 11:10:00,1.9106454
4556,2013-12-01 11:10:00,577.2486
4556,2013-12-01 11:10:00,0.92530376
4556,2013-12-01 11:10:00,1.9706832
4556,2013-12-01 11:20:00,1.9706832
4556,2013-12-01 11:20:00,539.0111
4556,2013-12-01 11:20:00,0.92530376
4556,2013-12-01 11:30:00,0.92530376
4556,2013-12-01 11:30:00,0.92811084
4556,2013-12-01 11:30:00,565.65784
4556,2013-12-01 11:30:00,0.9853416
4556,2013-12-01 11:30:00,0.002807078
4556,2013-12-01 11:40:00,0.92530376
4556,2013-12-01 11:40:00,603.04364
4556,2013-12-01 11:40:00,1.9106454
4556,2013-12-01 11:40:00,1.9706832
4556,2013-12-01 11:40:00,0.92530376
4556,2013-12-01 11:40:00,0.92811084
4556,2013-12-01 11:50:00,0.9853416
4556,2013-12-01 11:50:00,0.92530376
4556,2013-12-01 11:50:00,544.8077
4556,2013-12-01 11:50:00,0.92530376
4556,2013-12-01 11:50:00,0.9853416
4556,2013-12-01 12:00:00,653.17236
4556,2013-12-01 12:00:00,0.933725
4556,2013-12-01 12:00:00,0.002807078
4556,2013-12-01 12:10:00,719.7388
4556,2013-12-01 12:10:00,0.002807078
4556,2013-12-01 12:20:00,1.9106454
4556,2013-12-01 12:20:00,1.9106454
4556,2013-12-01 12:20:00,538.2061
4556,2013-12-01 12:20:00,1.7514678
4556,2013-12-01 12:20:00,0.002807078
4556,2013-12-01 12:20:00,0.9309179
4556,2013-12-01 12:30:00,1.9734904
4556,2013-12-01 12:30:00,631.1976
4556,2013-12-01 12:30:00,0.005614156
4556,2013-12-01 12:40:00,0.99095577
4556,2013-12-01 12:40:00,732.91455
4556,2013-12-01 12:40:00,1.9706832
4556,2013-12-01 12:50:00,0.92530376
4556,2013-12-01 12:50:00,0.005614156
4556,2013-12-01 12:50:00,0.002807078
4556,2013-12-01 12:50:00,770.9782
4556,2013-12-01 12:50:00,0.92530376
4556,2013-12-01 12:50:00,0.9853416
4556,2013-12-01 12:50:00,0.9853416
4556,2013-12-01 13:00:00,1.9106454
4556,2013-12-01 13:00:00,1.9134525
4556,2013-12-01 13:00:00,575.05426
4556,2013-12-01 13:00:00,0.92530376
4556,2013-12-01 13:00:00,0.92530376
4556,2013-12-01 13:00:00,1.7514678
4556,2013-12-01 13:10:00,0.9853416
4556,2013-12-01 13:10:00,1.9706832
4556,2013-12-01 13:10:00,691.1244
4556,2013-12-01 13:10:00,0.9853416
4556,2013-12-01 13:10:00,0.002807078
4556,2013-12-01 13:20:00,4.7494016
4556,2013-12-01 13:20:00,549.821
4556,2013-12-01 13:30:00,0.82897115
4556,2013-12-01 13:30:00,772.3421
4556,2013-12-01 13:30:00,0.92530376
4556,2013-12-01 13:40:00,3.782189
4556,2013-12-01 13:40:00,711.12714
4556,2013-12-01 13:50:00,0.9853416
4556,2013-12-01 13:50:00,2.8359492
4556,2013-12-01 13:50:00,706.1358
4556,2013-12-01 13:50:00,0.92530376
4556,2013-12-01 13:50:00,0.82616407
4556,2013-12-01 14:00:00,2.8359492
4556,2013-12-01 14:00:00,626.1195
4556,2013-12-01 14:00:00,0.002807078
4556,2013-12-01 14:00:00,0.92530376
4556,2013-12-01 14:10:00,0.9881487
4556,2013-12-01 14:10:00,766.4403
4556,2013-12-01 14:10:00,0.92530376
4556,2013-12-01 14:10:00,0.92530376
4556,2013-12-01 14:20:00,0.9853416
4556,2013-12-01 14:20:00,735.4025
4556,2013-12-01 14:20:00,0.92530376
4556,2013-12-01 14:20:00,1.9706832
4556,2013-12-01 14:20:00,0.002807078
4556,2013-12-01 14:30:00,0.9853416
4556,2013-12-01 14:30:00,702.1806
4556,2013-12-01 14:40:00,631.0706
4556,2013-12-01 14:40:00,0.92530376
4556,2013-12-01 14:40:00,5.6718984
4556,2013-12-01 14:50:00,683.883
4556,2013-12-01 15:00:00,630.2348
4556,2013-12-01 15:00:00,1.9106454
4556,2013-12-01 15:00:00,1.9106454
4556,2013-12-01 15:10:00,0.92530376
4556,2013-12-01 15:10:00,641.81854
4556,2013-12-01 15:10:00,4.8066325
4556,2013-12-01 15:20:00,663.7093
4556,2013-12-01 15:20:00,1.9706832
4556,2013-12-01 15:30:00,0.9853416
4556,2013-12-01 15:30:00,682.74835
4556,2013-12-01 15:30:00,3.8212907
4556,2013-12-01 15:30:00,1.9106454
4556,2013-12-01 15:40:00,1.8506075
4556,2013-12-01 15:40:00,0.92530376
4556,2013-12-01 15:40:00,695.4492
4556,2013-12-01 15:40:00,0.9853416
4556,2013-12-01 15:40:00,0.9853416
4556,2013-12-01 15:50:00,0.92530376
4556,2013-12-01 15:50:00,0.92530376
4556,2013-12-01 15:50:00,1.7514678
4556,2013-12-01 15:50:00,1.9706832
4556,2013-12-01 15:50:00,865.44366
4556,2013-12-01 15:50:00,1.8506075
4556,2013-12-01 16:00:00,1.9134525
4556,2013-12-01 16:00:00,581.9753
4556,2013-12-01 16:10:00,0.002807078
4556,2013-12-01 16:10:00,630.9474
4556,2013-12-01 16:10:00,0.92530376
4556,2013-12-01 16:10:00,0.002807078
4556,2013-12-01 16:20:00,672.8883
4556,2013-12-01 16:20:00,1.9134525
4556,2013-12-01 16:20:00,1.9134525
4556,2013-12-01 16:30:00,0.002807078
4556,2013-12-01 16:30:00,619.5779
4556,2013-12-01 16:30:00,0.92530376
4556,2013-12-01 16:30:00,0.9853416
4556,2013-12-01 16:40:00,0.9853416
4556,2013-12-01 16:40:00,628.52924
4556,2013-12-01 16:40:00,1.8534145
4556,2013-12-01 16:40:00,0.9853416
4556,2013-12-01 16:50:00,602.5372
4556,2013-12-01 16:50:00,2.8387563
4556,2013-12-01 16:50:00,0.005614156
4556,2013-12-01 16:50:00,0.9853416
4556,2013-12-01 17:00:00,0.002807078
4556,2013-12-01 17:00:00,655.4664
4556,2013-12-01 17:10:00,0.002807078
4556,2013-12-01 17:10:00,711.9474
4556,2013-12-01 17:10:00,2.895987
4556,2013-12-01 17:10:00,0.92530376
4556,2013-12-01 17:20:00,1.9734904
4556,2013-12-01 17:20:00,802.2144
4556,2013-12-01 17:20:00,2.8359492
4556,2013-12-01 17:20:00,1.8506075
4556,2013-12-01 17:30:00,0.002807078
4556,2013-12-01 17:30:00,1.8506075
4556,2013-12-01 17:30:00,663.297
4556,2013-12-01 17:40:00,0.9853416
4556,2013-12-01 17:40:00,1.8506075
4556,2013-12-01 17:40:00,3.8212907
4556,2013-12-01 17:40:00,646.0815
4556,2013-12-01 17:40:00,0.92530376
4556,2013-12-01 17:50:00,0.005614156
4556,2013-12-01 17:50:00,0.002807078
4556,2013-12-01 17:50:00,0.9853416
4556,2013-12-01 17:50:00,3.8212907
4556,2013-12-01 17:50:00,653.97943
4556,2013-12-01 17:50:00,0.002807078
4556,2013-12-01 17:50:00,0.92530376
4556,2013-12-01 18:00:00,0.9853416
4556,2013-12-01 18:00:00,686.3417
4556,2013-12-01 18:00:00,0.92530376
4556,2013-12-01 18:10:00,0.002807078
4556,2013-12-01 18:10:00,0.9853416
4556,2013-12-01 18:10:00,601.6529
4556,2013-12-01 18:10:00,0.92530376
4556,2013-12-01 18:20:00,1.9106454
4556,2013-12-01 18:20:00,0.002807078
4556,2013-12-01 18:20:00,1.9106454
4556,2013-12-01 18:20:00,743.01984
4556,2013-12-01 18:20:00,0.002807078
4556,2013-12-01 18:30:00,1.8199269
4556,2013-12-01 18:30:00,0.9853416
4556,2013-12-01 18:30:00,631.66864
4556,2013-12-01 18:30:00,0.92530376
4556,2013-12-01 18:30:00,0.92530376
4556,2013-12-01 18:40:00,0.002807078
4556,2013-12-01 18:40:00,1.8618358
4556,2013-12-01 18:40:00,635.5936
4556,2013-12-01 18:40:00,0.92530376
4556,2013-12-01 18:40:00,0.005614156
4556,2013-12-01 18:50:00,0.002807078
4556,2013-12-01 18:50:00,3.8240979
4556,2013-12-01 18:50:00,741.03076
4556,2013-12-01 18:50:00,0.9853416
4556,2013-12-01 18:50:00,0.011228312
4556,2013-12-01 19:00:00,0.92530376
4556,2013-12-01 19:00:00,0.002807078
4556,2013-12-01 19:00:00,1.8590287
4556,2013-12-01 19:00:00,937.5669
4556,2013-12-01 19:00:00,1.9706832
4556,2013-12-01 19:10:00,0.9853416
4556,2013-12-01 19:10:00,0.005614156
4556,2013-12-01 19:10:00,4.8066325
4556,2013-12-01 19:10:00,751.7362
4556,2013-12-01 19:10:00,0.002807078
4556,2013-12-01 19:20:00,0.002807078
4556,2013-12-01 19:20:00,1.9106454
4556,2013-12-01 19:20:00,716.544
4556,2013-12-01 19:20:00,1.8506075
4556,2013-12-01 19:30:00,0.002807078
4556,2013-12-01 19:30:00,0.9853416
4556,2013-12-01 19:30:00,789.0428
4556,2013-12-01 19:30:00,1.8506075
4556,2013-12-01 19:40:00,1.9706832
4556,2013-12-01 19:40:00,0.92530376
4556,2013-12-01 19:40:00,918.2049
4556,2013-12-01 19:40:00,0.9853416
4556,2013-12-01 19:40:00,0.005614156
4556,2013-12-01 19:50:00,1.9106454
4556,2013-12-01 19:50:00,0.002807078
4556,2013-12-01 19:50:00,818.15826
4556,2013-12-01 19:50:00,0.002807078
4556,2013-12-01 20:00:00,0.92530376
4556,2013-12-01 20:00:00,765.6156
4556,2013-12-01 20:00:00,0.92530376
4556,2013-12-01 20:00:00,0.92530376
4556,2013-12-01 20:10:00,886.2964
4556,2013-12-01 20:10:00,0.002807078
4556,2013-12-01 20:20:00,1.8506075
4556,2013-12-01 20:20:00,0.92530376
4556,2013-12-01 20:20:00,684.76196
4556,2013-12-01 20:20:00,0.002807078
4556,2013-12-01 20:20:00,0.002807078
4556,2013-12-01 20:30:00,1.8506075
4556,2013-12-01 20:30:00,834.5445
4556,2013-12-01 20:30:00,0.92530376
4556,2013-12-01 20:40:00,0.92530376
4556,2013-12-01 20:40:00,898.2051
4556,2013-12-01 20:50:00,0.92530376
4556,2013-12-01 20:50:00,955.3056
4556,2013-12-01 21:00:00,752.14856
4556,2013-12-01 21:00:00,0.002807078
4556,2013-12-01 21:00:00,1.9106454
4556,2013-12-01 21:10:00,2.7759113
4556,2013-12-01 21:10:00,0.002807078
4556,2013-12-01 21:10:00,761.33264
4556,2013-12-01 21:20:00,713.31085
4556,2013-12-01 21:30:00,0.92530376
4556,2013-12-01 21:30:00,752.8477
4556,2013-12-01 21:30:00,0.92530376
4556,2013-12-01 21:40:00,0.92530376
4556,2013-12-01 21:40:00,3.701215
4556,2013-12-01 21:40:00,656.2058
4556,2013-12-01 21:40:00,0.92530376
4556,2013-12-01 21:40:00,1.9106454
4556,2013-12-01 21:50:00,642.8325
4556,2013-12-01 21:50:00,6.65724
4556,2013-12-01 22:00:00,0.92530376
4556,2013-12-01 22:00:00,6.477126
4556,2013-12-01 22:00:00,648.01086
4556,2013-12-01 22:00:00,0.92530376
4556,2013-12-01 22:10:00,3.701215
4556,2013-12-01 22:10:00,718.4346
4556,2013-12-01 22:10:00,2.895987
4556,2013-12-01 22:20:00,0.92530376
4556,2013-12-01 22:20:00,596.3424
4556,2013-12-01 22:20:00,0.92530376
4556,2013-12-01 22:30:00,1.8506075
4556,2013-12-01 22:30:00,659.63794
4556,2013-12-01 22:30:00,5.731936
4556,2013-12-01 22:40:00,505.03366
4556,2013-12-01 22:50:00,0.9853416
4556,2013-12-01 22:50:00,0.002807078
4556,2013-12-01 22:50:00,564.36053
4556,2013-12-01 22:50:00,1.8506075
4556,2013-12-01 23:00:00,1.7514678
4556,2013-12-01 23:00:00,581.473
4556,2013-12-01 23:00:00,0.92530376
4556,2013-12-01 23:10:00,464.1152
4556,2013-12-01 23:10:00,0.92530376
4556,2013-12-01 23:20:00,520.8595
4556,2013-12-01 23:20:00,1.9106454
4556,2013-12-01 23:30:00,1.9106454
4556,2013-12-01 23:30:00,472.97626
4556,2013-12-01 23:30:00,0.92530376
4556,2013-12-01 23:40:00,1.9106454
4556,2013-12-01 23:40:00,387.57275
4556,2013-12-01 23:40:00,3.5029356
4556,2013-12-01 23:50:00,0.9853416
4556,2013-12-01 23:50:00,473.82367
4556,2013-12-02 00:00:00,0.92530376
4556,2013-12-02 00:00:00,373.79456
4556,2013-12-02 00:00:00,0.92530376
4556,2013-12-02 00:10:00,0.9853416
4556,2013-12-02 00:10:00,0.002807078
4556,2013-12-02 00:10:00,343.21417
4556,2013-12-02 00:20:00,3.8212907
4556,2013-12-02 00:20:00,380.40866
4556,2013-12-02 00:30:00,5.731936
4556,2013-12-02 00:30:00,330.88068
4556,2013-12-02 00:40:00,1.9106454
4556,2013-12-02 00:40:00,306.10648
4556,2013-12-02 00:50:00,2.8359492
4556,2013-12-02 00:50:00,302.63663
4556,2013-12-02 00:50:00,0.9853416
4556,2013-12-02 01:00:00,277.96185
4556,2013-12-02 01:10:00,300.71146
4556,2013-12-02 01:20:00,278.21594
4556,2013-12-02 01:30:00,284.45837
4556,2013-12-02 01:40:00,312.88043
4556,2013-12-02 01:50:00,254.50908
4556,2013-12-02 02:00:00,275.3473
4556,2013-12-02 02:10:00,238.26602
4556,2013-12-02 02:20:00,237.9471
4556,2013-12-02 02:30:00,230.31175
4556,2013-12-02 02:40:00,238.97491
4556,2013-12-02 02:50:00,227.16591
4556,2013-12-02 03:00:00,225.78305
4556,2013-12-02 03:10:00,234.57584
4556,2013-12-02 03:20:00,213.93239
4556,2013-12-02 03:30:00,220.52394
4556,2013-12-02 03:40:00,241.56078
4556,2013-12-02 03:50:00,213.05875
4556,2013-12-02 04:00:00,216.9722
4556,2013-12-02 04:00:00,0.9853416
4556,2013-12-02 04:10:00,244.80576
4556,2013-12-02 04:20:00,212.84233
4556,2013-12-02 04:20:00,0.9853416
4556,2013-12-02 04:30:00,217.71458
4556,2013-12-02 04:40:00,233.93222
4556,2013-12-02 04:50:00,225.84412
4556,2013-12-02 05:00:00,222.50027
4556,2013-12-02 05:10:00,236.38734
4556,2013-12-02 05:20:00,256.49542
4556,2013-12-02 05:30:00,260.6569
4556,2013-12-02 05:40:00,272.1717
4556,2013-12-02 05:50:00,262.82736
4556,2013-12-02 06:00:00,0.002807078
4556,2013-12-02 06:00:00,254.39081
4556,2013-12-02 06:10:00,318.34985
4556,2013-12-02 06:10:00,0.9853416
4556,2013-12-02 06:20:00,318.73608
4556,2013-12-02 06:20:00,0.9853416
4556,2013-12-02 06:20:00,1.8506075
4556,2013-12-02 06:30:00,419.96616
4556,2013-12-02 06:40:00,386.18558
4556,2013-12-02 06:50:00,367.15848
4556,2013-12-02 07:00:00,414.6158
4556,2013-12-02 07:10:00,442.0658
4556,2013-12-02 07:10:00,0.9853416
4556,2013-12-02 07:10:00,0.9853416
4556,2013-12-02 07:20:00,539.53644
4556,2013-12-02 07:20:00,0.002807078
4556,2013-12-02 07:30:00,554.5856
4556,2013-12-02 07:30:00,0.92530376
4556,2013-12-02 07:40:00,561.8661
4556,2013-12-02 07:40:00,2.7759113
4556,2013-12-02 07:50:00,643.44965
4556,2013-12-02 07:50:00,3.8212907
4556,2013-12-02 08:00:00,2.958832
4556,2013-12-02 08:00:00,500.88974
4556,2013-12-02 08:00:00,3.8212907
4556,2013-12-02 08:10:00,0.9853416
4556,2013-12-02 08:10:00,516.3345
4556,2013-12-02 08:20:00,2.7368095
4556,2013-12-02 08:20:00,568.46295
4556,2013-12-02 08:30:00,0.9853416
4556,2013-12-02 08:30:00,545.92883
4556,2013-12-02 08:30:00,0.9853416
4556,2013-12-02 08:30:00,0.92530376
4556,2013-12-02 08:40:00,1.9706832
4556,2013-12-02 08:40:00,499.2507
4556,2013-12-02 08:40:00,0.9853416
4556,2013-12-02 08:50:00,0.005614156
4556,2013-12-02 08:50:00,463.87793
4556,2013-12-02 08:50:00,1.8506075
4556,2013-12-02 09:00:00,0.005614156
4556,2013-12-02 09:00:00,503.84494
4556,2013-12-02 09:10:00,541.17163
4556,2013-12-02 09:20:00,466.9365
4556,2013-12-02 09:30:00,447.16138
4556,2013-12-02 09:40:00,524.0006
4556,2013-12-02 09:50:00,432.9075
4556,2013-12-02 10:00:00,497.10184
4556,2013-12-02 10:10:00,0.92530376
4556,2013-12-02 10:10:00,602.2572
4556,2013-12-02 10:20:00,454.71133
4556,2013-12-02 10:30:00,459.34506
4556,2013-12-02 10:30:00,0.92811084
4556,2013-12-02 10:40:00,1.9106454
4556,2013-12-02 10:40:00,454.48138
4556,2013-12-02 10:50:00,467.43698
4556,2013-12-02 11:00:00,2.7759113
4556,2013-12-02 11:00:00,462.32526
4556,2013-12-02 11:10:00,4.527379
4556,2013-12-02 11:10:00,485.50702
4556,2013-12-02 11:20:00,481.1369
4556,2013-12-02 11:30:00,494.71014
4556,2013-12-02 11:40:00,486.37875
4556,2013-12-02 11:40:00,0.9853416
4556,2013-12-02 11:50:00,474.78894
4556,2013-12-02 11:50:00,0.9853416
4556,2013-12-02 12:00:00,592.65485
4556,2013-12-02 12:10:00,642.5825
4556,2013-12-02 12:10:00,0.92530376
4556,2013-12-02 12:20:00,841.6778
4556,2013-12-02 12:20:00,0.92530376
4556,2013-12-02 12:20:00,0.9853416
4556,2013-12-02 12:30:00,2.577632
4556,2013-12-02 12:30:00,944.20056
4556,2013-12-02 12:30:00,1.7514678
4556,2013-12-02 12:40:00,728.46875
4556,2013-12-02 12:40:00,0.9853416
4556,2013-12-02 12:50:00,524.4257
4556,2013-12-02 13:00:00,552.6189
4556,2013-12-02 13:00:00,0.82616407
4556,2013-12-02 13:10:00,685.3828
4556,2013-12-02 13:20:00,0.92530376
4556,2013-12-02 13:20:00,616.8189
4556,2013-12-02 13:30:00,596.5946
4556,2013-12-02 13:40:00,563.613
4556,2013-12-02 13:50:00,548.38025
4556,2013-12-02 13:50:00,1.9106454
4556,2013-12-02 13:50:00,0.9853416
4556,2013-12-02 14:00:00,0.9853416
4556,2013-12-02 14:00:00,597.7718
4556,2013-12-02 14:00:00,0.9853416
4556,2013-12-02 14:10:00,545.6116
4556,2013-12-02 14:10:00,0.92530376
4556,2013-12-02 14:20:00,560.82104
4556,2013-12-02 14:30:00,549.8398
4556,2013-12-02 14:30:00,1.9106454
4556,2013-12-02 14:40:00,566.184
4556,2013-12-02 14:50:00,540.0651
4556,2013-12-02 14:50:00,0.82616407
4556,2013-12-02 14:50:00,0.82616407
4556,2013-12-02 15:00:00,0.002807078
4556,2013-12-02 15:00:00,551.6856
4556,2013-12-02 15:00:00,0.92530376
4556,2013-12-02 15:10:00,556.1247
4556,2013-12-02 15:20:00,0.9853416
4556,2013-12-02 15:20:00,481.2243
4556,2013-12-02 15:20:00,0.92530376
4556,2013-12-02 15:30:00,483.42307
4556,2013-12-02 15:40:00,549.14984
4556,2013-12-02 15:40:00,0.002807078
4556,2013-12-02 15:50:00,1.9106454
4556,2013-12-02 15:50:00,537.4165
4556,2013-12-02 16:00:00,0.002807078
4556,2013-12-02 16:00:00,665.04156
4556,2013-12-02 16:10:00,0.002807078
4556,2013-12-02 16:10:00,619.27075
4556,2013-12-02 16:20:00,0.002807078
4556,2013-12-02 16:20:00,715.59143
4556,2013-12-02 16:20:00,0.9853416
4556,2013-12-02 16:30:00,10.178341
4556,2013-12-02 16:30:00,580.2699
4556,2013-12-02 16:30:00,0.9853416
4556,2013-12-02 16:40:00,1.9106454
4556,2013-12-02 16:40:00,506.15848
4556,2013-12-02 16:50:00,1.9106454
4556,2013-12-02 16:50:00,571.7769
4556,2013-12-02 17:00:00,561.5764
4556,2013-12-02 17:10:00,515.63184
4556,2013-12-02 17:10:00,0.92530376
4556,2013-12-02 17:20:00,654.3615
4556,2013-12-02 17:20:00,0.9853416
4556,2013-12-02 17:30:00,618.5322
4556,2013-12-02 17:30:00,0.9853416
4556,2013-12-02 17:40:00,572.2365
4556,2013-12-02 17:40:00,0.9853416
4556,2013-12-02 17:50:00,0.002807078
4556,2013-12-02 17:50:00,530.0033
4556,2013-12-02 17:50:00,0.9881487
4556,2013-12-02 18:00:00,605.3985
4556,2013-12-02 18:00:00,0.002807078
4556,2013-12-02 18:10:00,591.0272
4556,2013-12-02 18:20:00,0.002807078
4556,2013-12-02 18:20:00,1.9106454
4556,2013-12-02 18:20:00,762.34814
4556,2013-12-02 18:20:00,0.82616407
4556,2013-12-02 18:30:00,0.002807078
4556,2013-12-02 18:30:00,0.002807078
4556,2013-12-02 18:30:00,644.6783
4556,2013-12-02 18:30:00,0.92530376
4556,2013-12-02 18:30:00,0.9309179
4556,2013-12-02 18:40:00,658.7549
4556,2013-12-02 18:40:00,0.9853416
4556,2013-12-02 18:40:00,1.9106454
4556,2013-12-02 18:50:00,0.002807078
4556,2013-12-02 18:50:00,715.6369
4556,2013-12-02 18:50:00,1.9706832
4556,2013-12-02 18:50:00,3.8212907
4556,2013-12-02 18:50:00,0.002807078
4556,2013-12-02 18:50:00,7.6425815
4556,2013-12-02 19:00:00,0.92530376
4556,2013-12-02 19:00:00,0.002807078
4556,2013-12-02 19:00:00,682.6391
4556,2013-12-02 19:00:00,3.9413664
4556,2013-12-02 19:00:00,1.7514678
4556,2013-12-02 19:10:00,3.8212907
4556,2013-12-02 19:10:00,0.9853416
4556,2013-12-02 19:10:00,646.3074
4556,2013-12-02 19:10:00,2.956025
4556,2013-12-02 19:10:00,4.6474547
4556,2013-12-02 19:10:00,0.9853416
4556,2013-12-02 19:10:00,0.92530376
4556,2013-12-02 19:20:00,0.9853416
4556,2013-12-02 19:20:00,758.39984
4556,2013-12-02 19:20:00,1.9706832
4556,2013-12-02 19:20:00,2.895987
4556,2013-12-02 19:20:00,0.99095577
4556,2013-12-02 19:20:00,0.9853416
4556,2013-12-02 19:30:00,0.92530376
4556,2013-12-02 19:30:00,1.9106454
4556,2013-12-02 19:30:00,752.9483
4556,2013-12-02 19:30:00,1.9106454
4556,2013-12-02 19:30:00,1.8143128
4556,2013-12-02 19:30:00,0.002807078
4556,2013-12-02 19:40:00,707.57434
4556,2013-12-02 19:40:00,1.9106454
4556,2013-12-02 19:40:00,0.9853416
4556,2013-12-02 19:40:00,0.002807078
4556,2013-12-02 19:50:00,0.9853416
4556,2013-12-02 19:50:00,1.9106454
4556,2013-12-02 19:50:00,0.92530376
4556,2013-12-02 19:50:00,0.9881487
4556,2013-12-02 19:50:00,834.3472
4556,2013-12-02 19:50:00,0.92530376
4556,2013-12-02 19:50:00,0.002807078
4556,2013-12-02 19:50:00,2.7368095
4556,2013-12-02 20:00:00,0.92530376
4556,2013-12-02 20:00:00,0.9853416
4556,2013-12-02 20:00:00,0.002807078
4556,2013-12-02 20:00:00,952.33167
4556,2013-12-02 20:00:00,0.9853416
4556,2013-12-02 20:00:00,0.92530376
4556,2013-12-02 20:10:00,0.9853416
4556,2013-12-02 20:10:00,0.002807078
4556,2013-12-02 20:10:00,802.27496
4556,2013-12-02 20:10:00,0.9853416
4556,2013-12-02 20:10:00,2.895987
4556,2013-12-02 20:10:00,0.002807078
4556,2013-12-02 20:10:00,0.82616407
4556,2013-12-02 20:10:00,0.002807078
4556,2013-12-02 20:20:00,0.002807078
4556,2013-12-02 20:20:00,0.92530376
4556,2013-12-02 20:20:00,0.92530376
4556,2013-12-02 20:20:00,701.3137
4556,2013-12-02 20:20:00,1.7514678
4556,2013-12-02 20:20:00,0.92530376
4556,2013-12-02 20:20:00,0.92811084
4556,2013-12-02 20:30:00,0.002807078
4556,2013-12-02 20:30:00,0.9853416
4556,2013-12-02 20:30:00,0.9853416
4556,2013-12-02 20:30:00,656.90106
4556,2013-12-02 20:30:00,1.9106454
4556,2013-12-02 20:30:00,3.9441736
4556,2013-12-02 20:30:00,0.9853416
4556,2013-12-02 20:30:00,0.002807078
4556,2013-12-02 20:40:00,1.8534145
4556,2013-12-02 20:40:00,0.002807078
4556,2013-12-02 20:40:00,3.9413664
4556,2013-12-02 20:40:00,0.9853416
4556,2013-12-02 20:40:00,721.2243
4556,2013-12-02 20:40:00,1.8562217
4556,2013-12-02 20:40:00,0.002807078
4556,2013-12-02 20:50:00,0.92530376
4556,2013-12-02 20:50:00,1.9106454
4556,2013-12-02 20:50:00,0.9853416
4556,2013-12-02 20:50:00,719.62573
4556,2013-12-02 20:50:00,1.9106454
4556,2013-12-02 20:50:00,1.9706832
4556,2013-12-02 20:50:00,1.8562217
4556,2013-12-02 20:50:00,0.008421234
4556,2013-12-02 21:00:00,1.8506075
4556,2013-12-02 21:00:00,696.1133
4556,2013-12-02 21:00:00,0.9853416
4556,2013-12-02 21:00:00,1.8562217
4556,2013-12-02 21:00:00,0.002807078
4556,2013-12-02 21:10:00,3.8212907
4556,2013-12-02 21:10:00,689.34
4556,2013-12-02 21:10:00,0.92530376
4556,2013-12-02 21:10:00,0.9853416
4556,2013-12-02 21:10:00,1.8562217
4556,2013-12-02 21:10:00,0.002807078
4556,2013-12-02 21:20:00,0.002807078
4556,2013-12-02 21:20:00,707.1634
4556,2013-12-02 21:20:00,0.002807078
4556,2013-12-02 21:20:00,0.005614156
4556,2013-12-02 21:30:00,0.9853416
4556,2013-12-02 21:30:00,586.9282
4556,2013-12-02 21:30:00,0.9853416
4556,2013-12-02 21:30:00,2.895987
4556,2013-12-02 21:30:00,0.92530376
4556,2013-12-02 21:30:00,2.8359492
4556,2013-12-02 21:40:00,1.8506075
4556,2013-12-02 21:40:00,2.6767716
4556,2013-12-02 21:40:00,0.002807078
4556,2013-12-02 21:40:00,634.2454
4556,2013-12-02 21:40:00,0.9881487
4556,2013-12-02 21:40:00,2.895987
4556,2013-12-02 21:40:00,0.92811084
4556,2013-12-02 21:40:00,0.005614156
4556,2013-12-02 21:50:00,0.92530376
4556,2013-12-02 21:50:00,0.002807078
4556,2013-12-02 21:50:00,708.7329
4556,2013-12-02 21:50:00,3.7612529
4556,2013-12-02 21:50:00,0.92811084
4556,2013-12-02 21:50:00,0.002807078
4556,2013-12-02 21:50:00,1.9106454
4556,2013-12-02 22:00:00,0.9853416
4556,2013-12-02 22:00:00,2.8359492
4556,2013-12-02 22:00:00,2.8359492
4556,2013-12-02 22:00:00,0.002807078
4556,2013-12-02 22:00:00,892.60516
4556,2013-12-02 22:00:00,4.8122463
4556,2013-12-02 22:00:00,1.7514678
4556,2013-12-02 22:00:00,0.92811084
4556,2013-12-02 22:00:00,1.7514678
4556,2013-12-02 22:00:00,1.9106454
4556,2013-12-02 22:10:00,0.002807078
4556,2013-12-02 22:10:00,0.002807078
4556,2013-12-02 22:10:00,602.17413
4556,2013-12-02 22:10:00,5.791974
4556,2013-12-02 22:10:00,1.8562217
4556,2013-12-02 22:10:00,0.92530376
4556,2013-12-02 22:20:00,0.92530376
4556,2013-12-02 22:20:00,0.9853416
4556,2013-12-02 22:20:00,3.8212907
4556,2013-12-02 22:20:00,712.0384
4556,2013-12-02 22:20:00,0.9853416
4556,2013-12-02 22:20:00,0.9853416
4556,2013-12-02 22:20:00,0.9853416
4556,2013-12-02 22:20:00,0.92530376
4556,2013-12-02 22:20:00,0.008421234
4556,2013-12-02 22:30:00,0.002807078
4556,2013-12-02 22:30:00,3.8212907
4556,2013-12-02 22:30:00,577.23944
4556,2013-12-02 22:30:00,0.9853416
4556,2013-12-02 22:30:00,2.895987
4556,2013-12-02 22:30:00,0.92530376
4556,2013-12-02 22:30:00,0.9853416
4556,2013-12-02 22:40:00,0.92811084
4556,2013-12-02 22:40:00,0.82616407
4556,2013-12-02 22:40:00,553.9736
4556,2013-12-02 22:40:00,0.82897115
4556,2013-12-02 22:40:00,1.9134525
4556,2013-12-02 22:50:00,0.92811084
4556,2013-12-02 22:50:00,0.92530376
4556,2013-12-02 22:50:00,586.3343
4556,2013-12-02 22:50:00,2.8359492
4556,2013-12-02 22:50:00,0.9853416
4556,2013-12-02 22:50:00,0.002807078
4556,2013-12-02 22:50:00,0.002807078
4556,2013-12-02 23:00:00,0.002807078
4556,2013-12-02 23:00:00,0.9853416
4556,2013-12-02 23:00:00,669.7683
4556,2013-12-02 23:00:00,3.701215
4556,2013-12-02 23:00:00,0.9853416
4556,2013-12-02 23:00:00,0.92530376
4556,2013-12-02 23:10:00,0.92530376
4556,2013-12-02 23:10:00,0.9853416
4556,2013-12-02 23:10:00,645.01117
4556,2013-12-02 23:10:00,2.7759113
4556,2013-12-02 23:10:00,1.9734904
4556,2013-12-02 23:10:00,2.895987
4556,2013-12-02 23:10:00,0.9881487
4556,2013-12-02 23:10:00,0.9853416
4556,2013-12-02 23:20:00,1.9706832
4556,2013-12-02 23:20:00,544.52563
4556,2013-12-02 23:20:00,1.9106454
4556,2013-12-02 23:20:00,0.92530376
4556,2013-12-02 23:20:00,1.8506075
4556,2013-12-02 23:20:00,1.9706832
4556,2013-12-02 23:30:00,0.002807078
4556,2013-12-02 23:30:00,442.20724
4556,2013-12-02 23:30:00,0.9853416
4556,2013-12-02 23:30:00,0.9853416
4556,2013-12-02 23:40:00,0.9853416
4556,2013-12-02 23:40:00,0.9853416
4556,2013-12-02 23:40:00,352.74203
4556,2013-12-02 23:40:00,0.9853416
4556,2013-12-02 23:40:00,0.82616407
4556,2013-12-02 23:40:00,0.92530376
4556,2013-12-02 23:50:00,379.06665
4556,2013-12-02 23:50:00,1.9706832
4556,2013-12-03 00:00:00,428.84167
4556,2013-12-03 00:00:00,0.9853416
4556,2013-12-03 00:10:00,0.002807078
4556,2013-12-03 00:10:00,422.54648
4556,2013-12-03 00:10:00,0.9853416
4556,2013-12-03 00:10:00,0.92530376
4556,2013-12-03 00:10:00,0.9853416
4556,2013-12-03 00:10:00,0.002807078
4556,2013-12-03 00:20:00,361.18945
4556,2013-12-03 00:30:00,336.608
4556,2013-12-03 00:30:00,0.005614156
4556,2013-12-03 00:40:00,299.2526
4556,2013-12-03 00:40:00,0.9853416
4556,2013-12-03 00:50:00,319.00497
4556,2013-12-03 01:00:00,320.6586
4556,2013-12-03 01:10:00,277.4398
4556,2013-12-03 01:20:00,281.11038
4556,2013-12-03 01:30:00,273.49567
4556,2013-12-03 01:40:00,291.31525
4556,2013-12-03 01:50:00,328.5786
4556,2013-12-03 02:00:00,250.42181
4556,2013-12-03 02:10:00,261.72778
4556,2013-12-03 02:20:00,286.50153
4556,2013-12-03 02:30:00,253.9371
4556,2013-12-03 02:40:00,281.53622
4556,2013-12-03 02:50:00,315.42978
4556,2013-12-03 03:00:00,271.79037
4556,2013-12-03 03:10:00,270.3989
4556,2013-12-03 03:20:00,270.22595
4556,2013-12-03 03:30:00,238.1428
4556,2013-12-03 03:40:00,258.0348
4556,2013-12-03 03:50:00,264.9562
4556,2013-12-03 04:00:00,244.659
4556,2013-12-03 04:10:00,228.45296
4556,2013-12-03 04:20:00,274.01657
4556,2013-12-03 04:30:00,259.58954
4556,2013-12-03 04:40:00,248.98566
4556,2013-12-03 04:50:00,259.56766
4556,2013-12-03 05:00:00,261.20282
4556,2013-12-03 05:10:00,258.00018
4556,2013-12-03 05:20:00,277.6147
4556,2013-12-03 05:30:00,0.002807078
4556,2013-12-03 05:30:00,276.32224
4556,2013-12-03 05:40:00,272.71072
4556,2013-12-03 05:50:00,285.24628
4556,2013-12-03 06:00:00,298.71823
4556,2013-12-03 06:10:00,312.55774
4556,2013-12-03 06:20:00,448.64996
4556,2013-12-03 06:20:00,1.8506075
4556,2013-12-03 06:30:00,377.42368
4556,2013-12-03 06:40:00,371.11578
4556,2013-12-03 06:50:00,449.27612
4556,2013-12-03 07:00:00,0.82616407
4556,2013-12-03 07:00:00,466.86615
4556,2013-12-03 07:10:00,3.3046563
4556,2013-12-03 07:10:00,562.2603
4556,2013-12-03 07:10:00,0.92530376
4556,2013-12-03 07:20:00,559.1425
4556,2013-12-03 07:30:00,0.002807078
4556,2013-12-03 07:30:00,467.96057
4556,2013-12-03 07:30:00,0.9853416
4556,2013-12-03 07:30:00,0.002807078
4556,2013-12-03 07:30:00,0.9853416
4556,2013-12-03 07:40:00,570.3503
4556,2013-12-03 07:40:00,0.9853416
4556,2013-12-03 07:40:00,0.92530376
4556,2013-12-03 07:40:00,0.92530376
4556,2013-12-03 07:50:00,471.54697
4556,2013-12-03 07:50:00,2.956025
4556,2013-12-03 08:00:00,488.61282
4556,2013-12-03 08:00:00,0.9853416
4556,2013-12-03 08:00:00,1.9106454
4556,2013-12-03 08:00:00,0.92530376
4556,2013-12-03 08:10:00,0.92530376
4556,2013-12-03 08:10:00,486.86426
4556,2013-12-03 08:20:00,0.92530376
4556,2013-12-03 08:20:00,512.9589
4556,2013-12-03 08:20:00,0.9853416
4556,2013-12-03 08:20:00,0.92530376
4556,2013-12-03 08:30:00,0.002807078
4556,2013-12-03 08:30:00,0.92530376
4556,2013-12-03 08:30:00,526.378
4556,2013-12-03 08:30:00,0.005614156
4556,2013-12-03 08:40:00,506.56293
4556,2013-12-03 08:40:00,0.002807078
4556,2013-12-03 08:50:00,508.37482
4556,2013-12-03 08:50:00,0.92530376
4556,2013-12-03 08:50:00,0.9853416
4556,2013-12-03 08:50:00,1.7514678
4556,2013-12-03 09:00:00,0.9853416
4556,2013-12-03 09:00:00,539.0126
4556,2013-12-03 09:00:00,0.92530376
4556,2013-12-03 09:00:00,1.9706832
4556,2013-12-03 09:10:00,0.92530376
4556,2013-12-03 09:10:00,471.78467
4556,2013-12-03 09:20:00,2.895987
4556,2013-12-03 09:20:00,0.9853416
4556,2013-12-03 09:20:00,0.92530376
4556,2013-12-03 09:20:00,510.9666
4556,2013-12-03 09:20:00,0.92530376
4556,2013-12-03 09:30:00,481.72992
4556,2013-12-03 09:40:00,0.92530376
4556,2013-12-03 09:40:00,514.9024
4556,2013-12-03 09:50:00,495.76926
4556,2013-12-03 10:00:00,529.5621
4556,2013-12-03 10:10:00,0.9853416
4556,2013-12-03 10:10:00,0.92530376
4556,2013-12-03 10:10:00,491.0092
4556,2013-12-03 10:20:00,0.92530376
4556,2013-12-03 10:20:00,525.2536
4556,2013-12-03 10:30:00,589.74396
4556,2013-12-03 10:40:00,567.28235
4556,2013-12-03 10:50:00,573.4328
4556,2013-12-03 10:50:00,0.82616407
4556,2013-12-03 11:00:00,528.13635
4556,2013-12-03 11:00:00,0.002807078
4556,2013-12-03 11:00:00,1.6523281
4556,2013-12-03 11:10:00,0.92530376
4556,2013-12-03 11:10:00,512.4263
4556,2013-12-03 11:20:00,541.9325
4556,2013-12-03 11:30:00,0.002807078
4556,2013-12-03 11:30:00,577.811
4556,2013-12-03 11:40:00,0.82616407
4556,2013-12-03 11:40:00,520.9787
4556,2013-12-03 11:50:00,518.7532
4556,2013-12-03 11:50:00,0.9853416
4556,2013-12-03 12:00:00,626.95074
4556,2013-12-03 12:00:00,0.9853416
4556,2013-12-03 12:00:00,1.8506075
4556,2013-12-03 12:10:00,540.4654
4556,2013-12-03 12:20:00,547.0469
4556,2013-12-03 12:20:00,0.005614156
4556,2013-12-03 12:30:00,592.6555
4556,2013-12-03 12:30:00,1.9106454
4556,2013-12-03 12:40:00,0.82616407
4556,2013-12-03 12:40:00,645.05096
4556,2013-12-03 12:40:00,2.8387563
4556,2013-12-03 12:50:00,654.7427
4556,2013-12-03 12:50:00,3.76406
4556,2013-12-03 13:00:00,0.002807078
4556,2013-12-03 13:00:00,599.6538
4556,2013-12-03 13:00:00,0.92811084
4556,2013-12-03 13:00:00,0.82897115
4556,2013-12-03 13:10:00,615.2015
4556,2013-12-03 13:10:00,0.92530376
4556,2013-12-03 13:10:00,0.002807078
4556,2013-12-03 13:20:00,1.9106454
4556,2013-12-03 13:20:00,668.35364
4556,2013-12-03 13:20:00,0.92530376
4556,2013-12-03 13:30:00,613.73193
4556,2013-12-03 13:30:00,0.002807078
4556,2013-12-03 13:40:00,633.26276
4556,2013-12-03 13:40:00,0.92530376
4556,2013-12-03 13:50:00,609.1028
4556,2013-12-03 13:50:00,0.92530376
4556,2013-12-03 13:50:00,1.7514678
4556,2013-12-03 14:00:00,782.3565
4556,2013-12-03 14:00:00,0.92530376
4556,2013-12-03 14:00:00,0.002807078
4556,2013-12-03 14:10:00,695.91174
4556,2013-12-03 14:20:00,840.72864
4556,2013-12-03 14:30:00,734.1618
4556,2013-12-03 14:40:00,654.33014
4556,2013-12-03 14:50:00,591.39734
4556,2013-12-03 14:50:00,0.002807078
4556,2013-12-03 15:00:00,1.9106454
4556,2013-12-03 15:00:00,618.792
4556,2013-12-03 15:00:00,0.92530376
4556,2013-12-03 15:10:00,1.9106454
4556,2013-12-03 15:10:00,0.002807078
4556,2013-12-03 15:10:00,547.7966
4556,2013-12-03 15:20:00,584.11084
4556,2013-12-03 15:20:00,0.002807078
4556,2013-12-03 15:30:00,0.002807078
4556,2013-12-03 15:30:00,528.20105
4556,2013-12-03 15:40:00,497.87662
4556,2013-12-03 15:40:00,0.9853416
4556,2013-12-03 15:40:00,0.92530376
4556,2013-12-03 15:40:00,0.002807078
4556,2013-12-03 15:50:00,571.25745
4556,2013-12-03 16:00:00,558.92645
4556,2013-12-03 16:10:00,599.7174
4556,2013-12-03 16:10:00,0.002807078
4556,2013-12-03 16:20:00,584.4963
4556,2013-12-03 16:30:00,551.53485
4556,2013-12-03 16:30:00,0.002807078
4556,2013-12-03 16:40:00,552.0933
4556,2013-12-03 16:50:00,588.8506
4556,2013-12-03 17:00:00,621.76843
4556,2013-12-03 17:10:00,611.2402
4556,2013-12-03 17:20:00,626.42114
4556,2013-12-03 17:20:00,2.956025
4556,2013-12-03 17:20:00,1.6523281
4556,2013-12-03 17:30:00,699.18616
4556,2013-12-03 17:30:00,1.7514678
4556,2013-12-03 17:30:00,2.7759113
4556,2013-12-03 17:30:00,1.8506075
4556,2013-12-03 17:30:00,0.92530376
4556,2013-12-03 17:40:00,727.9191
4556,2013-12-03 17:40:00,0.002807078
4556,2013-12-03 17:50:00,0.008421234
4556,2013-12-03 17:50:00,671.22705
4556,2013-12-03 17:50:00,0.92530376
4556,2013-12-03 17:50:00,0.002807078
4556,2013-12-03 18:00:00,0.002807078
4556,2013-12-03 18:00:00,614.86316
4556,2013-12-03 18:00:00,0.9853416
4556,2013-12-03 18:10:00,0.92530376
4556,2013-12-03 18:10:00,626.5272
4556,2013-12-03 18:10:00,0.9853416
4556,2013-12-03 18:20:00,707.3339
4556,2013-12-03 18:20:00,0.92530376
4556,2013-12-03 18:20:00,2.895987
4556,2013-12-03 18:30:00,680.7535
4556,2013-12-03 18:30:00,2.7759113
4556,2013-12-03 18:30:00,1.9706832
4556,2013-12-03 18:30:00,0.002807078
4556,2013-12-03 18:40:00,2.7368095
4556,2013-12-03 18:40:00,0.9853416
4556,2013-12-03 18:40:00,0.002807078
4556,2013-12-03 18:40:00,664.2759
4556,2013-12-03 18:40:00,0.92530376
4556,2013-12-03 18:40:00,0.002807078
4556,2013-12-03 18:50:00,1.9106454
4556,2013-12-03 18:50:00,666.8474
4556,2013-12-03 18:50:00,1.9106454
4556,2013-12-03 19:00:00,0.002807078
4556,2013-12-03 19:00:00,651.352
4556,2013-12-03 19:00:00,2.8359492
4556,2013-12-03 19:10:00,2.8359492
4556,2013-12-03 19:10:00,830.2023
4556,2013-12-03 19:10:00,4.8066325
4556,2013-12-03 19:10:00,0.92530376
4556,2013-12-03 19:20:00,3.6621132
4556,2013-12-03 19:20:00,0.002807078
4556,2013-12-03 19:20:00,667.2678
4556,2013-12-03 19:20:00,3.6621132
4556,2013-12-03 19:20:00,0.005614156
4556,2013-12-03 19:30:00,1.9106454
4556,2013-12-03 19:30:00,0.92530376
4556,2013-12-03 19:30:00,716.7217
4556,2013-12-03 19:30:00,0.9853416
4556,2013-12-03 19:30:00,2.7368095
4556,2013-12-03 19:30:00,0.92530376
4556,2013-12-03 19:40:00,3.8240979
4556,2013-12-03 19:40:00,737.9673
4556,2013-12-03 19:40:00,4.757823
4556,2013-12-03 19:50:00,1.9106454
4556,2013-12-03 19:50:00,2.895987
4556,2013-12-03 19:50:00,785.393
4556,2013-12-03 19:50:00,4.703399
4556,2013-12-03 20:00:00,0.005614156
4556,2013-12-03 20:00:00,2.8387563
4556,2013-12-03 20:00:00,886.89215
4556,2013-12-03 20:00:00,0.82616407
4556,2013-12-03 20:00:00,0.002807078
4556,2013-12-03 20:00:00,4.640554
4556,2013-12-03 20:00:00,0.92530376
4556,2013-12-03 20:10:00,2.8359492
4556,2013-12-03 20:10:00,862.5526
4556,2013-12-03 20:10:00,1.8506075
4556,2013-12-03 20:10:00,0.9853416
4556,2013-12-03 20:10:00,4.7522087
4556,2013-12-03 20:20:00,0.9853416
4556,2013-12-03 20:20:00,0.002807078
4556,2013-12-03 20:20:00,2.895987
4556,2013-12-03 20:20:00,771.9539
4556,2013-12-03 20:20:00,1.9106454
4556,2013-12-03 20:20:00,0.002807078
4556,2013-12-03 20:20:00,1.9162595
4556,2013-12-03 20:30:00,2.7759113
4556,2013-12-03 20:30:00,0.002807078
4556,2013-12-03 20:30:00,823.0791
4556,2013-12-03 20:30:00,0.9881487
4556,2013-12-03 20:40:00,0.92530376
4556,2013-12-03 20:40:00,3.832519
4556,2013-12-03 20:40:00,759.78815
4556,2013-12-03 20:50:00,1.8506075
4556,2013-12-03 20:50:00,0.9881487
4556,2013-12-03 20:50:00,1.7514678
4556,2013-12-03 20:50:00,748.3191
4556,2013-12-03 20:50:00,0.92530376
4556,2013-12-03 21:00:00,1.8506075
4556,2013-12-03 21:00:00,0.002807078
4556,2013-12-03 21:00:00,784.9126
4556,2013-12-03 21:00:00,0.9853416
4556,2013-12-03 21:10:00,1.8506075
4556,2013-12-03 21:10:00,1.9106454
4556,2013-12-03 21:10:00,752.435
4556,2013-12-03 21:20:00,2.8359492
4556,2013-12-03 21:20:00,1.8534145
4556,2013-12-03 21:20:00,687.98846
4556,2013-12-03 21:20:00,0.002807078
4556,2013-12-03 21:30:00,0.92530376
4556,2013-12-03 21:30:00,0.9881487
4556,2013-12-03 21:30:00,700.1694
4556,2013-12-03 21:40:00,0.92530376
4556,2013-12-03 21:40:00,0.92530376
4556,2013-12-03 21:40:00,723.67535
4556,2013-12-03 21:40:00,0.002807078
4556,2013-12-03 21:40:00,0.002807078
4556,2013-12-03 21:50:00,0.92530376
4556,2013-12-03 21:50:00,661.25854
4556,2013-12-03 22:00:00,1.9106454
4556,2013-12-03 22:00:00,0.002807078
4556,2013-12-03 22:00:00,659.78564
4556,2013-12-03 22:00:00,3.8212907
4556,2013-12-03 22:00:00,3.8212907
4556,2013-12-03 22:10:00,0.92811084
4556,2013-12-03 22:10:00,701.366
4556,2013-12-03 22:10:00,0.92530376
4556,2013-12-03 22:20:00,1.8506075
4556,2013-12-03 22:20:00,0.92530376
4556,2013-12-03 22:20:00,1.8506075
4556,2013-12-03 22:20:00,685.1159
4556,2013-12-03 22:30:00,642.46924
4556,2013-12-03 22:30:00,0.92530376
4556,2013-12-03 22:30:00,0.92530376
4556,2013-12-03 22:40:00,3.701215
4556,2013-12-03 22:40:00,696.43463
4556,2013-12-03 22:40:00,0.92530376
4556,2013-12-03 22:50:00,1.8506075
4556,2013-12-03 22:50:00,646.2599
4556,2013-12-03 22:50:00,0.92530376
4556,2013-12-03 22:50:00,0.92530376
4556,2013-12-03 23:00:00,610.52893
4556,2013-12-03 23:10:00,0.92530376
4556,2013-12-03 23:10:00,0.92530376
4556,2013-12-03 23:10:00,594.93414
4556,2013-12-03 23:20:00,1.8506075
4556,2013-12-03 23:20:00,611.884
4556,2013-12-03 23:30:00,1.9106454
4556,2013-12-03 23:30:00,543.44934
4556,2013-12-03 23:40:00,544.6659
4556,2013-12-03 23:50:00,549.4689
4556,2013-12-04 00:00:00,488.85205
4556,2013-12-04 00:10:00,408.46756
4556,2013-12-04 00:20:00,379.07968
4556,2013-12-04 00:20:00,0.002807078
4556,2013-12-04 00:30:00,380.02872
4556,2013-12-04 00:40:00,391.60266
4556,2013-12-04 00:50:00,373.74527
4556,2013-12-04 00:50:00,0.92530376
4556,2013-12-04 01:00:00,0.92530376
4556,2013-12-04 01:00:00,324.66638
4556,2013-12-04 01:10:00,340.3427
4556,2013-12-04 01:20:00,333.8803
4556,2013-12-04 01:20:00,0.002807078
4556,2013-12-04 01:30:00,321.83884
4556,2013-12-04 01:40:00,310.67944
4556,2013-12-04 01:40:00,0.002807078
4556,2013-12-04 01:50:00,291.2689
4556,2013-12-04 02:00:00,292.2138
4556,2013-12-04 02:10:00,287.20325
4556,2013-12-04 02:20:00,282.95364
4556,2013-12-04 02:30:00,245.23692
4556,2013-12-04 02:40:00,258.86658
4556,2013-12-04 02:50:00,260.90573
4556,2013-12-04 03:00:00,0.92530376
4556,2013-12-04 03:00:00,232.97885
4556,2013-12-04 03:10:00,237.94296
4556,2013-12-04 03:20:00,224.52823
4556,2013-12-04 03:30:00,203.2197
4556,2013-12-04 03:40:00,230.05367
4556,2013-12-04 03:50:00,251.9108
4556,2013-12-04 04:00:00,224.76091
4556,2013-12-04 04:10:00,250.29585
4556,2013-12-04 04:20:00,0.92530376
4556,2013-12-04 04:20:00,253.51003
4556,2013-12-04 04:30:00,224.1014
4556,2013-12-04 04:40:00,247.1973
4556,2013-12-04 04:50:00,275.5134
4556,2013-12-04 05:00:00,237.35266
4556,2013-12-04 05:10:00,256.5244
4556,2013-12-04 05:20:00,0.002807078
4556,2013-12-04 05:20:00,266.49512
4556,2013-12-04 05:30:00,253.518
4556,2013-12-04 05:40:00,254.0502
4556,2013-12-04 05:50:00,259.51544
4556,2013-12-04 06:00:00,263.81366
4556,2013-12-04 06:10:00,334.72665
4556,2013-12-04 06:10:00,0.9853416
4556,2013-12-04 06:20:00,329.77896
4556,2013-12-04 06:20:00,0.9853416
4556,2013-12-04 06:30:00,376.20462
4556,2013-12-04 06:40:00,381.58923
4556,2013-12-04 06:40:00,0.9853416
4556,2013-12-04 06:50:00,471.33344
4556,2013-12-04 07:00:00,3.4638338
4556,2013-12-04 07:00:00,473.62073
4556,2013-12-04 07:10:00,0.82616407
4556,2013-12-04 07:10:00,447.46704
4556,2013-12-04 07:20:00,0.82616407
4556,2013-12-04 07:20:00,488.5958
4556,2013-12-04 07:30:00,0.9853416
4556,2013-12-04 07:30:00,580.96484
4556,2013-12-04 07:30:00,1.9106454
4556,2013-12-04 07:40:00,1.9706832
4556,2013-12-04 07:40:00,593.0963
4556,2013-12-04 07:40:00,2.8387563
4556,2013-12-04 07:50:00,645.5764
4556,2013-12-04 08:00:00,590.471
4556,2013-12-04 08:00:00,0.9853416
4556,2013-12-04 08:00:00,1.9106454
4556,2013-12-04 08:10:00,9.39405
4556,2013-12-04 08:10:00,692.9528
4556,2013-12-04 08:20:00,2.8359492
4556,2013-12-04 08:20:00,561.9287
4556,2013-12-04 08:30:00,3.8212907
4556,2013-12-04 08:30:00,609.7964
4556,2013-12-04 08:30:00,0.9853416
4556,2013-12-04 08:40:00,4.6474547
4556,2013-12-04 08:40:00,584.91156
4556,2013-12-04 08:50:00,6.7172775
4556,2013-12-04 08:50:00,530.14124
4556,2013-12-04 09:00:00,1.9106454
4556,2013-12-04 09:00:00,528.6782
4556,2013-12-04 09:00:00,0.9853416
4556,2013-12-04 09:10:00,560.5405
4556,2013-12-04 09:10:00,0.002807078
4556,2013-12-04 09:10:00,1.9106454
4556,2013-12-04 09:20:00,497.52023
4556,2013-12-04 09:20:00,0.9853416
4556,2013-12-04 09:30:00,444.5135
4556,2013-12-04 09:40:00,1.9106454
4556,2013-12-04 09:40:00,0.002807078
4556,2013-12-04 09:40:00,466.34125
4556,2013-12-04 09:40:00,0.82616407
4556,2013-12-04 09:50:00,493.57852
4556,2013-12-04 10:00:00,461.44537
4556,2013-12-04 10:00:00,1.9706832
4556,2013-12-04 10:10:00,0.002807078
4556,2013-12-04 10:10:00,509.21246
4556,2013-12-04 10:20:00,523.37177
4556,2013-12-04 10:30:00,441.31607
4556,2013-12-04 10:40:00,529.7716
4556,2013-12-04 10:50:00,483.40182
4556,2013-12-04 11:00:00,0.82616407
4556,2013-12-04 11:00:00,483.38025
4556,2013-12-04 11:10:00,592.08496
4556,2013-12-04 11:10:00,0.9853416
4556,2013-12-04 11:10:00,1.9106454
4556,2013-12-04 11:20:00,520.85077
4556,2013-12-04 11:20:00,0.92530376
4556,2013-12-04 11:30:00,521.05426
4556,2013-12-04 11:40:00,545.1015
4556,2013-12-04 11:50:00,497.09808
4556,2013-12-04 11:50:00,0.002807078
4556,2013-12-04 12:00:00,0.82616407
4556,2013-12-04 12:00:00,574.3361
4556,2013-12-04 12:00:00,0.82616407
4556,2013-12-04 12:10:00,0.9853416
4556,2013-12-04 12:10:00,500.71616
4556,2013-12-04 12:20:00,0.002807078
4556,2013-12-04 12:20:00,501.58902
4556,2013-12-04 12:20:00,0.9853416
4556,2013-12-04 12:30:00,488.6013
4556,2013-12-04 12:40:00,542.1407
4556,2013-12-04 12:50:00,570.5782
4556,2013-12-04 13:00:00,535.9327
4556,2013-12-04 13:00:00,0.92530376
4556,2013-12-04 13:00:00,0.99095577
4556,2013-12-04 13:10:00,530.5755
4556,2013-12-04 13:20:00,515.7718
4556,2013-12-04 13:20:00,0.9853416
4556,2013-12-04 13:20:00,0.9853416
4556,2013-12-04 13:30:00,477.2033
4556,2013-12-04 13:40:00,554.945
4556,2013-12-04 13:50:00,535.07385
4556,2013-12-04 14:00:00,499.01172
4556,2013-12-04 14:00:00,0.92530376
4556,2013-12-04 14:10:00,544.20264
4556,2013-12-04 14:20:00,1.8506075
4556,2013-12-04 14:20:00,523.5764
4556,2013-12-04 14:20:00,0.9853416
4556,2013-12-04 14:30:00,0.92530376
4556,2013-12-04 14:30:00,551.6336
4556,2013-12-04 14:30:00,5.3535433
4556,2013-12-04 14:40:00,526.38727
4556,2013-12-04 14:50:00,478.2896
4556,2013-12-04 14:50:00,1.7514678
4556,2013-12-04 14:50:00,0.9853416
4556,2013-12-04 15:00:00,496.44443
4556,2013-12-04 15:10:00,0.92530376
4556,2013-12-04 15:10:00,524.8777
4556,2013-12-04 15:10:00,0.002807078
4556,2013-12-04 15:20:00,1.9106454
4556,2013-12-04 15:20:00,502.6103
4556,2013-12-04 15:20:00,0.82616407
4556,2013-12-04 15:30:00,0.002807078
4556,2013-12-04 15:30:00,0.9853416
4556,2013-12-04 15:30:00,490.30048
4556,2013-12-04 15:40:00,0.92530376
4556,2013-12-04 15:40:00,577.69055
4556,2013-12-04 15:50:00,0.9853416
4556,2013-12-04 15:50:00,685.57874
4556,2013-12-04 16:00:00,489.21777
4556,2013-12-04 16:10:00,563.151
4556,2013-12-04 16:10:00,0.9853416
4556,2013-12-04 16:20:00,542.24475
4556,2013-12-04 16:30:00,510.38602
4556,2013-12-04 16:40:00,551.9237
4556,2013-12-04 16:40:00,1.9106454
4556,2013-12-04 16:50:00,590.2685
4556,2013-12-04 16:50:00,1.8506075
4556,2013-12-04 17:00:00,598.4563
4556,2013-12-04 17:10:00,648.1467
4556,2013-12-04 17:20:00,626.5058
4556,2013-12-04 17:20:00,0.92530376
4556,2013-12-04 17:30:00,542.3609
4556,2013-12-04 17:30:00,1.9106454
4556,2013-12-04 17:30:00,0.9853416
4556,2013-12-04 17:40:00,602.77185
4556,2013-12-04 17:40:00,4.7494016
4556,2013-12-04 17:50:00,613.0284
4556,2013-12-04 18:00:00,583.3614
4556,2013-12-04 18:10:00,584.55865
4556,2013-12-04 18:10:00,0.9853416
4556,2013-12-04 18:10:00,2.7759113
4556,2013-12-04 18:20:00,0.002807078
4556,2013-12-04 18:20:00,0.92811084
4556,2013-12-04 18:20:00,583.5845
4556,2013-12-04 18:20:00,2.901601
4556,2013-12-04 18:30:00,1.7514678
4556,2013-12-04 18:30:00,574.24634
4556,2013-12-04 18:30:00,0.002807078
4556,2013-12-04 18:40:00,700.56177
4556,2013-12-04 18:40:00,0.92530376
4556,2013-12-04 18:50:00,0.005614156
4556,2013-12-04 18:50:00,723.3208
4556,2013-12-04 19:00:00,751.2922
4556,2013-12-04 19:10:00,1.9106454
4556,2013-12-04 19:10:00,699.71716
4556,2013-12-04 19:10:00,0.9853416
4556,2013-12-04 19:10:00,1.7514678
4556,2013-12-04 19:20:00,0.002807078
4556,2013-12-04 19:20:00,673.1879
4556,2013-12-04 19:20:00,0.002807078
4556,2013-12-04 19:30:00,0.002807078
4556,2013-12-04 19:30:00,767.8878
4556,2013-12-04 19:30:00,0.9853416
4556,2013-12-04 19:40:00,752.3582
4556,2013-12-04 19:40:00,0.92530376
4556,2013-12-04 19:40:00,4.6265187
4556,2013-12-04 19:40:00,0.9853416
4556,2013-12-04 19:50:00,0.92530376
4556,2013-12-04 19:50:00,1.9106454
4556,2013-12-04 19:50:00,722.476
4556,2013-12-04 19:50:00,7.3032904
4556,2013-12-04 19:50:00,0.92811084
4556,2013-12-04 19:50:00,0.9881487
4556,2013-12-04 20:00:00,1.9106454
4556,2013-12-04 20:00:00,759.63873
4556,2013-12-04 20:00:00,1.8506075
4556,2013-12-04 20:00:00,1.9706832
4556,2013-12-04 20:10:00,0.92530376
4556,2013-12-04 20:10:00,803.2432
4556,2013-12-04 20:10:00,0.9853416
4556,2013-12-04 20:10:00,0.9853416
4556,2013-12-04 20:10:00,2.895987
4556,2013-12-04 20:20:00,0.9853416
4556,2013-12-04 20:20:00,756.416
4556,2013-12-04 20:20:00,1.9106454
4556,2013-12-04 20:20:00,1.9706832
4556,2013-12-04 20:20:00,2.895987
4556,2013-12-04 20:20:00,0.92530376
4556,2013-12-04 20:30:00,0.002807078
4556,2013-12-04 20:30:00,0.9853416
4556,2013-12-04 20:30:00,0.002807078
4556,2013-12-04 20:30:00,751.1327
4556,2013-12-04 20:30:00,3.8212907
4556,2013-12-04 20:30:00,3.8813286
4556,2013-12-04 20:40:00,0.99656993
4556,2013-12-04 20:40:00,0.92530376
4556,2013-12-04 20:40:00,781.3895
4556,2013-12-04 20:40:00,0.9309179
4556,2013-12-04 20:50:00,0.92530376
4556,2013-12-04 20:50:00,747.6469
4556,2013-12-04 20:50:00,0.92530376
4556,2013-12-04 20:50:00,3.76406
4556,2013-12-04 21:00:00,790.9902
4556,2013-12-04 21:00:00,0.9853416
4556,2013-12-04 21:10:00,0.92530376
4556,2013-12-04 21:10:00,786.0113
4556,2013-12-04 21:20:00,691.6319
4556,2013-12-04 21:20:00,0.92811084
4556,2013-12-04 21:20:00,3.8212907
4556,2013-12-04 21:20:00,1.9706832
4556,2013-12-04 21:20:00,0.92530376
4556,2013-12-04 21:30:00,703.80536
4556,2013-12-04 21:30:00,0.9853416
4556,2013-12-04 21:30:00,0.9853416
4556,2013-12-04 21:40:00,710.0996
4556,2013-12-04 21:40:00,1.8506075
4556,2013-12-04 21:50:00,0.002807078
4556,2013-12-04 21:50:00,0.002807078
4556,2013-12-04 21:50:00,773.5249
4556,2013-12-04 21:50:00,1.9706832
4556,2013-12-04 22:00:00,1.8506075
4556,2013-12-04 22:00:00,666.5638
4556,2013-12-04 22:10:00,782.4975
4556,2013-12-04 22:10:00,0.9853416
4556,2013-12-04 22:20:00,0.92530376
4556,2013-12-04 22:20:00,707.25555
4556,2013-12-04 22:20:00,0.002807078
4556,2013-12-04 22:30:00,0.002807078
4556,2013-12-04 22:30:00,656.71704
4556,2013-12-04 22:40:00,659.6523
4556,2013-12-04 22:40:00,1.9706832
4556,2013-12-04 22:50:00,0.005614156
4556,2013-12-04 22:50:00,635.19507
4556,2013-12-04 23:00:00,570.4936
4556,2013-12-04 23:10:00,579.7372
4556,2013-12-04 23:10:00,0.9853416
4556,2013-12-04 23:20:00,0.002807078
4556,2013-12-04 23:20:00,667.2755
4556,2013-12-04 23:30:00,0.9853416
4556,2013-12-04 23:30:00,524.4653
4556,2013-12-04 23:40:00,0.008421234
4556,2013-12-04 23:40:00,667.8257
4556,2013-12-04 23:40:00,0.002807078
4556,2013-12-04 23:50:00,0.9881487
4556,2013-12-04 23:50:00,438.75928
4556,2013-12-05 00:00:00,0.002807078
4556,2013-12-05 00:00:00,451.72415
4556,2013-12-05 00:10:00,0.002807078
4556,2013-12-05 00:10:00,503.10312
4556,2013-12-05 00:20:00,418.5781
4556,2013-12-05 00:30:00,0.002807078
4556,2013-12-05 00:30:00,0.002807078
4556,2013-12-05 00:30:00,405.46872
4556,2013-12-05 00:30:00,0.002807078
4556,2013-12-05 00:40:00,401.36853
4556,2013-12-05 00:50:00,377.43585
4556,2013-12-05 01:00:00,0.008421234
4556,2013-12-05 01:00:00,386.9103
4556,2013-12-05 01:00:00,0.9853416
4556,2013-12-05 01:10:00,353.20242
4556,2013-12-05 01:20:00,302.63663
4556,2013-12-05 01:30:00,331.55368
4556,2013-12-05 01:40:00,331.27893
4556,2013-12-05 01:50:00,0.002807078
4556,2013-12-05 01:50:00,294.44476
4556,2013-12-05 02:00:00,0.002807078
4556,2013-12-05 02:00:00,292.23117
4556,2013-12-05 02:10:00,282.69254
4556,2013-12-05 02:20:00,0.002807078
4556,2013-12-05 02:20:00,269.90176
4556,2013-12-05 02:30:00,286.4622
4556,2013-12-05 02:40:00,268.7381
4556,2013-12-05 02:50:00,257.92914
4556,2013-12-05 03:00:00,254.97702
4556,2013-12-05 03:10:00,230.7304
4556,2013-12-05 03:20:00,225.25961
4556,2013-12-05 03:20:00,0.9853416
4556,2013-12-05 03:30:00,240.94785
4556,2013-12-05 03:40:00,234.4359
4556,2013-12-05 03:50:00,229.08372
4556,2013-12-05 04:00:00,205.3591
4556,2013-12-05 04:10:00,213.49829
4556,2013-12-05 04:20:00,221.93246
4556,2013-12-05 04:30:00,206.81169
4556,2013-12-05 04:40:00,212.57298
4556,2013-12-05 04:50:00,208.29872
4556,2013-12-05 05:00:00,222.72812
4556,2013-12-05 05:10:00,256.77722
4556,2013-12-05 05:20:00,272.69934
4556,2013-12-05 05:30:00,276.29413
4556,2013-12-05 05:40:00,0.002807078
4556,2013-12-05 05:40:00,283.274
4556,2013-12-05 05:40:00,0.9853416
4556,2013-12-05 05:50:00,271.94498
4556,2013-12-05 05:50:00,1.8506075
4556,2013-12-05 06:00:00,316.61508
4556,2013-12-05 06:00:00,1.9106454
4556,2013-12-05 06:10:00,311.54205
4556,2013-12-05 06:20:00,321.7812
4556,2013-12-05 06:30:00,425.4148
4556,2013-12-05 06:30:00,0.92530376
4556,2013-12-05 06:40:00,409.4755
4556,2013-12-05 06:50:00,0.82616407
4556,2013-12-05 06:50:00,382.56662
4556,2013-12-05 07:00:00,2.7968473
4556,2013-12-05 07:00:00,443.80286
4556,2013-12-05 07:00:00,0.9853416
4556,2013-12-05 07:10:00,758.67206
4556,2013-12-05 07:20:00,506.36057
4556,2013-12-05 07:30:00,576.34424
4556,2013-12-05 07:30:00,1.9106454
4556,2013-12-05 07:40:00,0.82616407
4556,2013-12-05 07:40:00,0.92530376
4556,2013-12-05 07:40:00,502.61072
4556,2013-12-05 07:50:00,600.9926
4556,2013-12-05 07:50:00,1.9106454
4556,2013-12-05 08:00:00,555.09546
4556,2013-12-05 08:10:00,571.2844
4556,2013-12-05 08:20:00,579.6501
4556,2013-12-05 08:30:00,549.62744
4556,2013-12-05 08:40:00,547.16327
4556,2013-12-05 08:50:00,554.1852
4556,2013-12-05 08:50:00,0.9853416
4556,2013-12-05 09:00:00,487.68283
4556,2013-12-05 09:10:00,0.011228312
4556,2013-12-05 09:10:00,515.6848
4556,2013-12-05 09:10:00,0.9853416
4556,2013-12-05 09:20:00,0.005614156
4556,2013-12-05 09:20:00,476.71664
4556,2013-12-05 09:20:00,1.9706832
4556,2013-12-05 09:30:00,502.16562
4556,2013-12-05 09:40:00,0.002807078
4556,2013-12-05 09:40:00,615.3083
4556,2013-12-05 09:50:00,582.2306
4556,2013-12-05 10:00:00,0.002807078
4556,2013-12-05 10:00:00,0.82616407
4556,2013-12-05 10:00:00,511.9993
4556,2013-12-05 10:10:00,534.8559
4556,2013-12-05 10:20:00,579.9766
4556,2013-12-05 10:20:00,0.9853416
4556,2013-12-05 10:30:00,501.08234
4556,2013-12-05 10:30:00,0.92530376
4556,2013-12-05 10:40:00,597.2639
4556,2013-12-05 10:40:00,0.9853416
4556,2013-12-05 10:50:00,541.4516
4556,2013-12-05 11:00:00,471.37164
4556,2013-12-05 11:10:00,0.92530376
4556,2013-12-05 11:10:00,576.1474
4556,2013-12-05 11:20:00,485.22037
4556,2013-12-05 11:20:00,0.9853416
4556,2013-12-05 11:30:00,0.82616407
4556,2013-12-05 11:30:00,539.9612
4556,2013-12-05 11:40:00,546.5651
4556,2013-12-05 11:50:00,637.00574
4556,2013-12-05 11:50:00,0.82616407
4556,2013-12-05 12:00:00,4.7465944
4556,2013-12-05 12:00:00,531.75165
4556,2013-12-05 12:10:00,10.478531
4556,2013-12-05 12:10:00,619.8572
4556,2013-12-05 12:20:00,1.8506075
4556,2013-12-05 12:20:00,0.92530376
4556,2013-12-05 12:20:00,518.66534
4556,2013-12-05 12:20:00,0.9853416
4556,2013-12-05 12:30:00,0.9853416
4556,2013-12-05 12:30:00,557.86945
4556,2013-12-05 12:30:00,0.9853416
4556,2013-12-05 12:40:00,619.3536
4556,2013-12-05 12:50:00,551.8715
4556,2013-12-05 12:50:00,0.9853416
4556,2013-12-05 13:00:00,622.62164
4556,2013-12-05 13:00:00,1.9106454
4556,2013-12-05 13:10:00,617.31366
4556,2013-12-05 13:10:00,0.82616407
4556,2013-12-05 13:10:00,0.92530376
4556,2013-12-05 13:20:00,674.3264
4556,2013-12-05 13:30:00,0.9853416
4556,2013-12-05 13:30:00,586.2966
4556,2013-12-05 13:40:00,561.48175
4556,2013-12-05 13:40:00,1.9106454
4556,2013-12-05 13:50:00,599.24817
4556,2013-12-05 14:00:00,631.2627
4556,2013-12-05 14:10:00,574.1987
4556,2013-12-05 14:20:00,491.33182
4556,2013-12-05 14:20:00,0.002807078
4556,2013-12-05 14:30:00,503.89874
4556,2013-12-05 14:40:00,621.9202
4556,2013-12-05 14:50:00,553.8515
4556,2013-12-05 14:50:00,0.9853416
4556,2013-12-05 15:00:00,535.75946
4556,2013-12-05 15:00:00,0.002807078
4556,2013-12-05 15:10:00,541.81146
4556,2013-12-05 15:20:00,487.42993
4556,2013-12-05 15:30:00,0.82616407
4556,2013-12-05 15:30:00,512.0746
4556,2013-12-05 15:30:00,0.92530376
4556,2013-12-05 15:30:00,0.92530376
4556,2013-12-05 15:40:00,524.0908
4556,2013-12-05 15:40:00,0.92530376
4556,2013-12-05 15:40:00,0.002807078
4556,2013-12-05 15:50:00,610.8748
4556,2013-12-05 15:50:00,0.92530376
4556,2013-12-05 16:00:00,0.002807078
4556,2013-12-05 16:00:00,573.0653
4556,2013-12-05 16:00:00,0.92530376
4556,2013-12-05 16:00:00,0.9853416
4556,2013-12-05 16:10:00,555.3137
4556,2013-12-05 16:10:00,0.002807078
4556,2013-12-05 16:20:00,579.97675
4556,2013-12-05 16:20:00,0.9853416
4556,2013-12-05 16:30:00,568.0242
4556,2013-12-05 16:40:00,551.34406
4556,2013-12-05 16:40:00,0.92530376
4556,2013-12-05 16:50:00,511.47427
4556,2013-12-05 16:50:00,0.9853416
4556,2013-12-05 17:00:00,1.9106454
4556,2013-12-05 17:00:00,543.9511
4556,2013-12-05 17:00:00,0.002807078
4556,2013-12-05 17:10:00,607.85754
4556,2013-12-05 17:20:00,0.92530376
4556,2013-12-05 17:20:00,621.36163
4556,2013-12-05 17:20:00,0.9853416
4556,2013-12-05 17:30:00,643.71844
4556,2013-12-05 17:30:00,0.9853416
4556,2013-12-05 17:40:00,0.9853416
4556,2013-12-05 17:40:00,703.6127
4556,2013-12-05 17:50:00,1.9106454
4556,2013-12-05 17:50:00,629.19696
4556,2013-12-05 17:50:00,0.9853416
4556,2013-12-05 18:00:00,699.075
4556,2013-12-05 18:10:00,0.9853416
4556,2013-12-05 18:10:00,605.8115
4556,2013-12-05 18:20:00,0.9881487
4556,2013-12-05 18:20:00,0.92530376
4556,2013-12-05 18:20:00,0.92530376
4556,2013-12-05 18:20:00,692.97546
4556,2013-12-05 18:30:00,0.92811084
4556,2013-12-05 18:30:00,0.002807078
4556,2013-12-05 18:30:00,686.1223
4556,2013-12-05 18:40:00,0.9881487
4556,2013-12-05 18:40:00,730.5702
4556,2013-12-05 18:50:00,1.8506075
4556,2013-12-05 18:50:00,734.5292
4556,2013-12-05 19:00:00,1.9106454
4556,2013-12-05 19:00:00,1.9106454
4556,2013-12-05 19:00:00,818.0216
4556,2013-12-05 19:00:00,1.9106454
4556,2013-12-05 19:10:00,2.956025
4556,2013-12-05 19:10:00,0.9853416
4556,2013-12-05 19:10:00,829.9148
4556,2013-12-05 19:10:00,0.82616407
4556,2013-12-05 19:10:00,0.002807078
4556,2013-12-05 19:20:00,1.8506075
4556,2013-12-05 19:20:00,913.3298
4556,2013-12-05 19:20:00,3.8212907
4556,2013-12-05 19:30:00,1.9106454
4556,2013-12-05 19:30:00,2.8359492
4556,2013-12-05 19:30:00,866.8088
4556,2013-12-05 19:30:00,0.002807078
4556,2013-12-05 19:30:00,1.9106454
4556,2013-12-05 19:40:00,6.7172775
4556,2013-12-05 19:40:00,4.8066325
4556,2013-12-05 19:40:00,0.92530376
4556,2013-12-05 19:40:00,852.0842
4556,2013-12-05 19:40:00,7.6425815
4556,2013-12-05 19:40:00,0.92530376
4556,2013-12-05 19:40:00,0.9853416
4556,2013-12-05 19:50:00,0.9853416
4556,2013-12-05 19:50:00,0.005614156
4556,2013-12-05 19:50:00,1.9106454
4556,2013-12-05 19:50:00,0.92811084
4556,2013-12-05 19:50:00,835.18054
4556,2013-12-05 19:50:00,0.9853416
4556,2013-12-05 19:50:00,1.9106454
4556,2013-12-05 20:00:00,2.895987
4556,2013-12-05 20:00:00,3.8240979
4556,2013-12-05 20:00:00,857.9126
4556,2013-12-05 20:00:00,0.92530376
4556,2013-12-05 20:00:00,2.895987
4556,2013-12-05 20:00:00,0.9853416
4556,2013-12-05 20:10:00,2.8359492
4556,2013-12-05 20:10:00,0.92811084
4556,2013-12-05 20:10:00,1.9106454
4556,2013-12-05 20:10:00,938.25934
4556,2013-12-05 20:10:00,0.92530376
4556,2013-12-05 20:10:00,2.8359492
4556,2013-12-05 20:10:00,0.92530376
4556,2013-12-05 20:10:00,0.9853416
4556,2013-12-05 20:20:00,1.8506075
4556,2013-12-05 20:20:00,9.676109
4556,2013-12-05 20:20:00,0.92530376
4556,2013-12-05 20:20:00,1.9106454
4556,2013-12-05 20:20:00,714.53827
4556,2013-12-05 20:20:00,5.791974
4556,2013-12-05 20:20:00,2.956025
4556,2013-12-05 20:20:00,2.8359492
4556,2013-12-05 20:30:00,1.9106454
4556,2013-12-05 20:30:00,0.970217
4556,2013-12-05 20:30:00,0.92530376
4556,2013-12-05 20:30:00,0.92530376
4556,2013-12-05 20:30:00,768.27057
4556,2013-12-05 20:30:00,3.6649203
4556,2013-12-05 20:30:00,1.8506075
4556,2013-12-05 20:40:00,1.9706832
4556,2013-12-05 20:40:00,9.558841
4556,2013-12-05 20:40:00,0.92530376
4556,2013-12-05 20:40:00,2.7368095
4556,2013-12-05 20:40:00,849.1047
4556,2013-12-05 20:40:00,0.9853416
4556,2013-12-05 20:40:00,0.92530376
4556,2013-12-05 20:50:00,0.9853416
4556,2013-12-05 20:50:00,0.92530376
4556,2013-12-05 20:50:00,748.53906
4556,2013-12-05 20:50:00,0.92530376
4556,2013-12-05 21:00:00,1.8506075
4556,2013-12-05 21:00:00,6.65724
4556,2013-12-05 21:00:00,1.9106454
4556,2013-12-05 21:00:00,2.895987
4556,2013-12-05 21:00:00,811.704
4556,2013-12-05 21:00:00,0.92530376
4556,2013-12-05 21:10:00,1.9106454
4556,2013-12-05 21:10:00,873.2903
4556,2013-12-05 21:10:00,0.92530376
4556,2013-12-05 21:10:00,0.99095577
4556,2013-12-05 21:20:00,1.9106454
4556,2013-12-05 21:20:00,893.25226
4556,2013-12-05 21:20:00,0.92530376
4556,2013-12-05 21:20:00,0.002807078
4556,2013-12-05 21:30:00,1.9106454
4556,2013-12-05 21:30:00,865.18524
4556,2013-12-05 21:40:00,3.8212907
4556,2013-12-05 21:40:00,0.92530376
4556,2013-12-05 21:40:00,0.92530376
4556,2013-12-05 21:40:00,830.69116
4556,2013-12-05 21:40:00,1.8506075
4556,2013-12-05 21:40:00,0.9853416
4556,2013-12-05 21:50:00,0.92530376
4556,2013-12-05 21:50:00,3.8240979
4556,2013-12-05 21:50:00,2.8387563
4556,2013-12-05 21:50:00,838.6042
4556,2013-12-05 21:50:00,2.8359492
4556,2013-12-05 21:50:00,0.9853416
4556,2013-12-05 22:00:00,0.82616407
4556,2013-12-05 22:00:00,2.895987
4556,2013-12-05 22:00:00,0.9853416
4556,2013-12-05 22:00:00,815.8852
4556,2013-12-05 22:00:00,1.9734904
4556,2013-12-05 22:10:00,0.92530376
4556,2013-12-05 22:10:00,7.6425815
4556,2013-12-05 22:10:00,3.8212907
4556,2013-12-05 22:10:00,2.6767716
4556,2013-12-05 22:10:00,816.3588
4556,2013-12-05 22:10:00,2.8359492
4556,2013-12-05 22:10:00,0.9853416
4556,2013-12-05 22:20:00,2.8359492
4556,2013-12-05 22:20:00,0.002807078
4556,2013-12-05 22:20:00,9.553226
4556,2013-12-05 22:20:00,1.9106454
4556,2013-12-05 22:20:00,709.9458
4556,2013-12-05 22:20:00,2.8359492
4556,2013-12-05 22:30:00,0.9853416
4556,2013-12-05 22:30:00,12.449214
4556,2013-12-05 22:30:00,2.895987
4556,2013-12-05 22:30:00,733.5027
4556,2013-12-05 22:30:00,0.9853416
4556,2013-12-05 22:40:00,4.7465944
4556,2013-12-05 22:40:00,0.92811084
4556,2013-12-05 22:40:00,715.15796
4556,2013-12-05 22:40:00,0.8317782
4556,2013-12-05 22:40:00,3.8813286
4556,2013-12-05 22:50:00,7.6425815
4556,2013-12-05 22:50:00,0.9853416
4556,2013-12-05 22:50:00,691.8193
4556,2013-12-05 22:50:00,0.9853416
4556,2013-12-05 22:50:00,0.9853416
4556,2013-12-05 23:00:00,1.9106454
4556,2013-12-05 23:00:00,603.5508
4556,2013-12-05 23:00:00,0.92530376
4556,2013-12-05 23:10:00,1.9106454
4556,2013-12-05 23:10:00,0.9881487
4556,2013-12-05 23:10:00,768.04846
4556,2013-12-05 23:20:00,1.9106454
4556,2013-12-05 23:20:00,1.9706832
4556,2013-12-05 23:20:00,636.3556
4556,2013-12-05 23:20:00,0.92530376
4556,2013-12-05 23:30:00,0.9853416
4556,2013-12-05 23:30:00,0.002807078
4556,2013-12-05 23:30:00,616.36206
4556,2013-12-05 23:30:00,0.002807078
4556,2013-12-05 23:40:00,0.92530376
4556,2013-12-05 23:40:00,560.3206
4556,2013-12-05 23:50:00,0.002807078
4556,2013-12-05 23:50:00,537.09454
4556,2013-12-05 23:50:00,0.92530376
4556,2013-12-06 00:00:00,475.70715
4556,2013-12-06 00:00:00,3.8212907
4556,2013-12-06 00:10:00,462.76617
4556,2013-12-06 00:10:00,4.8066325
4556,2013-12-06 00:20:00,470.40378
4556,2013-12-06 00:20:00,7.6425815
4556,2013-12-06 00:20:00,2.8359492
4556,2013-12-06 00:30:00,0.9853416
4556,2013-12-06 00:30:00,0.92530376
4556,2013-12-06 00:30:00,412.52298
4556,2013-12-06 00:30:00,0.9853416
4556,2013-12-06 00:40:00,416.33444
4556,2013-12-06 00:50:00,0.92530376
4556,2013-12-06 00:50:00,390.40445
4556,2013-12-06 01:00:00,402.60318
4556,2013-12-06 01:10:00,369.9105
4556,2013-12-06 01:20:00,371.2082
4556,2013-12-06 01:30:00,311.10294
4556,2013-12-06 01:40:00,316.57227
4556,2013-12-06 01:50:00,314.46042
4556,2013-12-06 02:00:00,294.35904
4556,2013-12-06 02:10:00,280.11343
4556,2013-12-06 02:20:00,2.895987
4556,2013-12-06 02:20:00,298.5958
4556,2013-12-06 02:30:00,305.39124
4556,2013-12-06 02:40:00,290.20575
4556,2013-12-06 02:50:00,15.285163
4556,2013-12-06 02:50:00,303.2264
4556,2013-12-06 03:00:00,1.9106454
4556,2013-12-06 03:00:00,273.57495
4556,2013-12-06 03:10:00,3.8212907
4556,2013-12-06 03:10:00,256.51773
4556,2013-12-06 03:20:00,0.92530376
4556,2013-12-06 03:20:00,260.10864
4556,2013-12-06 03:30:00,245.8131
4556,2013-12-06 03:40:00,2.895987
4556,2013-12-06 03:40:00,245.05235
4556,2013-12-06 03:50:00,2.8359492
4556,2013-12-06 03:50:00,238.07451
4556,2013-12-06 04:00:00,0.9853416
4556,2013-12-06 04:00:00,237.65425
4556,2013-12-06 04:10:00,245.40007
4556,2013-12-06 04:20:00,5.731936
4556,2013-12-06 04:20:00,243.865
4556,2013-12-06 04:30:00,17.195808
4556,2013-12-06 04:30:00,216.98206
4556,2013-12-06 04:30:00,1.8506075
4556,2013-12-06 04:40:00,14.299821
4556,2013-12-06 04:40:00,240.05771
4556,2013-12-06 04:50:00,10.5385685
4556,2013-12-06 04:50:00,253.52113
4556,2013-12-06 05:00:00,10.478531
4556,2013-12-06 05:00:00,260.72678
4556,2013-12-06 05:00:00,0.9853416
4556,2013-12-06 05:10:00,14.359859
4556,2013-12-06 05:10:00,278.00223
4556,2013-12-06 05:20:00,0.002807078
4556,2013-12-06 05:20:00,6.65724
4556,2013-12-06 05:20:00,272.25888
4556,2013-12-06 05:20:00,3.8212907
4556,2013-12-06 05:30:00,280.74188
4556,2013-12-06 05:40:00,265.85168
4556,2013-12-06 05:50:00,1.9106454
4556,2013-12-06 05:50:00,327.06723
4556,2013-12-06 06:00:00,296.68
4556,2013-12-06 06:10:00,315.45297
4556,2013-12-06 06:20:00,1.9106454
4556,2013-12-06 06:20:00,351.30634
4556,2013-12-06 06:30:00,386.4486
4556,2013-12-06 06:40:00,348.67035
4556,2013-12-06 06:50:00,425.95242
4556,2013-12-06 07:00:00,0.92530376
4556,2013-12-06 07:00:00,2.4784923
4556,2013-12-06 07:00:00,462.65945
4556,2013-12-06 07:10:00,0.82616407
4556,2013-12-06 07:10:00,421.8188
4556,2013-12-06 07:10:00,0.9853416
4556,2013-12-06 07:10:00,1.9706832
4556,2013-12-06 07:10:00,0.002807078
4556,2013-12-06 07:20:00,12.5786295
4556,2013-12-06 07:20:00,520.05743
4556,2013-12-06 07:30:00,4.4282393
4556,2013-12-06 07:30:00,495.59155
4556,2013-12-06 07:30:00,0.002807078
4556,2013-12-06 07:40:00,0.82616407
4556,2013-12-06 07:40:00,0.011228312
4556,2013-12-06 07:40:00,534.5296
4556,2013-12-06 07:50:00,0.92530376
4556,2013-12-06 07:50:00,4.6699114
4556,2013-12-06 07:50:00,517.8222
4556,2013-12-06 08:00:00,14.299821
4556,2013-12-06 08:00:00,558.7323
4556,2013-12-06 08:00:00,0.9853416
4556,2013-12-06 08:10:00,0.92530376
4556,2013-12-06 08:10:00,8.468745
4556,2013-12-06 08:10:00,519.0044
4556,2013-12-06 08:20:00,0.92530376
4556,2013-12-06 08:20:00,397.88596
4556,2013-12-06 08:30:00,0.002807078
4556,2013-12-06 08:30:00,395.95734
4556,2013-12-06 08:40:00,1.9106454
4556,2013-12-06 08:40:00,451.47778
4556,2013-12-06 08:40:00,0.9853416
4556,2013-12-06 08:50:00,0.9853416
4556,2013-12-06 08:50:00,559.78485
4556,2013-12-06 08:50:00,0.002807078
4556,2013-12-06 09:00:00,1.9106454
4556,2013-12-06 09:00:00,468.34827
4556,2013-12-06 09:00:00,0.9853416
4556,2013-12-06 09:10:00,0.92530376
4556,2013-12-06 09:10:00,480.71533
4556,2013-12-06 09:20:00,0.92530376
4556,2013-12-06 09:20:00,464.6231
4556,2013-12-06 09:30:00,464.8844
4556,2013-12-06 09:40:00,550.79474
4556,2013-12-06 09:40:00,1.9106454
4556,2013-12-06 09:40:00,0.92530376
4556,2013-12-06 09:50:00,0.82616407
4556,2013-12-06 09:50:00,0.92811084
4556,2013-12-06 09:50:00,549.7596
4556,2013-12-06 10:00:00,523.86865
4556,2013-12-06 10:10:00,475.41608
4556,2013-12-06 10:20:00,0.92530376
4556,2013-12-06 10:20:00,483.9626
4556,2013-12-06 10:30:00,415.8805
4556,2013-12-06 10:30:00,0.9853416
4556,2013-12-06 10:40:00,425.49796
4556,2013-12-06 10:50:00,418.2897
4556,2013-12-06 11:00:00,0.002807078
4556,2013-12-06 11:00:00,444.7544
4556,2013-12-06 11:10:00,0.9853416
4556,2013-12-06 11:10:00,461.79095
4556,2013-12-06 11:10:00,1.9734904
4556,2013-12-06 11:20:00,441.38138
4556,2013-12-06 11:20:00,1.9706832
4556,2013-12-06 11:30:00,498.8416
4556,2013-12-06 11:40:00,0.92530376
4556,2013-12-06 11:40:00,0.002807078
4556,2013-12-06 11:40:00,524.9046
4556,2013-12-06 11:50:00,588.63916
4556,2013-12-06 11:50:00,0.9853416
4556,2013-12-06 12:00:00,529.76935
4556,2013-12-06 12:10:00,0.82616407
4556,2013-12-06 12:10:00,535.7351
4556,2013-12-06 12:10:00,0.82616407
4556,2013-12-06 12:20:00,604.1244
4556,2013-12-06 12:30:00,0.92811084
4556,2013-12-06 12:30:00,526.12683
4556,2013-12-06 12:40:00,597.28345
4556,2013-12-06 12:50:00,641.3403
4556,2013-12-06 13:00:00,546.8802
4556,2013-12-06 13:00:00,0.9853416
4556,2013-12-06 13:10:00,519.40814
4556,2013-12-06 13:10:00,0.9853416
4556,2013-12-06 13:20:00,488.6881
4556,2013-12-06 13:30:00,585.4748
4556,2013-12-06 13:30:00,0.92530376
4556,2013-12-06 13:30:00,3.8212907
4556,2013-12-06 13:40:00,2.7759113
4556,2013-12-06 13:40:00,537.38354
4556,2013-12-06 13:40:00,0.92530376
4556,2013-12-06 13:40:00,0.9853416
4556,2013-12-06 13:40:00,0.92530376
4556,2013-12-06 13:50:00,0.019649545
4556,2013-12-06 13:50:00,540.27405
4556,2013-12-06 13:50:00,2.8359492
4556,2013-12-06 14:00:00,0.005614156
4556,2013-12-06 14:00:00,524.9325
4556,2013-12-06 14:00:00,0.9853416
4556,2013-12-06 14:10:00,498.74658
4556,2013-12-06 14:20:00,576.33374
4556,2013-12-06 14:30:00,645.3633
4556,2013-12-06 14:30:00,0.9853416
4556,2013-12-06 14:30:00,3.8212907
4556,2013-12-06 14:40:00,2.7759113
4556,2013-12-06 14:40:00,664.16846
4556,2013-12-06 14:50:00,2.7759113
4556,2013-12-06 14:50:00,523.315
4556,2013-12-06 15:00:00,493.41605
4556,2013-12-06 15:00:00,1.8506075
4556,2013-12-06 15:10:00,597.668
4556,2013-12-06 15:10:00,1.9706832
4556,2013-12-06 15:20:00,532.7899
4556,2013-12-06 15:20:00,0.92530376
4556,2013-12-06 15:20:00,1.8115057
4556,2013-12-06 15:30:00,0.92530376
4556,2013-12-06 15:30:00,1.9106454
4556,2013-12-06 15:30:00,547.69055
4556,2013-12-06 15:30:00,1.9706832
4556,2013-12-06 15:40:00,643.6578
4556,2013-12-06 15:40:00,0.9853416
4556,2013-12-06 15:50:00,0.9881487
4556,2013-12-06 15:50:00,512.80115
4556,2013-12-06 15:50:00,0.9853416
4556,2013-12-06 15:50:00,0.005614156
4556,2013-12-06 16:00:00,618.8723
4556,2013-12-06 16:00:00,0.002807078
4556,2013-12-06 16:10:00,610.1128
4556,2013-12-06 16:20:00,566.2602
4556,2013-12-06 16:20:00,0.92530376
4556,2013-12-06 16:30:00,0.9853416
4556,2013-12-06 16:30:00,601.4013
4556,2013-12-06 16:30:00,4.8066325
4556,2013-12-06 16:40:00,613.33405
4556,2013-12-06 16:50:00,0.92530376
4556,2013-12-06 16:50:00,704.08496
4556,2013-12-06 17:00:00,1.9106454
4556,2013-12-06 17:00:00,736.53906
4556,2013-12-06 17:00:00,0.92530376
4556,2013-12-06 17:10:00,626.90094
4556,2013-12-06 17:10:00,0.9853416
4556,2013-12-06 17:10:00,2.895987
4556,2013-12-06 17:20:00,1.8506075
4556,2013-12-06 17:20:00,0.92530376
4556,2013-12-06 17:20:00,0.9853416
4556,2013-12-06 17:20:00,701.292
4556,2013-12-06 17:20:00,0.9853416
4556,2013-12-06 17:20:00,0.9853416
4556,2013-12-06 17:30:00,0.92530376
4556,2013-12-06 17:30:00,604.7419
4556,2013-12-06 17:30:00,0.002807078
4556,2013-12-06 17:40:00,1.9706832
4556,2013-12-06 17:40:00,618.31244
4556,2013-12-06 17:50:00,622.8177
4556,2013-12-06 17:50:00,0.9853416
4556,2013-12-06 17:50:00,1.9106454
4556,2013-12-06 18:00:00,0.92530376
4556,2013-12-06 18:00:00,645.00854
4556,2013-12-06 18:00:00,2.8359492
4556,2013-12-06 18:10:00,0.92530376
4556,2013-12-06 18:10:00,543.8761
4556,2013-12-06 18:10:00,1.9106454
4556,2013-12-06 18:10:00,0.9853416
4556,2013-12-06 18:10:00,1.9706832
4556,2013-12-06 18:10:00,0.92530376
4556,2013-12-06 18:20:00,0.9853416
4556,2013-12-06 18:20:00,2.8359492
4556,2013-12-06 18:20:00,2.8387563
4556,2013-12-06 18:20:00,598.57025
4556,2013-12-06 18:30:00,0.9853416
4556,2013-12-06 18:30:00,0.92530376
4556,2013-12-06 18:30:00,1.8506075
4556,2013-12-06 18:30:00,0.002807078
4556,2013-12-06 18:30:00,629.3136
4556,2013-12-06 18:30:00,2.8359492
4556,2013-12-06 18:40:00,0.92530376
4556,2013-12-06 18:40:00,2.8387563
4556,2013-12-06 18:40:00,637.5921
4556,2013-12-06 18:40:00,0.002807078
4556,2013-12-06 18:50:00,658.0896
4556,2013-12-06 18:50:00,0.9853416
4556,2013-12-06 18:50:00,0.92530376
4556,2013-12-06 19:00:00,0.92811084
4556,2013-12-06 19:00:00,1.9106454
4556,2013-12-06 19:00:00,721.9389
4556,2013-12-06 19:00:00,3.7612529
4556,2013-12-06 19:10:00,749.59985
4556,2013-12-06 19:10:00,0.92530376
4556,2013-12-06 19:10:00,3.701215
4556,2013-12-06 19:20:00,0.9881487
4556,2013-12-06 19:20:00,789.86304
4556,2013-12-06 19:20:00,1.8506075
4556,2013-12-06 19:20:00,0.92530376
4556,2013-12-06 19:20:00,0.9881487
4556,2013-12-06 19:20:00,0.92530376
4556,2013-12-06 19:30:00,0.92530376
4556,2013-12-06 19:30:00,3.76406
4556,2013-12-06 19:30:00,836.6218
4556,2013-12-06 19:30:00,1.9106454
4556,2013-12-06 19:30:00,0.002807078
4556,2013-12-06 19:40:00,2.895987
4556,2013-12-06 19:40:00,828.2725
4556,2013-12-06 19:40:00,0.9853416
4556,2013-12-06 19:40:00,0.002807078
4556,2013-12-06 19:50:00,0.002807078
4556,2013-12-06 19:50:00,0.002807078
4556,2013-12-06 19:50:00,0.002807078
4556,2013-12-06 19:50:00,0.002807078
4556,2013-12-06 19:50:00,1702.0452
4556,2013-12-06 19:50:00,2.956025
4556,2013-12-06 19:50:00,1.9706832
4556,2013-12-06 19:50:00,6.3989224
4556,2013-12-06 19:50:00,8.24953
4556,2013-12-06 19:50:00,1.9106454
4556,2013-12-06 19:50:00,1.9106454
4556,2013-12-06 19:50:00,4.686557
4556,2013-12-06 20:00:00,0.92530376
4556,2013-12-06 20:00:00,0.92530376
4556,2013-12-06 20:00:00,1.7514678
4556,2013-12-06 20:00:00,4.7494016
4556,2013-12-06 20:00:00,780.07654
4556,2013-12-06 20:00:00,0.9853416
4556,2013-12-06 20:00:00,4.530186
4556,2013-12-06 20:00:00,0.9853416
4556,2013-12-06 20:00:00,0.9853416
4556,2013-12-06 20:10:00,0.002807078
4556,2013-12-06 20:10:00,0.92530376
4556,2013-12-06 20:10:00,959.9131
4556,2013-12-06 20:10:00,5.752872
4556,2013-12-06 20:20:00,1.9106454
4556,2013-12-06 20:20:00,932.65656
4556,2013-12-06 20:20:00,4.707493
4556,2013-12-06 20:20:00,0.9309179
4556,2013-12-06 20:20:00,2.7759113
4556,2013-12-06 20:30:00,0.9853416
4556,2013-12-06 20:30:00,0.9853416
4556,2013-12-06 20:30:00,831.346
4556,2013-12-06 20:30:00,5.3535433
4556,2013-12-06 20:30:00,0.9853416
4556,2013-12-06 20:30:00,0.92530376
4556,2013-12-06 20:30:00,1.9106454
4556,2013-12-06 20:40:00,0.92530376
4556,2013-12-06 20:40:00,0.9853416
4556,2013-12-06 20:40:00,850.7197
4556,2013-12-06 20:40:00,0.9309179
4556,2013-12-06 20:50:00,0.92530376
4556,2013-12-06 20:50:00,0.92530376
4556,2013-12-06 20:50:00,886.61566
4556,2013-12-06 20:50:00,0.002807078
4556,2013-12-06 20:50:00,0.92530376
4556,2013-12-06 20:50:00,2.8359492
4556,2013-12-06 21:00:00,2.895987
4556,2013-12-06 21:00:00,985.19257
4556,2013-12-06 21:00:00,4.587417
4556,2013-12-06 21:00:00,4.6265187
4556,2013-12-06 21:10:00,0.92530376
4556,2013-12-06 21:10:00,0.92530376
4556,2013-12-06 21:10:00,1010.8414
4556,2013-12-06 21:10:00,3.6649203
4556,2013-12-06 21:10:00,2.7759113
4556,2013-12-06 21:10:00,0.92530376
4556,2013-12-06 21:20:00,0.92530376
4556,2013-12-06 21:20:00,940.47
4556,2013-12-06 21:20:00,1.8506075
4556,2013-12-06 21:20:00,0.002807078
4556,2013-12-06 21:20:00,2.8359492
4556,2013-12-06 21:30:00,1.8506075
4556,2013-12-06 21:30:00,1.9706832
4556,2013-12-06 21:30:00,1023.24677
4556,2013-12-06 21:30:00,0.92530376
4556,2013-12-06 21:30:00,2.6823857
4556,2013-12-06 21:30:00,0.92530376
4556,2013-12-06 21:40:00,993.7384
4556,2013-12-06 21:40:00,0.9881487
4556,2013-12-06 21:40:00,4.655876
4556,2013-12-06 21:50:00,1.8506075
4556,2013-12-06 21:50:00,0.9853416
4556,2013-12-06 21:50:00,2.956025
4556,2013-12-06 21:50:00,971.84906
4556,2013-12-06 21:50:00,0.9881487
4556,2013-12-06 21:50:00,4.587417
4556,2013-12-06 22:00:00,0.005614156
4556,2013-12-06 22:00:00,4.8066325
4556,2013-12-06 22:00:00,1016.8658
4556,2013-12-06 22:00:00,2.6795785
4556,2013-12-06 22:00:00,0.002807078
4556,2013-12-06 22:10:00,0.92530376
4556,2013-12-06 22:10:00,0.002807078
4556,2013-12-06 22:10:00,0.92530376
4556,2013-12-06 22:10:00,959.08746
4556,2013-12-06 22:20:00,0.92530376
4556,2013-12-06 22:20:00,0.92530376
4556,2013-12-06 22:20:00,943.4353
4556,2013-12-06 22:20:00,1.9106454
4556,2013-12-06 22:20:00,0.002807078
4556,2013-12-06 22:30:00,940.5444
4556,2013-12-06 22:30:00,0.005614156
4556,2013-12-06 22:30:00,0.002807078
4556,2013-12-06 22:40:00,0.92530376
4556,2013-12-06 22:40:00,0.92530376
4556,2013-12-06 22:40:00,995.4139
4556,2013-12-06 22:50:00,0.002807078
4556,2013-12-06 22:50:00,0.9853416
4556,2013-12-06 22:50:00,926.5758
4556,2013-12-06 22:50:00,0.002807078
4556,2013-12-06 22:50:00,0.9881487
4556,2013-12-06 23:00:00,0.002807078
4556,2013-12-06 23:00:00,0.9853416
4556,2013-12-06 23:00:00,984.5539
4556,2013-12-06 23:00:00,0.82616407
4556,2013-12-06 23:10:00,0.92530376
4556,2013-12-06 23:10:00,0.9853416
4556,2013-12-06 23:10:00,0.002807078
4556,2013-12-06 23:10:00,1045.2975
4556,2013-12-06 23:10:00,0.002807078
4556,2013-12-06 23:10:00,0.82616407
4556,2013-12-06 23:20:00,0.9853416
4556,2013-12-06 23:20:00,1.8534145
4556,2013-12-06 23:20:00,957.61084
4556,2013-12-06 23:20:00,0.002807078
4556,2013-12-06 23:30:00,1.8534145
4556,2013-12-06 23:30:00,794.05975
4556,2013-12-06 23:40:00,1.9706832
4556,2013-12-06 23:40:00,0.002807078
4556,2013-12-06 23:40:00,779.6106
4556,2013-12-06 23:50:00,0.9853416
4556,2013-12-06 23:50:00,741.2838
4556,2013-12-07 00:00:00,703.66125
4556,2013-12-07 00:00:00,4.8066325
4556,2013-12-07 00:00:00,0.002807078
4556,2013-12-07 00:10:00,0.92530376
4556,2013-12-07 00:10:00,625.4006
4556,2013-12-07 00:10:00,0.92811084
4556,2013-12-07 00:20:00,613.78186
4556,2013-12-07 00:20:00,0.92530376
4556,2013-12-07 00:30:00,0.9853416
4556,2013-12-07 00:30:00,1.9706832
4556,2013-12-07 00:30:00,2.895987
4556,2013-12-07 00:30:00,599.2734
4556,2013-12-07 00:30:00,0.92530376
4556,2013-12-07 00:40:00,555.8808
4556,2013-12-07 00:50:00,0.9853416
4556,2013-12-07 00:50:00,565.8534
4556,2013-12-07 01:00:00,493.98267
4556,2013-12-07 01:10:00,0.002807078
4556,2013-12-07 01:10:00,568.90814
4556,2013-12-07 01:20:00,459.31778
4556,2013-12-07 01:20:00,0.002807078
4556,2013-12-07 01:30:00,407.71564
4556,2013-12-07 01:30:00,1.9106454
4556,2013-12-07 01:40:00,0.9853416
4556,2013-12-07 01:40:00,445.862
4556,2013-12-07 01:40:00,6.7172775
4556,2013-12-07 01:50:00,451.28256
4556,2013-12-07 01:50:00,2.8359492
4556,2013-12-07 02:00:00,0.9853416
4556,2013-12-07 02:00:00,418.42978
4556,2013-12-07 02:10:00,353.6858
4556,2013-12-07 02:20:00,322.79523
4556,2013-12-07 02:30:00,329.02374
4556,2013-12-07 02:30:00,1.9106454
4556,2013-12-07 02:40:00,299.7591
4556,2013-12-07 02:50:00,284.5711
4556,2013-12-07 03:00:00,296.3482
4556,2013-12-07 03:10:00,288.77908
4556,2013-12-07 03:20:00,295.64996
4556,2013-12-07 03:30:00,271.45816
4556,2013-12-07 03:30:00,0.9853416
4556,2013-12-07 03:40:00,249.27132
4556,2013-12-07 03:40:00,2.8359492
4556,2013-12-07 03:50:00,265.34732
4556,2013-12-07 04:00:00,247.81595
4556,2013-12-07 04:10:00,257.61438
4556,2013-12-07 04:20:00,227.08311
4556,2013-12-07 04:30:00,220.9871
4556,2013-12-07 04:40:00,217.91574
4556,2013-12-07 04:50:00,224.87132
4556,2013-12-07 05:00:00,226.58798
4556,2013-12-07 05:10:00,247.72238
4556,2013-12-07 05:10:00,0.92530376
4556,2013-12-07 05:10:00,0.002807078
4556,2013-12-07 05:20:00,196.28609
4556,2013-12-07 05:30:00,215.80305
4556,2013-12-07 05:40:00,250.04358
4556,2013-12-07 05:50:00,202.42104
4556,2013-12-07 06:00:00,223.89061
4556,2013-12-07 06:00:00,0.9853416
4556,2013-12-07 06:10:00,246.60158
4556,2013-12-07 06:20:00,211.95613
4556,2013-12-07 06:30:00,222.56596
4556,2013-12-07 06:30:00,0.9853416
4556,2013-12-07 06:40:00,253.37889
4556,2013-12-07 06:40:00,0.9853416
4556,2013-12-07 06:50:00,241.61652
4556,2013-12-07 06:50:00,0.9853416
4556,2013-12-07 07:00:00,259.58463
4556,2013-12-07 07:10:00,286.13318
4556,2013-12-07 07:20:00,262.32483
4556,2013-12-07 07:30:00,250.99002
4556,2013-12-07 07:40:00,294.39734
4556,2013-12-07 07:50:00,0.92530376
4556,2013-12-07 07:50:00,270.07404
4556,2013-12-07 08:00:00,346.27045
4556,2013-12-07 08:10:00,0.002807078
4556,2013-12-07 08:10:00,421.03857
4556,2013-12-07 08:20:00,434.20047
4556,2013-12-07 08:30:00,322.6121
4556,2013-12-07 08:40:00,0.92530376
4556,2013-12-07 08:40:00,382.19952
4556,2013-12-07 08:50:00,0.92530376
4556,2013-12-07 08:50:00,452.5
4556,2013-12-07 08:50:00,1.9706832
4556,2013-12-07 09:00:00,0.92530376
4556,2013-12-07 09:00:00,0.9853416
4556,2013-12-07 09:00:00,457.30963
4556,2013-12-07 09:00:00,0.9853416
4556,2013-12-07 09:00:00,0.92530376
4556,2013-12-07 09:10:00,0.92530376
4556,2013-12-07 09:10:00,402.05603
4556,2013-12-07 09:20:00,439.61163
4556,2013-12-07 09:30:00,460.2544
4556,2013-12-07 09:30:00,1.9106454
4556,2013-12-07 09:40:00,403.3687
4556,2013-12-07 09:50:00,447.60892
4556,2013-12-07 09:50:00,0.002807078
4556,2013-12-07 09:50:00,0.92530376
4556,2013-12-07 10:00:00,0.002807078
4556,2013-12-07 10:00:00,387.07388
4556,2013-12-07 10:10:00,0.99376285
4556,2013-12-07 10:10:00,459.4181
4556,2013-12-07 10:10:00,0.92530376
4556,2013-12-07 10:10:00,0.9853416
4556,2013-12-07 10:20:00,447.15387
4556,2013-12-07 10:20:00,3.701215
4556,2013-12-07 10:20:00,0.002807078
4556,2013-12-07 10:30:00,415.1221
4556,2013-12-07 10:30:00,2.7759113
4556,2013-12-07 10:30:00,0.9853416
4556,2013-12-07 10:40:00,567.92175
4556,2013-12-07 10:40:00,0.9853416
4556,2013-12-07 10:40:00,0.92530376
4556,2013-12-07 10:50:00,0.9853416
4556,2013-12-07 10:50:00,532.52576
4556,2013-12-07 10:50:00,6.477126
4556,2013-12-07 10:50:00,0.9853416
4556,2013-12-07 11:00:00,0.92530376
4556,2013-12-07 11:00:00,501.7277
4556,2013-12-07 11:00:00,4.6265187
4556,2013-12-07 11:10:00,674.9493
4556,2013-12-07 11:20:00,520.2297
4556,2013-12-07 11:20:00,2.8359492
4556,2013-12-07 11:30:00,590.7607
4556,2013-12-07 11:40:00,0.9853416
4556,2013-12-07 11:40:00,641.2238
4556,2013-12-07 11:40:00,0.9853416
4556,2013-12-07 11:50:00,0.002807078
4556,2013-12-07 11:50:00,789.97754
4556,2013-12-07 11:50:00,0.002807078
4556,2013-12-07 12:00:00,0.002807078
4556,2013-12-07 12:00:00,600.9897
4556,2013-12-07 12:10:00,1.7514678
4556,2013-12-07 12:10:00,589.1173
4556,2013-12-07 12:10:00,0.92530376
4556,2013-12-07 12:10:00,0.9853416
4556,2013-12-07 12:20:00,629.4339
4556,2013-12-07 12:30:00,1.9106454
4556,2013-12-07 12:30:00,0.92530376
4556,2013-12-07 12:30:00,1.9106454
4556,2013-12-07 12:30:00,622.23364
4556,2013-12-07 12:40:00,791.3184
4556,2013-12-07 12:50:00,693.6737
4556,2013-12-07 12:50:00,1.8562217
4556,2013-12-07 12:50:00,0.9881487
4556,2013-12-07 13:00:00,0.933725
4556,2013-12-07 13:00:00,693.85614
4556,2013-12-07 13:00:00,0.92530376
4556,2013-12-07 13:00:00,1.9134525
4556,2013-12-07 13:10:00,0.92530376
4556,2013-12-07 13:10:00,0.92530376
4556,2013-12-07 13:10:00,1.8506075
4556,2013-12-07 13:10:00,814.85156
4556,2013-12-07 13:10:00,0.9853416
4556,2013-12-07 13:20:00,0.92530376
4556,2013-12-07 13:20:00,900.9188
4556,2013-12-07 13:20:00,0.92530376
4556,2013-12-07 13:20:00,1.7514678
4556,2013-12-07 13:20:00,1.9706832
4556,2013-12-07 13:30:00,0.92811084
4556,2013-12-07 13:30:00,716.20026
4556,2013-12-07 13:30:00,1.8534145
4556,2013-12-07 13:30:00,0.002807078
4556,2013-12-07 13:30:00,0.9853416
4556,2013-12-07 13:40:00,1.9106454
4556,2013-12-07 13:40:00,1.9106454
4556,2013-12-07 13:40:00,0.92530376
4556,2013-12-07 13:40:00,737.1249
4556,2013-12-07 13:40:00,3.8212907
4556,2013-12-07 13:50:00,0.9881487
4556,2013-12-07 13:50:00,0.9853416
4556,2013-12-07 13:50:00,1.8506075
4556,2013-12-07 13:50:00,753.66266
4556,2013-12-07 13:50:00,0.92530376
4556,2013-12-07 14:00:00,0.9853416
4556,2013-12-07 14:00:00,0.92530376
4556,2013-12-07 14:00:00,722.00964
4556,2013-12-07 14:00:00,0.9309179
4556,2013-12-07 14:00:00,0.9881487
4556,2013-12-07 14:10:00,0.9853416
4556,2013-12-07 14:10:00,1.8506075
4556,2013-12-07 14:10:00,0.92530376
4556,2013-12-07 14:10:00,831.82294
4556,2013-12-07 14:10:00,0.9853416
4556,2013-12-07 14:10:00,1.9134525
4556,2013-12-07 14:10:00,1.9106454
4556,2013-12-07 14:10:00,0.92530376
4556,2013-12-07 14:20:00,849.6847
4556,2013-12-07 14:20:00,0.82616407
4556,2013-12-07 14:20:00,0.92530376
4556,2013-12-07 14:30:00,0.9853416
4556,2013-12-07 14:30:00,1.9106454
4556,2013-12-07 14:30:00,666.4973
4556,2013-12-07 14:30:00,0.82616407
4556,2013-12-07 14:30:00,4.686557
4556,2013-12-07 14:30:00,0.92530376
4556,2013-12-07 14:40:00,0.9853416
4556,2013-12-07 14:40:00,0.9853416
4556,2013-12-07 14:40:00,0.92530376
4556,2013-12-07 14:40:00,671.31604
4556,2013-12-07 14:40:00,5.6118603
4556,2013-12-07 14:50:00,626.90857
4556,2013-12-07 14:50:00,1.9106454
4556,2013-12-07 15:00:00,0.002807078
4556,2013-12-07 15:00:00,656.6422
4556,2013-12-07 15:00:00,1.8506075
4556,2013-12-07 15:10:00,611.43567
4556,2013-12-07 15:10:00,0.9853416
4556,2013-12-07 15:20:00,0.002807078
4556,2013-12-07 15:20:00,587.9418
4556,2013-12-07 15:30:00,0.002807078
4556,2013-12-07 15:30:00,644.09827
4556,2013-12-07 15:40:00,0.92530376
4556,2013-12-07 15:40:00,511.7302
4556,2013-12-07 15:40:00,0.9853416
4556,2013-12-07 15:50:00,574.0015
4556,2013-12-07 16:00:00,513.0791
4556,2013-12-07 16:00:00,0.9853416
4556,2013-12-07 16:10:00,0.9881487
4556,2013-12-07 16:10:00,536.7603
4556,2013-12-07 16:10:00,1.7542748
4556,2013-12-07 16:20:00,0.9853416
4556,2013-12-07 16:20:00,541.00793
4556,2013-12-07 16:20:00,6.477126
4556,2013-12-07 16:20:00,0.9853416
4556,2013-12-07 16:20:00,0.008421234
4556,2013-12-07 16:30:00,0.002807078
4556,2013-12-07 16:30:00,0.016842468
4556,2013-12-07 16:30:00,604.4459
4556,2013-12-07 16:30:00,3.701215
4556,2013-12-07 16:30:00,0.002807078
4556,2013-12-07 16:40:00,765.54236
4556,2013-12-07 16:40:00,0.92530376
4556,2013-12-07 16:40:00,0.002807078
4556,2013-12-07 16:50:00,0.92530376
4556,2013-12-07 16:50:00,573.8149
4556,2013-12-07 16:50:00,0.92530376
4556,2013-12-07 16:50:00,0.92811084
4556,2013-12-07 17:00:00,0.92530376
4556,2013-12-07 17:00:00,1.9106454
4556,2013-12-07 17:00:00,538.71674
4556,2013-12-07 17:00:00,0.002807078
4556,2013-12-07 17:10:00,0.92530376
4556,2013-12-07 17:10:00,638.5516
4556,2013-12-07 17:10:00,0.9853416
4556,2013-12-07 17:20:00,521.3306
4556,2013-12-07 17:20:00,2.895987
4556,2013-12-07 17:30:00,538.306
4556,2013-12-07 17:30:00,0.002807078
4556,2013-12-07 17:40:00,608.2941
4556,2013-12-07 17:40:00,2.6767716
4556,2013-12-07 17:40:00,0.92530376
4556,2013-12-07 17:50:00,1.9706832
4556,2013-12-07 17:50:00,612.3299
4556,2013-12-07 17:50:00,1.7514678
4556,2013-12-07 18:00:00,565.33496
4556,2013-12-07 18:10:00,701.044
4556,2013-12-07 18:10:00,3.8212907
4556,2013-12-07 18:10:00,0.92530376
4556,2013-12-07 18:20:00,0.002807078
4556,2013-12-07 18:20:00,0.002807078
4556,2013-12-07 18:20:00,664.9304
4556,2013-12-07 18:20:00,0.92530376
4556,2013-12-07 18:30:00,678.55615
4556,2013-12-07 18:30:00,1.9162595
4556,2013-12-07 18:30:00,2.7396166
4556,2013-12-07 18:40:00,0.92530376
4556,2013-12-07 18:40:00,2.8359492
4556,2013-12-07 18:40:00,795.4252
4556,2013-12-07 18:40:00,2.895987
4556,2013-12-07 18:50:00,0.005614156
4556,2013-12-07 18:50:00,788.5992
4556,2013-12-07 18:50:00,0.92530376
4556,2013-12-07 18:50:00,5.7375503
4556,2013-12-07 19:00:00,0.92811084
4556,2013-12-07 19:00:00,0.933725
4556,2013-12-07 19:00:00,765.214
4556,2013-12-07 19:00:00,0.82616407
4556,2013-12-07 19:00:00,0.9853416
4556,2013-12-07 19:00:00,5.734743
4556,2013-12-07 19:00:00,0.9853416
4556,2013-12-07 19:10:00,0.92530376
4556,2013-12-07 19:10:00,0.002807078
4556,2013-12-07 19:10:00,839.246
4556,2013-12-07 19:10:00,3.8212907
4556,2013-12-07 19:10:00,0.92530376
4556,2013-12-07 19:10:00,4.7465944
4556,2013-12-07 19:10:00,0.002807078
4556,2013-12-07 19:20:00,0.92530376
4556,2013-12-07 19:20:00,0.002807078
4556,2013-12-07 19:20:00,2.895987
4556,2013-12-07 19:20:00,777.51337
4556,2013-12-07 19:20:00,0.92530376
4556,2013-12-07 19:20:00,7.582544
4556,2013-12-07 19:20:00,0.005614156
4556,2013-12-07 19:30:00,0.9853416
4556,2013-12-07 19:30:00,0.92530376
4556,2013-12-07 19:30:00,2.7968473
4556,2013-12-07 19:30:00,780.5727
4556,2013-12-07 19:30:00,2.895987
4556,2013-12-07 19:30:00,1.9106454
4556,2013-12-07 19:30:00,0.92530376
4556,2013-12-07 19:40:00,0.82616407
4556,2013-12-07 19:40:00,0.92530376
4556,2013-12-07 19:40:00,953.3772
4556,2013-12-07 19:40:00,1.9106454
4556,2013-12-07 19:40:00,0.92530376
4556,2013-12-07 19:40:00,1.9134525
4556,2013-12-07 19:40:00,0.92811084
4556,2013-12-07 19:50:00,1.9106454
4556,2013-12-07 19:50:00,1134.3395
4556,2013-12-07 19:50:00,1.7514678
4556,2013-12-07 19:50:00,0.92530376
4556,2013-12-07 19:50:00,1.8506075
4556,2013-12-07 19:50:00,0.9853416
4556,2013-12-07 19:50:00,0.92530376
4556,2013-12-07 20:00:00,3.701215
4556,2013-12-07 20:00:00,1080.761
4556,2013-12-07 20:00:00,0.92530376
4556,2013-12-07 20:00:00,1.9106454
4556,2013-12-07 20:00:00,4.7465944
4556,2013-12-07 20:00:00,0.92530376
4556,2013-12-07 20:10:00,0.92530376
4556,2013-12-07 20:10:00,1029.339
4556,2013-12-07 20:10:00,5.6118603
4556,2013-12-07 20:10:00,0.92530376
4556,2013-12-07 20:20:00,1.9106454
4556,2013-12-07 20:20:00,0.9853416
4556,2013-12-07 20:20:00,0.9853416
4556,2013-12-07 20:20:00,1.9106454
4556,2013-12-07 20:20:00,1002.13354
4556,2013-12-07 20:20:00,1.9106454
4556,2013-12-07 20:30:00,3.7040222
4556,2013-12-07 20:30:00,2.7759113
4556,2013-12-07 20:30:00,1151.6779
4556,2013-12-07 20:30:00,0.92530376
4556,2013-12-07 20:30:00,0.002807078
4556,2013-12-07 20:30:00,0.8317782
4556,2013-12-07 20:30:00,0.9853416
4556,2013-12-07 20:40:00,0.92530376
4556,2013-12-07 20:40:00,1.8506075
4556,2013-12-07 20:40:00,1015.20276
4556,2013-12-07 20:40:00,0.002807078
4556,2013-12-07 20:40:00,2.6767716
4556,2013-12-07 20:40:00,0.9853416
4556,2013-12-07 20:50:00,1.9106454
4556,2013-12-07 20:50:00,1134.6511
4556,2013-12-07 20:50:00,1.8115057
4556,2013-12-07 20:50:00,0.002807078
4556,2013-12-07 20:50:00,0.92811084
4556,2013-12-07 20:50:00,1.9706832
4556,2013-12-07 21:00:00,4.7465944
4556,2013-12-07 21:00:00,1019.3596
4556,2013-12-07 21:00:00,0.92530376
4556,2013-12-07 21:10:00,0.9853416
4556,2013-12-07 21:10:00,1.7514678
4556,2013-12-07 21:10:00,1161.23
4556,2013-12-07 21:10:00,0.92811084
4556,2013-12-07 21:10:00,0.002807078
4556,2013-12-07 21:10:00,0.9853416
4556,2013-12-07 21:20:00,0.002807078
4556,2013-12-07 21:20:00,0.92530376
4556,2013-12-07 21:20:00,0.9853416
4556,2013-12-07 21:20:00,1.9106454
4556,2013-12-07 21:20:00,0.92530376
4556,2013-12-07 21:20:00,0.9853416
4556,2013-12-07 21:20:00,1095.2805
4556,2013-12-07 21:20:00,0.9853416
4556,2013-12-07 21:20:00,0.002807078
4556,2013-12-07 21:30:00,1.9706832
4556,2013-12-07 21:30:00,0.9853416
4556,2013-12-07 21:30:00,0.82616407
4556,2013-12-07 21:30:00,0.9853416
4556,2013-12-07 21:30:00,1130.7542
4556,2013-12-07 21:30:00,0.92530376
4556,2013-12-07 21:30:00,0.9853416
4556,2013-12-07 21:30:00,2.7759113
4556,2013-12-07 21:30:00,0.9853416
4556,2013-12-07 21:40:00,4.7465944
4556,2013-12-07 21:40:00,0.9853416
4556,2013-12-07 21:40:00,1142.5475
4556,2013-12-07 21:40:00,0.92530376
4556,2013-12-07 21:50:00,3.7612529
4556,2013-12-07 21:50:00,7.3242264
4556,2013-12-07 21:50:00,6.65724
4556,2013-12-07 21:50:00,1057.9578
4556,2013-12-07 21:50:00,3.701215
4556,2013-12-07 21:50:00,3.8212907
4556,2013-12-07 22:00:00,6.341692
4556,2013-12-07 22:00:00,5.5127206
4556,2013-12-07 22:00:00,1174.4463
4556,2013-12-07 22:00:00,1.8506075
4556,2013-12-07 22:00:00,0.9881487
4556,2013-12-07 22:00:00,5.6718984
4556,2013-12-07 22:10:00,7.483404
4556,2013-12-07 22:10:00,1.7514678
4556,2013-12-07 22:10:00,0.92530376
4556,2013-12-07 22:10:00,1145.2081
4556,2013-12-07 22:10:00,0.9853416
4556,2013-12-07 22:10:00,0.82616407
4556,2013-12-07 22:10:00,0.92530376
4556,2013-12-07 22:20:00,0.82616407
4556,2013-12-07 22:20:00,0.92530376
4556,2013-12-07 22:20:00,0.92530376
4556,2013-12-07 22:20:00,0.9853416
4556,2013-12-07 22:20:00,1066.26
4556,2013-12-07 22:20:00,1.9106454
4556,2013-12-07 22:30:00,3.6621132
4556,2013-12-07 22:30:00,0.82616407
4556,2013-12-07 22:30:00,1.7514678
4556,2013-12-07 22:30:00,1088.0248
4556,2013-12-07 22:30:00,0.002807078
4556,2013-12-07 22:30:00,0.92530376
4556,2013-12-07 22:40:00,4.8066325
4556,2013-12-07 22:40:00,1100.2246
4556,2013-12-07 22:40:00,2.8359492
4556,2013-12-07 22:40:00,0.9853416
4556,2013-12-07 22:50:00,1.9106454
4556,2013-12-07 22:50:00,967.4515
4556,2013-12-07 22:50:00,0.002807078
4556,2013-12-07 23:00:00,0.92530376
4556,2013-12-07 23:00:00,1044.1724
4556,2013-12-07 23:10:00,0.002807078
4556,2013-12-07 23:10:00,0.92811084
4556,2013-12-07 23:10:00,980.3501
4556,2013-12-07 23:20:00,1048.4027
4556,2013-12-07 23:30:00,873.2584
4556,2013-12-07 23:40:00,0.92530376
4556,2013-12-07 23:40:00,797.67114
4556,2013-12-07 23:50:00,779.4981
4556,2013-12-08 00:00:00,0.9853416
4556,2013-12-08 00:00:00,0.92530376
4556,2013-12-08 00:00:00,716.9633
4556,2013-12-08 00:10:00,0.002807078
4556,2013-12-08 00:10:00,682.49805
4556,2013-12-08 00:10:00,0.92530376
4556,2013-12-08 00:10:00,0.002807078
4556,2013-12-08 00:10:00,0.9853416
4556,2013-12-08 00:20:00,0.82897115
4556,2013-12-08 00:20:00,650.54504
4556,2013-12-08 00:20:00,2.6767716
4556,2013-12-08 00:30:00,0.9853416
4556,2013-12-08 00:30:00,683.3479
4556,2013-12-08 00:30:00,2.895987
4556,2013-12-08 00:40:00,0.82616407
4556,2013-12-08 00:40:00,576.8898
4556,2013-12-08 00:50:00,519.48676
4556,2013-12-08 00:50:00,2.7759113
4556,2013-12-08 01:00:00,0.92530376
4556,2013-12-08 01:00:00,539.9465
4556,2013-12-08 01:00:00,0.92530376
4556,2013-12-08 01:10:00,481.25992
4556,2013-12-08 01:10:00,0.92811084
4556,2013-12-08 01:20:00,417.41577
4556,2013-12-08 01:20:00,0.9853416
4556,2013-12-08 01:30:00,425.13217
4556,2013-12-08 01:40:00,386.2964
4556,2013-12-08 01:50:00,387.61713
4556,2013-12-08 02:00:00,351.81436
4556,2013-12-08 02:00:00,0.92530376
4556,2013-12-08 02:10:00,303.62402
4556,2013-12-08 02:20:00,0.92530376
4556,2013-12-08 02:20:00,317.33353
4556,2013-12-08 02:30:00,298.70734
4556,2013-12-08 02:40:00,285.14767
4556,2013-12-08 02:40:00,0.92530376
4556,2013-12-08 02:50:00,257.08408
4556,2013-12-08 03:00:00,264.95392
4556,2013-12-08 03:10:00,271.80817
4556,2013-12-08 03:20:00,242.19972
4556,2013-12-08 03:30:00,246.0861
4556,2013-12-08 03:40:00,237.2927
4556,2013-12-08 03:50:00,220.52667
4556,2013-12-08 04:00:00,237.40564
4556,2013-12-08 04:10:00,223.38226
4556,2013-12-08 04:20:00,214.29382
4556,2013-12-08 04:30:00,237.47823
4556,2013-12-08 04:40:00,218.93718
4556,2013-12-08 04:50:00,187.1026
4556,2013-12-08 05:00:00,219.38086
4556,2013-12-08 05:10:00,195.66916
4556,2013-12-08 05:20:00,199.9117
4556,2013-12-08 05:30:00,233.79796
4556,2013-12-08 05:40:00,197.52818
4556,2013-12-08 05:50:00,191.7794
4556,2013-12-08 06:00:00,226.11623
4556,2013-12-08 06:10:00,214.70454
4556,2013-12-08 06:20:00,0.92530376
4556,2013-12-08 06:20:00,213.73022
4556,2013-12-08 06:30:00,219.07407
4556,2013-12-08 06:40:00,211.17374
4556,2013-12-08 06:50:00,200.38788
4556,2013-12-08 07:00:00,232.75162
4556,2013-12-08 07:10:00,2.895987
4556,2013-12-08 07:10:00,242.32036
4556,2013-12-08 07:20:00,0.92530376
4556,2013-12-08 07:20:00,195.11383
4556,2013-12-08 07:30:00,0.82616407
4556,2013-12-08 07:30:00,1.9106454
4556,2013-12-08 07:30:00,262.2953
4556,2013-12-08 07:40:00,1.9106454
4556,2013-12-08 07:40:00,275.89893
4556,2013-12-08 07:40:00,0.92530376
4556,2013-12-08 07:50:00,284.56018
4556,2013-12-08 07:50:00,0.92530376
4556,2013-12-08 08:00:00,294.313
4556,2013-12-08 08:10:00,311.728
4556,2013-12-08 08:10:00,3.701215
4556,2013-12-08 08:10:00,0.92530376
4556,2013-12-08 08:20:00,271.67612
4556,2013-12-08 08:20:00,0.92530376
4556,2013-12-08 08:30:00,344.49042
4556,2013-12-08 08:30:00,3.701215
4556,2013-12-08 08:40:00,299.87473
4556,2013-12-08 08:40:00,0.92530376
4556,2013-12-08 08:40:00,0.92530376
4556,2013-12-08 08:50:00,285.51614
4556,2013-12-08 08:50:00,0.92530376
4556,2013-12-08 09:00:00,429.88528
4556,2013-12-08 09:10:00,376.88324
4556,2013-12-08 09:10:00,0.92530376
4556,2013-12-08 09:20:00,384.93903
4556,2013-12-08 09:30:00,407.7164
4556,2013-12-08 09:30:00,0.9853416
4556,2013-12-08 09:40:00,475.3582
4556,2013-12-08 09:40:00,0.92530376
4556,2013-12-08 09:50:00,0.9853416
4556,2013-12-08 09:50:00,430.5731
4556,2013-12-08 09:50:00,4.686557
4556,2013-12-08 10:00:00,401.83282
4556,2013-12-08 10:10:00,1.9706832
4556,2013-12-08 10:10:00,465.5846
4556,2013-12-08 10:20:00,448.33804
4556,2013-12-08 10:30:00,454.15732
4556,2013-12-08 10:30:00,0.92530376
4556,2013-12-08 10:40:00,0.92530376
4556,2013-12-08 10:40:00,442.26492
4556,2013-12-08 10:40:00,0.92530376
4556,2013-12-08 10:50:00,432.91693
4556,2013-12-08 11:00:00,570.8211
4556,2013-12-08 11:00:00,0.9853416
4556,2013-12-08 11:10:00,442.1127
4556,2013-12-08 11:10:00,4.6265187
4556,2013-12-08 11:10:00,0.9853416
4556,2013-12-08 11:20:00,463.5819
4556,2013-12-08 11:20:00,5.5518227
4556,2013-12-08 11:30:00,2.895987
4556,2013-12-08 11:30:00,460.80322
4556,2013-12-08 11:30:00,6.477126
4556,2013-12-08 11:30:00,0.002807078
4556,2013-12-08 11:40:00,572.62164
4556,2013-12-08 11:40:00,2.7759113
4556,2013-12-08 11:40:00,1.9134525
4556,2013-12-08 11:50:00,501.78323
4556,2013-12-08 11:50:00,2.7759113
4556,2013-12-08 11:50:00,0.9853416
4556,2013-12-08 12:00:00,600.48413
4556,2013-12-08 12:00:00,11.103645
4556,2013-12-08 12:00:00,1.8506075
4556,2013-12-08 12:10:00,578.72107
4556,2013-12-08 12:10:00,1.8506075
4556,2013-12-08 12:10:00,2.8387563
4556,2013-12-08 12:10:00,1.8506075
4556,2013-12-08 12:20:00,588.01276
4556,2013-12-08 12:20:00,0.9853416
4556,2013-12-08 12:20:00,0.92530376
4556,2013-12-08 12:30:00,1.9106454
4556,2013-12-08 12:30:00,573.51855
4556,2013-12-08 12:30:00,2.8359492
4556,2013-12-08 12:30:00,0.92811084
4556,2013-12-08 12:30:00,3.701215
4556,2013-12-08 12:40:00,2.8387563
4556,2013-12-08 12:40:00,823.68225
4556,2013-12-08 12:40:00,0.002807078
4556,2013-12-08 12:50:00,601.0893
4556,2013-12-08 12:50:00,4.8066325
4556,2013-12-08 13:00:00,593.7645
4556,2013-12-08 13:00:00,0.9853416
4556,2013-12-08 13:10:00,1.7514678
4556,2013-12-08 13:10:00,608.2755
4556,2013-12-08 13:10:00,0.92530376
4556,2013-12-08 13:10:00,0.9881487
4556,2013-12-08 13:20:00,608.4583
4556,2013-12-08 13:20:00,0.92530376
4556,2013-12-08 13:30:00,714.6499
4556,2013-12-08 13:40:00,600.97424
4556,2013-12-08 13:40:00,0.9853416
4556,2013-12-08 13:50:00,713.56836
4556,2013-12-08 13:50:00,0.9853416
4556,2013-12-08 14:00:00,691.3791
4556,2013-12-08 14:10:00,649.2959
4556,2013-12-08 14:20:00,710.35156
4556,2013-12-08 14:30:00,0.92530376
4556,2013-12-08 14:30:00,580.11694
4556,2013-12-08 14:40:00,0.9853416
4556,2013-12-08 14:40:00,546.0719
4556,2013-12-08 14:50:00,602.5483
4556,2013-12-08 15:00:00,578.3748
4556,2013-12-08 15:00:00,0.92530376
4556,2013-12-08 15:10:00,1.9706832
4556,2013-12-08 15:10:00,7.6453886
4556,2013-12-08 15:10:00,0.002807078
4556,2013-12-08 15:10:00,511.551
4556,2013-12-08 15:10:00,1.8506075
4556,2013-12-08 15:10:00,1.9706832
4556,2013-12-08 15:20:00,0.002807078
4556,2013-12-08 15:20:00,3.8212907
4556,2013-12-08 15:20:00,594.81683
4556,2013-12-08 15:30:00,2.895987
4556,2013-12-08 15:30:00,599.4767
4556,2013-12-08 15:40:00,0.9853416
4556,2013-12-08 15:40:00,2.8359492
4556,2013-12-08 15:40:00,554.46844
4556,2013-12-08 15:50:00,0.9853416
4556,2013-12-08 15:50:00,0.9853416
4556,2013-12-08 15:50:00,0.92530376
4556,2013-12-08 15:50:00,523.5591
4556,2013-12-08 16:00:00,481.39236
4556,2013-12-08 16:10:00,0.92530376
4556,2013-12-08 16:10:00,547.74274
4556,2013-12-08 16:20:00,585.6651
4556,2013-12-08 16:30:00,517.7176
4556,2013-12-08 16:40:00,576.69336
4556,2013-12-08 16:50:00,572.3402
4556,2013-12-08 16:50:00,1.8115057
4556,2013-12-08 17:00:00,0.9853416
4556,2013-12-08 17:00:00,586.47424
4556,2013-12-08 17:00:00,1.9706832
4556,2013-12-08 17:10:00,523.0724
4556,2013-12-08 17:10:00,1.9134525
4556,2013-12-08 17:20:00,627.40186
4556,2013-12-08 17:20:00,2.956025
4556,2013-12-08 17:30:00,670.3698
4556,2013-12-08 17:40:00,643.4056
4556,2013-12-08 17:40:00,1.9706832
4556,2013-12-08 17:50:00,644.8119
4556,2013-12-08 18:00:00,0.002807078
4556,2013-12-08 18:00:00,634.1272
4556,2013-12-08 18:10:00,1.9106454
4556,2013-12-08 18:10:00,653.7829
4556,2013-12-08 18:20:00,1.9106454
4556,2013-12-08 18:20:00,653.55194
4556,2013-12-08 18:30:00,0.9853416
4556,2013-12-08 18:30:00,619.2632
4556,2013-12-08 18:40:00,0.9853416
4556,2013-12-08 18:40:00,625.4774
4556,2013-12-08 18:40:00,0.9853416
4556,2013-12-08 18:50:00,623.25574
4556,2013-12-08 18:50:00,1.8506075
4556,2013-12-08 19:00:00,2.577632
4556,2013-12-08 19:00:00,680.1074
4556,2013-12-08 19:00:00,0.9853416
4556,2013-12-08 19:10:00,640.9754
4556,2013-12-08 19:10:00,0.92530376
4556,2013-12-08 19:20:00,689.1413
4556,2013-12-08 19:20:00,0.9853416
4556,2013-12-08 19:30:00,682.24963
4556,2013-12-08 19:30:00,0.002807078
4556,2013-12-08 19:30:00,1.8506075
4556,2013-12-08 19:40:00,766.4706
4556,2013-12-08 19:50:00,739.4727
4556,2013-12-08 19:50:00,0.92530376
4556,2013-12-08 19:50:00,0.9853416
4556,2013-12-08 20:00:00,0.9853416
4556,2013-12-08 20:00:00,861.23486
4556,2013-12-08 20:00:00,0.92530376
4556,2013-12-08 20:10:00,0.92530376
4556,2013-12-08 20:10:00,839.49115
4556,2013-12-08 20:10:00,0.92530376
4556,2013-12-08 20:10:00,0.92811084
4556,2013-12-08 20:10:00,0.9853416
4556,2013-12-08 20:20:00,1.9106454
4556,2013-12-08 20:20:00,0.9853416
4556,2013-12-08 20:20:00,670.1339
4556,2013-12-08 20:20:00,0.9853416
4556,2013-12-08 20:30:00,0.9853416
4556,2013-12-08 20:30:00,0.002807078
4556,2013-12-08 20:30:00,718.0691
4556,2013-12-08 20:30:00,1.9106454
4556,2013-12-08 20:40:00,1.9106454
4556,2013-12-08 20:40:00,1.9106454
4556,2013-12-08 20:40:00,692.6456
4556,2013-12-08 20:40:00,0.92530376
4556,2013-12-08 20:40:00,0.92530376
4556,2013-12-08 20:50:00,4.7465944
4556,2013-12-08 20:50:00,790.5758
4556,2013-12-08 20:50:00,0.9853416
4556,2013-12-08 20:50:00,0.92530376
4556,2013-12-08 21:00:00,644.85114
4556,2013-12-08 21:10:00,0.92530376
4556,2013-12-08 21:10:00,648.81586
4556,2013-12-08 21:20:00,752.5361
4556,2013-12-08 21:20:00,0.002807078
4556,2013-12-08 21:20:00,0.92530376
4556,2013-12-08 21:30:00,0.9853416
4556,2013-12-08 21:30:00,0.92530376
4556,2013-12-08 21:30:00,615.1821
4556,2013-12-08 21:30:00,0.005614156
4556,2013-12-08 21:40:00,0.92530376
4556,2013-12-08 21:40:00,656.5609
4556,2013-12-08 21:40:00,0.92530376
4556,2013-12-08 21:40:00,0.9853416
4556,2013-12-08 21:50:00,0.92530376
4556,2013-12-08 21:50:00,682.7902
4556,2013-12-08 21:50:00,1.9106454
4556,2013-12-08 22:00:00,0.92530376
4556,2013-12-08 22:00:00,540.99615
4556,2013-12-08 22:00:00,0.9853416
4556,2013-12-08 22:00:00,1.8506075
4556,2013-12-08 22:10:00,0.9853416
4556,2013-12-08 22:10:00,619.21027
4556,2013-12-08 22:10:00,0.92530376
4556,2013-12-08 22:20:00,0.92530376
4556,2013-12-08 22:20:00,541.7912
4556,2013-12-08 22:20:00,0.002807078
4556,2013-12-08 22:30:00,548.4252
4556,2013-12-08 22:30:00,0.92530376
4556,2013-12-08 22:40:00,536.12317
4556,2013-12-08 22:40:00,0.9853416
4556,2013-12-08 22:50:00,470.4182
4556,2013-12-08 23:00:00,473.66632
4556,2013-12-08 23:00:00,0.002807078
4556,2013-12-08 23:10:00,433.6728
4556,2013-12-08 23:20:00,460.3965
4556,2013-12-08 23:20:00,1.9706832
4556,2013-12-08 23:30:00,446.00443
4556,2013-12-08 23:40:00,422.2191
4556,2013-12-08 23:40:00,0.002807078
4556,2013-12-08 23:50:00,407.10315
4556,2013-12-09 00:00:00,367.50275
4556,2013-12-09 00:10:00,302.21356
4556,2013-12-09 00:10:00,0.002807078
4556,2013-12-09 00:20:00,319.843
4556,2013-12-09 00:30:00,294.20908
4556,2013-12-09 00:30:00,0.92530376
4556,2013-12-09 00:40:00,272.72897
4556,2013-12-09 00:40:00,0.82616407
4556,2013-12-09 00:50:00,304.89838
4556,2013-12-09 00:50:00,0.002807078
4556,2013-12-09 00:50:00,0.9853416
4556,2013-12-09 01:00:00,290.37372
4556,2013-12-09 01:10:00,264.82004
4556,2013-12-09 01:20:00,262.56427
4556,2013-12-09 01:20:00,0.9853416
4556,2013-12-09 01:30:00,236.80711
4556,2013-12-09 01:30:00,0.002807078
4556,2013-12-09 01:40:00,0.9853416
4556,2013-12-09 01:40:00,236.14537
4556,2013-12-09 01:50:00,242.77325
4556,2013-12-09 02:00:00,230.6102
4556,2013-12-09 02:10:00,251.00185
4556,2013-12-09 02:20:00,231.80223
4556,2013-12-09 02:30:00,233.17941
4556,2013-12-09 02:40:00,233.87169
4556,2013-12-09 02:40:00,0.002807078
4556,2013-12-09 02:50:00,229.84688
4556,2013-12-09 03:00:00,222.51544
4556,2013-12-09 03:10:00,218.95363
4556,2013-12-09 03:20:00,196.1742
4556,2013-12-09 03:20:00,0.9853416
4556,2013-12-09 03:30:00,206.99855
4556,2013-12-09 03:40:00,212.28235
4556,2013-12-09 03:50:00,221.23427
4556,2013-12-09 04:00:00,213.78432
4556,2013-12-09 04:00:00,0.002807078
4556,2013-12-09 04:10:00,234.64471
4556,2013-12-09 04:20:00,218.02274
4556,2013-12-09 04:30:00,211.02225
4556,2013-12-09 04:40:00,250.63597
4556,2013-12-09 04:50:00,240.0471
4556,2013-12-09 05:00:00,268.81317
4556,2013-12-09 05:10:00,283.5047
4556,2013-12-09 05:20:00,275.4589
4556,2013-12-09 05:20:00,0.002807078
4556,2013-12-09 05:30:00,272.3511
4556,2013-12-09 05:40:00,287.80762
4556,2013-12-09 05:50:00,300.12015
4556,2013-12-09 06:00:00,317.95822
4556,2013-12-09 06:00:00,1.8506075
4556,2013-12-09 06:00:00,0.002807078
4556,2013-12-09 06:10:00,315.134
4556,2013-12-09 06:10:00,0.92530376
4556,2013-12-09 06:20:00,321.44144
4556,2013-12-09 06:30:00,465.26648
4556,2013-12-09 06:40:00,361.20883
4556,2013-12-09 06:40:00,1.8506075
4556,2013-12-09 06:50:00,383.4347
4556,2013-12-09 07:00:00,401.7854
4556,2013-12-09 07:10:00,0.9853416
4556,2013-12-09 07:10:00,0.005614156
4556,2013-12-09 07:10:00,689.4881
4556,2013-12-09 07:10:00,0.002807078
4556,2013-12-09 07:10:00,0.9853416
4556,2013-12-09 07:20:00,0.02807078
4556,2013-12-09 07:20:00,578.0697
4556,2013-12-09 07:20:00,0.92530376
4556,2013-12-09 07:30:00,0.94214624
4556,2013-12-09 07:30:00,478.37674
4556,2013-12-09 07:40:00,0.9853416
4556,2013-12-09 07:40:00,0.016842468
4556,2013-12-09 07:40:00,481.6121
4556,2013-12-09 07:50:00,473.33475
4556,2013-12-09 07:50:00,0.002807078
4556,2013-12-09 07:50:00,1.7514678
4556,2013-12-09 08:00:00,524.36914
4556,2013-12-09 08:10:00,2.895987
4556,2013-12-09 08:10:00,451.43137
4556,2013-12-09 08:20:00,1.9106454
4556,2013-12-09 08:20:00,426.67996
4556,2013-12-09 08:30:00,0.002807078
4556,2013-12-09 08:30:00,0.92530376
4556,2013-12-09 08:30:00,540.7441
4556,2013-12-09 08:30:00,1.7514678
4556,2013-12-09 08:30:00,0.002807078
4556,2013-12-09 08:40:00,465.79843
4556,2013-12-09 08:40:00,0.002807078
4556,2013-12-09 08:40:00,0.9853416
4556,2013-12-09 08:40:00,0.92530376
4556,2013-12-09 08:50:00,524.33453
4556,2013-12-09 08:50:00,1.9106454
4556,2013-12-09 09:00:00,449.27576
4556,2013-12-09 09:00:00,0.002807078
4556,2013-12-09 09:00:00,0.82616407
4556,2013-12-09 09:10:00,448.1814
4556,2013-12-09 09:20:00,0.9853416
4556,2013-12-09 09:20:00,450.95447
4556,2013-12-09 09:20:00,0.92530376
4556,2013-12-09 09:20:00,0.9853416
4556,2013-12-09 09:30:00,450.98248
4556,2013-12-09 09:40:00,472.40976
4556,2013-12-09 09:40:00,0.002807078
4556,2013-12-09 09:50:00,400.43533
4556,2013-12-09 10:00:00,436.5401
4556,2013-12-09 10:00:00,0.9853416
4556,2013-12-09 10:10:00,407.5877
4556,2013-12-09 10:20:00,573.28046
4556,2013-12-09 10:20:00,0.002807078
4556,2013-12-09 10:20:00,0.92530376
4556,2013-12-09 10:30:00,468.88947
4556,2013-12-09 10:40:00,0.011228312
4556,2013-12-09 10:40:00,483.55292
4556,2013-12-09 10:50:00,0.92530376
4556,2013-12-09 10:50:00,438.95746
4556,2013-12-09 11:00:00,445.34253
4556,2013-12-09 11:00:00,0.002807078
4556,2013-12-09 11:10:00,531.6045
4556,2013-12-09 11:20:00,582.93085
4556,2013-12-09 11:30:00,564.29333
4556,2013-12-09 11:30:00,0.9853416
4556,2013-12-09 11:40:00,572.569
4556,2013-12-09 11:50:00,0.002807078
4556,2013-12-09 11:50:00,590.9278
4556,2013-12-09 12:00:00,551.77655
4556,2013-12-09 12:00:00,0.82616407
4556,2013-12-09 12:00:00,0.002807078
4556,2013-12-09 12:10:00,0.9853416
4556,2013-12-09 12:10:00,599.5992
4556,2013-12-09 12:10:00,0.9853416
4556,2013-12-09 12:20:00,544.94165
4556,2013-12-09 12:20:00,1.9706832
4556,2013-12-09 12:30:00,503.89767
4556,2013-12-09 12:30:00,2.895987
4556,2013-12-09 12:30:00,0.9853416
4556,2013-12-09 12:40:00,0.9853416
4556,2013-12-09 12:40:00,529.8581
4556,2013-12-09 12:50:00,0.82616407
4556,2013-12-09 12:50:00,638.11005
4556,2013-12-09 12:50:00,0.9853416
4556,2013-12-09 13:00:00,0.002807078
4556,2013-12-09 13:00:00,616.6031
4556,2013-12-09 13:00:00,2.8359492
4556,2013-12-09 13:00:00,1.9706832
4556,2013-12-09 13:10:00,572.71436
4556,2013-12-09 13:20:00,562.549
4556,2013-12-09 13:30:00,1.9706832
4556,2013-12-09 13:30:00,589.78735
4556,2013-12-09 13:30:00,0.9853416
4556,2013-12-09 13:40:00,548.8649
4556,2013-12-09 13:50:00,558.761
4556,2013-12-09 14:00:00,0.92530376
4556,2013-12-09 14:00:00,568.0346
4556,2013-12-09 14:10:00,8.327734
4556,2013-12-09 14:10:00,529.3802
4556,2013-12-09 14:20:00,513.3258
4556,2013-12-09 14:30:00,524.7206
4556,2013-12-09 14:40:00,531.66394
4556,2013-12-09 14:50:00,607.58746
4556,2013-12-09 14:50:00,0.002807078
4556,2013-12-09 15:00:00,0.9853416
4556,2013-12-09 15:00:00,530.1212
4556,2013-12-09 15:00:00,1.9106454
4556,2013-12-09 15:10:00,516.76245
4556,2013-12-09 15:20:00,576.6652
4556,2013-12-09 15:30:00,620.83044
4556,2013-12-09 15:40:00,600.6828
4556,2013-12-09 15:50:00,0.9881487
4556,2013-12-09 15:50:00,579.1121
4556,2013-12-09 16:00:00,0.82616407
4556,2013-12-09 16:00:00,674.76666
4556,2013-12-09 16:00:00,0.92530376
4556,2013-12-09 16:10:00,550.5066
4556,2013-12-09 16:20:00,545.08386
4556,2013-12-09 16:30:00,554.05914
4556,2013-12-09 16:40:00,599.6476
4556,2013-12-09 16:40:00,0.9853416
4556,2013-12-09 16:50:00,587.2515
4556,2013-12-09 16:50:00,0.82616407
4556,2013-12-09 16:50:00,2.895987
4556,2013-12-09 17:00:00,688.63293
4556,2013-12-09 17:10:00,0.9853416
4556,2013-12-09 17:10:00,605.92145
4556,2013-12-09 17:10:00,0.92530376
4556,2013-12-09 17:20:00,599.9826
4556,2013-12-09 17:30:00,596.7986
4556,2013-12-09 17:40:00,774.4196
4556,2013-12-09 17:40:00,0.002807078
4556,2013-12-09 17:50:00,0.002807078
4556,2013-12-09 17:50:00,799.80664
4556,2013-12-09 17:50:00,0.9853416
4556,2013-12-09 17:50:00,0.9853416
4556,2013-12-09 18:00:00,699.839
4556,2013-12-09 18:00:00,0.82616407
4556,2013-12-09 18:10:00,0.002807078
4556,2013-12-09 18:10:00,689.2997
4556,2013-12-09 18:20:00,723.8373
4556,2013-12-09 18:20:00,0.002807078
4556,2013-12-09 18:30:00,701.4206
4556,2013-12-09 18:30:00,0.92530376
4556,2013-12-09 18:30:00,0.9853416
4556,2013-12-09 18:40:00,782.7547
4556,2013-12-09 18:40:00,0.9853416
4556,2013-12-09 18:50:00,708.9614
4556,2013-12-09 19:00:00,775.1082
4556,2013-12-09 19:00:00,1.9106454
4556,2013-12-09 19:10:00,0.002807078
4556,2013-12-09 19:10:00,716.6876
4556,2013-12-09 19:20:00,737.1609
4556,2013-12-09 19:20:00,0.92530376
4556,2013-12-09 19:30:00,781.2168
4556,2013-12-09 19:40:00,992.8817
4556,2013-12-09 19:50:00,717.80975
4556,2013-12-09 20:00:00,744.59863
4556,2013-12-09 20:00:00,0.92530376
4556,2013-12-09 20:10:00,0.82616407
4556,2013-12-09 20:10:00,790.6962
4556,2013-12-09 20:20:00,777.2084
4556,2013-12-09 20:30:00,0.92811084
4556,2013-12-09 20:30:00,748.67065
4556,2013-12-09 20:30:00,0.9853416
4556,2013-12-09 20:40:00,797.89655
4556,2013-12-09 20:50:00,0.92530376
4556,2013-12-09 20:50:00,2.8359492
4556,2013-12-09 20:50:00,868.6943
4556,2013-12-09 20:50:00,0.92530376
4556,2013-12-09 21:00:00,846.0113
4556,2013-12-09 21:10:00,1.8506075
4556,2013-12-09 21:10:00,837.4803
4556,2013-12-09 21:10:00,2.8359492
4556,2013-12-09 21:20:00,0.92530376
4556,2013-12-09 21:20:00,0.82616407
4556,2013-12-09 21:20:00,736.82465
4556,2013-12-09 21:30:00,1.8506075
4556,2013-12-09 21:30:00,0.92530376
4556,2013-12-09 21:30:00,708.60785
4556,2013-12-09 21:30:00,0.9853416
4556,2013-12-09 21:30:00,1.9106454
4556,2013-12-09 21:30:00,0.92530376
4556,2013-12-09 21:40:00,1.8506075
4556,2013-12-09 21:40:00,1.9106454
4556,2013-12-09 21:40:00,711.8628
4556,2013-12-09 21:40:00,1.9106454
4556,2013-12-09 21:50:00,1.8506075
4556,2013-12-09 21:50:00,0.9853416
4556,2013-12-09 21:50:00,619.68286
4556,2013-12-09 22:00:00,0.92530376
4556,2013-12-09 22:00:00,657.57477
4556,2013-12-09 22:10:00,1.8506075
4556,2013-12-09 22:10:00,628.7363
4556,2013-12-09 22:10:00,0.9853416
4556,2013-12-09 22:10:00,0.9853416
4556,2013-12-09 22:20:00,2.7759113
4556,2013-12-09 22:20:00,639.27637
4556,2013-12-09 22:30:00,1.8506075
4556,2013-12-09 22:30:00,628.18896
4556,2013-12-09 22:40:00,0.92530376
4556,2013-12-09 22:40:00,614.7167
4556,2013-12-09 22:50:00,0.92530376
4556,2013-12-09 22:50:00,587.8108
4556,2013-12-09 23:00:00,0.92530376
4556,2013-12-09 23:00:00,537.29785
4556,2013-12-09 23:10:00,1.8506075
4556,2013-12-09 23:10:00,515.9466
4556,2013-12-09 23:20:00,1.8506075
4556,2013-12-09 23:20:00,535.245
4556,2013-12-09 23:30:00,453.34586
4556,2013-12-09 23:40:00,1.8506075
4556,2013-12-09 23:40:00,494.04562
4556,2013-12-09 23:40:00,0.9853416
4556,2013-12-09 23:50:00,1.8506075
4556,2013-12-09 23:50:00,464.0242
4556,2013-12-09 23:50:00,1.7514678
4556,2013-12-10 00:00:00,1.8506075
4556,2013-12-10 00:00:00,399.17325
4556,2013-12-10 00:10:00,1.8506075
4556,2013-12-10 00:10:00,403.84088
4556,2013-12-10 00:20:00,0.92530376
4556,2013-12-10 00:20:00,375.41483
4556,2013-12-10 00:30:00,1.8506075
4556,2013-12-10 00:30:00,356.91513
4556,2013-12-10 00:40:00,0.92530376
4556,2013-12-10 00:40:00,470.1207
4556,2013-12-10 00:40:00,0.011228312
4556,2013-12-10 00:50:00,0.92530376
4556,2013-12-10 00:50:00,393.83286
4556,2013-12-10 00:50:00,0.002807078
4556,2013-12-10 01:00:00,0.92530376
4556,2013-12-10 01:00:00,353.1874
4556,2013-12-10 01:10:00,0.92530376
4556,2013-12-10 01:10:00,388.12878
4556,2013-12-10 01:20:00,1.8506075
4556,2013-12-10 01:20:00,382.12952
4556,2013-12-10 01:30:00,0.92530376
4556,2013-12-10 01:30:00,341.99838
4556,2013-12-10 01:40:00,364.83054
4556,2013-12-10 01:50:00,383.3822
4556,2013-12-10 02:00:00,279.75922
4556,2013-12-10 02:10:00,0.92530376
4556,2013-12-10 02:10:00,368.72485
4556,2013-12-10 02:20:00,266.4408
4556,2013-12-10 02:30:00,273.66046
4556,2013-12-10 02:40:00,291.585
4556,2013-12-10 02:50:00,228.56035
4556,2013-12-10 03:00:00,222.94476
4556,2013-12-10 03:10:00,238.67172
4556,2013-12-10 03:20:00,217.39671
4556,2013-12-10 03:20:00,0.002807078
4556,2013-12-10 03:30:00,229.14578
4556,2013-12-10 03:40:00,220.42677
4556,2013-12-10 03:50:00,0.92530376
4556,2013-12-10 03:50:00,205.46129
4556,2013-12-10 04:00:00,0.92530376
4556,2013-12-10 04:00:00,234.5366
4556,2013-12-10 04:00:00,0.92530376
4556,2013-12-10 04:10:00,257.5506
4556,2013-12-10 04:20:00,235.89308
4556,2013-12-10 04:30:00,265.65256
4556,2013-12-10 04:40:00,253.14479
4556,2013-12-10 04:50:00,237.44904
4556,2013-12-10 05:00:00,0.92530376
4556,2013-12-10 05:00:00,254.88635
4556,2013-12-10 05:10:00,284.85587
4556,2013-12-10 05:20:00,232.80904
4556,2013-12-10 05:30:00,0.002807078
4556,2013-12-10 05:30:00,264.4298
4556,2013-12-10 05:40:00,287.60577
4556,2013-12-10 05:50:00,275.98837
4556,2013-12-10 06:00:00,283.28635
4556,2013-12-10 06:10:00,315.24478
4556,2013-12-10 06:10:00,0.9853416
4556,2013-12-10 06:20:00,362.14917
4556,2013-12-10 06:30:00,408.45782
4556,2013-12-10 06:40:00,569.2493
4556,2013-12-10 06:40:00,0.002807078
4556,2013-12-10 06:50:00,471.00238
4556,2013-12-10 06:50:00,0.92530376
4556,2013-12-10 07:00:00,0.9853416
4556,2013-12-10 07:00:00,505.03876
4556,2013-12-10 07:10:00,561.142
4556,2013-12-10 07:10:00,0.002807078
4556,2013-12-10 07:20:00,1.9706832
4556,2013-12-10 07:20:00,531.6973
4556,2013-12-10 07:20:00,0.002807078
4556,2013-12-10 07:30:00,0.82616407
4556,2013-12-10 07:30:00,555.2312
4556,2013-12-10 07:40:00,540.84375
4556,2013-12-10 07:50:00,470.53607
4556,2013-12-10 08:00:00,609.9388
4556,2013-12-10 08:10:00,0.005614156
4556,2013-12-10 08:10:00,579.3497
4556,2013-12-10 08:10:00,0.002807078
4556,2013-12-10 08:20:00,0.002807078
4556,2013-12-10 08:20:00,0.011228312
4556,2013-12-10 08:20:00,551.3168
4556,2013-12-10 08:30:00,0.92530376
4556,2013-12-10 08:30:00,599.574
4556,2013-12-10 08:40:00,0.002807078
4556,2013-12-10 08:40:00,527.30096
4556,2013-12-10 08:40:00,1.8506075
4556,2013-12-10 08:50:00,0.82616407
4556,2013-12-10 08:50:00,511.57208
4556,2013-12-10 08:50:00,0.9853416
4556,2013-12-10 08:50:00,1.9106454
4556,2013-12-10 09:00:00,473.94708
4556,2013-12-10 09:00:00,0.92530376
4556,2013-12-10 09:00:00,0.92530376
4556,2013-12-10 09:10:00,506.86188
4556,2013-12-10 09:10:00,0.002807078
4556,2013-12-10 09:20:00,0.9853416
4556,2013-12-10 09:20:00,618.62195
4556,2013-12-10 09:30:00,1.7514678
4556,2013-12-10 09:30:00,522.86395
4556,2013-12-10 09:40:00,0.9853416
4556,2013-12-10 09:40:00,484.37222
4556,2013-12-10 09:50:00,547.3663
4556,2013-12-10 09:50:00,0.9853416
4556,2013-12-10 10:00:00,0.002807078
4556,2013-12-10 10:00:00,555.4492
4556,2013-12-10 10:10:00,610.0299
4556,2013-12-10 10:20:00,610.10364
4556,2013-12-10 10:20:00,0.9853416
4556,2013-12-10 10:30:00,0.9853416
4556,2013-12-10 10:30:00,525.0812
4556,2013-12-10 10:40:00,0.005614156
4556,2013-12-10 10:40:00,0.9853416
4556,2013-12-10 10:40:00,622.7896
4556,2013-12-10 10:50:00,1.9106454
4556,2013-12-10 10:50:00,549.5414
4556,2013-12-10 11:00:00,0.0252637
4556,2013-12-10 11:00:00,532.2177
4556,2013-12-10 11:10:00,0.82616407
4556,2013-12-10 11:10:00,0.002807078
4556,2013-12-10 11:10:00,551.73975
4556,2013-12-10 11:20:00,0.002807078
4556,2013-12-10 11:20:00,0.002807078
4556,2013-12-10 11:20:00,519.2096
4556,2013-12-10 11:30:00,0.002807078
4556,2013-12-10 11:30:00,0.002807078
4556,2013-12-10 11:30:00,553.1819
4556,2013-12-10 11:40:00,0.002807078
4556,2013-12-10 11:40:00,530.07745
4556,2013-12-10 11:50:00,0.92530376
4556,2013-12-10 11:50:00,0.92530376
4556,2013-12-10 11:50:00,534.68036
4556,2013-12-10 11:50:00,0.9853416
4556,2013-12-10 12:00:00,0.002807078
4556,2013-12-10 12:00:00,606.56464
4556,2013-12-10 12:10:00,0.002807078
4556,2013-12-10 12:10:00,600.2399
4556,2013-12-10 12:10:00,0.002807078
4556,2013-12-10 12:20:00,0.9853416
4556,2013-12-10 12:20:00,579.0492
4556,2013-12-10 12:30:00,0.002807078
4556,2013-12-10 12:30:00,583.51685
4556,2013-12-10 12:40:00,660.0765
4556,2013-12-10 12:50:00,0.9881487
4556,2013-12-10 12:50:00,601.64685
4556,2013-12-10 12:50:00,0.9853416
4556,2013-12-10 13:00:00,0.92530376
4556,2013-12-10 13:00:00,604.3685
4556,2013-12-10 13:00:00,0.92530376
4556,2013-12-10 13:10:00,1.9106454
4556,2013-12-10 13:10:00,603.7751
4556,2013-12-10 13:10:00,0.9853416
4556,2013-12-10 13:20:00,0.92530376
4556,2013-12-10 13:20:00,586.1364
4556,2013-12-10 13:30:00,0.92530376
4556,2013-12-10 13:30:00,537.5498
4556,2013-12-10 13:40:00,1.9106454
4556,2013-12-10 13:40:00,596.0222
4556,2013-12-10 13:50:00,0.002807078
4556,2013-12-10 13:50:00,579.28735
4556,2013-12-10 14:00:00,0.92530376
4556,2013-12-10 14:00:00,597.68164
4556,2013-12-10 14:10:00,0.92530376
4556,2013-12-10 14:10:00,584.6601
4556,2013-12-10 14:10:00,0.9853416
4556,2013-12-10 14:20:00,492.9935
4556,2013-12-10 14:20:00,0.9853416
4556,2013-12-10 14:30:00,0.9853416
4556,2013-12-10 14:30:00,478.3492
4556,2013-12-10 14:40:00,570.34357
4556,2013-12-10 14:40:00,0.002807078
4556,2013-12-10 14:50:00,1.9106454
4556,2013-12-10 14:50:00,616.5217
4556,2013-12-10 15:00:00,762.8674
4556,2013-12-10 15:00:00,0.9853416
4556,2013-12-10 15:10:00,624.56537
4556,2013-12-10 15:10:00,0.002807078
4556,2013-12-10 15:20:00,474.4595
4556,2013-12-10 15:20:00,2.8359492
4556,2013-12-10 15:30:00,0.9853416
4556,2013-12-10 15:30:00,0.9853416
4556,2013-12-10 15:30:00,486.53134
4556,2013-12-10 15:40:00,572.42126
4556,2013-12-10 15:50:00,509.11047
4556,2013-12-10 16:00:00,0.92530376
4556,2013-12-10 16:00:00,0.9881487
4556,2013-12-10 16:00:00,510.81912
4556,2013-12-10 16:00:00,1.9106454
4556,2013-12-10 16:10:00,2.895987
4556,2013-12-10 16:10:00,527.77875
4556,2013-12-10 16:20:00,4.7465944
4556,2013-12-10 16:20:00,473.85147
4556,2013-12-10 16:20:00,0.9853416
4556,2013-12-10 16:30:00,0.92530376
4556,2013-12-10 16:30:00,585.5652
4556,2013-12-10 16:40:00,0.92530376
4556,2013-12-10 16:40:00,612.5822
4556,2013-12-10 16:40:00,0.002807078
4556,2013-12-10 16:40:00,0.9853416
4556,2013-12-10 16:50:00,1.9106454
4556,2013-12-10 16:50:00,677.9204
4556,2013-12-10 16:50:00,0.9853416
4556,2013-12-10 17:00:00,0.92530376
4556,2013-12-10 17:00:00,0.9853416
4556,2013-12-10 17:00:00,641.09424
4556,2013-12-10 17:00:00,0.9853416
4556,2013-12-10 17:10:00,3.701215
4556,2013-12-10 17:10:00,671.0715
4556,2013-12-10 17:10:00,1.8115057
4556,2013-12-10 17:20:00,0.9853416
4556,2013-12-10 17:20:00,641.54944
4556,2013-12-10 17:30:00,0.92530376
4556,2013-12-10 17:30:00,0.9853416
4556,2013-12-10 17:30:00,575.0857
4556,2013-12-10 17:40:00,0.002807078
4556,2013-12-10 17:40:00,0.9853416
4556,2013-12-10 17:40:00,598.3508
4556,2013-12-10 17:50:00,0.9853416
4556,2013-12-10 17:50:00,0.9853416
4556,2013-12-10 17:50:00,660.8033
4556,2013-12-10 17:50:00,0.002807078
4556,2013-12-10 17:50:00,0.9853416
4556,2013-12-10 18:00:00,0.002807078
4556,2013-12-10 18:00:00,671.4253
4556,2013-12-10 18:00:00,0.9853416
4556,2013-12-10 18:10:00,0.9853416
4556,2013-12-10 18:10:00,0.82616407
4556,2013-12-10 18:10:00,700.8965
4556,2013-12-10 18:10:00,0.9853416
4556,2013-12-10 18:20:00,0.9881487
4556,2013-12-10 18:20:00,694.35254
4556,2013-12-10 18:20:00,0.92530376
4556,2013-12-10 18:30:00,648.70197
4556,2013-12-10 18:30:00,0.002807078
4556,2013-12-10 18:40:00,771.4087
4556,2013-12-10 18:40:00,0.92530376
4556,2013-12-10 18:40:00,0.002807078
4556,2013-12-10 18:50:00,0.002807078
4556,2013-12-10 18:50:00,652.3144
4556,2013-12-10 18:50:00,0.9853416
4556,2013-12-10 19:00:00,672.4893
4556,2013-12-10 19:10:00,0.9853416
4556,2013-12-10 19:10:00,723.7952
4556,2013-12-10 19:20:00,0.92530376
4556,2013-12-10 19:20:00,0.92530376
4556,2013-12-10 19:20:00,704.6773
4556,2013-12-10 19:20:00,0.82616407
4556,2013-12-10 19:30:00,0.82616407
4556,2013-12-10 19:30:00,763.7162
4556,2013-12-10 19:30:00,1.9106454
4556,2013-12-10 19:40:00,753.1617
4556,2013-12-10 19:40:00,0.002807078
4556,2013-12-10 19:50:00,0.92530376
4556,2013-12-10 19:50:00,751.6769
4556,2013-12-10 20:00:00,0.9853416
4556,2013-12-10 20:00:00,836.7012
4556,2013-12-10 20:00:00,0.92530376
4556,2013-12-10 20:00:00,0.9853416
4556,2013-12-10 20:00:00,0.9853416
4556,2013-12-10 20:00:00,0.9853416
4556,2013-12-10 20:10:00,5.734743
4556,2013-12-10 20:10:00,711.8
4556,2013-12-10 20:10:00,0.9853416
4556,2013-12-10 20:10:00,3.8212907
4556,2013-12-10 20:10:00,0.9853416
4556,2013-12-10 20:20:00,3.8212907
4556,2013-12-10 20:20:00,696.5538
4556,2013-12-10 20:20:00,0.9853416
4556,2013-12-10 20:30:00,3.6621132
4556,2013-12-10 20:30:00,746.5718
4556,2013-12-10 20:30:00,0.002807078
4556,2013-12-10 20:30:00,1.9106454
4556,2013-12-10 20:40:00,4.6474547
4556,2013-12-10 20:40:00,784.68475
4556,2013-12-10 20:40:00,1.9706832
4556,2013-12-10 20:50:00,3.6677272
4556,2013-12-10 20:50:00,3.8212907
4556,2013-12-10 20:50:00,774.5488
4556,2013-12-10 20:50:00,0.92530376
4556,2013-12-10 21:00:00,4.7465944
4556,2013-12-10 21:00:00,0.002807078
4556,2013-12-10 21:00:00,0.9853416
4556,2013-12-10 21:00:00,0.9853416
4556,2013-12-10 21:00:00,763.48236
4556,2013-12-10 21:00:00,0.92530376
4556,2013-12-10 21:10:00,1.9106454
4556,2013-12-10 21:10:00,0.002807078
4556,2013-12-10 21:10:00,0.92530376
4556,2013-12-10 21:10:00,802.5947
4556,2013-12-10 21:10:00,1.7514678
4556,2013-12-10 21:10:00,0.9853416
4556,2013-12-10 21:20:00,0.9853416
4556,2013-12-10 21:20:00,0.92530376
4556,2013-12-10 21:20:00,679.742
4556,2013-12-10 21:20:00,2.8359492
4556,2013-12-10 21:30:00,4.7494016
4556,2013-12-10 21:30:00,0.92530376
4556,2013-12-10 21:30:00,711.5605
4556,2013-12-10 21:30:00,0.9853416
4556,2013-12-10 21:30:00,0.92530376
4556,2013-12-10 21:30:00,0.002807078
4556,2013-12-10 21:30:00,0.9853416
4556,2013-12-10 21:40:00,3.8212907
4556,2013-12-10 21:40:00,0.92530376
4556,2013-12-10 21:40:00,720.69086
4556,2013-12-10 21:40:00,1.8506075
4556,2013-12-10 21:40:00,1.9106454
4556,2013-12-10 21:50:00,0.92530376
4556,2013-12-10 21:50:00,1.9106454
4556,2013-12-10 21:50:00,724.11304
4556,2013-12-10 21:50:00,0.92530376
4556,2013-12-10 22:00:00,1.9134525
4556,2013-12-10 22:00:00,2.895987
4556,2013-12-10 22:00:00,802.24023
4556,2013-12-10 22:00:00,0.92530376
4556,2013-12-10 22:10:00,4.8094397
4556,2013-12-10 22:10:00,786.2796
4556,2013-12-10 22:20:00,0.92530376
4556,2013-12-10 22:20:00,0.92811084
4556,2013-12-10 22:20:00,684.5576
4556,2013-12-10 22:20:00,0.92530376
4556,2013-12-10 22:20:00,0.92530376
4556,2013-12-10 22:30:00,2.8359492
4556,2013-12-10 22:30:00,686.30554
4556,2013-12-10 22:40:00,4.686557
4556,2013-12-10 22:40:00,670.8386
4556,2013-12-10 22:40:00,1.9106454
4556,2013-12-10 22:40:00,0.92530376
4556,2013-12-10 22:50:00,7.468082
4556,2013-12-10 22:50:00,583.677
4556,2013-12-10 22:50:00,0.92530376
4556,2013-12-10 23:00:00,1.8506075
4556,2013-12-10 23:00:00,680.9063
4556,2013-12-10 23:00:00,0.82616407
4556,2013-12-10 23:10:00,1.8534145
4556,2013-12-10 23:10:00,567.766
4556,2013-12-10 23:20:00,4.587417
4556,2013-12-10 23:20:00,579.98047
4556,2013-12-10 23:30:00,2.7368095
4556,2013-12-10 23:30:00,542.9334
4556,2013-12-10 23:40:00,1.9106454
4556,2013-12-10 23:40:00,508.8666
4556,2013-12-10 23:50:00,1.8506075
4556,2013-12-10 23:50:00,468.0021
4556,2013-12-11 00:00:00,0.92530376
4556,2013-12-11 00:00:00,426.60086
4556,2013-12-11 00:10:00,418.05487
4556,2013-12-11 00:20:00,1.8506075
4556,2013-12-11 00:20:00,398.96194
4556,2013-12-11 00:30:00,369.04263
4556,2013-12-11 00:40:00,400.82446
4556,2013-12-11 00:50:00,494.85214
4556,2013-12-11 01:00:00,0.92530376
4556,2013-12-11 01:00:00,443.83102
4556,2013-12-11 01:10:00,0.92530376
4556,2013-12-11 01:10:00,341.53287
4556,2013-12-11 01:20:00,0.92530376
4556,2013-12-11 01:20:00,320.34946
4556,2013-12-11 01:30:00,0.9853416
4556,2013-12-11 01:30:00,287.34564
4556,2013-12-11 01:40:00,285.78287
4556,2013-12-11 01:40:00,2.895987
4556,2013-12-11 01:50:00,0.92530376
4556,2013-12-11 01:50:00,271.20795
4556,2013-12-11 01:50:00,3.8212907
4556,2013-12-11 02:00:00,265.60916
4556,2013-12-11 02:10:00,257.0351
4556,2013-12-11 02:20:00,258.95676
4556,2013-12-11 02:20:00,4.7465944
4556,2013-12-11 02:30:00,260.922
4556,2013-12-11 02:40:00,247.73642
4556,2013-12-11 02:40:00,0.9853416
4556,2013-12-11 02:50:00,231.81491
4556,2013-12-11 02:50:00,2.8359492
4556,2013-12-11 03:00:00,264.22855
4556,2013-12-11 03:00:00,1.9106454
4556,2013-12-11 03:10:00,273.895
4556,2013-12-11 03:10:00,0.9853416
4556,2013-12-11 03:20:00,261.0726
4556,2013-12-11 03:30:00,293.32574
4556,2013-12-11 03:40:00,289.10272
4556,2013-12-11 03:40:00,0.9853416
4556,2013-12-11 03:50:00,315.1141
4556,2013-12-11 04:00:00,282.36035
4556,2013-12-11 04:10:00,289.76562
4556,2013-12-11 04:20:00,267.46893
4556,2013-12-11 04:30:00,281.50198
4556,2013-12-11 04:40:00,255.41919
4556,2013-12-11 04:50:00,236.60023
4556,2013-12-11 04:50:00,0.92530376
4556,2013-12-11 05:00:00,302.73157
4556,2013-12-11 05:00:00,1.9106454
4556,2013-12-11 05:10:00,254.11006
4556,2013-12-11 05:20:00,267.30283
4556,2013-12-11 05:30:00,262.79547
4556,2013-12-11 05:30:00,0.9853416
4556,2013-12-11 05:40:00,0.002807078
4556,2013-12-11 05:40:00,279.74985
4556,2013-12-11 05:40:00,0.92530376
4556,2013-12-11 05:50:00,310.51944
4556,2013-12-11 06:00:00,312.75266
4556,2013-12-11 06:10:00,334.98352
4556,2013-12-11 06:20:00,399.00174
4556,2013-12-11 06:20:00,0.9853416
4556,2013-12-11 06:30:00,468.8654
4556,2013-12-11 06:40:00,444.3301
4556,2013-12-11 06:40:00,0.002807078
4556,2013-12-11 06:50:00,0.92530376
4556,2013-12-11 06:50:00,663.6317
4556,2013-12-11 06:50:00,2.6767716
4556,2013-12-11 07:00:00,470.07037
4556,2013-12-11 07:10:00,0.92530376
4556,2013-12-11 07:10:00,0.9853416
4556,2013-12-11 07:10:00,459.81335
4556,2013-12-11 07:10:00,0.002807078
4556,2013-12-11 07:20:00,540.81775
4556,2013-12-11 07:20:00,0.92530376
4556,2013-12-11 07:30:00,0.82616407
4556,2013-12-11 07:30:00,571.60016
4556,2013-12-11 07:30:00,1.9106454
4556,2013-12-11 07:40:00,505.0444
4556,2013-12-11 07:40:00,0.9853416
4556,2013-12-11 07:50:00,0.92530376
4556,2013-12-11 07:50:00,503.8311
4556,2013-12-11 07:50:00,0.92530376
4556,2013-12-11 08:00:00,0.9853416
4556,2013-12-11 08:00:00,574.74426
4556,2013-12-11 08:00:00,1.9106454
4556,2013-12-11 08:10:00,509.65225
4556,2013-12-11 08:20:00,0.008421234
4556,2013-12-11 08:20:00,514.1795
4556,2013-12-11 08:20:00,1.9106454
4556,2013-12-11 08:30:00,1.9706832
4556,2013-12-11 08:30:00,0.022456624
4556,2013-12-11 08:30:00,500.35324
4556,2013-12-11 08:40:00,0.002807078
4556,2013-12-11 08:40:00,488.34607
4556,2013-12-11 08:40:00,0.92530376
4556,2013-12-11 08:40:00,0.9853416
4556,2013-12-11 08:50:00,0.002807078
4556,2013-12-11 08:50:00,479.01367
4556,2013-12-11 09:00:00,497.59647
4556,2013-12-11 09:10:00,466.9914
4556,2013-12-11 09:20:00,419.13803
4556,2013-12-11 09:20:00,0.005614156
4556,2013-12-11 09:20:00,0.9853416
4556,2013-12-11 09:30:00,440.6222
4556,2013-12-11 09:30:00,0.92530376
4556,2013-12-11 09:40:00,479.27502
4556,2013-12-11 09:50:00,0.002807078
4556,2013-12-11 09:50:00,523.21826
4556,2013-12-11 10:00:00,458.68356
4556,2013-12-11 10:00:00,0.9853416
4556,2013-12-11 10:10:00,0.92530376
4556,2013-12-11 10:10:00,0.002807078
4556,2013-12-11 10:10:00,525.0322
4556,2013-12-11 10:10:00,0.82897115
4556,2013-12-11 10:20:00,543.01654
4556,2013-12-11 10:30:00,0.002807078
4556,2013-12-11 10:30:00,516.5983
4556,2013-12-11 10:40:00,546.81793
4556,2013-12-11 10:50:00,1.0049912
4556,2013-12-11 10:50:00,547.74243
4556,2013-12-11 10:50:00,0.002807078
4556,2013-12-11 10:50:00,0.9853416
4556,2013-12-11 11:00:00,0.011228312
4556,2013-12-11 11:00:00,0.002807078
4556,2013-12-11 11:00:00,573.9775
4556,2013-12-11 11:00:00,0.9853416
4556,2013-12-11 11:10:00,582.3506
4556,2013-12-11 11:20:00,0.002807078
4556,2013-12-11 11:20:00,542.86426
4556,2013-12-11 11:20:00,0.9853416
4556,2013-12-11 11:20:00,0.002807078
4556,2013-12-11 11:30:00,0.002807078
4556,2013-12-11 11:30:00,0.002807078
4556,2013-12-11 11:30:00,480.70972
4556,2013-12-11 11:30:00,0.92530376
4556,2013-12-11 11:40:00,0.82616407
4556,2013-12-11 11:40:00,0.002807078
4556,2013-12-11 11:40:00,491.2895
4556,2013-12-11 11:40:00,0.92530376
4556,2013-12-11 11:50:00,0.92530376
4556,2013-12-11 11:50:00,0.9853416
4556,2013-12-11 11:50:00,570.05505
4556,2013-12-11 11:50:00,0.002807078
4556,2013-12-11 12:00:00,561.006
4556,2013-12-11 12:00:00,0.92530376
4556,2013-12-11 12:10:00,0.011228312
4556,2013-12-11 12:10:00,514.3274
4556,2013-12-11 12:20:00,593.862
4556,2013-12-11 12:20:00,0.9853416
4556,2013-12-11 12:30:00,1.8506075
4556,2013-12-11 12:30:00,568.30695
4556,2013-12-11 12:30:00,0.002807078
4556,2013-12-11 12:40:00,5.6718984
4556,2013-12-11 12:40:00,606.9155
4556,2013-12-11 12:40:00,0.92530376
4556,2013-12-11 12:50:00,0.9853416
4556,2013-12-11 12:50:00,12.088986
4556,2013-12-11 12:50:00,0.002807078
4556,2013-12-11 12:50:00,560.04114
4556,2013-12-11 12:50:00,1.8506075
4556,2013-12-11 13:00:00,0.92530376
4556,2013-12-11 13:00:00,577.5521
4556,2013-12-11 13:00:00,0.002807078
4556,2013-12-11 13:10:00,0.9853416
4556,2013-12-11 13:10:00,594.5952
4556,2013-12-11 13:20:00,0.92530376
4556,2013-12-11 13:20:00,688.0697
4556,2013-12-11 13:30:00,2.895987
4556,2013-12-11 13:30:00,548.539
4556,2013-12-11 13:30:00,0.002807078
4556,2013-12-11 13:40:00,1.9106454
4556,2013-12-11 13:40:00,566.16614
4556,2013-12-11 13:50:00,3.8212907
4556,2013-12-11 13:50:00,560.55743
4556,2013-12-11 14:00:00,1.9106454
4556,2013-12-11 14:00:00,0.92530376
4556,2013-12-11 14:00:00,542.1891
4556,2013-12-11 14:10:00,2.8359492
4556,2013-12-11 14:10:00,581.61426
4556,2013-12-11 14:10:00,0.002807078
4556,2013-12-11 14:20:00,7.582544
4556,2013-12-11 14:20:00,583.6362
4556,2013-12-11 14:30:00,13.194404
4556,2013-12-11 14:30:00,528.38556
4556,2013-12-11 14:30:00,0.9853416
4556,2013-12-11 14:40:00,0.92530376
4556,2013-12-11 14:40:00,4.686557
4556,2013-12-11 14:40:00,0.82897115
4556,2013-12-11 14:40:00,0.002807078
4556,2013-12-11 14:40:00,595.5669
4556,2013-12-11 14:40:00,0.002807078
4556,2013-12-11 14:40:00,0.92530376
4556,2013-12-11 14:50:00,1.8506075
4556,2013-12-11 14:50:00,5.6718984
4556,2013-12-11 14:50:00,534.82227
4556,2013-12-11 14:50:00,0.9853416
4556,2013-12-11 15:00:00,18.92634
4556,2013-12-11 15:00:00,0.9853416
4556,2013-12-11 15:00:00,0.92530376
4556,2013-12-11 15:00:00,526.10425
4556,2013-12-11 15:10:00,26.32877
4556,2013-12-11 15:10:00,563.3815
4556,2013-12-11 15:10:00,0.002807078
4556,2013-12-11 15:10:00,0.92530376
4556,2013-12-11 15:20:00,12.209063
4556,2013-12-11 15:20:00,0.002807078
4556,2013-12-11 15:20:00,0.92530376
4556,2013-12-11 15:20:00,558.7478
4556,2013-12-11 15:20:00,2.7368095
4556,2013-12-11 15:20:00,0.002807078
4556,2013-12-11 15:30:00,16.150429
4556,2013-12-11 15:30:00,570.2808
4556,2013-12-11 15:30:00,0.9853416
4556,2013-12-11 15:40:00,8.447809
4556,2013-12-11 15:40:00,492.71866
4556,2013-12-11 15:40:00,0.002807078
4556,2013-12-11 15:50:00,19.452314
4556,2013-12-11 15:50:00,526.89844
4556,2013-12-11 15:50:00,0.92530376
4556,2013-12-11 16:00:00,24.29805
4556,2013-12-11 16:00:00,1.9706832
4556,2013-12-11 16:00:00,577.94574
4556,2013-12-11 16:00:00,0.9853416
4556,2013-12-11 16:10:00,10.478531
4556,2013-12-11 16:10:00,569.65186
4556,2013-12-11 16:10:00,1.9106454
4556,2013-12-11 16:20:00,5.6718984
4556,2013-12-11 16:20:00,525.01294
4556,2013-12-11 16:20:00,0.9853416
4556,2013-12-11 16:20:00,0.002807078
4556,2013-12-11 16:20:00,0.9853416
4556,2013-12-11 16:30:00,7.5225058
4556,2013-12-11 16:30:00,698.147
4556,2013-12-11 16:40:00,7.4624677
4556,2013-12-11 16:40:00,626.7872
4556,2013-12-11 16:40:00,0.9853416
4556,2013-12-11 16:50:00,14.90677
4556,2013-12-11 16:50:00,0.9853416
4556,2013-12-11 16:50:00,622.62885
4556,2013-12-11 16:50:00,0.9853416
4556,2013-12-11 16:50:00,0.002807078
4556,2013-12-11 17:00:00,0.92530376
4556,2013-12-11 17:00:00,4.4882774
4556,2013-12-11 17:00:00,577.6438
4556,2013-12-11 17:00:00,0.9853416
4556,2013-12-11 17:10:00,2.8359492
4556,2013-12-11 17:10:00,1.7542748
4556,2013-12-11 17:10:00,606.8437
4556,2013-12-11 17:10:00,3.6621132
4556,2013-12-11 17:10:00,0.92530376
4556,2013-12-11 17:10:00,0.002807078
4556,2013-12-11 17:20:00,0.92530376
4556,2013-12-11 17:20:00,630.2436
4556,2013-12-11 17:20:00,0.92530376
4556,2013-12-11 17:30:00,1.9106454
4556,2013-12-11 17:30:00,0.002807078
4556,2013-12-11 17:30:00,621.54663
4556,2013-12-11 17:40:00,0.9853416
4556,2013-12-11 17:40:00,642.1321
4556,2013-12-11 17:40:00,0.002807078
4556,2013-12-11 17:40:00,7.483404
4556,2013-12-11 17:50:00,0.92530376
4556,2013-12-11 17:50:00,583.6025
4556,2013-12-11 17:50:00,1.7514678
4556,2013-12-11 17:50:00,0.9853416
4556,2013-12-11 18:00:00,0.002807078
4556,2013-12-11 18:00:00,0.002807078
4556,2013-12-11 18:00:00,0.002807078
4556,2013-12-11 18:00:00,632.4443
4556,2013-12-11 18:00:00,0.002807078
4556,2013-12-11 18:00:00,0.82616407
4556,2013-12-11 18:10:00,745.1167
4556,2013-12-11 18:10:00,4.7465944
4556,2013-12-11 18:10:00,0.9853416
4556,2013-12-11 18:20:00,667.06537
4556,2013-12-11 18:20:00,0.9853416
4556,2013-12-11 18:20:00,0.9853416
4556,2013-12-11 18:30:00,0.92530376
4556,2013-12-11 18:30:00,697.87726
4556,2013-12-11 18:30:00,0.002807078
4556,2013-12-11 18:30:00,3.6621132
4556,2013-12-11 18:30:00,0.82616407
4556,2013-12-11 18:30:00,1.9706832
4556,2013-12-11 18:40:00,674.5466
4556,2013-12-11 18:40:00,0.002807078
4556,2013-12-11 18:50:00,716.8805
4556,2013-12-11 18:50:00,3.8212907
4556,2013-12-11 18:50:00,0.92530376
4556,2013-12-11 19:00:00,700.9406
4556,2013-12-11 19:00:00,4.7465944
4556,2013-12-11 19:00:00,0.92530376
4556,2013-12-11 19:10:00,701.8902
4556,2013-12-11 19:10:00,1.9106454
4556,2013-12-11 19:10:00,2.956025
4556,2013-12-11 19:20:00,0.002807078
4556,2013-12-11 19:20:00,788.6667
4556,2013-12-11 19:20:00,4.7465944
4556,2013-12-11 19:30:00,0.9881487
4556,2013-12-11 19:30:00,789.8506
4556,2013-12-11 19:30:00,0.9853416
4556,2013-12-11 19:30:00,1.8506075
4556,2013-12-11 19:40:00,0.002807078
4556,2013-12-11 19:40:00,828.1778
4556,2013-12-11 19:40:00,0.92530376
4556,2013-12-11 19:40:00,1.9106454
4556,2013-12-11 19:50:00,0.92530376
4556,2013-12-11 19:50:00,835.46765
4556,2013-12-11 19:50:00,0.9853416
4556,2013-12-11 20:00:00,1.9106454
4556,2013-12-11 20:00:00,800.2825
4556,2013-12-11 20:00:00,3.8212907
4556,2013-12-11 20:00:00,3.8212907
4556,2013-12-11 20:00:00,0.9853416
4556,2013-12-11 20:10:00,840.8453
4556,2013-12-11 20:10:00,0.9853416
4556,2013-12-11 20:20:00,829.15173
4556,2013-12-11 20:20:00,0.9853416
4556,2013-12-11 20:20:00,4.8066325
4556,2013-12-11 20:20:00,0.9853416
4556,2013-12-11 20:30:00,934.64844
4556,2013-12-11 20:30:00,0.9881487
4556,2013-12-11 20:40:00,0.005614156
4556,2013-12-11 20:40:00,827.5916
4556,2013-12-11 20:50:00,0.002807078
4556,2013-12-11 20:50:00,0.92530376
4556,2013-12-11 20:50:00,785.7698
4556,2013-12-11 20:50:00,3.9413664
4556,2013-12-11 20:50:00,0.9853416
4556,2013-12-11 21:00:00,0.008421234
4556,2013-12-11 21:00:00,822.7979
4556,2013-12-11 21:00:00,0.002807078
4556,2013-12-11 21:00:00,1.8506075
4556,2013-12-11 21:00:00,1.9106454
4556,2013-12-11 21:10:00,0.9853416
4556,2013-12-11 21:10:00,847.92053
4556,2013-12-11 21:20:00,0.005614156
4556,2013-12-11 21:20:00,856.45044
4556,2013-12-11 21:20:00,0.9853416
4556,2013-12-11 21:30:00,0.002807078
4556,2013-12-11 21:30:00,911.2028
4556,2013-12-11 21:30:00,1.8506075
4556,2013-12-11 21:30:00,1.9706832
4556,2013-12-11 21:30:00,3.8813286
4556,2013-12-11 21:30:00,0.9853416
4556,2013-12-11 21:40:00,0.92530376
4556,2013-12-11 21:40:00,1004.9109
4556,2013-12-11 21:40:00,0.92530376
4556,2013-12-11 21:40:00,2.8359492
4556,2013-12-11 21:50:00,0.002807078
4556,2013-12-11 21:50:00,912.6021
4556,2013-12-11 21:50:00,0.9853416
4556,2013-12-11 21:50:00,5.6718984
4556,2013-12-11 21:50:00,0.92530376
4556,2013-12-11 22:00:00,0.002807078
4556,2013-12-11 22:00:00,870.3184
4556,2013-12-11 22:00:00,4.7522087
4556,2013-12-11 22:00:00,1.9106454
4556,2013-12-11 22:10:00,0.005614156
4556,2013-12-11 22:10:00,907.93567
4556,2013-12-11 22:10:00,2.7759113
4556,2013-12-11 22:20:00,0.002807078
4556,2013-12-11 22:20:00,803.4502
4556,2013-12-11 22:20:00,3.8813286
4556,2013-12-11 22:20:00,4.6474547
4556,2013-12-11 22:30:00,0.92530376
4556,2013-12-11 22:30:00,0.002807078
4556,2013-12-11 22:30:00,809.60675
4556,2013-12-11 22:30:00,1.9134525
4556,2013-12-11 22:30:00,4.8094397
4556,2013-12-11 22:40:00,0.002807078
4556,2013-12-11 22:40:00,1.9106454
4556,2013-12-11 22:40:00,819.1858
4556,2013-12-11 22:40:00,0.002807078
4556,2013-12-11 22:40:00,0.92530376
4556,2013-12-11 22:40:00,0.92530376
4556,2013-12-11 22:50:00,659.4978
4556,2013-12-11 22:50:00,0.9881487
4556,2013-12-11 23:00:00,760.17633
4556,2013-12-11 23:00:00,0.9853416
4556,2013-12-11 23:10:00,643.72253
4556,2013-12-11 23:10:00,0.002807078
4556,2013-12-11 23:20:00,0.92530376
4556,2013-12-11 23:20:00,532.6466
4556,2013-12-11 23:30:00,540.82996
4556,2013-12-11 23:40:00,1.9106454
4556,2013-12-11 23:40:00,568.9908
4556,2013-12-11 23:50:00,0.92530376
4556,2013-12-11 23:50:00,471.5407
4556,2013-12-12 00:00:00,0.92530376
4556,2013-12-12 00:00:00,490.26013
4556,2013-12-12 00:00:00,0.9853416
4556,2013-12-12 00:10:00,6.477126
4556,2013-12-12 00:10:00,430.5492
4556,2013-12-12 00:20:00,436.56134
4556,2013-12-12 00:30:00,417.18295
4556,2013-12-12 00:30:00,0.92530376
4556,2013-12-12 00:40:00,7.582544
4556,2013-12-12 00:40:00,425.99655
4556,2013-12-12 00:50:00,0.92530376
4556,2013-12-12 00:50:00,407.33435
4556,2013-12-12 00:50:00,4.8066325
4556,2013-12-12 01:00:00,4.7465944
4556,2013-12-12 01:00:00,378.2577
4556,2013-12-12 01:00:00,1.9706832
4556,2013-12-12 01:10:00,353.26007
4556,2013-12-12 01:10:00,1.9106454
4556,2013-12-12 01:20:00,321.86673
4556,2013-12-12 01:30:00,0.9853416
4556,2013-12-12 01:30:00,349.5342
4556,2013-12-12 01:40:00,307.7945
4556,2013-12-12 01:50:00,299.5255
4556,2013-12-12 02:00:00,362.19666
4556,2013-12-12 02:10:00,340.32114
4556,2013-12-12 02:20:00,342.84756
4556,2013-12-12 02:30:00,326.84195
4556,2013-12-12 02:40:00,358.46414
4556,2013-12-12 02:50:00,320.95227
4556,2013-12-12 02:50:00,0.9853416
4556,2013-12-12 03:00:00,0.92530376
4556,2013-12-12 03:00:00,341.43506
4556,2013-12-12 03:10:00,325.44638
4556,2013-12-12 03:10:00,2.8359492
4556,2013-12-12 03:20:00,323.9738
4556,2013-12-12 03:20:00,1.7514678
4556,2013-12-12 03:30:00,325.46194
4556,2013-12-12 03:30:00,4.8066325
4556,2013-12-12 03:30:00,0.9853416
4556,2013-12-12 03:40:00,313.26257
4556,2013-12-12 03:40:00,9.39405
4556,2013-12-12 03:50:00,289.97794
4556,2013-12-12 03:50:00,9.454087
4556,2013-12-12 04:00:00,280.11923
4556,2013-12-12 04:10:00,275.32922
4556,2013-12-12 04:20:00,260.65103
4556,2013-12-12 04:30:00,310.87067
4556,2013-12-12 04:40:00,304.0821
4556,2013-12-12 04:50:00,0.002807078
4556,2013-12-12 04:50:00,318.56604
4556,2013-12-12 05:00:00,324.56445
4556,2013-12-12 05:10:00,304.29846
4556,2013-12-12 05:20:00,319.55676
4556,2013-12-12 05:30:00,346.97693
4556,2013-12-12 05:40:00,350.7997
4556,2013-12-12 05:50:00,295.8481
4556,2013-12-12 06:00:00,370.17383
4556,2013-12-12 06:10:00,349.92413
4556,2013-12-12 06:20:00,351.26846
4556,2013-12-12 06:30:00,0.002807078
4556,2013-12-12 06:30:00,572.04834
4556,2013-12-12 06:30:00,0.92530376
4556,2013-12-12 06:40:00,1.9706832
4556,2013-12-12 06:40:00,448.1326
4556,2013-12-12 06:40:00,3.8212907
4556,2013-12-12 06:50:00,476.62488
4556,2013-12-12 06:50:00,2.8359492
4556,2013-12-12 07:00:00,503.89047
4556,2013-12-12 07:00:00,1.9106454
4556,2013-12-12 07:10:00,2.895987
4556,2013-12-12 07:10:00,460.94028
4556,2013-12-12 07:10:00,0.005614156
4556,2013-12-12 07:10:00,7.582544
4556,2013-12-12 07:20:00,511.8637
4556,2013-12-12 07:20:00,2.8359492
4556,2013-12-12 07:30:00,0.9853416
4556,2013-12-12 07:30:00,516.7375
4556,2013-12-12 07:30:00,3.8212907
4556,2013-12-12 07:40:00,562.9014
4556,2013-12-12 07:40:00,0.008421234
4556,2013-12-12 07:50:00,575.81415
4556,2013-12-12 08:00:00,510.18634
4556,2013-12-12 08:10:00,585.0843
4556,2013-12-12 08:20:00,2.7759113
4556,2013-12-12 08:20:00,495.66
4556,2013-12-12 08:30:00,1.8506075
4556,2013-12-12 08:30:00,0.002807078
4556,2013-12-12 08:30:00,485.89
4556,2013-12-12 08:30:00,0.002807078
4556,2013-12-12 08:40:00,3.701215
4556,2013-12-12 08:40:00,462.73093
4556,2013-12-12 08:40:00,0.92530376
4556,2013-12-12 08:50:00,485.75937
4556,2013-12-12 08:50:00,5.731936
4556,2013-12-12 08:50:00,0.82616407
4556,2013-12-12 09:00:00,3.8813286
4556,2013-12-12 09:00:00,578.96
4556,2013-12-12 09:00:00,4.8066325
4556,2013-12-12 09:00:00,1.9106454
4556,2013-12-12 09:10:00,1.9106454
4556,2013-12-12 09:10:00,0.9853416
4556,2013-12-12 09:10:00,503.7884
4556,2013-12-12 09:10:00,5.6718984
4556,2013-12-12 09:10:00,0.92530376
4556,2013-12-12 09:20:00,5.5727587
4556,2013-12-12 09:20:00,514.9026
4556,2013-12-12 09:30:00,3.8212907
4556,2013-12-12 09:30:00,518.6887
4556,2013-12-12 09:30:00,0.92530376
4556,2013-12-12 09:40:00,7.6425815
4556,2013-12-12 09:40:00,1.9106454
4556,2013-12-12 09:40:00,541.9055
4556,2013-12-12 09:40:00,1.8506075
4556,2013-12-12 09:50:00,6.7172775
4556,2013-12-12 09:50:00,521.4479
4556,2013-12-12 10:00:00,2.8359492
4556,2013-12-12 10:00:00,0.9853416
4556,2013-12-12 10:00:00,501.86697
4556,2013-12-12 10:00:00,0.92530376
4556,2013-12-12 10:00:00,0.92530376
4556,2013-12-12 10:10:00,2.895987
4556,2013-12-12 10:10:00,0.002807078
4556,2013-12-12 10:10:00,507.97357
4556,2013-12-12 10:10:00,0.92530376
4556,2013-12-12 10:20:00,530.4528
4556,2013-12-12 10:30:00,590.09717
4556,2013-12-12 10:40:00,0.92530376
4556,2013-12-12 10:40:00,500.39795
4556,2013-12-12 10:50:00,538.9787
4556,2013-12-12 10:50:00,1.9706832
4556,2013-12-12 11:00:00,2.7968473
4556,2013-12-12 11:00:00,553.9576
4556,2013-12-12 11:00:00,0.9853416
4556,2013-12-12 11:10:00,0.92530376
4556,2013-12-12 11:10:00,0.002807078
4556,2013-12-12 11:10:00,538.719
4556,2013-12-12 11:10:00,1.9706832
4556,2013-12-12 11:10:00,0.002807078
4556,2013-12-12 11:20:00,0.92530376
4556,2013-12-12 11:20:00,0.01403539
4556,2013-12-12 11:20:00,570.1447
4556,2013-12-12 11:20:00,0.9853416
4556,2013-12-12 11:20:00,0.9853416
4556,2013-12-12 11:30:00,588.1667
4556,2013-12-12 11:30:00,0.92530376
4556,2013-12-12 11:30:00,0.9853416
4556,2013-12-12 11:40:00,0.92530376
4556,2013-12-12 11:40:00,573.78613
4556,2013-12-12 11:40:00,1.9106454
4556,2013-12-12 11:50:00,0.9853416
4556,2013-12-12 11:50:00,0.9853416
4556,2013-12-12 11:50:00,522.9251
4556,2013-12-12 12:00:00,0.9853416
4556,2013-12-12 12:00:00,0.011228312
4556,2013-12-12 12:00:00,618.44885
4556,2013-12-12 12:10:00,0.022456624
4556,2013-12-12 12:10:00,603.3019
4556,2013-12-12 12:20:00,0.92530376
4556,2013-12-12 12:20:00,641.6329
4556,2013-12-12 12:20:00,1.9706832
4556,2013-12-12 12:30:00,640.68536
4556,2013-12-12 12:30:00,1.9106454
4556,2013-12-12 12:30:00,0.82616407
4556,2013-12-12 12:40:00,0.005614156
4556,2013-12-12 12:40:00,652.37756
4556,2013-12-12 12:50:00,0.82616407
4556,2013-12-12 12:50:00,0.9853416
4556,2013-12-12 12:50:00,645.7666
4556,2013-12-12 12:50:00,0.92530376
4556,2013-12-12 12:50:00,2.895987
4556,2013-12-12 13:00:00,0.002807078
4556,2013-12-12 13:00:00,673.0994
4556,2013-12-12 13:10:00,696.42584
4556,2013-12-12 13:20:00,0.9853416
4556,2013-12-12 13:20:00,684.07465
4556,2013-12-12 13:20:00,0.9853416
4556,2013-12-12 13:30:00,697.7625
4556,2013-12-12 13:30:00,0.92530376
4556,2013-12-12 13:40:00,2.7968473
4556,2013-12-12 13:40:00,0.99376285
4556,2013-12-12 13:40:00,608.371
4556,2013-12-12 13:40:00,1.8506075
4556,2013-12-12 13:40:00,0.002807078
4556,2013-12-12 13:50:00,0.002807078
4556,2013-12-12 13:50:00,655.8662
4556,2013-12-12 13:50:00,0.002807078
4556,2013-12-12 14:00:00,617.9514
4556,2013-12-12 14:00:00,0.9853416
4556,2013-12-12 14:00:00,0.9853416
4556,2013-12-12 14:00:00,1.9106454
4556,2013-12-12 14:10:00,0.9853416
4556,2013-12-12 14:10:00,542.44354
4556,2013-12-12 14:10:00,4.7465944
4556,2013-12-12 14:20:00,2.895987
4556,2013-12-12 14:20:00,557.8997
4556,2013-12-12 14:20:00,0.9853416
4556,2013-12-12 14:20:00,2.7759113
4556,2013-12-12 14:30:00,0.92530376
4556,2013-12-12 14:30:00,0.92811084
4556,2013-12-12 14:30:00,576.35565
4556,2013-12-12 14:30:00,1.9106454
4556,2013-12-12 14:40:00,532.5679
4556,2013-12-12 14:40:00,0.9853416
4556,2013-12-12 14:40:00,0.002807078
4556,2013-12-12 14:50:00,0.9853416
4556,2013-12-12 14:50:00,541.5467
4556,2013-12-12 14:50:00,0.002807078
4556,2013-12-12 15:00:00,521.1288
4556,2013-12-12 15:10:00,547.9024
4556,2013-12-12 15:10:00,1.9106454
4556,2013-12-12 15:20:00,0.9853416
4556,2013-12-12 15:20:00,590.4668
4556,2013-12-12 15:30:00,1.9706832
4556,2013-12-12 15:30:00,571.83276
4556,2013-12-12 15:30:00,0.011228312
4556,2013-12-12 15:40:00,0.9853416
4556,2013-12-12 15:40:00,0.9881487
4556,2013-12-12 15:40:00,523.7232
4556,2013-12-12 15:40:00,0.005614156
4556,2013-12-12 15:50:00,0.002807078
4556,2013-12-12 15:50:00,572.42175
4556,2013-12-12 15:50:00,0.002807078
4556,2013-12-12 15:50:00,0.002807078
4556,2013-12-12 16:00:00,0.005614156
4556,2013-12-12 16:00:00,612.5638
4556,2013-12-12 16:00:00,0.82616407
4556,2013-12-12 16:10:00,0.002807078
4556,2013-12-12 16:10:00,577.971
4556,2013-12-12 16:10:00,1.7514678
4556,2013-12-12 16:20:00,0.82616407
4556,2013-12-12 16:20:00,529.83813
4556,2013-12-12 16:30:00,614.95264
4556,2013-12-12 16:30:00,0.9853416
4556,2013-12-12 16:40:00,0.002807078
4556,2013-12-12 16:40:00,0.002807078
4556,2013-12-12 16:40:00,0.92530376
4556,2013-12-12 16:40:00,507.27264
4556,2013-12-12 16:40:00,0.9853416
4556,2013-12-12 16:50:00,577.9417
4556,2013-12-12 16:50:00,0.9853416
4556,2013-12-12 16:50:00,0.9853416
4556,2013-12-12 17:00:00,0.9853416
4556,2013-12-12 17:00:00,649.93463
4556,2013-12-12 17:10:00,580.26105
4556,2013-12-12 17:10:00,0.9853416
4556,2013-12-12 17:20:00,628.36554
4556,2013-12-12 17:20:00,0.9853416
4556,2013-12-12 17:30:00,595.19037
4556,2013-12-12 17:30:00,0.9853416
4556,2013-12-12 17:40:00,1.9106454
4556,2013-12-12 17:40:00,613.25616
4556,2013-12-12 17:40:00,2.956025
4556,2013-12-12 17:40:00,0.002807078
4556,2013-12-12 17:50:00,690.44434
4556,2013-12-12 17:50:00,0.92530376
4556,2013-12-12 17:50:00,1.9706832
4556,2013-12-12 18:00:00,656.69867
4556,2013-12-12 18:00:00,0.002807078
4556,2013-12-12 18:00:00,0.9853416
4556,2013-12-12 18:10:00,1.9106454
4556,2013-12-12 18:10:00,0.002807078
4556,2013-12-12 18:10:00,682.5692
4556,2013-12-12 18:10:00,0.9853416
4556,2013-12-12 18:10:00,0.9853416
4556,2013-12-12 18:20:00,681.47504
4556,2013-12-12 18:30:00,0.9853416
4556,2013-12-12 18:30:00,642.159
4556,2013-12-12 18:30:00,0.002807078
4556,2013-12-12 18:40:00,0.9853416
4556,2013-12-12 18:40:00,0.9853416
4556,2013-12-12 18:40:00,726.1454
4556,2013-12-12 18:40:00,0.92530376
4556,2013-12-12 18:50:00,1.9706832
4556,2013-12-12 18:50:00,721.6111
4556,2013-12-12 18:50:00,0.002807078
4556,2013-12-12 19:00:00,0.008421234
4556,2013-12-12 19:00:00,0.9853416
4556,2013-12-12 19:00:00,848.45
4556,2013-12-12 19:00:00,0.002807078
4556,2013-12-12 19:00:00,0.002807078
4556,2013-12-12 19:10:00,811.54407
4556,2013-12-12 19:10:00,3.7612529
4556,2013-12-12 19:20:00,0.002807078
4556,2013-12-12 19:20:00,879.784
4556,2013-12-12 19:20:00,0.92530376
4556,2013-12-12 19:20:00,0.9853416
4556,2013-12-12 19:30:00,0.9853416
4556,2013-12-12 19:30:00,0.002807078
4556,2013-12-12 19:30:00,785.0096
4556,2013-12-12 19:40:00,9.556034
4556,2013-12-12 19:40:00,752.11383
4556,2013-12-12 19:40:00,0.9853416
4556,2013-12-12 19:50:00,0.9881487
4556,2013-12-12 19:50:00,15.227932
4556,2013-12-12 19:50:00,0.002807078
4556,2013-12-12 19:50:00,760.30615
4556,2013-12-12 19:50:00,3.8240979
4556,2013-12-12 20:00:00,10.541375
4556,2013-12-12 20:00:00,907.0587
4556,2013-12-12 20:00:00,0.9853416
4556,2013-12-12 20:00:00,0.92530376
4556,2013-12-12 20:10:00,0.92530376
4556,2013-12-12 20:10:00,10.481338
4556,2013-12-12 20:10:00,907.66504
4556,2013-12-12 20:10:00,0.92530376
4556,2013-12-12 20:10:00,0.002807078
4556,2013-12-12 20:10:00,8.627923
4556,2013-12-12 20:10:00,0.9853416
4556,2013-12-12 20:20:00,12.186803
4556,2013-12-12 20:20:00,833.8311
4556,2013-12-12 20:20:00,0.92811084
4556,2013-12-12 20:30:00,1.9106454
4556,2013-12-12 20:30:00,4.755016
4556,2013-12-12 20:30:00,0.002807078
4556,2013-12-12 20:30:00,822.27826
4556,2013-12-12 20:40:00,11.46668
4556,2013-12-12 20:40:00,774.5866
4556,2013-12-12 20:40:00,0.9853416
4556,2013-12-12 20:50:00,15.792972
4556,2013-12-12 20:50:00,0.99095577
4556,2013-12-12 20:50:00,793.16486
4556,2013-12-12 20:50:00,2.8359492
4556,2013-12-12 21:00:00,14.305435
4556,2013-12-12 21:00:00,1.9762974
4556,2013-12-12 21:00:00,772.2348
4556,2013-12-12 21:00:00,1.9106454
4556,2013-12-12 21:00:00,4.8066325
4556,2013-12-12 21:10:00,3.6649203
4556,2013-12-12 21:10:00,0.002807078
4556,2013-12-12 21:10:00,2.8359492
4556,2013-12-12 21:10:00,788.11633
4556,2013-12-12 21:10:00,4.7494016
4556,2013-12-12 21:20:00,7.582544
4556,2013-12-12 21:20:00,0.011228312
4556,2013-12-12 21:20:00,0.008421234
4556,2013-12-12 21:20:00,711.6201
4556,2013-12-12 21:20:00,0.9853416
4556,2013-12-12 21:30:00,4.8066325
4556,2013-12-12 21:30:00,0.92811084
4556,2013-12-12 21:30:00,762.533
4556,2013-12-12 21:30:00,1.9106454
4556,2013-12-12 21:40:00,2.7396166
4556,2013-12-12 21:40:00,1.9106454
4556,2013-12-12 21:40:00,750.0349
4556,2013-12-12 21:40:00,1.9106454
4556,2013-12-12 21:40:00,2.8987942
4556,2013-12-12 21:50:00,3.766867
4556,2013-12-12 21:50:00,0.002807078
4556,2013-12-12 21:50:00,783.95087
4556,2013-12-12 21:50:00,0.92530376
4556,2013-12-12 21:50:00,0.9853416
4556,2013-12-12 22:00:00,19.6143
4556,2013-12-12 22:00:00,6.7773156
4556,2013-12-12 22:00:00,786.9608
4556,2013-12-12 22:10:00,31.505007
4556,2013-12-12 22:10:00,0.005614156
4556,2013-12-12 22:10:00,824.7718
4556,2013-12-12 22:20:00,14.122515
4556,2013-12-12 22:20:00,0.002807078
4556,2013-12-12 22:20:00,4.86667
4556,2013-12-12 22:20:00,0.002807078
4556,2013-12-12 22:20:00,744.87396
4556,2013-12-12 22:20:00,0.9853416
4556,2013-12-12 22:20:00,15.790202
4556,2013-12-12 22:30:00,18.00665
4556,2013-12-12 22:30:00,2.9672532
4556,2013-12-12 22:30:00,0.9853416
4556,2013-12-12 22:30:00,818.00244
4556,2013-12-12 22:30:00,4.6265187
4556,2013-12-12 22:40:00,1.8506075
4556,2013-12-12 22:40:00,0.002807078
4556,2013-12-12 22:40:00,0.9309179
4556,2013-12-12 22:40:00,0.002807078
4556,2013-12-12 22:40:00,820.2374
4556,2013-12-12 22:50:00,0.002807078
4556,2013-12-12 22:50:00,4.8066325
4556,2013-12-12 22:50:00,0.002807078
4556,2013-12-12 22:50:00,0.9853416
4556,2013-12-12 22:50:00,0.002807078
4556,2013-12-12 22:50:00,727.4658
4556,2013-12-12 22:50:00,2.7759113
4556,2013-12-12 23:00:00,0.92530376
4556,2013-12-12 23:00:00,7.6453886
4556,2013-12-12 23:00:00,0.002807078
4556,2013-12-12 23:00:00,2.895987
4556,2013-12-12 23:00:00,684.2122
4556,2013-12-12 23:00:00,1.9106454
4556,2013-12-12 23:00:00,7.405237
4556,2013-12-12 23:10:00,8.192299
4556,2013-12-12 23:10:00,4.8122463
4556,2013-12-12 23:10:00,594.9828
4556,2013-12-12 23:20:00,6.660047
4556,2013-12-12 23:20:00,608.0066
4556,2013-12-12 23:20:00,0.002807078
4556,2013-12-12 23:30:00,0.92530376
4556,2013-12-12 23:30:00,0.002807078
4556,2013-12-12 23:30:00,0.9881487
4556,2013-12-12 23:30:00,624.4712
4556,2013-12-12 23:30:00,0.002807078
4556,2013-12-12 23:40:00,0.92530376
4556,2013-12-12 23:40:00,593.96326
4556,2013-12-12 23:50:00,0.9853416
4556,2013-12-12 23:50:00,557.9943
4556,2013-12-12 23:50:00,0.9853416
4556,2013-12-13 00:00:00,515.98517
4556,2013-12-13 00:00:00,0.002807078
4556,2013-12-13 00:00:00,1.9706832
4556,2013-12-13 00:10:00,515.90717
4556,2013-12-13 00:20:00,0.005614156
4556,2013-12-13 00:20:00,447.16498
4556,2013-12-13 00:30:00,451.0981
4556,2013-12-13 00:30:00,1.9134525
4556,2013-12-13 00:40:00,403.88913
4556,2013-12-13 00:50:00,355.3928
4556,2013-12-13 00:50:00,1.9106454
4556,2013-12-13 01:00:00,357.3883
4556,2013-12-13 01:10:00,318.08905
4556,2013-12-13 01:20:00,0.82616407
4556,2013-12-13 01:20:00,338.6039
4556,2013-12-13 01:30:00,321.02463
4556,2013-12-13 01:40:00,284.22427
4556,2013-12-13 01:50:00,278.05243
4556,2013-12-13 01:50:00,0.9853416
4556,2013-12-13 02:00:00,0.9853416
4556,2013-12-13 02:00:00,292.012
4556,2013-12-13 02:00:00,0.92530376
4556,2013-12-13 02:10:00,223.09964
4556,2013-12-13 02:20:00,233.07124
4556,2013-12-13 02:30:00,245.84743
4556,2013-12-13 02:40:00,202.31207
4556,2013-12-13 02:50:00,0.92530376
4556,2013-12-13 02:50:00,203.18571
4556,2013-12-13 03:00:00,223.90239
4556,2013-12-13 03:10:00,204.7709
4556,2013-12-13 03:20:00,236.8757
4556,2013-12-13 03:20:00,0.9853416
4556,2013-12-13 03:30:00,243.96053
4556,2013-12-13 03:40:00,208.20126
4556,2013-12-13 03:50:00,215.83258
4556,2013-12-13 04:00:00,229.89133
4556,2013-12-13 04:10:00,204.694
4556,2013-12-13 04:10:00,0.9853416
4556,2013-12-13 04:20:00,227.80702
4556,2013-12-13 04:30:00,247.08356
4556,2013-12-13 04:40:00,253.1943
4556,2013-12-13 04:50:00,255.38345
4556,2013-12-13 05:00:00,247.45227
4556,2013-12-13 05:10:00,244.2602
4556,2013-12-13 05:20:00,223.55183
4556,2013-12-13 05:30:00,322.28488
4556,2013-12-13 05:30:00,0.92530376
4556,2013-12-13 05:40:00,0.002807078
4556,2013-12-13 05:40:00,276.8062
4556,2013-12-13 05:40:00,0.92530376
4556,2013-12-13 05:50:00,301.08893
4556,2013-12-13 05:50:00,0.92530376
4556,2013-12-13 06:00:00,344.43063
4556,2013-12-13 06:10:00,331.4164
4556,2013-12-13 06:20:00,359.02713
4556,2013-12-13 06:30:00,359.44617
4556,2013-12-13 06:30:00,0.9853416
4556,2013-12-13 06:40:00,406.25827
4556,2013-12-13 06:50:00,0.92530376
4556,2013-12-13 06:50:00,438.4899
4556,2013-12-13 07:00:00,1.7514678
4556,2013-12-13 07:00:00,435.0371
4556,2013-12-13 07:00:00,1.8115057
4556,2013-12-13 07:10:00,469.06927
4556,2013-12-13 07:10:00,0.92530376
4556,2013-12-13 07:10:00,0.9853416
4556,2013-12-13 07:20:00,480.31427
4556,2013-12-13 07:20:00,1.8506075
4556,2013-12-13 07:20:00,0.92530376
4556,2013-12-13 07:30:00,482.74005
4556,2013-12-13 07:30:00,0.9853416
4556,2013-12-13 07:30:00,0.9853416
4556,2013-12-13 07:30:00,0.92530376
4556,2013-12-13 07:40:00,0.9853416
4556,2013-12-13 07:40:00,463.11267
4556,2013-12-13 07:40:00,1.8506075
4556,2013-12-13 07:50:00,498.72684
4556,2013-12-13 07:50:00,0.92530376
4556,2013-12-13 07:50:00,1.9106454
4556,2013-12-13 07:50:00,0.9853416
4556,2013-12-13 08:00:00,0.9853416
4556,2013-12-13 08:00:00,531.7307
4556,2013-12-13 08:00:00,1.7514678
4556,2013-12-13 08:00:00,1.9106454
4556,2013-12-13 08:10:00,447.54755
4556,2013-12-13 08:10:00,5.731936
4556,2013-12-13 08:20:00,485.4634
4556,2013-12-13 08:20:00,0.9853416
4556,2013-12-13 08:30:00,595.7596
4556,2013-12-13 08:40:00,0.002807078
4556,2013-12-13 08:40:00,0.92530376
4556,2013-12-13 08:40:00,522.9806
4556,2013-12-13 08:50:00,558.5998
4556,2013-12-13 08:50:00,0.9853416
4556,2013-12-13 09:00:00,0.92530376
4556,2013-12-13 09:00:00,563.0795
4556,2013-12-13 09:10:00,512.98755
4556,2013-12-13 09:20:00,467.6904
4556,2013-12-13 09:20:00,1.9106454
4556,2013-12-13 09:30:00,0.9853416
4556,2013-12-13 09:30:00,0.82616407
4556,2013-12-13 09:30:00,438.63528
4556,2013-12-13 09:30:00,0.9853416
4556,2013-12-13 09:40:00,0.9853416
4556,2013-12-13 09:40:00,452.79446
4556,2013-12-13 09:50:00,495.25278
4556,2013-12-13 09:50:00,0.9853416
4556,2013-12-13 10:00:00,3.701215
4556,2013-12-13 10:00:00,518.3695
4556,2013-12-13 10:00:00,0.92530376
4556,2013-12-13 10:10:00,2.7759113
4556,2013-12-13 10:10:00,543.1652
4556,2013-12-13 10:10:00,0.9853416
4556,2013-12-13 10:10:00,0.9853416
4556,2013-12-13 10:20:00,3.701215
4556,2013-12-13 10:20:00,0.92530376
4556,2013-12-13 10:20:00,582.9589
4556,2013-12-13 10:20:00,0.92530376
4556,2013-12-13 10:30:00,2.7759113
4556,2013-12-13 10:30:00,604.4494
4556,2013-12-13 10:30:00,0.002807078
4556,2013-12-13 10:30:00,0.92530376
4556,2013-12-13 10:40:00,545.1164
4556,2013-12-13 10:40:00,1.9106454
4556,2013-12-13 10:50:00,0.9853416
4556,2013-12-13 10:50:00,565.0142
4556,2013-12-13 11:00:00,564.3538
4556,2013-12-13 11:00:00,1.9106454
4556,2013-12-13 11:10:00,594.0233
4556,2013-12-13 11:20:00,600.26697
4556,2013-12-13 11:20:00,0.9853416
4556,2013-12-13 11:30:00,0.92530376
4556,2013-12-13 11:30:00,0.9853416
4556,2013-12-13 11:30:00,591.2104
4556,2013-12-13 11:30:00,0.002807078
4556,2013-12-13 11:30:00,1.9106454
4556,2013-12-13 11:40:00,608.009
4556,2013-12-13 11:40:00,5.731936
4556,2013-12-13 11:50:00,1.8506075
4556,2013-12-13 11:50:00,600.86743
4556,2013-12-13 11:50:00,0.92530376
4556,2013-12-13 11:50:00,2.8359492
4556,2013-12-13 11:50:00,1.9106454
4556,2013-12-13 12:00:00,0.9853416
4556,2013-12-13 12:00:00,652.2576
4556,2013-12-13 12:00:00,1.9106454
4556,2013-12-13 12:10:00,639.2398
4556,2013-12-13 12:10:00,0.92530376
4556,2013-12-13 12:10:00,3.8212907
4556,2013-12-13 12:10:00,0.9881487
4556,2013-12-13 12:10:00,0.9853416
4556,2013-12-13 12:20:00,1.9106454
4556,2013-12-13 12:20:00,0.9853416
4556,2013-12-13 12:20:00,655.31165
4556,2013-12-13 12:20:00,2.895987
4556,2013-12-13 12:30:00,704.8705
4556,2013-12-13 12:30:00,4.8066325
4556,2013-12-13 12:40:00,707.8826
4556,2013-12-13 12:40:00,0.002807078
4556,2013-12-13 12:40:00,0.92530376
4556,2013-12-13 12:50:00,683.87836
4556,2013-12-13 12:50:00,0.9853416
4556,2013-12-13 13:00:00,0.002807078
4556,2013-12-13 13:00:00,0.9853416
4556,2013-12-13 13:00:00,723.3103
4556,2013-12-13 13:00:00,1.9106454
4556,2013-12-13 13:10:00,0.002807078
4556,2013-12-13 13:10:00,756.13416
4556,2013-12-13 13:10:00,1.9106454
4556,2013-12-13 13:10:00,0.002807078
4556,2013-12-13 13:20:00,0.005614156
4556,2013-12-13 13:20:00,732.3428
4556,2013-12-13 13:20:00,0.92530376
4556,2013-12-13 13:30:00,0.008421234
4556,2013-12-13 13:30:00,0.9853416
4556,2013-12-13 13:30:00,667.44806
4556,2013-12-13 13:30:00,1.9106454
4556,2013-12-13 13:40:00,0.005614156
4556,2013-12-13 13:40:00,1.9706832
4556,2013-12-13 13:40:00,658.79395
4556,2013-12-13 13:50:00,630.6668
4556,2013-12-13 13:50:00,0.002807078
4556,2013-12-13 13:50:00,1.9706832
4556,2013-12-13 14:00:00,685.4774
4556,2013-12-13 14:00:00,1.9106454
4556,2013-12-13 14:00:00,0.92530376
4556,2013-12-13 14:10:00,620.1696
4556,2013-12-13 14:10:00,0.9853416
4556,2013-12-13 14:10:00,0.9853416
4556,2013-12-13 14:10:00,0.92530376
4556,2013-12-13 14:20:00,0.92530376
4556,2013-12-13 14:20:00,676.99164
4556,2013-12-13 14:20:00,0.9881487
4556,2013-12-13 14:20:00,0.92530376
4556,2013-12-13 14:20:00,2.956025
4556,2013-12-13 14:30:00,0.9853416
4556,2013-12-13 14:30:00,644.1491
4556,2013-12-13 14:40:00,623.3506
4556,2013-12-13 14:40:00,0.92530376
4556,2013-12-13 14:50:00,0.9853416
4556,2013-12-13 14:50:00,598.77997
4556,2013-12-13 14:50:00,4.8066325
4556,2013-12-13 14:50:00,0.9853416
4556,2013-12-13 15:00:00,616.9827
4556,2013-12-13 15:10:00,561.37805
4556,2013-12-13 15:10:00,0.9853416
4556,2013-12-13 15:10:00,2.8359492
4556,2013-12-13 15:10:00,0.9853416
4556,2013-12-13 15:20:00,551.21136
4556,2013-12-13 15:20:00,2.8387563
4556,2013-12-13 15:30:00,0.9853416
4556,2013-12-13 15:30:00,554.6138
4556,2013-12-13 15:40:00,0.9881487
4556,2013-12-13 15:40:00,536.07214
4556,2013-12-13 15:50:00,563.8905
4556,2013-12-13 16:00:00,2.7759113
4556,2013-12-13 16:00:00,491.9206
4556,2013-12-13 16:00:00,1.9106454
4556,2013-12-13 16:10:00,2.7759113
4556,2013-12-13 16:10:00,543.25464
4556,2013-12-13 16:10:00,0.002807078
4556,2013-12-13 16:10:00,1.9106454
4556,2013-12-13 16:20:00,561.4692
4556,2013-12-13 16:20:00,1.9106454
4556,2013-12-13 16:30:00,2.7759113
4556,2013-12-13 16:30:00,600.4769
4556,2013-12-13 16:30:00,3.8212907
4556,2013-12-13 16:40:00,5.914857
4556,2013-12-13 16:40:00,534.72815
4556,2013-12-13 16:40:00,2.895987
4556,2013-12-13 16:50:00,563.0325
4556,2013-12-13 16:50:00,0.92530376
4556,2013-12-13 17:00:00,566.9867
4556,2013-12-13 17:10:00,0.92530376
4556,2013-12-13 17:10:00,537.50494
4556,2013-12-13 17:20:00,502.26746
4556,2013-12-13 17:20:00,0.82616407
4556,2013-12-13 17:30:00,604.6981
4556,2013-12-13 17:30:00,2.4784923
4556,2013-12-13 17:40:00,0.92530376
4556,2013-12-13 17:40:00,0.9853416
4556,2013-12-13 17:40:00,563.6057
4556,2013-12-13 17:40:00,3.722151
4556,2013-12-13 17:50:00,0.9853416
4556,2013-12-13 17:50:00,0.9853416
4556,2013-12-13 17:50:00,543.71155
4556,2013-12-13 17:50:00,1.8506075
4556,2013-12-13 18:00:00,644.07886
4556,2013-12-13 18:10:00,604.9446
4556,2013-12-13 18:10:00,0.9853416
4556,2013-12-13 18:20:00,674.9718
4556,2013-12-13 18:20:00,4.86667
4556,2013-12-13 18:30:00,673.92316
4556,2013-12-13 18:40:00,2.7368095
4556,2013-12-13 18:40:00,705.48505
4556,2013-12-13 18:50:00,2.895987
4556,2013-12-13 18:50:00,726.8469
4556,2013-12-13 18:50:00,0.92530376
4556,2013-12-13 19:00:00,1.6523281
4556,2013-12-13 19:00:00,789.18774
4556,2013-12-13 19:00:00,0.9853416
4556,2013-12-13 19:00:00,3.9413664
4556,2013-12-13 19:10:00,0.9853416
4556,2013-12-13 19:10:00,752.1618
4556,2013-12-13 19:10:00,3.9413664
4556,2013-12-13 19:20:00,0.9853416
4556,2013-12-13 19:20:00,840.5063
4556,2013-12-13 19:20:00,0.002807078
4556,2013-12-13 19:20:00,1.9106454
4556,2013-12-13 19:20:00,2.956025
4556,2013-12-13 19:20:00,0.82616407
4556,2013-12-13 19:30:00,868.74646
4556,2013-12-13 19:30:00,0.9853416
4556,2013-12-13 19:30:00,0.9853416
4556,2013-12-13 19:40:00,1.9106454
4556,2013-12-13 19:40:00,818.47546
4556,2013-12-13 19:40:00,0.9853416
4556,2013-12-13 19:40:00,0.92530376
4556,2013-12-13 19:40:00,0.9853416
4556,2013-12-13 19:50:00,0.9853416
4556,2013-12-13 19:50:00,0.9853416
4556,2013-12-13 19:50:00,0.002807078
4556,2013-12-13 19:50:00,835.75574
4556,2013-12-13 19:50:00,1.9106454
4556,2013-12-13 20:00:00,942.3805
4556,2013-12-13 20:00:00,1.9106454
4556,2013-12-13 20:00:00,0.9853416
4556,2013-12-13 20:00:00,0.82616407
4556,2013-12-13 20:00:00,0.9853416
4556,2013-12-13 20:10:00,0.92530376
4556,2013-12-13 20:10:00,1.9106454
4556,2013-12-13 20:10:00,918.5051
4556,2013-12-13 20:10:00,4.8066325
4556,2013-12-13 20:20:00,2.7759113
4556,2013-12-13 20:20:00,955.74536
4556,2013-12-13 20:20:00,2.8359492
4556,2013-12-13 20:20:00,0.92530376
4556,2013-12-13 20:30:00,974.85223
4556,2013-12-13 20:30:00,1.9106454
4556,2013-12-13 20:30:00,0.002807078
4556,2013-12-13 20:40:00,986.43207
4556,2013-12-13 20:40:00,1.7542748
4556,2013-12-13 20:40:00,0.92530376
4556,2013-12-13 20:40:00,1.9106454
4556,2013-12-13 20:50:00,9.313075
4556,2013-12-13 20:50:00,992.5283
4556,2013-12-13 20:50:00,0.002807078
4556,2013-12-13 20:50:00,1.8534145
4556,2013-12-13 20:50:00,1.9106454
4556,2013-12-13 21:00:00,0.92530376
4556,2013-12-13 21:00:00,0.9853416
4556,2013-12-13 21:00:00,963.9145
4556,2013-12-13 21:00:00,2.895987
4556,2013-12-13 21:00:00,1.7514678
4556,2013-12-13 21:00:00,0.92530376
4556,2013-12-13 21:10:00,0.9853416
4556,2013-12-13 21:10:00,0.9853416
4556,2013-12-13 21:10:00,0.002807078
4556,2013-12-13 21:10:00,940.72595
4556,2013-12-13 21:10:00,0.005614156
4556,2013-12-13 21:10:00,2.895987
4556,2013-12-13 21:20:00,898.266
4556,2013-12-13 21:20:00,2.8387563
4556,2013-12-13 21:20:00,0.002807078
4556,2013-12-13 21:30:00,0.9853416
4556,2013-12-13 21:30:00,0.9853416
4556,2013-12-13 21:30:00,0.92530376
4556,2013-12-13 21:30:00,916.3796
4556,2013-12-13 21:30:00,1.8506075
4556,2013-12-13 21:30:00,0.92530376
4556,2013-12-13 21:30:00,1.9106454
4556,2013-12-13 21:40:00,3.701215
4556,2013-12-13 21:40:00,881.38525
4556,2013-12-13 21:40:00,1.7514678
4556,2013-12-13 21:40:00,1.9106454
4556,2013-12-13 21:50:00,0.92530376
4556,2013-12-13 21:50:00,897.3575
4556,2013-12-13 21:50:00,2.895987
4556,2013-12-13 21:50:00,1.8506075
4556,2013-12-13 22:00:00,0.9853416
4556,2013-12-13 22:00:00,1.9706832
4556,2013-12-13 22:00:00,0.92530376
4556,2013-12-13 22:00:00,0.92530376
4556,2013-12-13 22:00:00,925.9882
4556,2013-12-13 22:00:00,1.9106454
4556,2013-12-13 22:00:00,0.92530376
4556,2013-12-13 22:10:00,820.9519
4556,2013-12-13 22:10:00,4.7465944
4556,2013-12-13 22:10:00,1.8506075
4556,2013-12-13 22:10:00,0.9853416
4556,2013-12-13 22:20:00,1.9706832
4556,2013-12-13 22:20:00,825.9174
4556,2013-12-13 22:20:00,2.895987
4556,2013-12-13 22:20:00,1.9706832
4556,2013-12-13 22:20:00,1.9106454
4556,2013-12-13 22:30:00,1.8506075
4556,2013-12-13 22:30:00,0.92530376
4556,2013-12-13 22:30:00,838.4736
4556,2013-12-13 22:30:00,4.7465944
4556,2013-12-13 22:30:00,0.9853416
4556,2013-12-13 22:30:00,0.9853416
4556,2013-12-13 22:40:00,0.92530376
4556,2013-12-13 22:40:00,820.89624
4556,2013-12-13 22:40:00,1.9106454
4556,2013-12-13 22:40:00,0.002807078
4556,2013-12-13 22:40:00,0.92530376
4556,2013-12-13 22:50:00,0.002807078
4556,2013-12-13 22:50:00,828.437
4556,2013-12-13 22:50:00,0.9853416
4556,2013-12-13 22:50:00,0.002807078
4556,2013-12-13 23:00:00,2.7759113
4556,2013-12-13 23:00:00,0.008421234
4556,2013-12-13 23:00:00,801.65344
4556,2013-12-13 23:00:00,0.002807078
4556,2013-12-13 23:00:00,0.92530376
4556,2013-12-13 23:00:00,1.7514678
4556,2013-12-13 23:10:00,0.002807078
4556,2013-12-13 23:10:00,0.011228312
4556,2013-12-13 23:10:00,803.3105
4556,2013-12-13 23:10:00,1.9106454
4556,2013-12-13 23:20:00,0.005614156
4556,2013-12-13 23:20:00,0.005614156
4556,2013-12-13 23:20:00,754.8605
4556,2013-12-13 23:20:00,0.9853416
4556,2013-12-13 23:20:00,0.9853416
4556,2013-12-13 23:20:00,0.92530376
4556,2013-12-13 23:30:00,0.005614156
4556,2013-12-13 23:30:00,1.9106454
4556,2013-12-13 23:30:00,847.4501
4556,2013-12-13 23:30:00,0.005614156
4556,2013-12-13 23:30:00,0.92530376
4556,2013-12-13 23:40:00,0.002807078
4556,2013-12-13 23:40:00,1.9106454
4556,2013-12-13 23:40:00,771.53314
4556,2013-12-13 23:40:00,0.9853416
4556,2013-12-13 23:50:00,0.9881487
4556,2013-12-13 23:50:00,685.0701
4556,2013-12-13 23:50:00,0.82616407
4556,2013-12-13 23:50:00,0.99095577
4556,2013-12-13 23:50:00,1.9106454
4556,2013-12-14 00:00:00,627.7721
4556,2013-12-14 00:00:00,0.9881487
4556,2013-12-14 00:10:00,618.48346
4556,2013-12-14 00:10:00,0.002807078
4556,2013-12-14 00:10:00,0.9853416
4556,2013-12-14 00:20:00,571.6654
4556,2013-12-14 00:20:00,0.005614156
4556,2013-12-14 00:30:00,541.6639
4556,2013-12-14 00:30:00,0.9881487
4556,2013-12-14 00:30:00,9.253037
4556,2013-12-14 00:40:00,474.79642
4556,2013-12-14 00:40:00,0.9853416
4556,2013-12-14 00:50:00,507.04416
4556,2013-12-14 00:50:00,0.002807078
4556,2013-12-14 01:00:00,483.16025
4556,2013-12-14 01:10:00,424.0284
4556,2013-12-14 01:10:00,0.9853416
4556,2013-12-14 01:20:00,404.35977
4556,2013-12-14 01:30:00,425.76306
4556,2013-12-14 01:40:00,363.58426
4556,2013-12-14 01:40:00,0.002807078
4556,2013-12-14 01:50:00,337.71188
4556,2013-12-14 02:00:00,342.18347
4556,2013-12-14 02:10:00,0.82616407
4556,2013-12-14 02:10:00,308.8451
4556,2013-12-14 02:20:00,323.45624
4556,2013-12-14 02:30:00,0.9853416
4556,2013-12-14 02:30:00,0.002807078
4556,2013-12-14 02:30:00,326.69598
4556,2013-12-14 02:40:00,1.8506075
4556,2013-12-14 02:40:00,284.92657
4556,2013-12-14 02:50:00,264.73898
4556,2013-12-14 03:00:00,298.54013
4556,2013-12-14 03:10:00,300.48444
4556,2013-12-14 03:10:00,0.92530376
4556,2013-12-14 03:20:00,259.5166
4556,2013-12-14 03:30:00,288.20395
4556,2013-12-14 03:40:00,237.32066
4556,2013-12-14 03:40:00,1.9106454
4556,2013-12-14 03:50:00,0.92530376
4556,2013-12-14 03:50:00,248.36975
4556,2013-12-14 04:00:00,257.61862
4556,2013-12-14 04:10:00,222.27853
4556,2013-12-14 04:20:00,216.48203
4556,2013-12-14 04:30:00,234.50139
4556,2013-12-14 04:40:00,217.31963
4556,2013-12-14 04:50:00,210.35823
4556,2013-12-14 05:00:00,222.5632
4556,2013-12-14 05:00:00,0.9853416
4556,2013-12-14 05:10:00,192.7092
4556,2013-12-14 05:20:00,209.80313
4556,2013-12-14 05:30:00,232.92029
4556,2013-12-14 05:40:00,218.6865
4556,2013-12-14 05:50:00,212.44899
4556,2013-12-14 06:00:00,220.87605
4556,2013-12-14 06:10:00,206.02519
4556,2013-12-14 06:20:00,242.36603
4556,2013-12-14 06:30:00,222.06674
4556,2013-12-14 06:40:00,242.3707
4556,2013-12-14 06:50:00,255.21196
4556,2013-12-14 06:50:00,0.92530376
4556,2013-12-14 06:50:00,0.92530376
4556,2013-12-14 07:00:00,262.02368
4556,2013-12-14 07:00:00,2.895987
4556,2013-12-14 07:10:00,235.60332
4556,2013-12-14 07:20:00,268.9784
4556,2013-12-14 07:30:00,285.9379
4556,2013-12-14 07:40:00,283.32938
4556,2013-12-14 07:50:00,294.0021
4556,2013-12-14 08:00:00,309.61493
4556,2013-12-14 08:10:00,316.7778
4556,2013-12-14 08:10:00,0.9853416
4556,2013-12-14 08:20:00,0.002807078
4556,2013-12-14 08:20:00,362.69562
4556,2013-12-14 08:20:00,0.92530376
4556,2013-12-14 08:30:00,0.002807078
4556,2013-12-14 08:30:00,401.29022
4556,2013-12-14 08:30:00,1.9106454
4556,2013-12-14 08:40:00,326.79263
4556,2013-12-14 08:40:00,0.92530376
4556,2013-12-14 08:50:00,408.11658
4556,2013-12-14 09:00:00,432.01263
4556,2013-12-14 09:00:00,2.895987
4556,2013-12-14 09:00:00,0.82616407
4556,2013-12-14 09:10:00,1.9106454
4556,2013-12-14 09:10:00,445.51462
4556,2013-12-14 09:10:00,0.92530376
4556,2013-12-14 09:10:00,0.92530376
4556,2013-12-14 09:20:00,0.92530376
4556,2013-12-14 09:20:00,486.10272
4556,2013-12-14 09:20:00,0.9881487
4556,2013-12-14 09:30:00,474.15393
4556,2013-12-14 09:30:00,0.92530376
4556,2013-12-14 09:30:00,0.9853416
4556,2013-12-14 09:40:00,461.74225
4556,2013-12-14 09:40:00,0.92530376
4556,2013-12-14 09:50:00,1.9106454
4556,2013-12-14 09:50:00,457.859
4556,2013-12-14 10:00:00,0.002807078
4556,2013-12-14 10:00:00,560.49115
4556,2013-12-14 10:00:00,1.9106454
4556,2013-12-14 10:00:00,3.7612529
4556,2013-12-14 10:10:00,0.002807078
4556,2013-12-14 10:10:00,519.89465
4556,2013-12-14 10:10:00,0.9853416
4556,2013-12-14 10:10:00,0.82616407
4556,2013-12-14 10:20:00,3.701215
4556,2013-12-14 10:20:00,0.92530376
4556,2013-12-14 10:20:00,532.4737
4556,2013-12-14 10:20:00,2.895987
4556,2013-12-14 10:20:00,2.895987
4556,2013-12-14 10:30:00,608.7012
4556,2013-12-14 10:40:00,1.9106454
4556,2013-12-14 10:40:00,564.5113
4556,2013-12-14 10:50:00,565.3577
4556,2013-12-14 10:50:00,0.92530376
4556,2013-12-14 10:50:00,0.9853416
4556,2013-12-14 10:50:00,0.9853416
4556,2013-12-14 11:00:00,664.5887
4556,2013-12-14 11:00:00,2.8359492
4556,2013-12-14 11:00:00,0.92530376
4556,2013-12-14 11:10:00,0.92530376
4556,2013-12-14 11:10:00,597.50775
4556,2013-12-14 11:10:00,1.8506075
4556,2013-12-14 11:20:00,586.89044
4556,2013-12-14 11:20:00,0.005614156
4556,2013-12-14 11:30:00,614.98303
4556,2013-12-14 11:40:00,0.9853416
4556,2013-12-14 11:40:00,590.1005
4556,2013-12-14 11:50:00,0.9853416
4556,2013-12-14 11:50:00,632.545
4556,2013-12-14 11:50:00,1.9106454
4556,2013-12-14 11:50:00,0.92530376
4556,2013-12-14 12:00:00,0.002807078
4556,2013-12-14 12:00:00,0.9853416
4556,2013-12-14 12:00:00,682.65875
4556,2013-12-14 12:00:00,0.92530376
4556,2013-12-14 12:10:00,717.75616
4556,2013-12-14 12:10:00,0.9853416
4556,2013-12-14 12:10:00,2.6767716
4556,2013-12-14 12:10:00,1.8506075
4556,2013-12-14 12:20:00,0.9853416
4556,2013-12-14 12:20:00,663.4297
4556,2013-12-14 12:30:00,0.002807078
4556,2013-12-14 12:30:00,700.18695
4556,2013-12-14 12:30:00,1.9106454
4556,2013-12-14 12:30:00,0.9853416
4556,2013-12-14 12:40:00,650.14825
4556,2013-12-14 12:40:00,0.92530376
4556,2013-12-14 12:50:00,0.002807078
4556,2013-12-14 12:50:00,674.5153
4556,2013-12-14 13:00:00,718.301
4556,2013-12-14 13:00:00,0.9853416
4556,2013-12-14 13:10:00,2.7759113
4556,2013-12-14 13:10:00,775.44214
4556,2013-12-14 13:10:00,0.9853416
4556,2013-12-14 13:20:00,810.62134
4556,2013-12-14 13:30:00,767.7557
4556,2013-12-14 13:30:00,0.9853416
4556,2013-12-14 13:40:00,0.92530376
4556,2013-12-14 13:40:00,1.9106454
4556,2013-12-14 13:40:00,675.7087
4556,2013-12-14 13:40:00,0.92530376
4556,2013-12-14 13:50:00,0.92530376
4556,2013-12-14 13:50:00,0.92530376
4556,2013-12-14 13:50:00,781.43524
4556,2013-12-14 13:50:00,0.9853416
4556,2013-12-14 14:00:00,0.9853416
4556,2013-12-14 14:00:00,820.9979
4556,2013-12-14 14:00:00,0.9881487
4556,2013-12-14 14:10:00,1.9134525
4556,2013-12-14 14:10:00,0.92530376
4556,2013-12-14 14:10:00,773.7884
4556,2013-12-14 14:20:00,742.61505
4556,2013-12-14 14:30:00,1.9106454
4556,2013-12-14 14:30:00,683.6928
4556,2013-12-14 14:30:00,0.9853416
4556,2013-12-14 14:40:00,0.92530376
4556,2013-12-14 14:40:00,1.7514678
4556,2013-12-14 14:40:00,1.9106454
4556,2013-12-14 14:40:00,0.92530376
4556,2013-12-14 14:40:00,715.49396
4556,2013-12-14 14:40:00,4.6265187
4556,2013-12-14 14:40:00,0.002807078
4556,2013-12-14 14:50:00,1.9106454
4556,2013-12-14 14:50:00,0.92530376
4556,2013-12-14 14:50:00,659.5985
4556,2013-12-14 14:50:00,0.92530376
4556,2013-12-14 15:00:00,661.26385
4556,2013-12-14 15:00:00,0.92530376
4556,2013-12-14 15:00:00,0.002807078
4556,2013-12-14 15:10:00,0.92530376
4556,2013-12-14 15:10:00,645.74146
4556,2013-12-14 15:10:00,0.002807078
4556,2013-12-14 15:10:00,0.92530376
4556,2013-12-14 15:10:00,1.8506075
4556,2013-12-14 15:20:00,644.86646
4556,2013-12-14 15:20:00,0.92530376
4556,2013-12-14 15:20:00,0.9853416
4556,2013-12-14 15:20:00,4.686557
4556,2013-12-14 15:30:00,0.002807078
4556,2013-12-14 15:30:00,645.61566
4556,2013-12-14 15:30:00,0.9853416
4556,2013-12-14 15:30:00,7.5225058
4556,2013-12-14 15:40:00,3.8212907
4556,2013-12-14 15:40:00,602.0513
4556,2013-12-14 15:50:00,620.19763
4556,2013-12-14 15:50:00,3.701215
4556,2013-12-14 16:00:00,0.002807078
4556,2013-12-14 16:00:00,681.9137
4556,2013-12-14 16:10:00,655.8466
4556,2013-12-14 16:10:00,0.92530376
4556,2013-12-14 16:10:00,1.8506075
4556,2013-12-14 16:20:00,679.6746
4556,2013-12-14 16:30:00,767.2815
4556,2013-12-14 16:30:00,0.002807078
4556,2013-12-14 16:30:00,0.9853416
4556,2013-12-14 16:40:00,732.52716
4556,2013-12-14 16:40:00,0.9853416
4556,2013-12-14 16:40:00,1.8506075
4556,2013-12-14 16:40:00,0.9853416
4556,2013-12-14 16:50:00,1.7542748
4556,2013-12-14 16:50:00,672.11365
4556,2013-12-14 17:00:00,1.7514678
4556,2013-12-14 17:00:00,0.002807078
4556,2013-12-14 17:00:00,718.66003
4556,2013-12-14 17:00:00,0.92530376
4556,2013-12-14 17:10:00,0.002807078
4556,2013-12-14 17:10:00,0.9853416
4556,2013-12-14 17:10:00,657.7683
4556,2013-12-14 17:10:00,0.9853416
4556,2013-12-14 17:10:00,0.92530376
4556,2013-12-14 17:10:00,0.002807078
4556,2013-12-14 17:20:00,0.92530376
4556,2013-12-14 17:20:00,0.002807078
4556,2013-12-14 17:20:00,687.06793
4556,2013-12-14 17:20:00,0.82616407
4556,2013-12-14 17:20:00,0.002807078
4556,2013-12-14 17:20:00,0.82616407
4556,2013-12-14 17:30:00,685.00757
4556,2013-12-14 17:30:00,1.8506075
4556,2013-12-14 17:40:00,3.8240979
4556,2013-12-14 17:40:00,0.92530376
4556,2013-12-14 17:40:00,696.0019
4556,2013-12-14 17:40:00,0.92530376
4556,2013-12-14 17:50:00,0.92811084
4556,2013-12-14 17:50:00,674.3039
4556,2013-12-14 17:50:00,1.9106454
4556,2013-12-14 17:50:00,1.9106454
4556,2013-12-14 17:50:00,0.82616407
4556,2013-12-14 18:00:00,0.002807078
4556,2013-12-14 18:00:00,2.8359492
4556,2013-12-14 18:00:00,785.43115
4556,2013-12-14 18:00:00,0.92530376
4556,2013-12-14 18:10:00,0.82616407
4556,2013-12-14 18:10:00,681.2994
4556,2013-12-14 18:10:00,3.7612529
4556,2013-12-14 18:10:00,0.9853416
4556,2013-12-14 18:10:00,0.92530376
4556,2013-12-14 18:20:00,0.002807078
4556,2013-12-14 18:20:00,691.62006
4556,2013-12-14 18:20:00,5.5727587
4556,2013-12-14 18:20:00,0.82897115
4556,2013-12-14 18:30:00,666.56177
4556,2013-12-14 18:30:00,4.7465944
4556,2013-12-14 18:30:00,0.92530376
4556,2013-12-14 18:30:00,0.92811084
4556,2013-12-14 18:30:00,0.9853416
4556,2013-12-14 18:40:00,763.92377
4556,2013-12-14 18:40:00,4.8066325
4556,2013-12-14 18:40:00,0.92530376
4556,2013-12-14 18:40:00,1.7542748
4556,2013-12-14 18:40:00,0.92530376
4556,2013-12-14 18:50:00,0.82616407
4556,2013-12-14 18:50:00,766.4583
4556,2013-12-14 18:50:00,4.8066325
4556,2013-12-14 18:50:00,1.9106454
4556,2013-12-14 19:00:00,0.9853416
4556,2013-12-14 19:00:00,1.8506075
4556,2013-12-14 19:00:00,0.002807078
4556,2013-12-14 19:00:00,823.79047
4556,2013-12-14 19:00:00,0.005614156
4556,2013-12-14 19:10:00,5.791974
4556,2013-12-14 19:10:00,0.9881487
4556,2013-12-14 19:10:00,0.92530376
4556,2013-12-14 19:10:00,0.002807078
4556,2013-12-14 19:10:00,816.2421
4556,2013-12-14 19:20:00,0.002807078
4556,2013-12-14 19:20:00,0.9853416
4556,2013-12-14 19:20:00,882.4572
4556,2013-12-14 19:20:00,1.9706832
4556,2013-12-14 19:30:00,902.64185
4556,2013-12-14 19:30:00,0.002807078
4556,2013-12-14 19:30:00,0.9853416
4556,2013-12-14 19:30:00,2.7368095
4556,2013-12-14 19:40:00,1.9706832
4556,2013-12-14 19:40:00,0.9881487
4556,2013-12-14 19:40:00,858.38983
4556,2013-12-14 19:40:00,0.9853416
4556,2013-12-14 19:40:00,0.9853416
4556,2013-12-14 19:40:00,0.92530376
4556,2013-12-14 19:50:00,957.86414
4556,2013-12-14 19:50:00,2.8359492
4556,2013-12-14 19:50:00,0.82616407
4556,2013-12-14 19:50:00,0.92530376
4556,2013-12-14 19:50:00,0.9881487
4556,2013-12-14 20:00:00,0.002807078
4556,2013-12-14 20:00:00,962.8584
4556,2013-12-14 20:00:00,0.9881487
4556,2013-12-14 20:00:00,1.9106454
4556,2013-12-14 20:00:00,0.9853416
4556,2013-12-14 20:10:00,0.002807078
4556,2013-12-14 20:10:00,1121.2375
4556,2013-12-14 20:10:00,0.9853416
4556,2013-12-14 20:10:00,0.002807078
4556,2013-12-14 20:10:00,0.9853416
4556,2013-12-14 20:10:00,0.92530376
4556,2013-12-14 20:20:00,0.002807078
4556,2013-12-14 20:20:00,1000.25714
4556,2013-12-14 20:20:00,0.92530376
4556,2013-12-14 20:30:00,0.92530376
4556,2013-12-14 20:30:00,0.005614156
4556,2013-12-14 20:30:00,1015.00256
4556,2013-12-14 20:30:00,0.002807078
4556,2013-12-14 20:30:00,0.002807078
4556,2013-12-14 20:40:00,1.9106454
4556,2013-12-14 20:40:00,0.9853416
4556,2013-12-14 20:40:00,0.002807078
4556,2013-12-14 20:40:00,0.9853416
4556,2013-12-14 20:40:00,1040.5844
4556,2013-12-14 20:40:00,0.9853416
4556,2013-12-14 20:40:00,0.9853416
4556,2013-12-14 20:40:00,0.92811084
4556,2013-12-14 20:40:00,0.002807078
4556,2013-12-14 20:50:00,2.7759113
4556,2013-12-14 20:50:00,0.002807078
4556,2013-12-14 20:50:00,1014.7712
4556,2013-12-14 20:50:00,0.9881487
4556,2013-12-14 20:50:00,0.002807078
4556,2013-12-14 21:00:00,0.9853416
4556,2013-12-14 21:00:00,1.9106454
4556,2013-12-14 21:00:00,0.002807078
4556,2013-12-14 21:00:00,1001.5891
4556,2013-12-14 21:00:00,0.9853416
4556,2013-12-14 21:00:00,0.9853416
4556,2013-12-14 21:00:00,0.002807078
4556,2013-12-14 21:00:00,0.002807078
4556,2013-12-14 21:00:00,0.9853416
4556,2013-12-14 21:10:00,0.92530376
4556,2013-12-14 21:10:00,0.92530376
4556,2013-12-14 21:10:00,0.002807078
4556,2013-12-14 21:10:00,989.84534
4556,2013-12-14 21:10:00,0.9853416
4556,2013-12-14 21:10:00,3.8212907
4556,2013-12-14 21:20:00,942.09656
4556,2013-12-14 21:20:00,1.9134525
4556,2013-12-14 21:20:00,0.002807078
4556,2013-12-14 21:30:00,0.92811084
4556,2013-12-14 21:30:00,0.002807078
4556,2013-12-14 21:30:00,1049.6237
4556,2013-12-14 21:30:00,0.9881487
4556,2013-12-14 21:30:00,2.8359492
4556,2013-12-14 21:30:00,0.9853416
4556,2013-12-14 21:30:00,0.9853416
4556,2013-12-14 21:40:00,0.002807078
4556,2013-12-14 21:40:00,1068.1223
4556,2013-12-14 21:40:00,0.92530376
4556,2013-12-14 21:40:00,1.8506075
4556,2013-12-14 21:40:00,0.92530376
4556,2013-12-14 21:50:00,998.09314
4556,2013-12-14 22:00:00,1.9106454
4556,2013-12-14 22:00:00,1042.7072
4556,2013-12-14 22:00:00,0.9309179
4556,2013-12-14 22:00:00,1.8506075
4556,2013-12-14 22:10:00,0.002807078
4556,2013-12-14 22:10:00,1001.2583
4556,2013-12-14 22:10:00,1.9706832
4556,2013-12-14 22:10:00,0.002807078
4556,2013-12-14 22:10:00,5.731936
4556,2013-12-14 22:10:00,0.002807078
4556,2013-12-14 22:20:00,0.92530376
4556,2013-12-14 22:20:00,1051.9768
4556,2013-12-14 22:20:00,0.92530376
4556,2013-12-14 22:20:00,0.011228312
4556,2013-12-14 22:20:00,1.8506075
4556,2013-12-14 22:20:00,1.9106454
4556,2013-12-14 22:30:00,0.92530376
4556,2013-12-14 22:30:00,1022.00104
4556,2013-12-14 22:30:00,4.7465944
4556,2013-12-14 22:40:00,0.002807078
4556,2013-12-14 22:40:00,994.4518
4556,2013-12-14 22:50:00,1.9106454
4556,2013-12-14 22:50:00,0.005614156
4556,2013-12-14 22:50:00,0.92530376
4556,2013-12-14 22:50:00,939.27057
4556,2013-12-14 22:50:00,0.82616407
4556,2013-12-14 23:00:00,4.8066325
4556,2013-12-14 23:00:00,1038.8336
4556,2013-12-14 23:00:00,1.9106454
4556,2013-12-14 23:00:00,0.92530376
4556,2013-12-14 23:10:00,13.374517
4556,2013-12-14 23:10:00,956.9831
4556,2013-12-14 23:10:00,0.005614156
4556,2013-12-14 23:20:00,8.567885
4556,2013-12-14 23:20:00,987.338
4556,2013-12-14 23:20:00,0.9853416
4556,2013-12-14 23:30:00,8.627923
4556,2013-12-14 23:30:00,956.12134
4556,2013-12-14 23:30:00,0.92530376
4556,2013-12-14 23:30:00,2.8387563
4556,2013-12-14 23:40:00,11.463872
4556,2013-12-14 23:40:00,2.8987942
4556,2013-12-14 23:40:00,887.9853
4556,2013-12-14 23:40:00,0.002807078
4556,2013-12-14 23:40:00,0.9853416
4556,2013-12-14 23:50:00,10.478531
4556,2013-12-14 23:50:00,0.9853416
4556,2013-12-14 23:50:00,841.90424
4556,2013-12-14 23:50:00,0.005614156
4556,2013-12-14 23:50:00,0.9853416
4556,2013-12-15 00:00:00,4.7494016
4556,2013-12-15 00:00:00,900.4083
4556,2013-12-15 00:00:00,0.002807078
4556,2013-12-15 00:10:00,7.6425815
4556,2013-12-15 00:10:00,1.9134525
4556,2013-12-15 00:10:00,748.9797
4556,2013-12-15 00:10:00,1.9106454
4556,2013-12-15 00:20:00,0.002807078
4556,2013-12-15 00:20:00,678.51245
4556,2013-12-15 00:20:00,2.895987
4556,2013-12-15 00:30:00,1.9106454
4556,2013-12-15 00:30:00,0.9881487
4556,2013-12-15 00:30:00,663.33746
4556,2013-12-15 00:30:00,2.7759113
4556,2013-12-15 00:30:00,0.82616407
4556,2013-12-15 00:40:00,605.31586
4556,2013-12-15 00:40:00,1.8506075
4556,2013-12-15 00:50:00,1.9106454
4556,2013-12-15 00:50:00,552.79443
4556,2013-12-15 00:50:00,0.9853416
4556,2013-12-15 01:00:00,7.483404
4556,2013-12-15 01:00:00,568.8757
4556,2013-12-15 01:00:00,0.002807078
4556,2013-12-15 01:10:00,4.6474547
4556,2013-12-15 01:10:00,507.65848
4556,2013-12-15 01:20:00,0.92530376
4556,2013-12-15 01:20:00,450.32303
4556,2013-12-15 01:30:00,477.53363
4556,2013-12-15 01:30:00,0.9853416
4556,2013-12-15 01:40:00,388.27573
4556,2013-12-15 01:50:00,371.901
4556,2013-12-15 02:00:00,372.19235
4556,2013-12-15 02:10:00,345.4848
4556,2013-12-15 02:20:00,372.77417
4556,2013-12-15 02:30:00,329.90436
4556,2013-12-15 02:40:00,281.3041
4556,2013-12-15 02:40:00,0.9853416
4556,2013-12-15 02:50:00,324.1505
4556,2013-12-15 03:00:00,293.65274
4556,2013-12-15 03:10:00,265.19412
4556,2013-12-15 03:20:00,320.80997
4556,2013-12-15 03:30:00,268.93442
4556,2013-12-15 03:40:00,203.39803
4556,2013-12-15 03:50:00,243.71797
4556,2013-12-15 04:00:00,0.92530376
4556,2013-12-15 04:00:00,220.38304
4556,2013-12-15 04:10:00,185.5786
4556,2013-12-15 04:10:00,0.92530376
4556,2013-12-15 04:20:00,222.25307
4556,2013-12-15 04:30:00,198.71573
4556,2013-12-15 04:30:00,0.92530376
4556,2013-12-15 04:40:00,171.95265
4556,2013-12-15 04:50:00,200.40567
4556,2013-12-15 05:00:00,200.82597
4556,2013-12-15 05:10:00,156.36354
4556,2013-12-15 05:20:00,193.04965
4556,2013-12-15 05:30:00,215.2245
4556,2013-12-15 05:40:00,0.002807078
4556,2013-12-15 05:40:00,188.0906
4556,2013-12-15 05:50:00,220.70963
4556,2013-12-15 06:00:00,206.39032
4556,2013-12-15 06:10:00,176.46938
4556,2013-12-15 06:10:00,0.92530376
4556,2013-12-15 06:20:00,223.71878
4556,2013-12-15 06:30:00,245.72795
4556,2013-12-15 06:40:00,189.9468
4556,2013-12-15 06:50:00,237.31493
4556,2013-12-15 06:50:00,0.92530376
4556,2013-12-15 07:00:00,234.6088
4556,2013-12-15 07:00:00,1.8115057
4556,2013-12-15 07:10:00,231.57196
4556,2013-12-15 07:20:00,274.23074
4556,2013-12-15 07:30:00,271.8697
4556,2013-12-15 07:30:00,0.92530376
4556,2013-12-15 07:40:00,249.69835
4556,2013-12-15 07:50:00,0.92530376
4556,2013-12-15 07:50:00,0.005614156
4556,2013-12-15 07:50:00,293.69946
4556,2013-12-15 07:50:00,1.9106454
4556,2013-12-15 08:00:00,0.002807078
4556,2013-12-15 08:00:00,264.85983
4556,2013-12-15 08:10:00,277.54623
4556,2013-12-15 08:10:00,2.8359492
4556,2013-12-15 08:20:00,335.40512
4556,2013-12-15 08:30:00,456.9868
4556,2013-12-15 08:40:00,330.372
4556,2013-12-15 08:50:00,345.52493
4556,2013-12-15 08:50:00,0.002807078
4556,2013-12-15 09:00:00,349.2151
4556,2013-12-15 09:00:00,0.9853416
4556,2013-12-15 09:10:00,329.86844
4556,2013-12-15 09:20:00,356.87997
4556,2013-12-15 09:30:00,443.63943
4556,2013-12-15 09:30:00,1.7514678
4556,2013-12-15 09:30:00,0.9853416
4556,2013-12-15 09:40:00,374.13278
4556,2013-12-15 09:40:00,0.92530376
4556,2013-12-15 09:40:00,3.8212907
4556,2013-12-15 09:40:00,0.002807078
4556,2013-12-15 09:40:00,2.895987
4556,2013-12-15 09:50:00,426.72244
4556,2013-12-15 09:50:00,0.9853416
4556,2013-12-15 10:00:00,0.002807078
4556,2013-12-15 10:00:00,446.40005
4556,2013-12-15 10:00:00,1.9106454
4556,2013-12-15 10:10:00,480.42163
4556,2013-12-15 10:10:00,1.9106454
4556,2013-12-15 10:10:00,3.8212907
4556,2013-12-15 10:20:00,0.005614156
4556,2013-12-15 10:20:00,496.78345
4556,2013-12-15 10:20:00,3.6621132
4556,2013-12-15 10:30:00,482.91025
4556,2013-12-15 10:40:00,0.002807078
4556,2013-12-15 10:40:00,464.71915
4556,2013-12-15 10:40:00,0.002807078
4556,2013-12-15 10:50:00,480.02377
4556,2013-12-15 10:50:00,6.7172775
4556,2013-12-15 11:00:00,552.4748
4556,2013-12-15 11:00:00,2.7759113
4556,2013-12-15 11:10:00,0.92530376
4556,2013-12-15 11:10:00,0.9853416
4556,2013-12-15 11:10:00,619.0765
4556,2013-12-15 11:10:00,1.8534145
4556,2013-12-15 11:20:00,0.002807078
4556,2013-12-15 11:20:00,576.4059
4556,2013-12-15 11:30:00,648.14435
4556,2013-12-15 11:30:00,0.002807078
4556,2013-12-15 11:40:00,0.9853416
4556,2013-12-15 11:40:00,654.53284
4556,2013-12-15 11:50:00,0.9881487
4556,2013-12-15 11:50:00,639.6376
4556,2013-12-15 12:00:00,623.7602
4556,2013-12-15 12:00:00,0.92530376
4556,2013-12-15 12:00:00,1.9706832
4556,2013-12-15 12:10:00,0.92530376
4556,2013-12-15 12:10:00,651.01886
4556,2013-12-15 12:20:00,642.45874
4556,2013-12-15 12:30:00,619.4664
4556,2013-12-15 12:30:00,0.9881487
4556,2013-12-15 12:40:00,0.002807078
4556,2013-12-15 12:40:00,612.03735
4556,2013-12-15 12:40:00,0.008421234
4556,2013-12-15 12:50:00,684.45746
4556,2013-12-15 12:50:00,0.92530376
4556,2013-12-15 13:00:00,662.8451
4556,2013-12-15 13:00:00,0.005614156
4556,2013-12-15 13:00:00,2.8359492
4556,2013-12-15 13:10:00,2.577632
4556,2013-12-15 13:10:00,1.9106454
4556,2013-12-15 13:10:00,709.72675
4556,2013-12-15 13:20:00,0.005614156
4556,2013-12-15 13:20:00,0.9853416
4556,2013-12-15 13:20:00,778.46704
4556,2013-12-15 13:30:00,702.7154
4556,2013-12-15 13:30:00,1.9106454
4556,2013-12-15 13:30:00,0.9853416
4556,2013-12-15 13:30:00,0.9853416
4556,2013-12-15 13:40:00,0.002807078
4556,2013-12-15 13:40:00,750.047
4556,2013-12-15 13:40:00,2.8359492
4556,2013-12-15 13:40:00,0.9853416
4556,2013-12-15 13:40:00,0.9853416
4556,2013-12-15 13:50:00,704.0152
4556,2013-12-15 13:50:00,6.597202
4556,2013-12-15 13:50:00,3.8212907
4556,2013-12-15 14:00:00,737.237
4556,2013-12-15 14:00:00,1.9106454
4556,2013-12-15 14:00:00,2.895987
4556,2013-12-15 14:00:00,2.577632
4556,2013-12-15 14:10:00,0.002807078
4556,2013-12-15 14:10:00,704.4032
4556,2013-12-15 14:10:00,0.92530376
4556,2013-12-15 14:20:00,0.9853416
4556,2013-12-15 14:20:00,669.83887
4556,2013-12-15 14:30:00,0.92530376
4556,2013-12-15 14:30:00,707.35675
4556,2013-12-15 14:30:00,0.92530376
4556,2013-12-15 14:30:00,0.9853416
4556,2013-12-15 14:40:00,0.9853416
4556,2013-12-15 14:40:00,643.7386
4556,2013-12-15 14:40:00,0.9853416
4556,2013-12-15 14:50:00,666.36755
4556,2013-12-15 14:50:00,3.8212907
4556,2013-12-15 15:00:00,703.8455
4556,2013-12-15 15:00:00,0.002807078
4556,2013-12-15 15:00:00,3.701215
4556,2013-12-15 15:00:00,0.92530376
4556,2013-12-15 15:10:00,698.9304
4556,2013-12-15 15:10:00,0.9853416
4556,2013-12-15 15:20:00,0.9853416
4556,2013-12-15 15:20:00,720.96484
4556,2013-12-15 15:20:00,0.002807078
4556,2013-12-15 15:20:00,0.9853416
4556,2013-12-15 15:20:00,0.9853416
4556,2013-12-15 15:20:00,1.9106454
4556,2013-12-15 15:30:00,0.92530376
4556,2013-12-15 15:30:00,0.92530376
4556,2013-12-15 15:30:00,700.6246
4556,2013-12-15 15:30:00,0.002807078
4556,2013-12-15 15:30:00,0.9853416
4556,2013-12-15 15:40:00,663.71075
4556,2013-12-15 15:40:00,0.92530376
4556,2013-12-15 15:40:00,0.92530376
4556,2013-12-15 15:50:00,0.002807078
4556,2013-12-15 15:50:00,647.1676
4556,2013-12-15 15:50:00,1.9106454
4556,2013-12-15 15:50:00,0.92530376
4556,2013-12-15 16:00:00,0.92530376
4556,2013-12-15 16:00:00,673.8546
4556,2013-12-15 16:10:00,1.8506075
4556,2013-12-15 16:10:00,0.92811084
4556,2013-12-15 16:10:00,651.62897
4556,2013-12-15 16:20:00,1.8506075
4556,2013-12-15 16:20:00,665.6421
4556,2013-12-15 16:20:00,0.9853416
4556,2013-12-15 16:30:00,2.7759113
4556,2013-12-15 16:30:00,710.6809
4556,2013-12-15 16:40:00,2.8359492
4556,2013-12-15 16:40:00,682.0847
4556,2013-12-15 16:40:00,1.7514678
4556,2013-12-15 16:50:00,0.92530376
4556,2013-12-15 16:50:00,0.0252637
4556,2013-12-15 16:50:00,681.71216
4556,2013-12-15 17:00:00,2.8359492
4556,2013-12-15 17:00:00,662.24896
4556,2013-12-15 17:00:00,0.002807078
4556,2013-12-15 17:00:00,0.002807078
4556,2013-12-15 17:10:00,611.87427
4556,2013-12-15 17:10:00,2.956025
4556,2013-12-15 17:20:00,1.8506075
4556,2013-12-15 17:20:00,666.99677
4556,2013-12-15 17:20:00,0.002807078
4556,2013-12-15 17:20:00,2.7759113
4556,2013-12-15 17:20:00,0.9853416
4556,2013-12-15 17:30:00,1.8506075
4556,2013-12-15 17:30:00,653.2105
4556,2013-12-15 17:30:00,0.92530376
4556,2013-12-15 17:30:00,1.9106454
4556,2013-12-15 17:30:00,0.002807078
4556,2013-12-15 17:40:00,1.8506075
4556,2013-12-15 17:40:00,0.92530376
4556,2013-12-15 17:40:00,603.7409
4556,2013-12-15 17:40:00,0.002807078
4556,2013-12-15 17:50:00,1.8506075
4556,2013-12-15 17:50:00,0.92530376
4556,2013-12-15 17:50:00,688.33105
4556,2013-12-15 18:00:00,1.8506075
4556,2013-12-15 18:00:00,617.09656
4556,2013-12-15 18:00:00,2.895987
4556,2013-12-15 18:00:00,1.7514678
4556,2013-12-15 18:10:00,1.8506075
4556,2013-12-15 18:10:00,0.92530376
4556,2013-12-15 18:10:00,640.34924
4556,2013-12-15 18:10:00,0.92530376
4556,2013-12-15 18:20:00,3.8212907
4556,2013-12-15 18:20:00,0.002807078
4556,2013-12-15 18:20:00,640.82043
4556,2013-12-15 18:20:00,0.002807078
4556,2013-12-15 18:30:00,1.8506075
4556,2013-12-15 18:30:00,606.2344
4556,2013-12-15 18:30:00,0.9853416
4556,2013-12-15 18:30:00,0.9853416
4556,2013-12-15 18:40:00,1.8506075
4556,2013-12-15 18:40:00,578.7186
4556,2013-12-15 18:40:00,0.005614156
4556,2013-12-15 18:40:00,0.92530376
4556,2013-12-15 18:40:00,5.5727587
4556,2013-12-15 18:50:00,2.8415632
4556,2013-12-15 18:50:00,0.9853416
4556,2013-12-15 18:50:00,696.1201
4556,2013-12-15 18:50:00,0.002807078
4556,2013-12-15 18:50:00,0.9853416
4556,2013-12-15 18:50:00,1.9106454
4556,2013-12-15 19:00:00,3.7612529
4556,2013-12-15 19:00:00,628.07043
4556,2013-12-15 19:10:00,3.8212907
4556,2013-12-15 19:10:00,683.95795
4556,2013-12-15 19:20:00,4.7465944
4556,2013-12-15 19:20:00,0.002807078
4556,2013-12-15 19:20:00,1.9106454
4556,2013-12-15 19:20:00,692.0199
4556,2013-12-15 19:20:00,2.8359492
4556,2013-12-15 19:30:00,1.8506075
4556,2013-12-15 19:30:00,664.5211
4556,2013-12-15 19:40:00,1.9106454
4556,2013-12-15 19:40:00,0.9853416
4556,2013-12-15 19:40:00,633.67865
4556,2013-12-15 19:40:00,0.82616407
4556,2013-12-15 19:50:00,0.92811084
4556,2013-12-15 19:50:00,701.9192
4556,2013-12-15 19:50:00,0.002807078
4556,2013-12-15 19:50:00,2.8359492
4556,2013-12-15 19:50:00,0.002807078
4556,2013-12-15 19:50:00,0.92530376
4556,2013-12-15 20:00:00,0.92530376
4556,2013-12-15 20:00:00,0.92530376
4556,2013-12-15 20:00:00,673.5992
4556,2013-12-15 20:10:00,0.002807078
4556,2013-12-15 20:10:00,0.9853416
4556,2013-12-15 20:10:00,654.772
4556,2013-12-15 20:10:00,0.9853416
4556,2013-12-15 20:10:00,0.9853416
4556,2013-12-15 20:20:00,0.9853416
4556,2013-12-15 20:20:00,642.5569
4556,2013-12-15 20:20:00,0.92530376
4556,2013-12-15 20:20:00,1.9106454
4556,2013-12-15 20:20:00,0.9853416
4556,2013-12-15 20:20:00,0.9853416
4556,2013-12-15 20:30:00,641.4437
4556,2013-12-15 20:30:00,0.92530376
4556,2013-12-15 20:30:00,0.9853416
4556,2013-12-15 20:40:00,704.0032
4556,2013-12-15 20:40:00,1.8506075
4556,2013-12-15 20:40:00,0.92530376
4556,2013-12-15 20:40:00,0.92530376
4556,2013-12-15 20:50:00,0.9309179
4556,2013-12-15 20:50:00,2.6767716
4556,2013-12-15 20:50:00,0.002807078
4556,2013-12-15 20:50:00,728.48
4556,2013-12-15 20:50:00,0.92530376
4556,2013-12-15 20:50:00,0.9853416
4556,2013-12-15 20:50:00,0.9853416
4556,2013-12-15 21:00:00,1.7542748
4556,2013-12-15 21:00:00,0.002807078
4556,2013-12-15 21:00:00,640.16376
4556,2013-12-15 21:00:00,1.9106454
4556,2013-12-15 21:00:00,0.9853416
4556,2013-12-15 21:10:00,746.1436
4556,2013-12-15 21:10:00,1.9106454
4556,2013-12-15 21:10:00,3.7612529
4556,2013-12-15 21:20:00,699.3496
4556,2013-12-15 21:20:00,0.002807078
4556,2013-12-15 21:30:00,695.4039
4556,2013-12-15 21:30:00,0.92530376
4556,2013-12-15 21:30:00,0.9853416
4556,2013-12-15 21:30:00,3.8813286
4556,2013-12-15 21:40:00,0.92530376
4556,2013-12-15 21:40:00,679.50354
4556,2013-12-15 21:40:00,1.9106454
4556,2013-12-15 21:40:00,5.6118603
4556,2013-12-15 21:50:00,1.8506075
4556,2013-12-15 21:50:00,637.2494
4556,2013-12-15 21:50:00,0.002807078
4556,2013-12-15 21:50:00,0.92530376
4556,2013-12-15 21:50:00,3.701215
4556,2013-12-15 22:00:00,1.8506075
4556,2013-12-15 22:00:00,0.9853416
4556,2013-12-15 22:00:00,579.4489
4556,2013-12-15 22:00:00,2.8359492
4556,2013-12-15 22:10:00,1.8534145
4556,2013-12-15 22:10:00,573.92847
4556,2013-12-15 22:10:00,0.9853416
4556,2013-12-15 22:20:00,1.8506075
4556,2013-12-15 22:20:00,524.4004
4556,2013-12-15 22:20:00,0.9853416
4556,2013-12-15 22:30:00,1.8506075
4556,2013-12-15 22:30:00,529.2042
4556,2013-12-15 22:30:00,1.9106454
4556,2013-12-15 22:40:00,0.92530376
4556,2013-12-15 22:40:00,496.33502
4556,2013-12-15 22:40:00,0.92530376
4556,2013-12-15 22:40:00,0.9853416
4556,2013-12-15 22:50:00,1.8506075
4556,2013-12-15 22:50:00,455.82074
4556,2013-12-15 23:00:00,1.8506075
4556,2013-12-15 23:00:00,460.3227
4556,2013-12-15 23:10:00,1.8506075
4556,2013-12-15 23:10:00,0.002807078
4556,2013-12-15 23:10:00,460.06192
4556,2013-12-15 23:20:00,1.8534145
4556,2013-12-15 23:20:00,433.6357
4556,2013-12-15 23:30:00,0.92530376
4556,2013-12-15 23:30:00,405.8637
4556,2013-12-15 23:40:00,1.8506075
4556,2013-12-15 23:40:00,424.81125
4556,2013-12-15 23:50:00,0.92530376
4556,2013-12-15 23:50:00,369.45178
4556,2013-12-16 00:00:00,363.63068
4556,2013-12-16 00:10:00,0.92530376
4556,2013-12-16 00:10:00,331.17474
4556,2013-12-16 00:10:00,0.92530376
4556,2013-12-16 00:20:00,327.30222
4556,2013-12-16 00:30:00,0.9853416
4556,2013-12-16 00:30:00,359.4892
4556,2013-12-16 00:30:00,0.92530376
4556,2013-12-16 00:40:00,353.88583
4556,2013-12-16 00:50:00,303.07767
4556,2013-12-16 01:00:00,300.97443
4556,2013-12-16 01:10:00,265.04523
4556,2013-12-16 01:20:00,262.79398
4556,2013-12-16 01:30:00,268.63535
4556,2013-12-16 01:40:00,247.12105
4556,2013-12-16 01:50:00,254.47166
4556,2013-12-16 02:00:00,0.9853416
4556,2013-12-16 02:00:00,251.29567
4556,2013-12-16 02:10:00,236.70103
4556,2013-12-16 02:20:00,235.01651
4556,2013-12-16 02:30:00,245.38077
4556,2013-12-16 02:40:00,260.2948
4556,2013-12-16 02:50:00,246.55821
4556,2013-12-16 03:00:00,250.36841
4556,2013-12-16 03:10:00,230.44722
4556,2013-12-16 03:20:00,236.89462
4556,2013-12-16 03:30:00,242.24167
4556,2013-12-16 03:40:00,228.12883
4556,2013-12-16 03:50:00,234.43016
4556,2013-12-16 04:00:00,219.74261
4556,2013-12-16 04:10:00,223.93347
4556,2013-12-16 04:20:00,213.89618
4556,2013-12-16 04:30:00,0.92530376
4556,2013-12-16 04:30:00,191.5101
4556,2013-12-16 04:40:00,213.95059
4556,2013-12-16 04:50:00,211.05742
4556,2013-12-16 04:50:00,0.92530376
4556,2013-12-16 05:00:00,209.05318
4556,2013-12-16 05:00:00,6.477126
4556,2013-12-16 05:10:00,225.3181
4556,2013-12-16 05:10:00,2.7759113
4556,2013-12-16 05:20:00,227.569
4556,2013-12-16 05:30:00,0.002807078
4556,2013-12-16 05:30:00,220.4352
4556,2013-12-16 05:40:00,226.33994
4556,2013-12-16 05:40:00,0.9853416
4556,2013-12-16 05:50:00,242.54851
4556,2013-12-16 06:00:00,240.65643
4556,2013-12-16 06:10:00,258.29178
4556,2013-12-16 06:20:00,259.96454
4556,2013-12-16 06:30:00,0.9853416
4556,2013-12-16 06:30:00,275.57782
4556,2013-12-16 06:40:00,283.30432
4556,2013-12-16 06:50:00,326.0922
4556,2013-12-16 07:00:00,358.24588
4556,2013-12-16 07:10:00,350.28232
4556,2013-12-16 07:20:00,405.8239
4556,2013-12-16 07:20:00,1.9106454
4556,2013-12-16 07:30:00,0.002807078
4556,2013-12-16 07:30:00,435.0309
4556,2013-12-16 07:40:00,385.27994
4556,2013-12-16 07:50:00,460.1861
4556,2013-12-16 08:00:00,457.0438
4556,2013-12-16 08:00:00,0.9853416
4556,2013-12-16 08:10:00,434.1239
4556,2013-12-16 08:20:00,492.11462
4556,2013-12-16 08:20:00,0.92530376
4556,2013-12-16 08:20:00,1.9706832
4556,2013-12-16 08:30:00,0.002807078
4556,2013-12-16 08:30:00,480.8525
4556,2013-12-16 08:40:00,438.1201
4556,2013-12-16 08:50:00,0.92530376
4556,2013-12-16 08:50:00,412.84042
4556,2013-12-16 09:00:00,431.31693
4556,2013-12-16 09:10:00,400.44583
4556,2013-12-16 09:10:00,0.82616407
4556,2013-12-16 09:20:00,0.92530376
4556,2013-12-16 09:20:00,417.4487
4556,2013-12-16 09:20:00,0.92530376
4556,2013-12-16 09:30:00,396.22278
4556,2013-12-16 09:30:00,0.92530376
4556,2013-12-16 09:40:00,355.00552
4556,2013-12-16 09:50:00,1.8506075
4556,2013-12-16 09:50:00,0.82616407
4556,2013-12-16 09:50:00,406.07166
4556,2013-12-16 10:00:00,410.23135
4556,2013-12-16 10:00:00,0.92530376
4556,2013-12-16 10:10:00,399.62714
4556,2013-12-16 10:10:00,1.8506075
4556,2013-12-16 10:20:00,429.59592
4556,2013-12-16 10:30:00,0.92530376
4556,2013-12-16 10:30:00,418.6019
4556,2013-12-16 10:30:00,0.002807078
4556,2013-12-16 10:40:00,393.94064
4556,2013-12-16 10:40:00,1.7514678
4556,2013-12-16 10:50:00,6.477126
4556,2013-12-16 10:50:00,443.42853
4556,2013-12-16 11:00:00,491.08142
4556,2013-12-16 11:00:00,0.002807078
4556,2013-12-16 11:10:00,453.72824
4556,2013-12-16 11:10:00,2.8359492
4556,2013-12-16 11:20:00,442.8214
4556,2013-12-16 11:20:00,0.9853416
4556,2013-12-16 11:20:00,0.92530376
4556,2013-12-16 11:30:00,434.55933
4556,2013-12-16 11:30:00,0.005614156
4556,2013-12-16 11:40:00,425.23462
4556,2013-12-16 11:50:00,433.60635
4556,2013-12-16 12:00:00,417.89023
4556,2013-12-16 12:10:00,456.40262
4556,2013-12-16 12:10:00,0.005614156
4556,2013-12-16 12:20:00,460.08502
4556,2013-12-16 12:20:00,0.002807078
4556,2013-12-16 12:20:00,0.9853416
4556,2013-12-16 12:30:00,424.76343
4556,2013-12-16 12:40:00,484.8004
4556,2013-12-16 12:40:00,0.002807078
4556,2013-12-16 12:50:00,453.03986
4556,2013-12-16 12:50:00,0.82616407
4556,2013-12-16 13:00:00,490.61932
4556,2013-12-16 13:10:00,503.72998
4556,2013-12-16 13:10:00,0.002807078
4556,2013-12-16 13:10:00,0.002807078
4556,2013-12-16 13:20:00,464.39493
4556,2013-12-16 13:30:00,457.2979
4556,2013-12-16 13:30:00,0.9853416
4556,2013-12-16 13:30:00,0.002807078
4556,2013-12-16 13:40:00,455.399
4556,2013-12-16 13:50:00,486.54242
4556,2013-12-16 13:50:00,0.002807078
4556,2013-12-16 14:00:00,489.70163
4556,2013-12-16 14:10:00,531.76245
4556,2013-12-16 14:10:00,0.9853416
4556,2013-12-16 14:20:00,552.62006
4556,2013-12-16 14:20:00,0.002807078
4556,2013-12-16 14:30:00,505.5834
4556,2013-12-16 14:40:00,0.92530376
4556,2013-12-16 14:40:00,507.79782
4556,2013-12-16 14:50:00,463.77518
4556,2013-12-16 14:50:00,0.002807078
4556,2013-12-16 15:00:00,407.81775
4556,2013-12-16 15:10:00,459.30527
4556,2013-12-16 15:10:00,0.9853416
4556,2013-12-16 15:20:00,0.92530376
4556,2013-12-16 15:20:00,449.87213
4556,2013-12-16 15:30:00,500.73633
4556,2013-12-16 15:30:00,0.002807078
4556,2013-12-16 15:30:00,0.9853416
4556,2013-12-16 15:40:00,479.83365
4556,2013-12-16 15:40:00,0.92530376
4556,2013-12-16 15:50:00,475.32144
4556,2013-12-16 16:00:00,442.72476
4556,2013-12-16 16:00:00,0.002807078
4556,2013-12-16 16:10:00,458.0231
4556,2013-12-16 16:20:00,0.005614156
4556,2013-12-16 16:20:00,515.6227
4556,2013-12-16 16:30:00,472.41565
4556,2013-12-16 16:30:00,0.002807078
4556,2013-12-16 16:40:00,499.07257
4556,2013-12-16 16:40:00,0.92530376
4556,2013-12-16 16:50:00,508.78372
4556,2013-12-16 16:50:00,1.9106454
4556,2013-12-16 16:50:00,0.9853416
4556,2013-12-16 17:00:00,519.35864
4556,2013-12-16 17:00:00,0.9853416
4556,2013-12-16 17:10:00,0.9853416
4556,2013-12-16 17:10:00,520.498
4556,2013-12-16 17:10:00,0.002807078
4556,2013-12-16 17:20:00,0.9853416
4556,2013-12-16 17:20:00,0.002807078
4556,2013-12-16 17:20:00,569.71295
4556,2013-12-16 17:30:00,0.002807078
4556,2013-12-16 17:30:00,571.685
4556,2013-12-16 17:40:00,556.2951
4556,2013-12-16 17:40:00,0.002807078
4556,2013-12-16 17:40:00,1.9706832
4556,2013-12-16 17:50:00,0.92811084
4556,2013-12-16 17:50:00,521.0687
4556,2013-12-16 18:00:00,517.7648
4556,2013-12-16 18:00:00,4.7103
4556,2013-12-16 18:10:00,595.34515
4556,2013-12-16 18:10:00,1.9706832
4556,2013-12-16 18:20:00,0.9853416
4556,2013-12-16 18:20:00,0.002807078
4556,2013-12-16 18:20:00,559.42664
4556,2013-12-16 18:20:00,0.9853416
4556,2013-12-16 18:20:00,0.92811084
4556,2013-12-16 18:20:00,0.9853416
4556,2013-12-16 18:30:00,593.2625
4556,2013-12-16 18:40:00,1.9106454
4556,2013-12-16 18:40:00,539.38806
4556,2013-12-16 18:50:00,0.9881487
4556,2013-12-16 18:50:00,564.3391
4556,2013-12-16 18:50:00,0.9853416
4556,2013-12-16 18:50:00,0.9853416
4556,2013-12-16 19:00:00,0.92530376
4556,2013-12-16 19:00:00,0.9853416
4556,2013-12-16 19:00:00,560.4812
4556,2013-12-16 19:00:00,0.99095577
4556,2013-12-16 19:10:00,1.9106454
4556,2013-12-16 19:10:00,0.9853416
4556,2013-12-16 19:10:00,517.34784
4556,2013-12-16 19:10:00,0.9853416
4556,2013-12-16 19:10:00,0.9853416
4556,2013-12-16 19:10:00,0.9853416
4556,2013-12-16 19:20:00,580.4562
4556,2013-12-16 19:20:00,1.9106454
4556,2013-12-16 19:30:00,0.92530376
4556,2013-12-16 19:30:00,3.6020753
4556,2013-12-16 19:30:00,552.8688
4556,2013-12-16 19:30:00,0.92530376
4556,2013-12-16 19:30:00,1.9106454
4556,2013-12-16 19:30:00,4.7465944
4556,2013-12-16 19:30:00,4.707493
4556,2013-12-16 19:40:00,603.50146
4556,2013-12-16 19:40:00,3.8212907
4556,2013-12-16 19:40:00,0.9853416
4556,2013-12-16 19:50:00,0.92530376
4556,2013-12-16 19:50:00,0.9853416
4556,2013-12-16 19:50:00,590.57666
4556,2013-12-16 19:50:00,2.895987
4556,2013-12-16 19:50:00,1.9819115
4556,2013-12-16 20:00:00,0.9853416
4556,2013-12-16 20:00:00,562.4128
4556,2013-12-16 20:00:00,0.9853416
4556,2013-12-16 20:00:00,2.895987
4556,2013-12-16 20:00:00,0.82616407
4556,2013-12-16 20:00:00,1.9706832
4556,2013-12-16 20:10:00,0.9853416
4556,2013-12-16 20:10:00,590.60657
4556,2013-12-16 20:10:00,0.9853416
4556,2013-12-16 20:10:00,0.9853416
4556,2013-12-16 20:10:00,0.002807078
4556,2013-12-16 20:20:00,607.5751
4556,2013-12-16 20:20:00,0.82616407
4556,2013-12-16 20:20:00,1.9106454
4556,2013-12-16 20:30:00,2.8359492
4556,2013-12-16 20:30:00,605.8111
4556,2013-12-16 20:30:00,0.92530376
4556,2013-12-16 20:40:00,1.8506075
4556,2013-12-16 20:40:00,0.92811084
4556,2013-12-16 20:40:00,550.8148
4556,2013-12-16 20:40:00,3.8212907
4556,2013-12-16 20:50:00,0.9853416
4556,2013-12-16 20:50:00,0.92530376
4556,2013-12-16 20:50:00,605.5381
4556,2013-12-16 20:50:00,0.82616407
4556,2013-12-16 20:50:00,0.9853416
4556,2013-12-16 20:50:00,0.92530376
4556,2013-12-16 21:00:00,0.9853416
4556,2013-12-16 21:00:00,594.5486
4556,2013-12-16 21:00:00,2.895987
4556,2013-12-16 21:10:00,0.002807078
4556,2013-12-16 21:10:00,4.7465944
4556,2013-12-16 21:10:00,575.9903
4556,2013-12-16 21:10:00,0.9853416
4556,2013-12-16 21:10:00,0.92530376
4556,2013-12-16 21:10:00,1.9106454
4556,2013-12-16 21:20:00,584.96606
4556,2013-12-16 21:30:00,585.66797
4556,2013-12-16 21:40:00,0.82616407
4556,2013-12-16 21:40:00,2.895987
4556,2013-12-16 21:40:00,557.20465
4556,2013-12-16 21:40:00,0.92530376
4556,2013-12-16 21:50:00,547.78955
4556,2013-12-16 21:50:00,0.9853416
4556,2013-12-16 22:00:00,0.002807078
4556,2013-12-16 22:00:00,1.9106454
4556,2013-12-16 22:00:00,532.3305
4556,2013-12-16 22:10:00,1.9134525
4556,2013-12-16 22:10:00,1.9106454
4556,2013-12-16 22:10:00,539.06854
4556,2013-12-16 22:10:00,0.9853416
4556,2013-12-16 22:20:00,2.8387563
4556,2013-12-16 22:20:00,564.7202
4556,2013-12-16 22:20:00,0.92530376
4556,2013-12-16 22:30:00,0.92530376
4556,2013-12-16 22:30:00,0.92530376
4556,2013-12-16 22:30:00,519.4781
4556,2013-12-16 22:30:00,1.8506075
4556,2013-12-16 22:40:00,0.9853416
4556,2013-12-16 22:40:00,520.07465
4556,2013-12-16 22:40:00,1.8506075
4556,2013-12-16 22:50:00,483.23062
4556,2013-12-16 22:50:00,0.92530376
4556,2013-12-16 22:50:00,0.9853416
4556,2013-12-16 22:50:00,0.92530376
4556,2013-12-16 23:00:00,521.40985
4556,2013-12-16 23:00:00,0.9853416
4556,2013-12-16 23:10:00,472.94388
4556,2013-12-16 23:20:00,433.27838
4556,2013-12-16 23:30:00,0.92530376
4556,2013-12-16 23:30:00,412.03656
4556,2013-12-16 23:30:00,1.9106454
4556,2013-12-16 23:40:00,0.92530376
4556,2013-12-16 23:40:00,0.9853416
4556,2013-12-16 23:40:00,0.002807078
4556,2013-12-16 23:40:00,712.0314
4556,2013-12-16 23:40:00,3.8212907
4556,2013-12-16 23:40:00,0.002807078
4556,2013-12-16 23:50:00,0.002807078
4556,2013-12-16 23:50:00,0.002807078
4556,2013-12-16 23:50:00,348.85498
4556,2013-12-17 00:00:00,0.92811084
4556,2013-12-17 00:00:00,388.43665
4556,2013-12-17 00:10:00,386.9803
4556,2013-12-17 00:10:00,0.92530376
4556,2013-12-17 00:20:00,328.99664
4556,2013-12-17 00:30:00,378.03458
4556,2013-12-17 00:30:00,0.002807078
4556,2013-12-17 00:40:00,383.9395
4556,2013-12-17 00:50:00,302.4299
4556,2013-12-17 01:00:00,326.24924
4556,2013-12-17 01:10:00,0.92530376
4556,2013-12-17 01:10:00,305.50424
4556,2013-12-17 01:20:00,282.3688
4556,2013-12-17 01:30:00,300.8596
4556,2013-12-17 01:40:00,277.71948
4556,2013-12-17 01:50:00,254.7438
4556,2013-12-17 02:00:00,0.9853416
4556,2013-12-17 02:00:00,254.47675
4556,2013-12-17 02:10:00,253.6663
4556,2013-12-17 02:20:00,255.35654
4556,2013-12-17 02:30:00,244.61713
4556,2013-12-17 02:40:00,1.8506075
4556,2013-12-17 02:40:00,235.89981
4556,2013-12-17 02:50:00,244.94366
4556,2013-12-17 03:00:00,231.99747
4556,2013-12-17 03:10:00,261.14258
4556,2013-12-17 03:20:00,233.83873
4556,2013-12-17 03:20:00,0.9853416
4556,2013-12-17 03:20:00,0.9853416
4556,2013-12-17 03:30:00,216.1864
4556,2013-12-17 03:30:00,2.895987
4556,2013-12-17 03:40:00,231.4994
4556,2013-12-17 03:50:00,219.53046
4556,2013-12-17 04:00:00,199.80606
4556,2013-12-17 04:10:00,216.82399
4556,2013-12-17 04:20:00,212.64561
4556,2013-12-17 04:30:00,212.40846
4556,2013-12-17 04:40:00,221.01245
4556,2013-12-17 04:50:00,202.88905
4556,2013-12-17 04:50:00,0.92530376
4556,2013-12-17 05:00:00,228.87701
4556,2013-12-17 05:10:00,232.6564
4556,2013-12-17 05:20:00,231.07903
4556,2013-12-17 05:30:00,0.92530376
4556,2013-12-17 05:30:00,226.06729
4556,2013-12-17 05:40:00,259.89105
4556,2013-12-17 05:50:00,246.77614
4556,2013-12-17 06:00:00,219.70053
4556,2013-12-17 06:00:00,0.9853416
4556,2013-12-17 06:10:00,0.002807078
4556,2013-12-17 06:10:00,254.30818
4556,2013-12-17 06:10:00,1.9706832
4556,2013-12-17 06:20:00,279.30106
4556,2013-12-17 06:20:00,0.92530376
4556,2013-12-17 06:30:00,302.3714
4556,2013-12-17 06:40:00,342.56287
4556,2013-12-17 06:50:00,336.35583
4556,2013-12-17 06:50:00,0.92811084
4556,2013-12-17 06:50:00,0.9853416
4556,2013-12-17 07:00:00,356.95328
4556,2013-12-17 07:10:00,1.9706832
4556,2013-12-17 07:10:00,388.79773
4556,2013-12-17 07:20:00,0.9853416
4556,2013-12-17 07:20:00,384.63763
4556,2013-12-17 07:30:00,378.6952
4556,2013-12-17 07:30:00,1.9706832
4556,2013-12-17 07:40:00,440.5015
4556,2013-12-17 07:40:00,0.9853416
4556,2013-12-17 07:50:00,0.92530376
4556,2013-12-17 07:50:00,387.99207
4556,2013-12-17 08:00:00,0.92530376
4556,2013-12-17 08:00:00,406.22705
4556,2013-12-17 08:00:00,0.92530376
4556,2013-12-17 08:00:00,0.9853416
4556,2013-12-17 08:10:00,0.92530376
4556,2013-12-17 08:10:00,458.99182
4556,2013-12-17 08:20:00,404.04892
4556,2013-12-17 08:20:00,0.9853416
4556,2013-12-17 08:30:00,425.28568
4556,2013-12-17 08:30:00,0.92530376
4556,2013-12-17 08:40:00,449.72287
4556,2013-12-17 08:40:00,0.9853416
4556,2013-12-17 08:50:00,397.69632
4556,2013-12-17 08:50:00,0.9853416
4556,2013-12-17 09:00:00,391.38107
4556,2013-12-17 09:00:00,0.002807078
4556,2013-12-17 09:10:00,435.1797
4556,2013-12-17 09:20:00,381.94232
4556,2013-12-17 09:30:00,3.9413664
4556,2013-12-17 09:30:00,379.4827
4556,2013-12-17 09:30:00,0.002807078
4556,2013-12-17 09:40:00,428.39993
4556,2013-12-17 09:40:00,0.92530376
4556,2013-12-17 09:50:00,407.37155
4556,2013-12-17 09:50:00,0.9853416
4556,2013-12-17 09:50:00,0.92530376
4556,2013-12-17 09:50:00,0.002807078
4556,2013-12-17 10:00:00,0.9853416
4556,2013-12-17 10:00:00,417.8202
4556,2013-12-17 10:00:00,0.002807078
4556,2013-12-17 10:10:00,1.9106454
4556,2013-12-17 10:10:00,446.57358
4556,2013-12-17 10:10:00,0.92530376
4556,2013-12-17 10:10:00,0.002807078
4556,2013-12-17 10:20:00,0.92530376
4556,2013-12-17 10:20:00,462.44855
4556,2013-12-17 10:30:00,521.86646
4556,2013-12-17 10:40:00,449.18625
4556,2013-12-17 10:50:00,0.92530376
4556,2013-12-17 10:50:00,439.68307
4556,2013-12-17 11:00:00,0.9853416
4556,2013-12-17 11:00:00,484.69128
4556,2013-12-17 11:10:00,0.92530376
4556,2013-12-17 11:10:00,454.81863
4556,2013-12-17 11:20:00,430.71262
4556,2013-12-17 11:30:00,466.91055
4556,2013-12-17 11:30:00,1.7514678
4556,2013-12-17 11:40:00,463.20242
4556,2013-12-17 11:40:00,0.002807078
4556,2013-12-17 11:40:00,0.9853416
4556,2013-12-17 11:40:00,0.005614156
4556,2013-12-17 11:50:00,0.92530376
4556,2013-12-17 11:50:00,0.002807078
4556,2013-12-17 11:50:00,448.60614
4556,2013-12-17 11:50:00,0.002807078
4556,2013-12-17 12:00:00,512.16144
4556,2013-12-17 12:00:00,1.9106454
4556,2013-12-17 12:00:00,0.9853416
4556,2013-12-17 12:10:00,0.9853416
4556,2013-12-17 12:10:00,519.17645
4556,2013-12-17 12:10:00,5.3535433
4556,2013-12-17 12:20:00,504.78726
4556,2013-12-17 12:20:00,0.92530376
4556,2013-12-17 12:20:00,0.002807078
4556,2013-12-17 12:30:00,452.28067
4556,2013-12-17 12:30:00,3.6621132
4556,2013-12-17 12:30:00,0.002807078
4556,2013-12-17 12:40:00,0.82616407
4556,2013-12-17 12:40:00,480.4879
4556,2013-12-17 12:50:00,0.9853416
4556,2013-12-17 12:50:00,480.76465
4556,2013-12-17 12:50:00,1.9106454
4556,2013-12-17 12:50:00,10.379391
4556,2013-12-17 13:00:00,0.82616407
4556,2013-12-17 13:00:00,484.30124
4556,2013-12-17 13:00:00,9.39405
4556,2013-12-17 13:00:00,0.002807078
4556,2013-12-17 13:10:00,536.859
4556,2013-12-17 13:10:00,0.9853416
4556,2013-12-17 13:10:00,0.002807078
4556,2013-12-17 13:10:00,2.895987
4556,2013-12-17 13:20:00,0.92530376
4556,2013-12-17 13:20:00,495.06134
4556,2013-12-17 13:20:00,0.9853416
4556,2013-12-17 13:20:00,0.002807078
4556,2013-12-17 13:30:00,558.7961
4556,2013-12-17 13:30:00,0.002807078
4556,2013-12-17 13:30:00,0.002807078
4556,2013-12-17 13:40:00,2.7759113
4556,2013-12-17 13:40:00,497.7419
4556,2013-12-17 13:40:00,0.002807078
4556,2013-12-17 13:40:00,1.9106454
4556,2013-12-17 13:50:00,520.35767
4556,2013-12-17 13:50:00,1.9106454
4556,2013-12-17 13:50:00,2.895987
4556,2013-12-17 14:00:00,0.9853416
4556,2013-12-17 14:00:00,483.91574
4556,2013-12-17 14:00:00,1.9106454
4556,2013-12-17 14:00:00,0.002807078
4556,2013-12-17 14:10:00,474.47894
4556,2013-12-17 14:20:00,502.10864
4556,2013-12-17 14:20:00,0.92530376
4556,2013-12-17 14:30:00,561.9024
4556,2013-12-17 14:30:00,1.9106454
4556,2013-12-17 14:40:00,649.8068
4556,2013-12-17 14:40:00,1.8506075
4556,2013-12-17 14:40:00,0.002807078
4556,2013-12-17 14:50:00,613.1198
4556,2013-12-17 14:50:00,0.82616407
4556,2013-12-17 15:00:00,630.86
4556,2013-12-17 15:10:00,574.4088
4556,2013-12-17 15:20:00,583.8215
4556,2013-12-17 15:20:00,0.005614156
4556,2013-12-17 15:20:00,0.9881487
4556,2013-12-17 15:30:00,577.21936
4556,2013-12-17 15:40:00,0.82616407
4556,2013-12-17 15:40:00,599.74475
4556,2013-12-17 15:40:00,0.002807078
4556,2013-12-17 15:40:00,0.92530376
4556,2013-12-17 15:50:00,574.3486
4556,2013-12-17 15:50:00,0.002807078
4556,2013-12-17 15:50:00,0.92530376
4556,2013-12-17 16:00:00,0.99095577
4556,2013-12-17 16:00:00,612.3326
4556,2013-12-17 16:00:00,0.92811084
4556,2013-12-17 16:10:00,613.6452
4556,2013-12-17 16:10:00,0.92530376
4556,2013-12-17 16:10:00,0.002807078
4556,2013-12-17 16:20:00,0.002807078
4556,2013-12-17 16:20:00,0.92530376
4556,2013-12-17 16:20:00,528.9502
4556,2013-12-17 16:30:00,542.17346
4556,2013-12-17 16:40:00,0.002807078
4556,2013-12-17 16:40:00,514.007
4556,2013-12-17 16:50:00,506.91223
4556,2013-12-17 17:00:00,0.9853416
4556,2013-12-17 17:00:00,578.62244
4556,2013-12-17 17:10:00,0.92530376
4556,2013-12-17 17:10:00,539.1946
4556,2013-12-17 17:20:00,2.8359492
4556,2013-12-17 17:20:00,566.4975
4556,2013-12-17 17:30:00,0.9853416
4556,2013-12-17 17:30:00,518.8435
4556,2013-12-17 17:40:00,2.8359492
4556,2013-12-17 17:40:00,0.9853416
4556,2013-12-17 17:40:00,536.5514
4556,2013-12-17 17:40:00,1.8506075
4556,2013-12-17 17:50:00,0.9853416
4556,2013-12-17 17:50:00,596.57416
4556,2013-12-17 18:00:00,0.002807078
4556,2013-12-17 18:00:00,0.9853416
4556,2013-12-17 18:00:00,647.32526
4556,2013-12-17 18:10:00,0.9853416
4556,2013-12-17 18:10:00,606.668
4556,2013-12-17 18:20:00,0.9853416
4556,2013-12-17 18:20:00,656.34564
4556,2013-12-17 18:30:00,0.002807078
4556,2013-12-17 18:30:00,0.002807078
4556,2013-12-17 18:30:00,2.961639
4556,2013-12-17 18:30:00,667.81433
4556,2013-12-17 18:30:00,1.9106454
4556,2013-12-17 18:40:00,0.82616407
4556,2013-12-17 18:40:00,679.8038
4556,2013-12-17 18:40:00,0.92530376
4556,2013-12-17 18:40:00,0.92530376
4556,2013-12-17 18:50:00,3.6621132
4556,2013-12-17 18:50:00,0.9881487
4556,2013-12-17 18:50:00,617.26935
4556,2013-12-17 19:00:00,691.02423
4556,2013-12-17 19:00:00,2.6795785
4556,2013-12-17 19:00:00,0.9853416
4556,2013-12-17 19:10:00,0.9853416
4556,2013-12-17 19:10:00,704.755
4556,2013-12-17 19:10:00,0.9853416
4556,2013-12-17 19:20:00,777.6647
4556,2013-12-17 19:20:00,0.92530376
4556,2013-12-17 19:30:00,0.92530376
4556,2013-12-17 19:30:00,854.1645
4556,2013-12-17 19:30:00,0.92530376
4556,2013-12-17 19:30:00,0.92530376
4556,2013-12-17 19:40:00,0.92530376
4556,2013-12-17 19:40:00,723.34595
4556,2013-12-17 19:40:00,0.9881487
4556,2013-12-17 19:40:00,0.9881487
4556,2013-12-17 19:50:00,0.9853416
4556,2013-12-17 19:50:00,777.8366
4556,2013-12-17 19:50:00,3.8212907
4556,2013-12-17 19:50:00,0.9853416
4556,2013-12-17 19:50:00,0.9853416
4556,2013-12-17 20:00:00,0.9853416
4556,2013-12-17 20:00:00,755.9228
4556,2013-12-17 20:00:00,0.9853416
4556,2013-12-17 20:10:00,0.92530376
4556,2013-12-17 20:10:00,793.94965
4556,2013-12-17 20:10:00,1.7514678
4556,2013-12-17 20:10:00,5.731936
4556,2013-12-17 20:20:00,789.6227
4556,2013-12-17 20:20:00,0.002807078
4556,2013-12-17 20:20:00,6.498062
4556,2013-12-17 20:30:00,1.9134525
4556,2013-12-17 20:30:00,767.0051
4556,2013-12-17 20:30:00,3.722151
4556,2013-12-17 20:30:00,0.9853416
4556,2013-12-17 20:40:00,0.92530376
4556,2013-12-17 20:40:00,731.78674
4556,2013-12-17 20:40:00,0.92530376
4556,2013-12-17 20:40:00,0.9853416
4556,2013-12-17 20:50:00,0.92530376
4556,2013-12-17 20:50:00,707.9715
4556,2013-12-17 20:50:00,0.9853416
4556,2013-12-17 21:00:00,738.2969
4556,2013-12-17 21:00:00,5.791974
4556,2013-12-17 21:00:00,2.8359492
4556,2013-12-17 21:10:00,771.5536
4556,2013-12-17 21:20:00,0.92530376
4556,2013-12-17 21:20:00,1.8506075
4556,2013-12-17 21:20:00,666.66925
4556,2013-12-17 21:20:00,2.895987
4556,2013-12-17 21:30:00,0.9853416
4556,2013-12-17 21:30:00,695.07153
4556,2013-12-17 21:30:00,1.9106454
4556,2013-12-17 21:40:00,0.9853416
4556,2013-12-17 21:40:00,739.8809
4556,2013-12-17 21:40:00,0.92530376
4556,2013-12-17 21:50:00,0.9853416
4556,2013-12-17 21:50:00,732.55695
4556,2013-12-17 21:50:00,1.7514678
4556,2013-12-17 22:00:00,3.8841357
4556,2013-12-17 22:00:00,685.9008
4556,2013-12-17 22:00:00,1.7514678
4556,2013-12-17 22:00:00,1.9706832
4556,2013-12-17 22:00:00,5.155264
4556,2013-12-17 22:10:00,1.8506075
4556,2013-12-17 22:10:00,729.4968
4556,2013-12-17 22:10:00,1.8506075
4556,2013-12-17 22:20:00,1.9106454
4556,2013-12-17 22:20:00,749.4882
4556,2013-12-17 22:20:00,0.92530376
4556,2013-12-17 22:20:00,0.9853416
4556,2013-12-17 22:30:00,0.92530376
4556,2013-12-17 22:30:00,674.40564
4556,2013-12-17 22:40:00,601.7657
4556,2013-12-17 22:50:00,0.92530376
4556,2013-12-17 22:50:00,614.1291
4556,2013-12-17 23:00:00,611.1582
4556,2013-12-17 23:10:00,0.9853416
4556,2013-12-17 23:10:00,561.4496
4556,2013-12-17 23:20:00,2.7759113
4556,2013-12-17 23:20:00,472.95505
4556,2013-12-17 23:30:00,2.7759113
4556,2013-12-17 23:30:00,518.2558
4556,2013-12-17 23:40:00,8.330541
4556,2013-12-17 23:40:00,0.9853416
4556,2013-12-17 23:40:00,468.92465
4556,2013-12-17 23:50:00,3.7612529
4556,2013-12-17 23:50:00,453.0409
4556,2013-12-18 00:00:00,0.92530376
4556,2013-12-18 00:00:00,402.4988
4556,2013-12-18 00:10:00,412.8603
4556,2013-12-18 00:10:00,0.82616407
4556,2013-12-18 00:20:00,1.9106454
4556,2013-12-18 00:20:00,352.98703
4556,2013-12-18 00:30:00,342.27673
4556,2013-12-18 00:40:00,1.8506075
4556,2013-12-18 00:40:00,327.37424
4556,2013-12-18 00:40:00,0.9853416
4556,2013-12-18 00:50:00,306.28754
4556,2013-12-18 00:50:00,0.9853416
4556,2013-12-18 01:00:00,4.8066325
4556,2013-12-18 01:00:00,296.84354
4556,2013-12-18 01:10:00,292.63828
4556,2013-12-18 01:20:00,280.157
4556,2013-12-18 01:30:00,267.4665
4556,2013-12-18 01:40:00,3.701215
4556,2013-12-18 01:40:00,257.15408
4556,2013-12-18 01:50:00,1.8506075
4556,2013-12-18 01:50:00,238.4387
4556,2013-12-18 02:00:00,0.9853416
4556,2013-12-18 02:00:00,259.9984
4556,2013-12-18 02:10:00,241.954
4556,2013-12-18 02:20:00,4.6265187
4556,2013-12-18 02:20:00,235.34853
4556,2013-12-18 02:30:00,1.8506075
4556,2013-12-18 02:30:00,235.46436
4556,2013-12-18 02:40:00,2.7759113
4556,2013-12-18 02:40:00,244.86682
4556,2013-12-18 02:50:00,3.701215
4556,2013-12-18 02:50:00,215.69797
4556,2013-12-18 03:00:00,3.701215
4556,2013-12-18 03:00:00,255.04012
4556,2013-12-18 03:10:00,3.701215
4556,2013-12-18 03:10:00,214.13617
4556,2013-12-18 03:20:00,0.92530376
4556,2013-12-18 03:20:00,232.34221
4556,2013-12-18 03:30:00,1.8506075
4556,2013-12-18 03:30:00,233.08774
4556,2013-12-18 03:40:00,206.07233
4556,2013-12-18 03:50:00,215.07286
4556,2013-12-18 04:00:00,204.97272
4556,2013-12-18 04:10:00,213.79724
4556,2013-12-18 04:20:00,201.24495
4556,2013-12-18 04:30:00,0.92530376
4556,2013-12-18 04:30:00,216.55109
4556,2013-12-18 04:40:00,206.12398
4556,2013-12-18 04:50:00,201.40819
4556,2013-12-18 05:00:00,226.19368
4556,2013-12-18 05:10:00,231.6018
4556,2013-12-18 05:20:00,203.22812
4556,2013-12-18 05:30:00,251.87993
4556,2013-12-18 05:40:00,0.002807078
4556,2013-12-18 05:40:00,216.59834
4556,2013-12-18 05:50:00,223.5457
4556,2013-12-18 06:00:00,266.7047
4556,2013-12-18 06:10:00,240.15982
4556,2013-12-18 06:20:00,256.28894
4556,2013-12-18 06:20:00,3.8212907
4556,2013-12-18 06:30:00,351.57886
4556,2013-12-18 06:40:00,356.4297
4556,2013-12-18 06:40:00,2.895987
4556,2013-12-18 06:50:00,390.95447
4556,2013-12-18 07:00:00,344.85855
4556,2013-12-18 07:10:00,384.60977
4556,2013-12-18 07:10:00,0.9853416
4556,2013-12-18 07:20:00,0.9853416
4556,2013-12-18 07:20:00,404.45444
4556,2013-12-18 07:20:00,0.92530376
4556,2013-12-18 07:30:00,423.52127
4556,2013-12-18 07:30:00,5.8632402
4556,2013-12-18 07:40:00,422.72934
4556,2013-12-18 07:50:00,437.61343
4556,2013-12-18 08:00:00,447.97495
4556,2013-12-18 08:10:00,374.18756
4556,2013-12-18 08:10:00,0.9853416
4556,2013-12-18 08:20:00,1.8506075
4556,2013-12-18 08:20:00,414.3331
4556,2013-12-18 08:30:00,0.002807078
4556,2013-12-18 08:30:00,449.7872
4556,2013-12-18 08:40:00,1.9106454
4556,2013-12-18 08:40:00,448.37878
4556,2013-12-18 08:50:00,451.9896
4556,2013-12-18 09:00:00,0.002807078
4556,2013-12-18 09:00:00,415.06042
4556,2013-12-18 09:10:00,469.70248
4556,2013-12-18 09:10:00,0.92530376
4556,2013-12-18 09:10:00,0.9853416
4556,2013-12-18 09:20:00,0.92530376
4556,2013-12-18 09:20:00,473.19635
4556,2013-12-18 09:20:00,0.92530376
4556,2013-12-18 09:30:00,0.92530376
4556,2013-12-18 09:30:00,437.1938
4556,2013-12-18 09:40:00,0.92530376
4556,2013-12-18 09:40:00,451.42804
4556,2013-12-18 09:40:00,0.002807078
4556,2013-12-18 09:50:00,447.59967
4556,2013-12-18 10:00:00,0.9853416
4556,2013-12-18 10:00:00,430.20285
4556,2013-12-18 10:00:00,0.9853416
4556,2013-12-18 10:10:00,472.38324
4556,2013-12-18 10:10:00,0.9853416
4556,2013-12-18 10:20:00,479.84903
4556,2013-12-18 10:20:00,0.92530376
4556,2013-12-18 10:20:00,0.002807078
4556,2013-12-18 10:30:00,427.63522
4556,2013-12-18 10:30:00,0.9853416
4556,2013-12-18 10:30:00,0.9853416
4556,2013-12-18 10:40:00,490.2913
4556,2013-12-18 10:50:00,475.74515
4556,2013-12-18 10:50:00,0.002807078
4556,2013-12-18 11:00:00,512.29175
4556,2013-12-18 11:10:00,0.9853416
4556,2013-12-18 11:10:00,477.3471
4556,2013-12-18 11:10:00,1.9106454
4556,2013-12-18 11:20:00,449.68063
4556,2013-12-18 11:20:00,3.701215
4556,2013-12-18 11:30:00,415.5015
4556,2013-12-18 11:30:00,0.002807078
4556,2013-12-18 11:30:00,1.8506075
4556,2013-12-18 11:40:00,484.69708
4556,2013-12-18 11:40:00,0.92530376
4556,2013-12-18 11:50:00,446.51556
4556,2013-12-18 11:50:00,0.9853416
4556,2013-12-18 12:00:00,0.9853416
4556,2013-12-18 12:00:00,506.7505
4556,2013-12-18 12:00:00,1.8506075
4556,2013-12-18 12:00:00,0.002807078
4556,2013-12-18 12:10:00,495.3808
4556,2013-12-18 12:10:00,1.7514678
4556,2013-12-18 12:20:00,496.73465
4556,2013-12-18 12:30:00,0.002807078
4556,2013-12-18 12:30:00,494.99606
4556,2013-12-18 12:30:00,0.92530376
4556,2013-12-18 12:30:00,0.002807078
4556,2013-12-18 12:40:00,525.5846
4556,2013-12-18 12:40:00,0.92530376
4556,2013-12-18 12:50:00,486.76266
4556,2013-12-18 13:00:00,0.92530376
4556,2013-12-18 13:00:00,0.9853416
4556,2013-12-18 13:00:00,514.925
4556,2013-12-18 13:00:00,0.002807078
4556,2013-12-18 13:10:00,494.90015
4556,2013-12-18 13:20:00,510.1653
4556,2013-12-18 13:30:00,0.03929909
4556,2013-12-18 13:30:00,530.97174
4556,2013-12-18 13:30:00,0.82616407
4556,2013-12-18 13:40:00,503.3103
4556,2013-12-18 13:50:00,0.9853416
4556,2013-12-18 13:50:00,458.25107
4556,2013-12-18 14:00:00,497.2767
4556,2013-12-18 14:10:00,0.016842468
4556,2013-12-18 14:10:00,542.5223
4556,2013-12-18 14:10:00,0.002807078
4556,2013-12-18 14:20:00,0.011228312
4556,2013-12-18 14:20:00,433.06653
4556,2013-12-18 14:20:00,0.92530376
4556,2013-12-18 14:30:00,491.40442
4556,2013-12-18 14:40:00,532.702
4556,2013-12-18 14:40:00,0.002807078
4556,2013-12-18 14:50:00,0.002807078
4556,2013-12-18 14:50:00,473.79053
4556,2013-12-18 15:00:00,0.002807078
4556,2013-12-18 15:00:00,482.96048
4556,2013-12-18 15:10:00,0.9853416
4556,2013-12-18 15:10:00,458.51593
4556,2013-12-18 15:10:00,1.9706832
4556,2013-12-18 15:10:00,2.7759113
4556,2013-12-18 15:10:00,0.9853416
4556,2013-12-18 15:20:00,0.92530376
4556,2013-12-18 15:20:00,453.01645
4556,2013-12-18 15:20:00,4.6265187
4556,2013-12-18 15:30:00,0.9881487
4556,2013-12-18 15:30:00,519.40265
4556,2013-12-18 15:30:00,0.92530376
4556,2013-12-18 15:40:00,495.14966
4556,2013-12-18 15:50:00,0.82616407
4556,2013-12-18 15:50:00,0.9853416
4556,2013-12-18 15:50:00,602.58746
4556,2013-12-18 16:00:00,524.9424
4556,2013-12-18 16:10:00,1.9106454
4556,2013-12-18 16:10:00,0.9853416
4556,2013-12-18 16:10:00,587.1313
4556,2013-12-18 16:20:00,1.9106454
4556,2013-12-18 16:20:00,541.14856
4556,2013-12-18 16:20:00,0.9853416
4556,2013-12-18 16:30:00,555.0184
4556,2013-12-18 16:30:00,2.8359492
4556,2013-12-18 16:30:00,0.002807078
4556,2013-12-18 16:30:00,0.9853416
4556,2013-12-18 16:40:00,577.99567
4556,2013-12-18 16:50:00,2.895987
4556,2013-12-18 16:50:00,0.9853416
4556,2013-12-18 16:50:00,631.44794
4556,2013-12-18 17:00:00,0.9853416
4556,2013-12-18 17:00:00,689.91693
4556,2013-12-18 17:00:00,0.002807078
4556,2013-12-18 17:00:00,0.002807078
4556,2013-12-18 17:10:00,592.6056
4556,2013-12-18 17:10:00,0.002807078
4556,2013-12-18 17:20:00,0.9853416
4556,2013-12-18 17:20:00,576.8144
4556,2013-12-18 17:20:00,0.82616407
4556,2013-12-18 17:30:00,0.92530376
4556,2013-12-18 17:30:00,0.9853416
4556,2013-12-18 17:30:00,622.83984
4556,2013-12-18 17:40:00,0.002807078
4556,2013-12-18 17:40:00,611.05994
4556,2013-12-18 17:40:00,0.9853416
4556,2013-12-18 17:40:00,0.82616407
4556,2013-12-18 17:50:00,629.817
4556,2013-12-18 18:00:00,1.9706832
4556,2013-12-18 18:00:00,613.94336
4556,2013-12-18 18:00:00,0.002807078
4556,2013-12-18 18:10:00,0.002807078
4556,2013-12-18 18:10:00,625.18915
4556,2013-12-18 18:20:00,0.002807078
4556,2013-12-18 18:20:00,684.13184
4556,2013-12-18 18:20:00,0.9853416
4556,2013-12-18 18:30:00,0.9881487
4556,2013-12-18 18:30:00,0.9853416
4556,2013-12-18 18:30:00,708.85974
4556,2013-12-18 18:30:00,0.92530376
4556,2013-12-18 18:40:00,667.13947
4556,2013-12-18 18:40:00,1.9106454
4556,2013-12-18 18:40:00,0.9853416
4556,2013-12-18 18:50:00,0.9853416
4556,2013-12-18 18:50:00,661.9338
4556,2013-12-18 19:00:00,1.7514678
4556,2013-12-18 19:00:00,686.5762
4556,2013-12-18 19:00:00,0.92530376
4556,2013-12-18 19:10:00,0.002807078
4556,2013-12-18 19:10:00,649.3732
4556,2013-12-18 19:10:00,0.92811084
4556,2013-12-18 19:20:00,0.002807078
4556,2013-12-18 19:20:00,0.92811084
4556,2013-12-18 19:20:00,720.1882
4556,2013-12-18 19:20:00,1.9106454
4556,2013-12-18 19:20:00,0.9853416
4556,2013-12-18 19:20:00,0.92530376
4556,2013-12-18 19:30:00,738.3411
4556,2013-12-18 19:30:00,1.9706832
4556,2013-12-18 19:40:00,0.92530376
4556,2013-12-18 19:40:00,0.92811084
4556,2013-12-18 19:40:00,861.4678
4556,2013-12-18 19:40:00,0.9853416
4556,2013-12-18 19:50:00,0.9881487
4556,2013-12-18 19:50:00,1.9106454
4556,2013-12-18 19:50:00,0.002807078
4556,2013-12-18 19:50:00,885.7897
4556,2013-12-18 19:50:00,0.9853416
4556,2013-12-18 20:00:00,0.9853416
4556,2013-12-18 20:00:00,0.92530376
4556,2013-12-18 20:00:00,2.7368095
4556,2013-12-18 20:00:00,861.32434
4556,2013-12-18 20:10:00,0.002807078
4556,2013-12-18 20:10:00,831.41644
4556,2013-12-18 20:10:00,0.82616407
4556,2013-12-18 20:20:00,0.92530376
4556,2013-12-18 20:20:00,825.32745
4556,2013-12-18 20:30:00,0.92530376
4556,2013-12-18 20:30:00,906.1345
4556,2013-12-18 20:30:00,1.7514678
4556,2013-12-18 20:40:00,0.92530376
4556,2013-12-18 20:40:00,904.2678
4556,2013-12-18 20:40:00,0.9853416
4556,2013-12-18 20:40:00,0.92811084
4556,2013-12-18 20:50:00,0.9853416
4556,2013-12-18 20:50:00,0.002807078
4556,2013-12-18 20:50:00,919.3989
4556,2013-12-18 20:50:00,0.9853416
4556,2013-12-18 20:50:00,4.6474547
4556,2013-12-18 21:00:00,1.9106454
4556,2013-12-18 21:00:00,1.9706832
4556,2013-12-18 21:00:00,0.9853416
4556,2013-12-18 21:00:00,942.39545
4556,2013-12-18 21:00:00,0.9853416
4556,2013-12-18 21:00:00,0.002807078
4556,2013-12-18 21:00:00,4.7494016
4556,2013-12-18 21:10:00,0.92530376
4556,2013-12-18 21:10:00,0.92530376
4556,2013-12-18 21:10:00,0.002807078
4556,2013-12-18 21:10:00,860.5087
4556,2013-12-18 21:10:00,0.92530376
4556,2013-12-18 21:10:00,1.9106454
4556,2013-12-18 21:20:00,1.9106454
4556,2013-12-18 21:20:00,3.6621132
4556,2013-12-18 21:20:00,813.06366
4556,2013-12-18 21:20:00,0.92811084
4556,2013-12-18 21:30:00,1.9106454
4556,2013-12-18 21:30:00,832.37646
4556,2013-12-18 21:30:00,0.9853416
4556,2013-12-18 21:30:00,0.9853416
4556,2013-12-18 21:40:00,5.731936
4556,2013-12-18 21:40:00,817.8067
4556,2013-12-18 21:40:00,0.82616407
4556,2013-12-18 21:40:00,3.6621132
4556,2013-12-18 21:50:00,1.8618358
4556,2013-12-18 21:50:00,821.6004
4556,2013-12-18 21:50:00,3.5029356
4556,2013-12-18 22:00:00,1.8562217
4556,2013-12-18 22:00:00,789.846
4556,2013-12-18 22:00:00,3.6621132
4556,2013-12-18 22:10:00,3.706829
4556,2013-12-18 22:10:00,0.9853416
4556,2013-12-18 22:10:00,762.6106
4556,2013-12-18 22:10:00,2.6795785
4556,2013-12-18 22:20:00,3.6621132
4556,2013-12-18 22:20:00,819.53015
4556,2013-12-18 22:20:00,0.9853416
4556,2013-12-18 22:20:00,0.82616407
4556,2013-12-18 22:30:00,771.7548
4556,2013-12-18 22:30:00,0.9853416
4556,2013-12-18 22:30:00,0.9853416
4556,2013-12-18 22:30:00,5.731936
4556,2013-12-18 22:40:00,0.92530376
4556,2013-12-18 22:40:00,751.2569
4556,2013-12-18 22:40:00,0.9853416
4556,2013-12-18 22:40:00,0.92530376
4556,2013-12-18 22:40:00,3.6649203
4556,2013-12-18 22:50:00,1.9106454
4556,2013-12-18 22:50:00,637.5802
4556,2013-12-18 22:50:00,5.3563504
4556,2013-12-18 23:00:00,0.92530376
4556,2013-12-18 23:00:00,3.8212907
4556,2013-12-18 23:00:00,644.35736
4556,2013-12-18 23:00:00,0.005614156
4556,2013-12-18 23:00:00,0.92530376
4556,2013-12-18 23:00:00,0.9853416
4556,2013-12-18 23:00:00,1.7514678
4556,2013-12-18 23:10:00,597.76624
4556,2013-12-18 23:10:00,0.92530376
4556,2013-12-18 23:10:00,0.82616407
4556,2013-12-18 23:10:00,5.518335
4556,2013-12-18 23:20:00,586.2182
4556,2013-12-18 23:20:00,2.8387563
4556,2013-12-18 23:30:00,0.9853416
4556,2013-12-18 23:30:00,587.6297
4556,2013-12-18 23:40:00,470.4678
4556,2013-12-18 23:40:00,0.92530376
4556,2013-12-18 23:50:00,504.80353
4556,2013-12-18 23:50:00,0.9853416
4556,2013-12-19 00:00:00,453.76035
4556,2013-12-19 00:10:00,0.9853416
4556,2013-12-19 00:10:00,473.93832
4556,2013-12-19 00:10:00,0.9853416
4556,2013-12-19 00:20:00,375.9273
4556,2013-12-19 00:20:00,2.8359492
4556,2013-12-19 00:30:00,0.002807078
4556,2013-12-19 00:30:00,379.98557
4556,2013-12-19 00:30:00,3.701215
4556,2013-12-19 00:30:00,0.9853416
4556,2013-12-19 00:40:00,330.95386
4556,2013-12-19 00:40:00,1.9106454
4556,2013-12-19 00:50:00,338.1401
4556,2013-12-19 01:00:00,318.74048
4556,2013-12-19 01:10:00,306.52994
4556,2013-12-19 01:10:00,1.9106454
4556,2013-12-19 01:20:00,298.64532
4556,2013-12-19 01:20:00,1.9106454
4556,2013-12-19 01:30:00,270.9313
4556,2013-12-19 01:40:00,269.5163
4556,2013-12-19 01:40:00,5.731936
4556,2013-12-19 01:50:00,265.5475
4556,2013-12-19 01:50:00,8.627923
4556,2013-12-19 02:00:00,274.46512
4556,2013-12-19 02:00:00,1.9106454
4556,2013-12-19 02:10:00,263.5664
4556,2013-12-19 02:10:00,0.9853416
4556,2013-12-19 02:20:00,261.54825
4556,2013-12-19 02:30:00,240.89755
4556,2013-12-19 02:40:00,261.39462
4556,2013-12-19 02:40:00,6.7172775
4556,2013-12-19 02:50:00,247.21681
4556,2013-12-19 02:50:00,10.598606
4556,2013-12-19 03:00:00,331.0663
4556,2013-12-19 03:00:00,1.9106454
4556,2013-12-19 03:10:00,321.71545
4556,2013-12-19 03:10:00,4.8066325
4556,2013-12-19 03:20:00,235.58295
4556,2013-12-19 03:20:00,2.895987
4556,2013-12-19 03:30:00,223.33775
4556,2013-12-19 03:40:00,229.53265
4556,2013-12-19 03:50:00,229.25528
4556,2013-12-19 04:00:00,225.38101
4556,2013-12-19 04:00:00,4.8066325
4556,2013-12-19 04:00:00,0.92530376
4556,2013-12-19 04:10:00,240.36824
4556,2013-12-19 04:10:00,4.8066325
4556,2013-12-19 04:10:00,1.8506075
4556,2013-12-19 04:20:00,249.4221
4556,2013-12-19 04:30:00,216.03731
4556,2013-12-19 04:30:00,0.92530376
4556,2013-12-19 04:40:00,237.13356
4556,2013-12-19 04:40:00,0.92530376
4556,2013-12-19 04:50:00,216.98206
4556,2013-12-19 05:00:00,228.20036
4556,2013-12-19 05:00:00,1.9706832
4556,2013-12-19 05:10:00,253.4525
4556,2013-12-19 05:10:00,6.7172775
4556,2013-12-19 05:20:00,258.7855
4556,2013-12-19 05:20:00,10.5385685
4556,2013-12-19 05:30:00,274.0669
4556,2013-12-19 05:30:00,9.613265
4556,2013-12-19 05:40:00,0.002807078
4556,2013-12-19 05:40:00,259.06586
4556,2013-12-19 05:40:00,5.791974
4556,2013-12-19 05:50:00,236.91566
4556,2013-12-19 05:50:00,3.8813286
4556,2013-12-19 06:00:00,302.32095
4556,2013-12-19 06:00:00,2.8359492
4556,2013-12-19 06:10:00,315.90958
4556,2013-12-19 06:20:00,324.02414
4556,2013-12-19 06:30:00,379.56406
4556,2013-12-19 06:30:00,0.002807078
4556,2013-12-19 06:40:00,0.92530376
4556,2013-12-19 06:40:00,383.2818
4556,2013-12-19 06:50:00,0.92530376
4556,2013-12-19 06:50:00,424.79108
4556,2013-12-19 06:50:00,3.6621132
4556,2013-12-19 06:50:00,0.9853416
4556,2013-12-19 07:00:00,2.7759113
4556,2013-12-19 07:00:00,424.2877
4556,2013-12-19 07:00:00,1.9106454
4556,2013-12-19 07:00:00,0.9853416
4556,2013-12-19 07:10:00,0.92530376
4556,2013-12-19 07:10:00,448.1009
4556,2013-12-19 07:10:00,2.895987
4556,2013-12-19 07:20:00,479.65353
4556,2013-12-19 07:30:00,497.95383
4556,2013-12-19 07:40:00,0.82616407
4556,2013-12-19 07:40:00,0.9853416
4556,2013-12-19 07:40:00,493.34286
4556,2013-12-19 07:40:00,4.935129
4556,2013-12-19 07:50:00,2.7759113
4556,2013-12-19 07:50:00,520.7489
4556,2013-12-19 07:50:00,1.9706832
4556,2013-12-19 08:00:00,3.701215
4556,2013-12-19 08:00:00,495.0353
4556,2013-12-19 08:10:00,0.92530376
4556,2013-12-19 08:10:00,500.43268
4556,2013-12-19 08:20:00,0.9853416
4556,2013-12-19 08:20:00,519.4729
4556,2013-12-19 08:20:00,0.9853416
4556,2013-12-19 08:30:00,508.72577
4556,2013-12-19 08:30:00,0.9853416
4556,2013-12-19 08:40:00,457.5479
4556,2013-12-19 08:40:00,0.9853416
4556,2013-12-19 08:50:00,529.794
4556,2013-12-19 08:50:00,0.9853416
4556,2013-12-19 09:00:00,518.164
4556,2013-12-19 09:10:00,500.5098
4556,2013-12-19 09:10:00,0.92530376
4556,2013-12-19 09:20:00,477.99097
4556,2013-12-19 09:20:00,0.9853416
4556,2013-12-19 09:30:00,511.44208
4556,2013-12-19 09:30:00,0.92530376
4556,2013-12-19 09:40:00,0.92530376
4556,2013-12-19 09:40:00,561.00616
4556,2013-12-19 09:40:00,0.92530376
4556,2013-12-19 09:40:00,0.002807078
4556,2013-12-19 09:50:00,513.1946
4556,2013-12-19 09:50:00,0.92530376
4556,2013-12-19 10:00:00,492.55157
4556,2013-12-19 10:00:00,0.9853416
4556,2013-12-19 10:00:00,1.8506075
4556,2013-12-19 10:10:00,0.9853416
4556,2013-12-19 10:10:00,526.62085
4556,2013-12-19 10:10:00,0.92530376
4556,2013-12-19 10:10:00,1.9106454
4556,2013-12-19 10:20:00,0.92530376
4556,2013-12-19 10:20:00,565.429
4556,2013-12-19 10:30:00,530.3421
4556,2013-12-19 10:30:00,1.9706832
4556,2013-12-19 10:40:00,0.82616407
4556,2013-12-19 10:40:00,545.6991
4556,2013-12-19 10:50:00,0.9853416
4556,2013-12-19 10:50:00,559.0273
4556,2013-12-19 10:50:00,0.92530376
4556,2013-12-19 11:00:00,0.92530376
4556,2013-12-19 11:00:00,563.44244
4556,2013-12-19 11:00:00,0.9853416
4556,2013-12-19 11:10:00,562.96564
4556,2013-12-19 11:20:00,588.66077
4556,2013-12-19 11:30:00,1.9706832
4556,2013-12-19 11:30:00,622.6398
4556,2013-12-19 11:40:00,1.9706832
4556,2013-12-19 11:40:00,0.002807078
4556,2013-12-19 11:40:00,621.3645
4556,2013-12-19 11:40:00,0.9853416
4556,2013-12-19 11:50:00,543.05634
4556,2013-12-19 12:00:00,579.992
4556,2013-12-19 12:10:00,0.9853416
4556,2013-12-19 12:10:00,0.82616407
4556,2013-12-19 12:10:00,623.9082
4556,2013-12-19 12:10:00,0.9853416
4556,2013-12-19 12:10:00,0.9853416
4556,2013-12-19 12:20:00,641.13055
4556,2013-12-19 12:20:00,0.9853416
4556,2013-12-19 12:30:00,579.16656
4556,2013-12-19 12:30:00,0.92530376
4556,2013-12-19 12:40:00,0.002807078
4556,2013-12-19 12:40:00,592.565
4556,2013-12-19 12:50:00,632.7699
4556,2013-12-19 13:00:00,0.92530376
4556,2013-12-19 13:00:00,651.0938
4556,2013-12-19 13:10:00,708.76556
4556,2013-12-19 13:10:00,0.9853416
4556,2013-12-19 13:20:00,0.002807078
4556,2013-12-19 13:20:00,638.84686
4556,2013-12-19 13:30:00,581.73267
4556,2013-12-19 13:40:00,579.0537
4556,2013-12-19 13:50:00,0.9853416
4556,2013-12-19 13:50:00,530.8239
4556,2013-12-19 14:00:00,0.9853416
4556,2013-12-19 14:00:00,509.32675
4556,2013-12-19 14:10:00,0.002807078
4556,2013-12-19 14:10:00,537.1881
4556,2013-12-19 14:20:00,488.22876
4556,2013-12-19 14:30:00,507.1132
4556,2013-12-19 14:30:00,0.002807078
4556,2013-12-19 14:40:00,568.2799
4556,2013-12-19 14:50:00,557.6498
4556,2013-12-19 15:00:00,490.93677
4556,2013-12-19 15:00:00,0.002807078
4556,2013-12-19 15:10:00,493.11267
4556,2013-12-19 15:20:00,479.84375
4556,2013-12-19 15:30:00,535.04425
4556,2013-12-19 15:30:00,0.002807078
4556,2013-12-19 15:40:00,506.74237
4556,2013-12-19 15:50:00,0.9853416
4556,2013-12-19 15:50:00,497.60602
4556,2013-12-19 16:00:00,0.92530376
4556,2013-12-19 16:00:00,0.002807078
4556,2013-12-19 16:00:00,468.4376
4556,2013-12-19 16:10:00,0.9853416
4556,2013-12-19 16:10:00,528.8158
4556,2013-12-19 16:20:00,1.9706832
4556,2013-12-19 16:20:00,515.69446
4556,2013-12-19 16:30:00,1.9706832
4556,2013-12-19 16:30:00,525.83105
4556,2013-12-19 16:40:00,547.3711
4556,2013-12-19 16:50:00,538.05786
4556,2013-12-19 17:00:00,0.9853416
4556,2013-12-19 17:00:00,507.4738
4556,2013-12-19 17:00:00,1.8506075
4556,2013-12-19 17:00:00,0.9853416
4556,2013-12-19 17:10:00,549.8913
4556,2013-12-19 17:10:00,1.8506075
4556,2013-12-19 17:20:00,0.92530376
4556,2013-12-19 17:20:00,509.75702
4556,2013-12-19 17:20:00,1.8506075
4556,2013-12-19 17:20:00,0.9853416
4556,2013-12-19 17:30:00,533.77716
4556,2013-12-19 17:30:00,0.9853416
4556,2013-12-19 17:40:00,632.9754
4556,2013-12-19 17:40:00,0.92530376
4556,2013-12-19 17:50:00,0.9853416
4556,2013-12-19 17:50:00,571.53406
4556,2013-12-19 17:50:00,0.9853416
4556,2013-12-19 18:00:00,0.9881487
4556,2013-12-19 18:00:00,566.30725
4556,2013-12-19 18:00:00,0.92530376
4556,2013-12-19 18:10:00,569.0922
4556,2013-12-19 18:20:00,2.956025
4556,2013-12-19 18:20:00,573.05927
4556,2013-12-19 18:20:00,3.701215
4556,2013-12-19 18:30:00,600.4713
4556,2013-12-19 18:30:00,0.92530376
4556,2013-12-19 18:30:00,0.9853416
4556,2013-12-19 18:40:00,595.51843
4556,2013-12-19 18:50:00,1.7514678
4556,2013-12-19 18:50:00,0.9853416
4556,2013-12-19 18:50:00,593.0126
4556,2013-12-19 19:00:00,0.9853416
4556,2013-12-19 19:00:00,586.65845
4556,2013-12-19 19:00:00,0.9853416
4556,2013-12-19 19:00:00,0.9853416
4556,2013-12-19 19:10:00,3.9413664
4556,2013-12-19 19:10:00,603.425
4556,2013-12-19 19:10:00,1.9106454
4556,2013-12-19 19:20:00,0.002807078
4556,2013-12-19 19:20:00,4.8066325
4556,2013-12-19 19:20:00,0.92530376
4556,2013-12-19 19:20:00,632.51154
4556,2013-12-19 19:20:00,0.9853416
4556,2013-12-19 19:30:00,0.92530376
4556,2013-12-19 19:30:00,1.9162595
4556,2013-12-19 19:30:00,607.02905
4556,2013-12-19 19:30:00,0.92811084
4556,2013-12-19 19:40:00,0.92530376
4556,2013-12-19 19:40:00,0.002807078
4556,2013-12-19 19:40:00,668.5854
4556,2013-12-19 19:40:00,0.92530376
4556,2013-12-19 19:50:00,0.92530376
4556,2013-12-19 19:50:00,0.9853416
4556,2013-12-19 19:50:00,657.05725
4556,2013-12-19 19:50:00,1.8562217
4556,2013-12-19 19:50:00,3.8212907
4556,2013-12-19 20:00:00,0.92530376
4556,2013-12-19 20:00:00,1.8506075
4556,2013-12-19 20:00:00,0.9853416
4556,2013-12-19 20:00:00,3.8841357
4556,2013-12-19 20:00:00,726.1437
4556,2013-12-19 20:00:00,7.705426
4556,2013-12-19 20:10:00,5.5727587
4556,2013-12-19 20:10:00,699.8037
4556,2013-12-19 20:10:00,2.8359492
4556,2013-12-19 20:10:00,0.9853416
4556,2013-12-19 20:10:00,1.7514678
4556,2013-12-19 20:20:00,0.92530376
4556,2013-12-19 20:20:00,0.92530376
4556,2013-12-19 20:20:00,1.9134525
4556,2013-12-19 20:20:00,676.0413
4556,2013-12-19 20:20:00,1.9706832
4556,2013-12-19 20:20:00,0.92530376
4556,2013-12-19 20:20:00,0.92530376
4556,2013-12-19 20:30:00,1.8506075
4556,2013-12-19 20:30:00,0.92811084
4556,2013-12-19 20:30:00,681.54614
4556,2013-12-19 20:30:00,1.8506075
4556,2013-12-19 20:40:00,1.8506075
4556,2013-12-19 20:40:00,11.103645
4556,2013-12-19 20:40:00,2.8359492
4556,2013-12-19 20:40:00,714.4637
4556,2013-12-19 20:40:00,2.7759113
4556,2013-12-19 20:50:00,1.9706832
4556,2013-12-19 20:50:00,750.5377
4556,2013-12-19 20:50:00,1.7514678
4556,2013-12-19 21:00:00,726.5829
4556,2013-12-19 21:00:00,2.895987
4556,2013-12-19 21:10:00,1.9106454
4556,2013-12-19 21:10:00,711.50946
4556,2013-12-19 21:10:00,0.92811084
4556,2013-12-19 21:20:00,3.7612529
4556,2013-12-19 21:20:00,0.99095577
4556,2013-12-19 21:20:00,780.3953
4556,2013-12-19 21:20:00,0.002807078
4556,2013-12-19 21:20:00,0.9853416
4556,2013-12-19 21:20:00,0.82616407
4556,2013-12-19 21:30:00,4.86667
4556,2013-12-19 21:30:00,746.67395
4556,2013-12-19 21:30:00,0.92530376
4556,2013-12-19 21:40:00,1.9106454
4556,2013-12-19 21:40:00,793.3296
4556,2013-12-19 21:40:00,1.9106454
4556,2013-12-19 21:40:00,1.8506075
4556,2013-12-19 21:50:00,0.82616407
4556,2013-12-19 21:50:00,791.1839
4556,2013-12-19 21:50:00,0.9853416
4556,2013-12-19 22:00:00,2.895987
4556,2013-12-19 22:00:00,4.8066325
4556,2013-12-19 22:00:00,759.378
4556,2013-12-19 22:00:00,2.895987
4556,2013-12-19 22:00:00,1.9106454
4556,2013-12-19 22:10:00,6.5609074
4556,2013-12-19 22:10:00,731.09717
4556,2013-12-19 22:10:00,0.92530376
4556,2013-12-19 22:10:00,0.005614156
4556,2013-12-19 22:20:00,1.8506075
4556,2013-12-19 22:20:00,698.6785
4556,2013-12-19 22:20:00,1.9106454
4556,2013-12-19 22:30:00,689.76904
4556,2013-12-19 22:30:00,0.002807078
4556,2013-12-19 22:30:00,0.002807078
4556,2013-12-19 22:40:00,0.002807078
4556,2013-12-19 22:40:00,612.1442
4556,2013-12-19 22:40:00,0.002807078
4556,2013-12-19 22:40:00,0.9853416
4556,2013-12-19 22:50:00,621.96454
4556,2013-12-19 23:00:00,597.6485
4556,2013-12-19 23:00:00,0.82616407
4556,2013-12-19 23:10:00,496.88068
4556,2013-12-19 23:10:00,0.9853416
4556,2013-12-19 23:10:00,1.9706832
4556,2013-12-19 23:10:00,0.92530376
4556,2013-12-19 23:20:00,0.002807078
4556,2013-12-19 23:20:00,485.4775
4556,2013-12-19 23:20:00,0.9853416
4556,2013-12-19 23:20:00,0.002807078
4556,2013-12-19 23:30:00,498.44846
4556,2013-12-19 23:40:00,0.002807078
4556,2013-12-19 23:40:00,470.8403
4556,2013-12-19 23:50:00,0.002807078
4556,2013-12-19 23:50:00,485.2133
4556,2013-12-20 00:00:00,0.002807078
4556,2013-12-20 00:00:00,452.23325
4556,2013-12-20 00:10:00,415.05057
4556,2013-12-20 00:20:00,369.30106
4556,2013-12-20 00:30:00,424.00314
4556,2013-12-20 00:30:00,1.9106454
4556,2013-12-20 00:30:00,0.002807078
4556,2013-12-20 00:40:00,346.9636
4556,2013-12-20 00:40:00,0.92530376
4556,2013-12-20 00:50:00,0.9853416
4556,2013-12-20 00:50:00,324.67484
4556,2013-12-20 01:00:00,345.0484
4556,2013-12-20 01:10:00,313.8602
4556,2013-12-20 01:20:00,293.0316
4556,2013-12-20 01:30:00,302.2474
4556,2013-12-20 01:40:00,316.83246
4556,2013-12-20 01:50:00,286.87125
4556,2013-12-20 02:00:00,0.9853416
4556,2013-12-20 02:00:00,281.2334
4556,2013-12-20 02:10:00,310.20245
4556,2013-12-20 02:20:00,277.6964
4556,2013-12-20 02:30:00,263.80005
4556,2013-12-20 02:40:00,257.21124
4556,2013-12-20 02:50:00,232.73586
4556,2013-12-20 03:00:00,240.00197
4556,2013-12-20 03:10:00,245.83525
4556,2013-12-20 03:20:00,208.02034
4556,2013-12-20 03:30:00,221.95059
4556,2013-12-20 03:40:00,224.57704
4556,2013-12-20 03:50:00,202.53268
4556,2013-12-20 04:00:00,216.11395
4556,2013-12-20 04:10:00,221.9682
4556,2013-12-20 04:20:00,197.6801
4556,2013-12-20 04:30:00,233.85101
4556,2013-12-20 04:40:00,234.0265
4556,2013-12-20 04:50:00,239.3612
4556,2013-12-20 05:00:00,1.9106454
4556,2013-12-20 05:00:00,230.86847
4556,2013-12-20 05:10:00,233.67615
4556,2013-12-20 05:20:00,0.002807078
4556,2013-12-20 05:20:00,232.82661
4556,2013-12-20 05:30:00,247.81062
4556,2013-12-20 05:40:00,250.65594
4556,2013-12-20 05:50:00,249.6261
4556,2013-12-20 06:00:00,248.4229
4556,2013-12-20 06:10:00,279.7077
4556,2013-12-20 06:20:00,263.94092
4556,2013-12-20 06:20:00,0.002807078
4556,2013-12-20 06:20:00,0.92530376
4556,2013-12-20 06:30:00,345.61652
4556,2013-12-20 06:40:00,368.86542
4556,2013-12-20 06:50:00,342.52118
4556,2013-12-20 06:50:00,0.9853416
4556,2013-12-20 07:00:00,423.9424
4556,2013-12-20 07:10:00,391.80557
4556,2013-12-20 07:10:00,0.92530376
4556,2013-12-20 07:20:00,0.92530376
4556,2013-12-20 07:20:00,450.05832
4556,2013-12-20 07:20:00,0.92530376
4556,2013-12-20 07:30:00,0.9853416
4556,2013-12-20 07:30:00,444.9569
4556,2013-12-20 07:40:00,450.4181
4556,2013-12-20 07:40:00,0.002807078
4556,2013-12-20 07:50:00,431.8521
4556,2013-12-20 08:00:00,0.92530376
4556,2013-12-20 08:00:00,454.91245
4556,2013-12-20 08:10:00,446.13498
4556,2013-12-20 08:20:00,0.9853416
4556,2013-12-20 08:20:00,444.14462
4556,2013-12-20 08:30:00,1.7514678
4556,2013-12-20 08:30:00,503.06653
4556,2013-12-20 08:40:00,0.002807078
4556,2013-12-20 08:40:00,433.455
4556,2013-12-20 08:50:00,475.45953
4556,2013-12-20 08:50:00,0.002807078
4556,2013-12-20 09:00:00,419.28348
4556,2013-12-20 09:10:00,0.002807078
4556,2013-12-20 09:10:00,457.87857
4556,2013-12-20 09:10:00,0.002807078
4556,2013-12-20 09:20:00,0.016842468
4556,2013-12-20 09:20:00,381.46143
4556,2013-12-20 09:20:00,0.92530376
4556,2013-12-20 09:30:00,0.011228312
4556,2013-12-20 09:30:00,399.4339
4556,2013-12-20 09:40:00,0.9853416
4556,2013-12-20 09:40:00,0.002807078
4556,2013-12-20 09:40:00,450.7298
4556,2013-12-20 09:40:00,0.002807078
4556,2013-12-20 09:50:00,0.9853416
4556,2013-12-20 09:50:00,463.25385
4556,2013-12-20 09:50:00,2.895987
4556,2013-12-20 10:00:00,0.92530376
4556,2013-12-20 10:00:00,461.5354
4556,2013-12-20 10:00:00,0.9853416
4556,2013-12-20 10:10:00,487.61783
4556,2013-12-20 10:20:00,0.92530376
4556,2013-12-20 10:20:00,444.069
4556,2013-12-20 10:20:00,2.8359492
4556,2013-12-20 10:30:00,0.92530376
4556,2013-12-20 10:30:00,507.67056
4556,2013-12-20 10:30:00,11.304695
4556,2013-12-20 10:30:00,0.92530376
4556,2013-12-20 10:30:00,0.9853416
4556,2013-12-20 10:40:00,465.44925
4556,2013-12-20 10:40:00,12.389176
4556,2013-12-20 10:50:00,0.9853416
4556,2013-12-20 10:50:00,480.41055
4556,2013-12-20 10:50:00,0.92530376
4556,2013-12-20 10:50:00,0.002807078
4556,2013-12-20 11:00:00,0.9853416
4556,2013-12-20 11:00:00,467.40497
4556,2013-12-20 11:00:00,0.9853416
4556,2013-12-20 11:00:00,0.92530376
4556,2013-12-20 11:00:00,0.9853416
4556,2013-12-20 11:00:00,1.9106454
4556,2013-12-20 11:10:00,0.9853416
4556,2013-12-20 11:10:00,507.41425
4556,2013-12-20 11:10:00,0.92530376
4556,2013-12-20 11:20:00,481.6461
4556,2013-12-20 11:20:00,3.701215
4556,2013-12-20 11:30:00,0.002807078
4556,2013-12-20 11:30:00,527.3727
4556,2013-12-20 11:40:00,522.2738
4556,2013-12-20 11:40:00,0.9853416
4556,2013-12-20 11:40:00,0.9881487
4556,2013-12-20 11:50:00,1.9706832
4556,2013-12-20 11:50:00,571.3469
4556,2013-12-20 12:00:00,0.82616407
4556,2013-12-20 12:00:00,0.02807078
4556,2013-12-20 12:00:00,529.01263
4556,2013-12-20 12:00:00,1.8506075
4556,2013-12-20 12:10:00,509.3518
4556,2013-12-20 12:10:00,0.9853416
4556,2013-12-20 12:20:00,551.6787
4556,2013-12-20 12:30:00,583.71985
4556,2013-12-20 12:40:00,0.92530376
4556,2013-12-20 12:40:00,558.2614
4556,2013-12-20 12:40:00,1.9706832
4556,2013-12-20 12:40:00,0.9853416
4556,2013-12-20 12:40:00,1.9706832
4556,2013-12-20 12:50:00,0.002807078
4556,2013-12-20 12:50:00,546.2234
4556,2013-12-20 13:00:00,546.3201
4556,2013-12-20 13:00:00,2.895987
4556,2013-12-20 13:10:00,540.64087
4556,2013-12-20 13:20:00,0.002807078
4556,2013-12-20 13:20:00,573.4304
4556,2013-12-20 13:20:00,0.92530376
4556,2013-12-20 13:20:00,0.9853416
4556,2013-12-20 13:30:00,0.92530376
4556,2013-12-20 13:30:00,5.731936
4556,2013-12-20 13:30:00,534.2673
4556,2013-12-20 13:40:00,0.92530376
4556,2013-12-20 13:40:00,0.9853416
4556,2013-12-20 13:40:00,15.285163
4556,2013-12-20 13:40:00,517.2342
4556,2013-12-20 13:40:00,1.9106454
4556,2013-12-20 13:40:00,0.9853416
4556,2013-12-20 13:50:00,0.9853416
4556,2013-12-20 13:50:00,3.8212907
4556,2013-12-20 13:50:00,509.7277
4556,2013-12-20 13:50:00,0.9853416
4556,2013-12-20 14:00:00,0.9853416
4556,2013-12-20 14:00:00,524.79895
4556,2013-12-20 14:10:00,0.9853416
4556,2013-12-20 14:10:00,512.3823
4556,2013-12-20 14:20:00,0.9853416
4556,2013-12-20 14:20:00,0.002807078
4556,2013-12-20 14:20:00,546.4339
4556,2013-12-20 14:20:00,0.9853416
4556,2013-12-20 14:20:00,0.9853416
4556,2013-12-20 14:30:00,473.44058
4556,2013-12-20 14:30:00,0.002807078
4556,2013-12-20 14:40:00,433.7895
4556,2013-12-20 14:40:00,0.002807078
4556,2013-12-20 14:50:00,0.9853416
4556,2013-12-20 14:50:00,0.82616407
4556,2013-12-20 14:50:00,459.4569
4556,2013-12-20 15:00:00,511.81314
4556,2013-12-20 15:00:00,0.9853416
4556,2013-12-20 15:00:00,0.82616407
4556,2013-12-20 15:10:00,450.84717
4556,2013-12-20 15:10:00,0.92530376
4556,2013-12-20 15:20:00,1.9734904
4556,2013-12-20 15:20:00,0.002807078
4556,2013-12-20 15:20:00,505.87198
4556,2013-12-20 15:20:00,0.9853416
4556,2013-12-20 15:30:00,0.92530376
4556,2013-12-20 15:30:00,0.002807078
4556,2013-12-20 15:30:00,479.86966
4556,2013-12-20 15:40:00,1.9106454
4556,2013-12-20 15:40:00,0.92530376
4556,2013-12-20 15:40:00,497.216
4556,2013-12-20 15:40:00,1.9134525
4556,2013-12-20 15:50:00,434.67865
4556,2013-12-20 15:50:00,0.9853416
4556,2013-12-20 16:00:00,0.92530376
4556,2013-12-20 16:00:00,446.7055
4556,2013-12-20 16:10:00,0.92530376
4556,2013-12-20 16:10:00,513.2704
4556,2013-12-20 16:10:00,0.82616407
4556,2013-12-20 16:20:00,492.59552
4556,2013-12-20 16:30:00,500.6254
4556,2013-12-20 16:30:00,0.82616407
4556,2013-12-20 16:40:00,530.64996
4556,2013-12-20 16:40:00,1.9106454
4556,2013-12-20 16:50:00,505.7348
4556,2013-12-20 16:50:00,0.9853416
4556,2013-12-20 17:00:00,0.005614156
4556,2013-12-20 17:00:00,587.72424
4556,2013-12-20 17:00:00,1.9106454
4556,2013-12-20 17:10:00,545.7431
4556,2013-12-20 17:20:00,576.73376
4556,2013-12-20 17:20:00,2.895987
4556,2013-12-20 17:30:00,0.005614156
4556,2013-12-20 17:30:00,1.9706832
4556,2013-12-20 17:30:00,597.2637
4556,2013-12-20 17:40:00,2.958832
4556,2013-12-20 17:40:00,569.1289
4556,2013-12-20 17:40:00,1.9106454
4556,2013-12-20 17:40:00,1.9706832
4556,2013-12-20 17:50:00,0.9853416
4556,2013-12-20 17:50:00,0.9853416
4556,2013-12-20 17:50:00,597.06647
4556,2013-12-20 17:50:00,1.9106454
4556,2013-12-20 17:50:00,3.8212907
4556,2013-12-20 17:50:00,0.9853416
4556,2013-12-20 18:00:00,2.8359492
4556,2013-12-20 18:00:00,0.9853416
4556,2013-12-20 18:00:00,531.76953
4556,2013-12-20 18:00:00,6.7172775
4556,2013-12-20 18:00:00,1.9106454
4556,2013-12-20 18:10:00,2.956025
4556,2013-12-20 18:10:00,0.92530376
4556,2013-12-20 18:10:00,541.0901
4556,2013-12-20 18:10:00,2.8415632
4556,2013-12-20 18:20:00,0.002807078
4556,2013-12-20 18:20:00,620.7059
4556,2013-12-20 18:20:00,0.9853416
4556,2013-12-20 18:20:00,1.9106454
4556,2013-12-20 18:30:00,0.002807078
4556,2013-12-20 18:30:00,602.59894
4556,2013-12-20 18:40:00,585.03204
4556,2013-12-20 18:40:00,0.92811084
4556,2013-12-20 18:50:00,0.002807078
4556,2013-12-20 18:50:00,601.7678
4556,2013-12-20 18:50:00,0.002807078
4556,2013-12-20 18:50:00,0.002807078
4556,2013-12-20 19:00:00,0.92530376
4556,2013-12-20 19:00:00,615.2878
4556,2013-12-20 19:10:00,1.9106454
4556,2013-12-20 19:10:00,645.95636
4556,2013-12-20 19:10:00,0.92530376
4556,2013-12-20 19:10:00,7.3633285
4556,2013-12-20 19:20:00,0.9853416
4556,2013-12-20 19:20:00,1.9106454
4556,2013-12-20 19:20:00,579.94574
4556,2013-12-20 19:20:00,2.8359492
4556,2013-12-20 19:30:00,0.82616407
4556,2013-12-20 19:30:00,4.7465944
4556,2013-12-20 19:30:00,660.5586
4556,2013-12-20 19:30:00,0.9853416
4556,2013-12-20 19:30:00,0.92530376
4556,2013-12-20 19:40:00,1.8506075
4556,2013-12-20 19:40:00,0.9853416
4556,2013-12-20 19:40:00,641.16003
4556,2013-12-20 19:40:00,1.9106454
4556,2013-12-20 19:50:00,0.002807078
4556,2013-12-20 19:50:00,610.255
4556,2013-12-20 19:50:00,0.92530376
4556,2013-12-20 19:50:00,0.82616407
4556,2013-12-20 20:00:00,0.002807078
4556,2013-12-20 20:00:00,0.9853416
4556,2013-12-20 20:00:00,0.92530376
4556,2013-12-20 20:00:00,610.0602
4556,2013-12-20 20:10:00,0.002807078
4556,2013-12-20 20:10:00,661.435
4556,2013-12-20 20:10:00,4.8066325
4556,2013-12-20 20:20:00,0.002807078
4556,2013-12-20 20:20:00,1.9106454
4556,2013-12-20 20:20:00,591.76526
4556,2013-12-20 20:20:00,2.7759113
4556,2013-12-20 20:20:00,3.76406
4556,2013-12-20 20:20:00,1.9134525
4556,2013-12-20 20:20:00,0.92530376
4556,2013-12-20 20:30:00,0.005614156
4556,2013-12-20 20:30:00,630.0745
4556,2013-12-20 20:30:00,5.5518227
4556,2013-12-20 20:30:00,0.92530376
4556,2013-12-20 20:40:00,0.008421234
4556,2013-12-20 20:40:00,0.002807078
4556,2013-12-20 20:40:00,663.6717
4556,2013-12-20 20:40:00,0.92530376
4556,2013-12-20 20:40:00,6.477126
4556,2013-12-20 20:40:00,0.002807078
4556,2013-12-20 20:50:00,0.002807078
4556,2013-12-20 20:50:00,1.9106454
4556,2013-12-20 20:50:00,664.673
4556,2013-12-20 20:50:00,0.002807078
4556,2013-12-20 21:00:00,0.005614156
4556,2013-12-20 21:00:00,0.9853416
4556,2013-12-20 21:00:00,708.0604
4556,2013-12-20 21:00:00,0.82616407
4556,2013-12-20 21:00:00,0.002807078
4556,2013-12-20 21:10:00,0.9853416
4556,2013-12-20 21:10:00,0.002807078
4556,2013-12-20 21:10:00,711.5912
4556,2013-12-20 21:10:00,1.9106454
4556,2013-12-20 21:10:00,0.9853416
4556,2013-12-20 21:20:00,1.8115057
4556,2013-12-20 21:20:00,1.9106454
4556,2013-12-20 21:20:00,734.4791
4556,2013-12-20 21:20:00,0.9853416
4556,2013-12-20 21:30:00,0.92530376
4556,2013-12-20 21:30:00,1.9134525
4556,2013-12-20 21:30:00,664.9943
4556,2013-12-20 21:30:00,1.9706832
4556,2013-12-20 21:30:00,0.9853416
4556,2013-12-20 21:40:00,0.005614156
4556,2013-12-20 21:40:00,0.9853416
4556,2013-12-20 21:40:00,1.9706832
4556,2013-12-20 21:40:00,750.9191
4556,2013-12-20 21:40:00,1.9734904
4556,2013-12-20 21:50:00,0.9853416
4556,2013-12-20 21:50:00,772.6591
4556,2013-12-20 21:50:00,1.8506075
4556,2013-12-20 21:50:00,3.9413664
4556,2013-12-20 22:00:00,0.002807078
4556,2013-12-20 22:00:00,682.26483
4556,2013-12-20 22:00:00,0.92530376
4556,2013-12-20 22:00:00,0.9853416
4556,2013-12-20 22:00:00,0.9853416
4556,2013-12-20 22:10:00,698.3672
4556,2013-12-20 22:10:00,0.9853416
4556,2013-12-20 22:20:00,677.3324
4556,2013-12-20 22:20:00,0.9853416
4556,2013-12-20 22:20:00,0.9881487
4556,2013-12-20 22:30:00,685.3204
4556,2013-12-20 22:40:00,0.002807078
4556,2013-12-20 22:40:00,705.3048
4556,2013-12-20 22:40:00,0.9853416
4556,2013-12-20 22:40:00,0.9853416
4556,2013-12-20 22:40:00,0.99376285
4556,2013-12-20 22:50:00,0.92530376
4556,2013-12-20 22:50:00,667.6771
4556,2013-12-20 22:50:00,0.92530376
4556,2013-12-20 22:50:00,0.9881487
4556,2013-12-20 23:00:00,0.92530376
4556,2013-12-20 23:00:00,0.9853416
4556,2013-12-20 23:00:00,0.92530376
4556,2013-12-20 23:00:00,1.8506075
4556,2013-12-20 23:00:00,647.93054
4556,2013-12-20 23:00:00,1.9106454
4556,2013-12-20 23:00:00,0.9881487
4556,2013-12-20 23:10:00,0.002807078
4556,2013-12-20 23:10:00,582.1856
4556,2013-12-20 23:10:00,0.9853416
4556,2013-12-20 23:20:00,1.8506075
4556,2013-12-20 23:20:00,562.5811
4556,2013-12-20 23:20:00,0.9853416
4556,2013-12-20 23:20:00,0.002807078
4556,2013-12-20 23:30:00,529.13684
4556,2013-12-20 23:30:00,0.005614156
4556,2013-12-20 23:30:00,1.9706832
4556,2013-12-20 23:40:00,1.9706832
4556,2013-12-20 23:40:00,618.8397
4556,2013-12-20 23:40:00,0.9853416
4556,2013-12-20 23:40:00,0.002807078
4556,2013-12-20 23:50:00,0.002807078
4556,2013-12-20 23:50:00,533.7282
4556,2013-12-21 00:00:00,538.12317
4556,2013-12-21 00:00:00,0.92811084
4556,2013-12-21 00:10:00,1.9106454
4556,2013-12-21 00:10:00,558.52295
4556,2013-12-21 00:20:00,483.8452
4556,2013-12-21 00:30:00,450.96313
4556,2013-12-21 00:40:00,476.75726
4556,2013-12-21 00:50:00,379.80597
4556,2013-12-21 00:50:00,0.9853416
4556,2013-12-21 01:00:00,0.9853416
4556,2013-12-21 01:00:00,397.98203
4556,2013-12-21 01:10:00,2.8359492
4556,2013-12-21 01:10:00,393.68457
4556,2013-12-21 01:20:00,355.01077
4556,2013-12-21 01:30:00,394.71472
4556,2013-12-21 01:30:00,0.9853416
4556,2013-12-21 01:40:00,314.64346
4556,2013-12-21 01:50:00,334.30435
4556,2013-12-21 02:00:00,0.9853416
4556,2013-12-21 02:00:00,315.9015
4556,2013-12-21 02:10:00,330.4271
4556,2013-12-21 02:20:00,1.9106454
4556,2013-12-21 02:20:00,308.16708
4556,2013-12-21 02:30:00,286.27527
4556,2013-12-21 02:40:00,273.79263
4556,2013-12-21 02:40:00,0.9853416
4556,2013-12-21 02:50:00,235.90215
4556,2013-12-21 03:00:00,0.9853416
4556,2013-12-21 03:00:00,258.12213
4556,2013-12-21 03:10:00,255.00041
4556,2013-12-21 03:20:00,240.25096
4556,2013-12-21 03:20:00,0.9853416
4556,2013-12-21 03:30:00,237.46098
4556,2013-12-21 03:40:00,235.60945
4556,2013-12-21 03:50:00,215.05139
4556,2013-12-21 04:00:00,211.82298
4556,2013-12-21 04:10:00,200.58992
4556,2013-12-21 04:20:00,205.18109
4556,2013-12-21 04:30:00,1.8506075
4556,2013-12-21 04:30:00,222.90846
4556,2013-12-21 04:40:00,198.0248
4556,2013-12-21 04:50:00,207.31096
4556,2013-12-21 05:00:00,197.57382
4556,2013-12-21 05:10:00,188.43677
4556,2013-12-21 05:20:00,206.90225
4556,2013-12-21 05:30:00,217.87476
4556,2013-12-21 05:40:00,0.9853416
4556,2013-12-21 05:40:00,221.23271
4556,2013-12-21 05:50:00,1.9106454
4556,2013-12-21 05:50:00,207.21739
4556,2013-12-21 06:00:00,0.92530376
4556,2013-12-21 06:00:00,208.70834
4556,2013-12-21 06:10:00,0.92530376
4556,2013-12-21 06:10:00,194.63725
4556,2013-12-21 06:10:00,0.92530376
4556,2013-12-21 06:20:00,205.70198
4556,2013-12-21 06:20:00,0.9853416
4556,2013-12-21 06:30:00,0.9853416
4556,2013-12-21 06:30:00,239.18924
4556,2013-12-21 06:40:00,0.92530376
4556,2013-12-21 06:40:00,215.8513
4556,2013-12-21 06:50:00,235.83798
4556,2013-12-21 06:50:00,0.9853416
4556,2013-12-21 07:00:00,4.8066325
4556,2013-12-21 07:00:00,235.8423
4556,2013-12-21 07:10:00,0.0252637
4556,2013-12-21 07:10:00,4.6265187
4556,2013-12-21 07:10:00,221.6614
4556,2013-12-21 07:20:00,225.74088
4556,2013-12-21 07:20:00,0.92530376
4556,2013-12-21 07:20:00,0.9853416
4556,2013-12-21 07:30:00,0.92530376
4556,2013-12-21 07:30:00,241.00598
4556,2013-12-21 07:40:00,289.68628
4556,2013-12-21 07:40:00,0.9853416
4556,2013-12-21 07:50:00,289.82452
4556,2013-12-21 08:00:00,305.0378
4556,2013-12-21 08:10:00,5.6118603
4556,2013-12-21 08:10:00,328.91876
4556,2013-12-21 08:20:00,2.7759113
4556,2013-12-21 08:20:00,318.53693
4556,2013-12-21 08:30:00,327.65338
4556,2013-12-21 08:40:00,356.30713
4556,2013-12-21 08:40:00,0.92530376
4556,2013-12-21 08:50:00,13.21534
4556,2013-12-21 08:50:00,336.5531
4556,2013-12-21 09:00:00,0.9853416
4556,2013-12-21 09:00:00,16.270504
4556,2013-12-21 09:00:00,413.47296
4556,2013-12-21 09:00:00,1.9106454
4556,2013-12-21 09:10:00,15.285163
4556,2013-12-21 09:10:00,384.12952
4556,2013-12-21 09:10:00,0.9853416
4556,2013-12-21 09:20:00,0.9853416
4556,2013-12-21 09:20:00,14.299821
4556,2013-12-21 09:20:00,361.9054
4556,2013-12-21 09:20:00,0.92530376
4556,2013-12-21 09:20:00,0.9853416
4556,2013-12-21 09:30:00,0.9853416
4556,2013-12-21 09:30:00,14.200682
4556,2013-12-21 09:30:00,345.63406
4556,2013-12-21 09:40:00,0.9853416
4556,2013-12-21 09:40:00,0.92530376
4556,2013-12-21 09:40:00,395.04474
4556,2013-12-21 09:50:00,1.8506075
4556,2013-12-21 09:50:00,408.51187
4556,2013-12-21 09:50:00,0.9853416
4556,2013-12-21 10:00:00,3.701215
4556,2013-12-21 10:00:00,422.18118
4556,2013-12-21 10:00:00,0.002807078
4556,2013-12-21 10:10:00,1.8506075
4556,2013-12-21 10:10:00,485.03833
4556,2013-12-21 10:20:00,1.8506075
4556,2013-12-21 10:20:00,400.6715
4556,2013-12-21 10:20:00,0.92530376
4556,2013-12-21 10:30:00,433.78265
4556,2013-12-21 10:30:00,0.92530376
4556,2013-12-21 10:40:00,494.02948
4556,2013-12-21 10:40:00,0.92530376
4556,2013-12-21 10:40:00,1.8506075
4556,2013-12-21 10:50:00,0.9853416
4556,2013-12-21 10:50:00,463.4216
4556,2013-12-21 10:50:00,0.92530376
4556,2013-12-21 10:50:00,0.92530376
4556,2013-12-21 10:50:00,3.701215
4556,2013-12-21 11:00:00,0.9853416
4556,2013-12-21 11:00:00,5.731936
4556,2013-12-21 11:00:00,481.37042
4556,2013-12-21 11:00:00,5.6118603
4556,2013-12-21 11:10:00,0.9853416
4556,2013-12-21 11:10:00,0.92530376
4556,2013-12-21 11:10:00,468.72272
4556,2013-12-21 11:10:00,1.9106454
4556,2013-12-21 11:20:00,2.956025
4556,2013-12-21 11:20:00,467.3046
4556,2013-12-21 11:30:00,0.92530376
4556,2013-12-21 11:30:00,460.5546
4556,2013-12-21 11:30:00,0.9853416
4556,2013-12-21 11:40:00,1.8506075
4556,2013-12-21 11:40:00,1.9734904
4556,2013-12-21 11:40:00,491.65536
4556,2013-12-21 11:50:00,2.956025
4556,2013-12-21 11:50:00,478.05157
4556,2013-12-21 12:00:00,0.9853416
4556,2013-12-21 12:00:00,493.60617
4556,2013-12-21 12:10:00,460.18866
4556,2013-12-21 12:10:00,0.002807078
4556,2013-12-21 12:20:00,0.9853416
4556,2013-12-21 12:20:00,491.8601
4556,2013-12-21 12:30:00,0.9853416
4556,2013-12-21 12:30:00,516.28015
4556,2013-12-21 12:40:00,1.9106454
4556,2013-12-21 12:40:00,508.053
4556,2013-12-21 12:40:00,0.002807078
4556,2013-12-21 12:40:00,0.92530376
4556,2013-12-21 12:50:00,490.38278
4556,2013-12-21 12:50:00,0.92530376
4556,2013-12-21 13:00:00,0.002807078
4556,2013-12-21 13:00:00,550.74524
4556,2013-12-21 13:00:00,2.895987
4556,2013-12-21 13:00:00,0.82616407
4556,2013-12-21 13:10:00,513.08716
4556,2013-12-21 13:20:00,538.64996
4556,2013-12-21 13:20:00,2.895987
4556,2013-12-21 13:30:00,0.82616407
4556,2013-12-21 13:30:00,536.5745
4556,2013-12-21 13:30:00,0.9853416
4556,2013-12-21 13:40:00,1.9106454
4556,2013-12-21 13:40:00,571.01355
4556,2013-12-21 13:40:00,0.92530376
4556,2013-12-21 13:50:00,0.002807078
4556,2013-12-21 13:50:00,562.04956
4556,2013-12-21 14:00:00,517.07324
4556,2013-12-21 14:00:00,0.9853416
4556,2013-12-21 14:10:00,542.85583
4556,2013-12-21 14:10:00,0.9853416
4556,2013-12-21 14:20:00,0.9853416
4556,2013-12-21 14:20:00,492.12204
4556,2013-12-21 14:20:00,0.92530376
4556,2013-12-21 14:30:00,0.9853416
4556,2013-12-21 14:30:00,517.78064
4556,2013-12-21 14:30:00,1.9134525
4556,2013-12-21 14:30:00,0.9853416
4556,2013-12-21 14:40:00,1.9706832
4556,2013-12-21 14:40:00,0.9853416
4556,2013-12-21 14:40:00,527.5603
4556,2013-12-21 14:50:00,0.002807078
4556,2013-12-21 14:50:00,0.92530376
4556,2013-12-21 14:50:00,479.358
4556,2013-12-21 14:50:00,0.92530376
4556,2013-12-21 15:00:00,0.92530376
4556,2013-12-21 15:00:00,1.9106454
4556,2013-12-21 15:00:00,563.60254
4556,2013-12-21 15:10:00,1.7514678
4556,2013-12-21 15:10:00,0.9853416
4556,2013-12-21 15:10:00,515.65015
4556,2013-12-21 15:20:00,1.9106454
4556,2013-12-21 15:20:00,1.9706832
4556,2013-12-21 15:20:00,0.92530376
4556,2013-12-21 15:20:00,561.78015
4556,2013-12-21 15:30:00,0.92530376
4556,2013-12-21 15:30:00,1.9706832
4556,2013-12-21 15:30:00,533.42175
4556,2013-12-21 15:30:00,1.7514678
4556,2013-12-21 15:30:00,0.002807078
4556,2013-12-21 15:40:00,0.9853416
4556,2013-12-21 15:40:00,551.92426
4556,2013-12-21 15:50:00,0.9853416
4556,2013-12-21 15:50:00,481.01483
4556,2013-12-21 15:50:00,4.686557
4556,2013-12-21 16:00:00,2.7368095
4556,2013-12-21 16:00:00,469.26096
4556,2013-12-21 16:00:00,0.92530376
4556,2013-12-21 16:10:00,1.9706832
4556,2013-12-21 16:10:00,0.002807078
4556,2013-12-21 16:10:00,479.66232
4556,2013-12-21 16:10:00,0.92530376
4556,2013-12-21 16:20:00,1.9706832
4556,2013-12-21 16:20:00,452.72577
4556,2013-12-21 16:30:00,449.8153
4556,2013-12-21 16:30:00,0.92530376
4556,2013-12-21 16:40:00,0.92530376
4556,2013-12-21 16:40:00,0.9853416
4556,2013-12-21 16:40:00,444.52853
4556,2013-12-21 16:50:00,0.9853416
4556,2013-12-21 16:50:00,466.4486
4556,2013-12-21 17:00:00,0.9853416
4556,2013-12-21 17:00:00,479.03064
4556,2013-12-21 17:00:00,0.002807078
4556,2013-12-21 17:10:00,0.002807078
4556,2013-12-21 17:10:00,473.67395
4556,2013-12-21 17:10:00,0.92530376
4556,2013-12-21 17:20:00,482.3924
4556,2013-12-21 17:20:00,1.8506075
4556,2013-12-21 17:20:00,0.002807078
4556,2013-12-21 17:20:00,0.92530376
4556,2013-12-21 17:30:00,1.9706832
4556,2013-12-21 17:30:00,0.92530376
4556,2013-12-21 17:30:00,487.16574
4556,2013-12-21 17:30:00,3.8212907
4556,2013-12-21 17:40:00,1.9106454
4556,2013-12-21 17:40:00,529.4862
4556,2013-12-21 17:50:00,0.92530376
4556,2013-12-21 17:50:00,0.92530376
4556,2013-12-21 17:50:00,507.5752
4556,2013-12-21 17:50:00,1.6523281
4556,2013-12-21 18:00:00,0.002807078
4556,2013-12-21 18:00:00,0.92530376
4556,2013-12-21 18:00:00,508.45206
4556,2013-12-21 18:00:00,0.92530376
4556,2013-12-21 18:00:00,0.9853416
4556,2013-12-21 18:10:00,0.92530376
4556,2013-12-21 18:10:00,493.42987
4556,2013-12-21 18:10:00,0.82616407
4556,2013-12-21 18:20:00,1.8506075
4556,2013-12-21 18:20:00,512.2628
4556,2013-12-21 18:20:00,1.9106454
4556,2013-12-21 18:30:00,1.9706832
4556,2013-12-21 18:30:00,515.5848
4556,2013-12-21 18:30:00,0.9853416
4556,2013-12-21 18:40:00,0.9853416
4556,2013-12-21 18:40:00,2.7759113
4556,2013-12-21 18:40:00,526.8476
4556,2013-12-21 18:40:00,0.002807078
4556,2013-12-21 18:40:00,0.9853416
4556,2013-12-21 18:50:00,531.3
4556,2013-12-21 18:50:00,0.002807078
4556,2013-12-21 18:50:00,0.9853416
4556,2013-12-21 19:00:00,554.862
4556,2013-12-21 19:10:00,621.6243
4556,2013-12-21 19:10:00,3.76406
4556,2013-12-21 19:20:00,1.9706832
4556,2013-12-21 19:20:00,657.1921
4556,2013-12-21 19:20:00,0.9853416
4556,2013-12-21 19:20:00,2.6767716
4556,2013-12-21 19:30:00,0.9853416
4556,2013-12-21 19:30:00,0.02807078
4556,2013-12-21 19:30:00,597.0555
4556,2013-12-21 19:30:00,0.92530376
4556,2013-12-21 19:40:00,0.92530376
4556,2013-12-21 19:40:00,0.008421234
4556,2013-12-21 19:40:00,692.8383
4556,2013-12-21 19:40:00,0.002807078
4556,2013-12-21 19:40:00,0.92530376
4556,2013-12-21 19:50:00,726.3669
4556,2013-12-21 19:50:00,0.82616407
4556,2013-12-21 19:50:00,0.92530376
4556,2013-12-21 20:00:00,693.97424
4556,2013-12-21 20:00:00,1.8506075
4556,2013-12-21 20:10:00,1.8506075
4556,2013-12-21 20:10:00,679.93896
4556,2013-12-21 20:10:00,0.92530376
4556,2013-12-21 20:20:00,748.72577
4556,2013-12-21 20:30:00,1.8506075
4556,2013-12-21 20:30:00,731.11884
4556,2013-12-21 20:30:00,1.9106454
4556,2013-12-21 20:40:00,0.92530376
4556,2013-12-21 20:40:00,725.4112
4556,2013-12-21 20:40:00,1.9106454
4556,2013-12-21 20:40:00,1.9134525
4556,2013-12-21 20:40:00,0.92530376
4556,2013-12-21 20:50:00,0.92530376
4556,2013-12-21 20:50:00,714.01117
4556,2013-12-21 20:50:00,2.895987
4556,2013-12-21 20:50:00,1.9106454
4556,2013-12-21 21:00:00,3.701215
4556,2013-12-21 21:00:00,0.9853416
4556,2013-12-21 21:00:00,690.7601
4556,2013-12-21 21:00:00,5.791974
4556,2013-12-21 21:00:00,0.002807078
4556,2013-12-21 21:00:00,0.92530376
4556,2013-12-21 21:10:00,1.8506075
4556,2013-12-21 21:10:00,2.8359492
4556,2013-12-21 21:10:00,3.7612529
4556,2013-12-21 21:10:00,793.24567
4556,2013-12-21 21:10:00,3.8869429
4556,2013-12-21 21:10:00,0.002807078
4556,2013-12-21 21:10:00,1.8506075
4556,2013-12-21 21:20:00,0.92530376
4556,2013-12-21 21:20:00,775.4918
4556,2013-12-21 21:20:00,5.734743
4556,2013-12-21 21:30:00,0.9853416
4556,2013-12-21 21:30:00,0.92530376
4556,2013-12-21 21:30:00,761.68555
4556,2013-12-21 21:30:00,0.9853416
4556,2013-12-21 21:40:00,779.38043
4556,2013-12-21 21:40:00,0.9853416
4556,2013-12-21 21:40:00,0.9853416
4556,2013-12-21 21:40:00,0.92530376
4556,2013-12-21 21:40:00,0.92530376
4556,2013-12-21 21:50:00,0.92811084
4556,2013-12-21 21:50:00,3.8212907
4556,2013-12-21 21:50:00,745.8361
4556,2013-12-21 21:50:00,0.92530376
4556,2013-12-21 22:00:00,1.8506075
4556,2013-12-21 22:00:00,0.92530376
4556,2013-12-21 22:00:00,764.7826
4556,2013-12-21 22:00:00,0.92811084
4556,2013-12-21 22:00:00,1.9106454
4556,2013-12-21 22:00:00,0.92530376
4556,2013-12-21 22:00:00,0.002807078
4556,2013-12-21 22:10:00,0.002807078
4556,2013-12-21 22:10:00,754.51355
4556,2013-12-21 22:20:00,0.002807078
4556,2013-12-21 22:20:00,1.9106454
4556,2013-12-21 22:20:00,751.8736
4556,2013-12-21 22:20:00,0.92530376
4556,2013-12-21 22:30:00,704.2412
4556,2013-12-21 22:30:00,0.9309179
4556,2013-12-21 22:30:00,0.92530376
4556,2013-12-21 22:40:00,717.2027
4556,2013-12-21 22:40:00,0.92530376
4556,2013-12-21 22:40:00,0.002807078
4556,2013-12-21 22:50:00,767.9417
4556,2013-12-21 22:50:00,0.002807078
4556,2013-12-21 22:50:00,2.895987
4556,2013-12-21 23:00:00,1.9106454
4556,2013-12-21 23:00:00,807.168
4556,2013-12-21 23:00:00,0.002807078
4556,2013-12-21 23:00:00,2.8359492
4556,2013-12-21 23:00:00,0.9853416
4556,2013-12-21 23:10:00,728.02625
4556,2013-12-21 23:10:00,0.82616407
4556,2013-12-21 23:20:00,1.7514678
4556,2013-12-21 23:20:00,0.82616407
4556,2013-12-21 23:20:00,721.80945
4556,2013-12-21 23:20:00,3.8212907
4556,2013-12-21 23:30:00,753.8717
4556,2013-12-21 23:30:00,0.92530376
4556,2013-12-21 23:40:00,0.002807078
4556,2013-12-21 23:40:00,707.41455
4556,2013-12-21 23:40:00,0.92530376
4556,2013-12-21 23:40:00,0.002807078
4556,2013-12-21 23:50:00,0.92530376
4556,2013-12-21 23:50:00,1.8506075
4556,2013-12-21 23:50:00,1.9106454
4556,2013-12-21 23:50:00,773.73615
4556,2013-12-21 23:50:00,0.008421234
4556,2013-12-21 23:50:00,4.686557
4556,2013-12-22 00:00:00,0.92530376
4556,2013-12-22 00:00:00,624.84283
4556,2013-12-22 00:00:00,2.7759113
4556,2013-12-22 00:00:00,1.9106454
4556,2013-12-22 00:00:00,0.9853416
4556,2013-12-22 00:10:00,1.9106454
4556,2013-12-22 00:10:00,624.012
4556,2013-12-22 00:10:00,0.9853416
4556,2013-12-22 00:10:00,0.9853416
4556,2013-12-22 00:20:00,0.002807078
4556,2013-12-22 00:20:00,1.9106454
4556,2013-12-22 00:20:00,612.07294
4556,2013-12-22 00:20:00,0.002807078
4556,2013-12-22 00:30:00,0.9853416
4556,2013-12-22 00:30:00,1.9106454
4556,2013-12-22 00:30:00,558.2449
4556,2013-12-22 00:30:00,0.002807078
4556,2013-12-22 00:40:00,3.8212907
4556,2013-12-22 00:40:00,520.8093
4556,2013-12-22 00:40:00,1.9106454
4556,2013-12-22 00:50:00,0.002807078
4556,2013-12-22 00:50:00,1.9106454
4556,2013-12-22 00:50:00,464.2946
4556,2013-12-22 00:50:00,0.002807078
4556,2013-12-22 01:00:00,0.002807078
4556,2013-12-22 01:00:00,440.17978
4556,2013-12-22 01:00:00,0.92530376
4556,2013-12-22 01:10:00,427.17377
4556,2013-12-22 01:10:00,0.9853416
4556,2013-12-22 01:20:00,383.8255
4556,2013-12-22 01:20:00,0.005614156
4556,2013-12-22 01:20:00,0.92530376
4556,2013-12-22 01:30:00,330.11774
4556,2013-12-22 01:30:00,0.002807078
4556,2013-12-22 01:30:00,0.92530376
4556,2013-12-22 01:30:00,0.92530376
4556,2013-12-22 01:40:00,1.9106454
4556,2013-12-22 01:40:00,358.84872
4556,2013-12-22 01:40:00,0.92530376
4556,2013-12-22 01:50:00,335.9767
4556,2013-12-22 02:00:00,307.4803
4556,2013-12-22 02:00:00,0.9853416
4556,2013-12-22 02:10:00,339.26306
4556,2013-12-22 02:10:00,0.92530376
4556,2013-12-22 02:20:00,270.6593
4556,2013-12-22 02:20:00,0.92530376
4556,2013-12-22 02:30:00,224.85353
4556,2013-12-22 02:40:00,228.12
4556,2013-12-22 02:50:00,222.26149
4556,2013-12-22 03:00:00,234.44397
4556,2013-12-22 03:00:00,0.92530376
4556,2013-12-22 03:10:00,221.28842
4556,2013-12-22 03:20:00,215.12148
4556,2013-12-22 03:30:00,218.00024
4556,2013-12-22 03:30:00,0.92530376
4556,2013-12-22 03:40:00,183.118
4556,2013-12-22 03:50:00,175.36095
4556,2013-12-22 04:00:00,181.11102
4556,2013-12-22 04:10:00,171.16031
4556,2013-12-22 04:20:00,0.9853416
4556,2013-12-22 04:20:00,150.57042
4556,2013-12-22 04:30:00,1.9106454
4556,2013-12-22 04:30:00,163.97557
4556,2013-12-22 04:40:00,0.92530376
4556,2013-12-22 04:40:00,143.11766
4556,2013-12-22 04:50:00,6.7172775
4556,2013-12-22 04:50:00,151.41603
4556,2013-12-22 04:50:00,0.002807078
4556,2013-12-22 05:00:00,7.6425815
4556,2013-12-22 05:00:00,158.13199
4556,2013-12-22 05:10:00,1.9106454
4556,2013-12-22 05:10:00,145.9968
4556,2013-12-22 05:20:00,5.731936
4556,2013-12-22 05:20:00,198.84535
4556,2013-12-22 05:30:00,6.65724
4556,2013-12-22 05:30:00,177.52704
4556,2013-12-22 05:40:00,159.7787
4556,2013-12-22 05:50:00,0.9853416
4556,2013-12-22 05:50:00,166.11485
4556,2013-12-22 06:00:00,4.7465944
4556,2013-12-22 06:00:00,192.6981
4556,2013-12-22 06:10:00,4.8066325
4556,2013-12-22 06:10:00,184.59183
4556,2013-12-22 06:10:00,0.9853416
4556,2013-12-22 06:20:00,0.92530376
4556,2013-12-22 06:20:00,188.87648
4556,2013-12-22 06:30:00,0.9853416
4556,2013-12-22 06:30:00,197.6263
4556,2013-12-22 06:40:00,0.92530376
4556,2013-12-22 06:40:00,182.36719
4556,2013-12-22 06:50:00,0.005614156
4556,2013-12-22 06:50:00,2.895987
4556,2013-12-22 06:50:00,214.48979
4556,2013-12-22 07:00:00,6.477126
4556,2013-12-22 07:00:00,199.11073
4556,2013-12-22 07:10:00,200.26628
4556,2013-12-22 07:20:00,220.84233
4556,2013-12-22 07:30:00,1.8506075
4556,2013-12-22 07:30:00,237.01466
4556,2013-12-22 07:40:00,236.31548
4556,2013-12-22 07:50:00,214.67894
4556,2013-12-22 08:00:00,226.08704
4556,2013-12-22 08:00:00,0.92530376
4556,2013-12-22 08:10:00,3.8212907
4556,2013-12-22 08:10:00,245.21538
4556,2013-12-22 08:20:00,240.16078
4556,2013-12-22 08:20:00,0.92530376
4556,2013-12-22 08:30:00,2.8359492
4556,2013-12-22 08:30:00,260.63464
4556,2013-12-22 08:30:00,0.9853416
4556,2013-12-22 08:40:00,0.002807078
4556,2013-12-22 08:40:00,241.8243
4556,2013-12-22 08:40:00,1.9706832
4556,2013-12-22 08:40:00,0.002807078
4556,2013-12-22 08:50:00,0.019649545
4556,2013-12-22 08:50:00,248.3609
4556,2013-12-22 08:50:00,0.92530376
4556,2013-12-22 08:50:00,1.7514678
4556,2013-12-22 09:00:00,2.6767716
4556,2013-12-22 09:00:00,261.5186
4556,2013-12-22 09:00:00,0.92530376
4556,2013-12-22 09:10:00,0.9853416
4556,2013-12-22 09:10:00,0.92530376
4556,2013-12-22 09:10:00,240.64616
4556,2013-12-22 09:20:00,0.92530376
4556,2013-12-22 09:20:00,273.2663
4556,2013-12-22 09:20:00,1.9106454
4556,2013-12-22 09:20:00,1.9706832
4556,2013-12-22 09:30:00,286.4594
4556,2013-12-22 09:30:00,1.9106454
4556,2013-12-22 09:30:00,0.9853416
4556,2013-12-22 09:30:00,0.9853416
4556,2013-12-22 09:40:00,263.3369
4556,2013-12-22 09:40:00,3.8212907
4556,2013-12-22 09:40:00,0.9853416
4556,2013-12-22 09:40:00,0.9853416
4556,2013-12-22 09:40:00,1.9106454
4556,2013-12-22 09:50:00,292.2826
4556,2013-12-22 09:50:00,0.9853416
4556,2013-12-22 09:50:00,1.9706832
4556,2013-12-22 10:00:00,315.1501
4556,2013-12-22 10:00:00,1.9106454
4556,2013-12-22 10:10:00,305.31464
4556,2013-12-22 10:10:00,0.9853416
4556,2013-12-22 10:20:00,0.9853416
4556,2013-12-22 10:20:00,0.92530376
4556,2013-12-22 10:20:00,296.27835
4556,2013-12-22 10:30:00,0.005614156
4556,2013-12-22 10:30:00,2.6767716
4556,2013-12-22 10:30:00,338.22675
4556,2013-12-22 10:40:00,0.92811084
4556,2013-12-22 10:40:00,1.8506075
4556,2013-12-22 10:40:00,338.5298
4556,2013-12-22 10:50:00,307.95004
4556,2013-12-22 10:50:00,0.9853416
4556,2013-12-22 11:00:00,0.82616407
4556,2013-12-22 11:00:00,343.9028
4556,2013-12-22 11:00:00,0.92530376
4556,2013-12-22 11:10:00,0.9853416
4556,2013-12-22 11:10:00,0.002807078
4556,2013-12-22 11:10:00,324.4818
4556,2013-12-22 11:20:00,0.002807078
4556,2013-12-22 11:20:00,0.002807078
4556,2013-12-22 11:20:00,0.92530376
4556,2013-12-22 11:20:00,363.1608
4556,2013-12-22 11:30:00,0.002807078
4556,2013-12-22 11:30:00,423.71887
4556,2013-12-22 11:30:00,0.002807078
4556,2013-12-22 11:40:00,0.005614156
4556,2013-12-22 11:40:00,0.92530376
4556,2013-12-22 11:40:00,377.84485
4556,2013-12-22 11:50:00,0.9881487
4556,2013-12-22 11:50:00,374.80096
4556,2013-12-22 11:50:00,0.9853416
4556,2013-12-22 12:00:00,0.002807078
4556,2013-12-22 12:00:00,0.9853416
4556,2013-12-22 12:00:00,392.36053
4556,2013-12-22 12:10:00,3.7612529
4556,2013-12-22 12:10:00,388.45587
4556,2013-12-22 12:20:00,3.8212907
4556,2013-12-22 12:20:00,389.41016
4556,2013-12-22 12:20:00,2.7759113
4556,2013-12-22 12:30:00,0.002807078
4556,2013-12-22 12:30:00,408.8449
4556,2013-12-22 12:30:00,9.253037
4556,2013-12-22 12:40:00,1.7514678
4556,2013-12-22 12:40:00,425.72253
4556,2013-12-22 12:40:00,2.7759113
4556,2013-12-22 12:50:00,0.002807078
4556,2013-12-22 12:50:00,0.002807078
4556,2013-12-22 12:50:00,448.6557
4556,2013-12-22 13:00:00,2.7368095
4556,2013-12-22 13:00:00,434.14862
4556,2013-12-22 13:10:00,456.639
4556,2013-12-22 13:20:00,489.6568
4556,2013-12-22 13:20:00,0.9853416
4556,2013-12-22 13:30:00,496.71808
4556,2013-12-22 13:40:00,0.9853416
4556,2013-12-22 13:40:00,5.3535433
4556,2013-12-22 13:40:00,464.33768
4556,2013-12-22 13:50:00,0.9853416
4556,2013-12-22 13:50:00,0.9853416
4556,2013-12-22 13:50:00,1.9106454
4556,2013-12-22 13:50:00,498.45096
4556,2013-12-22 14:00:00,503.95193
4556,2013-12-22 14:10:00,1.9706832
4556,2013-12-22 14:10:00,468.92755
4556,2013-12-22 14:10:00,0.9853416
4556,2013-12-22 14:20:00,0.9853416
4556,2013-12-22 14:20:00,0.008421234
4556,2013-12-22 14:20:00,461.5012
4556,2013-12-22 14:30:00,448.43665
4556,2013-12-22 14:40:00,1.9706832
4556,2013-12-22 14:40:00,411.42288
4556,2013-12-22 14:50:00,1.9706832
4556,2013-12-22 14:50:00,391.82742
4556,2013-12-22 14:50:00,1.9106454
4556,2013-12-22 15:00:00,0.9853416
4556,2013-12-22 15:00:00,0.82616407
4556,2013-12-22 15:00:00,446.14355
4556,2013-12-22 15:10:00,0.9853416
4556,2013-12-22 15:10:00,0.9853416
4556,2013-12-22 15:10:00,0.022456624
4556,2013-12-22 15:10:00,488.20184
4556,2013-12-22 15:20:00,399.86932
4556,2013-12-22 15:20:00,2.7759113
4556,2013-12-22 15:20:00,0.9853416
4556,2013-12-22 15:30:00,432.14233
4556,2013-12-22 15:30:00,2.8359492
4556,2013-12-22 15:40:00,430.42343
4556,2013-12-22 15:40:00,0.92530376
4556,2013-12-22 15:40:00,1.9706832
4556,2013-12-22 15:50:00,403.0459
4556,2013-12-22 15:50:00,0.92530376
4556,2013-12-22 15:50:00,0.9853416
4556,2013-12-22 16:00:00,359.2278
4556,2013-12-22 16:00:00,6.65724
4556,2013-12-22 16:10:00,386.792
4556,2013-12-22 16:10:00,1.9106454
4556,2013-12-22 16:20:00,0.92530376
4556,2013-12-22 16:20:00,326.34116
4556,2013-12-22 16:20:00,1.9106454
4556,2013-12-22 16:20:00,0.82616407
4556,2013-12-22 16:30:00,431.5383
4556,2013-12-22 16:30:00,0.82616407
4556,2013-12-22 16:30:00,0.9853416
4556,2013-12-22 16:40:00,366.4132
4556,2013-12-22 16:50:00,0.9853416
4556,2013-12-22 16:50:00,384.38754
4556,2013-12-22 16:50:00,0.9853416
4556,2013-12-22 17:00:00,428.87726
4556,2013-12-22 17:00:00,1.9106454
4556,2013-12-22 17:10:00,386.8348
4556,2013-12-22 17:20:00,0.9853416
4556,2013-12-22 17:20:00,376.15726
4556,2013-12-22 17:30:00,409.97018
4556,2013-12-22 17:40:00,415.12463
4556,2013-12-22 17:40:00,0.92530376
4556,2013-12-22 17:50:00,366.84903
4556,2013-12-22 18:00:00,367.74384
4556,2013-12-22 18:10:00,436.90762
4556,2013-12-22 18:10:00,0.92811084
4556,2013-12-22 18:20:00,0.9853416
4556,2013-12-22 18:20:00,1.9106454
4556,2013-12-22 18:20:00,398.4377
4556,2013-12-22 18:30:00,0.002807078
4556,2013-12-22 18:30:00,385.59454
4556,2013-12-22 18:30:00,0.9853416
4556,2013-12-22 18:40:00,415.91705
4556,2013-12-22 18:40:00,2.7759113
4556,2013-12-22 18:40:00,1.9706832
4556,2013-12-22 18:40:00,0.92530376
4556,2013-12-22 18:50:00,439.07578
4556,2013-12-22 18:50:00,0.92530376
4556,2013-12-22 18:50:00,0.9853416
4556,2013-12-22 19:00:00,0.9853416
4556,2013-12-22 19:00:00,471.86145
4556,2013-12-22 19:00:00,0.9853416
4556,2013-12-22 19:00:00,1.8115057
4556,2013-12-22 19:10:00,5.731936
4556,2013-12-22 19:10:00,505.6421
4556,2013-12-22 19:10:00,0.9853416
4556,2013-12-22 19:20:00,421.94525
4556,2013-12-22 19:30:00,483.73074
4556,2013-12-22 19:30:00,7.483404
4556,2013-12-22 19:40:00,434.63452
4556,2013-12-22 19:40:00,0.92530376
4556,2013-12-22 19:40:00,11.145517
4556,2013-12-22 19:50:00,436.57993
4556,2013-12-22 19:50:00,3.8212907
4556,2013-12-22 20:00:00,427.72476
4556,2013-12-22 20:00:00,12.449214
4556,2013-12-22 20:10:00,445.3945
4556,2013-12-22 20:10:00,0.92530376
4556,2013-12-22 20:10:00,6.498062
4556,2013-12-22 20:10:00,0.92530376
4556,2013-12-22 20:20:00,421.433
4556,2013-12-22 20:20:00,0.9853416
4556,2013-12-22 20:20:00,0.92530376
4556,2013-12-22 20:30:00,447.93002
4556,2013-12-22 20:30:00,0.92530376
4556,2013-12-22 20:40:00,451.52634
4556,2013-12-22 20:40:00,1.9106454
4556,2013-12-22 20:40:00,0.002807078
4556,2013-12-22 20:50:00,522.0198
4556,2013-12-22 20:50:00,1.7514678
4556,2013-12-22 21:00:00,0.9853416
4556,2013-12-22 21:00:00,527.25586
4556,2013-12-22 21:00:00,0.002807078
4556,2013-12-22 21:00:00,0.92530376
4556,2013-12-22 21:10:00,473.68546
4556,2013-12-22 21:10:00,1.9106454
4556,2013-12-22 21:10:00,2.7759113
4556,2013-12-22 21:10:00,2.577632
4556,2013-12-22 21:20:00,511.98438
4556,2013-12-22 21:20:00,0.82616407
4556,2013-12-22 21:30:00,537.40686
4556,2013-12-22 21:30:00,0.92530376
4556,2013-12-22 21:40:00,547.1098
4556,2013-12-22 21:40:00,0.002807078
4556,2013-12-22 21:40:00,0.92530376
4556,2013-12-22 21:50:00,482.88812
4556,2013-12-22 22:00:00,0.92530376
4556,2013-12-22 22:00:00,441.62863
4556,2013-12-22 22:10:00,1.8506075
4556,2013-12-22 22:10:00,463.94406
4556,2013-12-22 22:20:00,3.701215
4556,2013-12-22 22:20:00,475.7676
4556,2013-12-22 22:30:00,1.8506075
4556,2013-12-22 22:30:00,0.002807078
4556,2013-12-22 22:30:00,479.49512
4556,2013-12-22 22:40:00,0.92530376
4556,2013-12-22 22:40:00,0.92530376
4556,2013-12-22 22:40:00,417.81482
4556,2013-12-22 22:40:00,1.9106454
4556,2013-12-22 22:50:00,1.8506075
4556,2013-12-22 22:50:00,405.80942
4556,2013-12-22 23:00:00,1.8506075
4556,2013-12-22 23:00:00,380.99084
4556,2013-12-22 23:10:00,1.8506075
4556,2013-12-22 23:10:00,347.36127
4556,2013-12-22 23:20:00,0.92530376
4556,2013-12-22 23:20:00,327.16394
4556,2013-12-22 23:30:00,0.92530376
4556,2013-12-22 23:30:00,341.7812
4556,2013-12-22 23:40:00,0.002807078
4556,2013-12-22 23:40:00,353.29785
4556,2013-12-22 23:50:00,0.9853416
4556,2013-12-22 23:50:00,340.2568
4556,2013-12-23 00:00:00,1.9706832
4556,2013-12-23 00:00:00,335.46887
4556,2013-12-23 00:00:00,1.9106454
4556,2013-12-23 00:10:00,0.9853416
4556,2013-12-23 00:10:00,307.1322
4556,2013-12-23 00:20:00,299.28555
4556,2013-12-23 00:30:00,1.9734904
4556,2013-12-23 00:30:00,0.002807078
4556,2013-12-23 00:30:00,304.0572
4556,2013-12-23 00:30:00,0.92530376
4556,2013-12-23 00:40:00,0.9853416
4556,2013-12-23 00:40:00,289.38086
4556,2013-12-23 00:50:00,0.005614156
4556,2013-12-23 00:50:00,1.9706832
4556,2013-12-23 00:50:00,276.037
4556,2013-12-23 01:00:00,0.9853416
4556,2013-12-23 01:00:00,267.68552
4556,2013-12-23 01:10:00,0.9853416
4556,2013-12-23 01:10:00,264.05276
4556,2013-12-23 01:10:00,0.92530376
4556,2013-12-23 01:10:00,1.9706832
4556,2013-12-23 01:20:00,0.9853416
4556,2013-12-23 01:20:00,220.06635
4556,2013-12-23 01:20:00,0.92530376
4556,2013-12-23 01:20:00,0.9853416
4556,2013-12-23 01:30:00,205.6047
4556,2013-12-23 01:40:00,188.17885
4556,2013-12-23 01:40:00,2.7759113
4556,2013-12-23 01:40:00,0.9853416
4556,2013-12-23 01:50:00,200.6419
4556,2013-12-23 01:50:00,9.253037
4556,2013-12-23 02:00:00,178.68134
4556,2013-12-23 02:00:00,2.7759113
4556,2013-12-23 02:10:00,167.50645
4556,2013-12-23 02:10:00,1.8506075
4556,2013-12-23 02:20:00,185.84265
4556,2013-12-23 02:20:00,0.9853416
4556,2013-12-23 02:30:00,171.42554
4556,2013-12-23 02:40:00,160.36664
4556,2013-12-23 02:50:00,177.90398
4556,2013-12-23 02:50:00,0.9853416
4556,2013-12-23 03:00:00,156.06815
4556,2013-12-23 03:10:00,146.367
4556,2013-12-23 03:10:00,0.002807078
4556,2013-12-23 03:20:00,167.69215
4556,2013-12-23 03:20:00,0.9853416
4556,2013-12-23 03:30:00,123.96966
4556,2013-12-23 03:40:00,155.7345
4556,2013-12-23 03:50:00,180.71892
4556,2013-12-23 04:00:00,140.6726
4556,2013-12-23 04:00:00,0.92530376
4556,2013-12-23 04:00:00,0.9853416
4556,2013-12-23 04:10:00,133.6892
4556,2013-12-23 04:20:00,156.16544
4556,2013-12-23 04:30:00,142.40315
4556,2013-12-23 04:30:00,0.9853416
4556,2013-12-23 04:40:00,131.45871
4556,2013-12-23 04:50:00,160.3176
4556,2013-12-23 05:00:00,136.58046
4556,2013-12-23 05:00:00,0.9853416
4556,2013-12-23 05:00:00,0.9853416
4556,2013-12-23 05:10:00,139.95404
4556,2013-12-23 05:20:00,161.50366
4556,2013-12-23 05:30:00,0.002807078
4556,2013-12-23 05:30:00,146.62805
4556,2013-12-23 05:40:00,144.70341
4556,2013-12-23 05:40:00,0.9853416
4556,2013-12-23 05:50:00,166.29903
4556,2013-12-23 06:00:00,0.005614156
4556,2013-12-23 06:00:00,165.11597
4556,2013-12-23 06:00:00,0.92530376
4556,2013-12-23 06:10:00,190.77458
4556,2013-12-23 06:10:00,0.9853416
4556,2013-12-23 06:20:00,219.00276
4556,2013-12-23 06:30:00,196.6182
4556,2013-12-23 06:40:00,211.04803
4556,2013-12-23 06:40:00,0.9853416
4556,2013-12-23 06:50:00,234.43333
4556,2013-12-23 07:00:00,251.63452
4556,2013-12-23 07:10:00,242.614
4556,2013-12-23 07:10:00,6.5581
4556,2013-12-23 07:10:00,0.9853416
4556,2013-12-23 07:20:00,274.85263
4556,2013-12-23 07:20:00,8.24953
4556,2013-12-23 07:30:00,309.97913
4556,2013-12-23 07:30:00,5.731936
4556,2013-12-23 07:40:00,253.47113
4556,2013-12-23 07:40:00,0.002807078
4556,2013-12-23 07:40:00,0.82616407
4556,2013-12-23 07:50:00,287.76868
4556,2013-12-23 07:50:00,3.6621132
4556,2013-12-23 07:50:00,0.9853416
4556,2013-12-23 07:50:00,0.002807078
4556,2013-12-23 08:00:00,311.34143
4556,2013-12-23 08:00:00,3.8212907
4556,2013-12-23 08:10:00,298.9696
4556,2013-12-23 08:10:00,0.9853416
4556,2013-12-23 08:20:00,307.0514
4556,2013-12-23 08:20:00,3.701215
4556,2013-12-23 08:20:00,0.9853416
4556,2013-12-23 08:30:00,0.022456624
4556,2013-12-23 08:30:00,342.43472
4556,2013-12-23 08:30:00,1.9106454
4556,2013-12-23 08:40:00,0.99095577
4556,2013-12-23 08:40:00,319.5309
4556,2013-12-23 08:40:00,1.9106454
4556,2013-12-23 08:40:00,0.9853416
4556,2013-12-23 08:50:00,0.005614156
4556,2013-12-23 08:50:00,338.93137
4556,2013-12-23 08:50:00,0.9853416
4556,2013-12-23 09:00:00,1.8506075
4556,2013-12-23 09:00:00,352.64786
4556,2013-12-23 09:10:00,310.1196
4556,2013-12-23 09:20:00,349.02493
4556,2013-12-23 09:30:00,392.11856
4556,2013-12-23 09:30:00,1.9706832
4556,2013-12-23 09:40:00,363.32294
4556,2013-12-23 09:40:00,0.9853416
4556,2013-12-23 09:50:00,334.4653
4556,2013-12-23 10:00:00,0.9853416
4556,2013-12-23 10:00:00,0.002807078
4556,2013-12-23 10:00:00,366.10538
4556,2013-12-23 10:00:00,1.9706832
4556,2013-12-23 10:10:00,391.43442
4556,2013-12-23 10:10:00,0.82616407
4556,2013-12-23 10:20:00,400.913
4556,2013-12-23 10:20:00,0.9853416
4556,2013-12-23 10:20:00,0.82616407
4556,2013-12-23 10:30:00,0.002807078
4556,2013-12-23 10:30:00,384.02094
4556,2013-12-23 10:30:00,0.9853416
4556,2013-12-23 10:40:00,410.5508
4556,2013-12-23 10:50:00,379.2377
4556,2013-12-23 11:00:00,399.2515
4556,2013-12-23 11:10:00,433.2429
4556,2013-12-23 11:10:00,0.9853416
4556,2013-12-23 11:10:00,7.40243
4556,2013-12-23 11:20:00,429.06485
4556,2013-12-23 11:20:00,0.92530376
4556,2013-12-23 11:30:00,431.29303
4556,2013-12-23 11:40:00,428.83887
4556,2013-12-23 11:40:00,0.92530376
4556,2013-12-23 11:40:00,0.9853416
4556,2013-12-23 11:50:00,452.13702
4556,2013-12-23 12:00:00,0.002807078
4556,2013-12-23 12:00:00,497.3326
4556,2013-12-23 12:00:00,0.92530376
4556,2013-12-23 12:10:00,1.9706832
4556,2013-12-23 12:10:00,452.42917
4556,2013-12-23 12:10:00,0.9853416
4556,2013-12-23 12:20:00,0.002807078
4556,2013-12-23 12:20:00,529.0789
4556,2013-12-23 12:30:00,466.80853
4556,2013-12-23 12:40:00,0.9853416
4556,2013-12-23 12:40:00,471.65314
4556,2013-12-23 12:40:00,1.9706832
4556,2013-12-23 12:50:00,516.41095
4556,2013-12-23 13:00:00,448.87314
4556,2013-12-23 13:00:00,0.92530376
4556,2013-12-23 13:00:00,0.99095577
4556,2013-12-23 13:10:00,0.9853416
4556,2013-12-23 13:10:00,491.2556
4556,2013-12-23 13:20:00,0.92530376
4556,2013-12-23 13:20:00,1.9706832
4556,2013-12-23 13:20:00,540.5041
4556,2013-12-23 13:20:00,0.9853416
4556,2013-12-23 13:30:00,0.92530376
4556,2013-12-23 13:30:00,0.9853416
4556,2013-12-23 13:30:00,499.19507
4556,2013-12-23 13:30:00,0.82616407
4556,2013-12-23 13:30:00,0.82616407
4556,2013-12-23 13:40:00,496.77646
4556,2013-12-23 13:50:00,0.82616407
4556,2013-12-23 13:50:00,511.17767
4556,2013-12-23 14:00:00,2.895987
4556,2013-12-23 14:00:00,420.90402
4556,2013-12-23 14:10:00,0.9853416
4556,2013-12-23 14:10:00,0.9853416
4556,2013-12-23 14:10:00,450.5864
4556,2013-12-23 14:20:00,444.4992
4556,2013-12-23 14:30:00,1.9706832
4556,2013-12-23 14:30:00,0.92811084
4556,2013-12-23 14:30:00,509.0201
4556,2013-12-23 14:30:00,0.002807078
4556,2013-12-23 14:40:00,413.03207
4556,2013-12-23 14:50:00,0.9853416
4556,2013-12-23 14:50:00,435.2045
4556,2013-12-23 14:50:00,1.9106454
4556,2013-12-23 15:00:00,403.8652
4556,2013-12-23 15:00:00,0.92530376
4556,2013-12-23 15:10:00,0.9853416
4556,2013-12-23 15:10:00,425.71115
4556,2013-12-23 15:20:00,0.9853416
4556,2013-12-23 15:20:00,396.0782
4556,2013-12-23 15:20:00,0.92530376
4556,2013-12-23 15:30:00,2.956025
4556,2013-12-23 15:30:00,413.69394
4556,2013-12-23 15:40:00,0.002807078
4556,2013-12-23 15:40:00,0.002807078
4556,2013-12-23 15:40:00,424.13712
4556,2013-12-23 15:40:00,0.002807078
4556,2013-12-23 15:40:00,0.9853416
4556,2013-12-23 15:40:00,0.92530376
4556,2013-12-23 15:50:00,0.002807078
4556,2013-12-23 15:50:00,350.80856
4556,2013-12-23 15:50:00,0.92530376
4556,2013-12-23 16:00:00,0.002807078
4556,2013-12-23 16:00:00,0.9853416
4556,2013-12-23 16:00:00,434.28516
4556,2013-12-23 16:10:00,0.002807078
4556,2013-12-23 16:10:00,1.9106454
4556,2013-12-23 16:10:00,399.09543
4556,2013-12-23 16:20:00,432.2138
4556,2013-12-23 16:20:00,0.9853416
4556,2013-12-23 16:30:00,0.9853416
4556,2013-12-23 16:30:00,0.002807078
4556,2013-12-23 16:30:00,402.06662
4556,2013-12-23 16:30:00,0.9853416
4556,2013-12-23 16:40:00,390.16995
4556,2013-12-23 16:40:00,1.9706832
4556,2013-12-23 16:40:00,0.9853416
4556,2013-12-23 16:40:00,0.9853416
4556,2013-12-23 16:50:00,357.84473
4556,2013-12-23 16:50:00,0.9853416
4556,2013-12-23 17:00:00,0.82616407
4556,2013-12-23 17:00:00,404.3509
4556,2013-12-23 17:10:00,0.002807078
4556,2013-12-23 17:10:00,413.61322
4556,2013-12-23 17:20:00,1.9106454
4556,2013-12-23 17:20:00,0.9853416
4556,2013-12-23 17:20:00,0.002807078
4556,2013-12-23 17:20:00,425.9769
4556,2013-12-23 17:30:00,0.9853416
4556,2013-12-23 17:30:00,1.9106454
4556,2013-12-23 17:30:00,452.6109
4556,2013-12-23 17:40:00,1.9106454
4556,2013-12-23 17:40:00,356.32437
4556,2013-12-23 17:40:00,0.92530376
4556,2013-12-23 17:50:00,0.92530376
4556,2013-12-23 17:50:00,380.7247
4556,2013-12-23 17:50:00,0.9853416
4556,2013-12-23 18:00:00,0.92530376
4556,2013-12-23 18:00:00,0.9853416
4556,2013-12-23 18:00:00,404.59695
4556,2013-12-23 18:00:00,0.002807078
4556,2013-12-23 18:10:00,355.8856
4556,2013-12-23 18:20:00,350.94
4556,2013-12-23 18:20:00,0.82616407
4556,2013-12-23 18:30:00,364.96512
4556,2013-12-23 18:30:00,2.8359492
4556,2013-12-23 18:30:00,0.9853416
4556,2013-12-23 18:30:00,0.92530376
4556,2013-12-23 18:40:00,433.34964
4556,2013-12-23 18:40:00,2.895987
4556,2013-12-23 18:40:00,0.92811084
4556,2013-12-23 18:50:00,355.11713
4556,2013-12-23 19:00:00,2.7759113
4556,2013-12-23 19:00:00,412.6563
4556,2013-12-23 19:00:00,0.92530376
4556,2013-12-23 19:10:00,426.4275
4556,2013-12-23 19:10:00,0.92530376
4556,2013-12-23 19:10:00,0.9853416
4556,2013-12-23 19:20:00,7.483404
4556,2013-12-23 19:20:00,0.02807078
4556,2013-12-23 19:20:00,406.00427
4556,2013-12-23 19:20:00,0.92530376
4556,2013-12-23 19:30:00,468.60037
4556,2013-12-23 19:30:00,1.9106454
4556,2013-12-23 19:30:00,0.92530376
4556,2013-12-23 19:40:00,0.92530376
4556,2013-12-23 19:40:00,471.80164
4556,2013-12-23 19:40:00,1.8506075
4556,2013-12-23 19:40:00,2.8359492
4556,2013-12-23 19:50:00,0.92530376
4556,2013-12-23 19:50:00,483.3523
4556,2013-12-23 19:50:00,0.9853416
4556,2013-12-23 19:50:00,0.9853416
4556,2013-12-23 20:00:00,0.82616407
4556,2013-12-23 20:00:00,436.83502
4556,2013-12-23 20:00:00,0.92530376
4556,2013-12-23 20:10:00,0.9853416
4556,2013-12-23 20:10:00,415.10226
4556,2013-12-23 20:20:00,475.46194
4556,2013-12-23 20:20:00,2.577632
4556,2013-12-23 20:20:00,1.9106454
4556,2013-12-23 20:30:00,0.92530376
4556,2013-12-23 20:30:00,508.1827
4556,2013-12-23 20:30:00,0.92530376
4556,2013-12-23 20:30:00,1.9106454
4556,2013-12-23 20:40:00,0.92530376
4556,2013-12-23 20:40:00,450.38327
4556,2013-12-23 20:40:00,0.9853416
4556,2013-12-23 20:40:00,2.895987
4556,2013-12-23 20:50:00,0.92530376
4556,2013-12-23 20:50:00,512.486
4556,2013-12-23 20:50:00,0.82616407
4556,2013-12-23 20:50:00,0.92530376
4556,2013-12-23 21:00:00,1.7514678
4556,2013-12-23 21:00:00,472.63257
4556,2013-12-23 21:00:00,2.895987
4556,2013-12-23 21:10:00,484.2474
4556,2013-12-23 21:10:00,0.92530376
4556,2013-12-23 21:10:00,3.7612529
4556,2013-12-23 21:20:00,0.92530376
4556,2013-12-23 21:20:00,427.52588
4556,2013-12-23 21:30:00,493.65234
4556,2013-12-23 21:30:00,1.9106454
4556,2013-12-23 21:40:00,489.76
4556,2013-12-23 21:40:00,0.9853416
4556,2013-12-23 21:40:00,0.9853416
4556,2013-12-23 21:50:00,375.32138
4556,2013-12-23 22:00:00,371.76886
4556,2013-12-23 22:00:00,0.82616407
4556,2013-12-23 22:10:00,417.96118
4556,2013-12-23 22:10:00,0.92530376
4556,2013-12-23 22:20:00,425.48682
4556,2013-12-23 22:30:00,406.0958
4556,2013-12-23 22:40:00,454.68683
4556,2013-12-23 22:40:00,1.8506075
4556,2013-12-23 22:50:00,388.51886
4556,2013-12-23 22:50:00,1.7514678
4556,2013-12-23 22:50:00,0.92530376
4556,2013-12-23 23:00:00,1.8506075
4556,2013-12-23 23:00:00,355.07736
4556,2013-12-23 23:10:00,400.3536
4556,2013-12-23 23:10:00,3.8212907
4556,2013-12-23 23:20:00,0.92530376
4556,2013-12-23 23:20:00,430.53867
4556,2013-12-23 23:20:00,0.9853416
4556,2013-12-23 23:30:00,402.55475
4556,2013-12-23 23:30:00,1.9106454
4556,2013-12-23 23:40:00,385.13013
4556,2013-12-23 23:40:00,3.8212907
4556,2013-12-23 23:50:00,368.69455
4556,2013-12-23 23:50:00,0.9853416
4556,2013-12-24 00:00:00,297.8189
4556,2013-12-24 00:10:00,279.81824
4556,2013-12-24 00:20:00,260.47723
4556,2013-12-24 00:30:00,246.19868
4556,2013-12-24 00:30:00,0.9853416
4556,2013-12-24 00:40:00,230.06305
4556,2013-12-24 00:40:00,0.9853416
4556,2013-12-24 00:50:00,220.02596
4556,2013-12-24 01:00:00,187.9596
4556,2013-12-24 01:10:00,192.1621
4556,2013-12-24 01:20:00,172.08
4556,2013-12-24 01:20:00,0.9853416
4556,2013-12-24 01:30:00,145.93544
4556,2013-12-24 01:30:00,0.92530376
4556,2013-12-24 01:40:00,159.29187
4556,2013-12-24 01:50:00,167.8835
4556,2013-12-24 01:50:00,0.9853416
4556,2013-12-24 02:00:00,205.38403
4556,2013-12-24 02:00:00,0.92530376
4556,2013-12-24 02:10:00,173.27336
4556,2013-12-24 02:20:00,154.2675
4556,2013-12-24 02:20:00,0.9853416
4556,2013-12-24 02:30:00,138.36545
4556,2013-12-24 02:40:00,136.9576
4556,2013-12-24 02:50:00,134.03932
4556,2013-12-24 03:00:00,142.69078
4556,2013-12-24 03:00:00,0.9853416
4556,2013-12-24 03:10:00,126.67579
4556,2013-12-24 03:20:00,114.4585
4556,2013-12-24 03:30:00,116.06744
4556,2013-12-24 03:30:00,0.9853416
4556,2013-12-24 03:40:00,117.42688
4556,2013-12-24 03:50:00,120.98163
4556,2013-12-24 04:00:00,113.562355
4556,2013-12-24 04:00:00,0.9853416
4556,2013-12-24 04:10:00,118.32712
4556,2013-12-24 04:20:00,116.09812
4556,2013-12-24 04:30:00,116.84608
4556,2013-12-24 04:30:00,0.9853416
4556,2013-12-24 04:30:00,0.9853416
4556,2013-12-24 04:40:00,110.85494
4556,2013-12-24 04:50:00,117.456436
4556,2013-12-24 05:00:00,109.96028
4556,2013-12-24 05:10:00,121.89851
4556,2013-12-24 05:10:00,0.9853416
4556,2013-12-24 05:20:00,132.31139
4556,2013-12-24 05:30:00,136.40909
4556,2013-12-24 05:30:00,0.9853416
4556,2013-12-24 05:40:00,125.99348
4556,2013-12-24 05:40:00,0.9853416
4556,2013-12-24 05:50:00,132.19693
4556,2013-12-24 06:00:00,169.31377
4556,2013-12-24 06:10:00,153.92577
4556,2013-12-24 06:10:00,0.9853416
4556,2013-12-24 06:20:00,158.41405
4556,2013-12-24 06:20:00,0.9853416
4556,2013-12-24 06:30:00,175.29279
4556,2013-12-24 06:40:00,165.76671
4556,2013-12-24 06:50:00,0.002807078
4556,2013-12-24 06:50:00,176.69958
4556,2013-12-24 06:50:00,0.9853416
4556,2013-12-24 07:00:00,170.25871
4556,2013-12-24 07:00:00,0.92530376
4556,2013-12-24 07:10:00,176.39719
4556,2013-12-24 07:10:00,2.8359492
4556,2013-12-24 07:20:00,207.55663
4556,2013-12-24 07:20:00,0.9853416
4556,2013-12-24 07:30:00,193.08925
4556,2013-12-24 07:30:00,2.6767716
4556,2013-12-24 07:40:00,209.94452
4556,2013-12-24 07:40:00,0.9853416
4556,2013-12-24 07:40:00,1.8115057
4556,2013-12-24 07:40:00,0.92530376
4556,2013-12-24 07:50:00,218.946
4556,2013-12-24 08:00:00,227.95633
4556,2013-12-24 08:10:00,236.21033
4556,2013-12-24 08:10:00,0.9853416
4556,2013-12-24 08:10:00,0.9881487
4556,2013-12-24 08:20:00,0.92530376
4556,2013-12-24 08:20:00,222.11122
4556,2013-12-24 08:20:00,0.9853416
4556,2013-12-24 08:20:00,0.002807078
4556,2013-12-24 08:30:00,0.999377
4556,2013-12-24 08:30:00,221.43991
4556,2013-12-24 08:30:00,0.9853416
4556,2013-12-24 08:40:00,267.3677
4556,2013-12-24 08:50:00,279.22507
4556,2013-12-24 08:50:00,0.92530376
4556,2013-12-24 09:00:00,361.53235
4556,2013-12-24 09:00:00,1.9706832
4556,2013-12-24 09:00:00,0.92530376
4556,2013-12-24 09:00:00,0.002807078
4556,2013-12-24 09:10:00,310.10037
4556,2013-12-24 09:10:00,0.9853416
4556,2013-12-24 09:10:00,0.9853416
4556,2013-12-24 09:10:00,1.8506075
4556,2013-12-24 09:20:00,264.3086
4556,2013-12-24 09:20:00,0.92530376
4556,2013-12-24 09:20:00,0.92530376
4556,2013-12-24 09:30:00,287.72455
4556,2013-12-24 09:30:00,0.002807078
4556,2013-12-24 09:30:00,0.92530376
4556,2013-12-24 09:40:00,297.1306
4556,2013-12-24 09:40:00,1.9106454
4556,2013-12-24 09:50:00,291.63803
4556,2013-12-24 09:50:00,0.9853416
4556,2013-12-24 09:50:00,0.92530376
4556,2013-12-24 10:00:00,1.9106454
4556,2013-12-24 10:00:00,341.19675
4556,2013-12-24 10:10:00,322.09644
4556,2013-12-24 10:20:00,336.2646
4556,2013-12-24 10:20:00,0.002807078
4556,2013-12-24 10:20:00,1.8506075
4556,2013-12-24 10:30:00,2.895987
4556,2013-12-24 10:30:00,336.50024
4556,2013-12-24 10:30:00,1.9106454
4556,2013-12-24 10:40:00,0.9853416
4556,2013-12-24 10:40:00,334.6012
4556,2013-12-24 10:40:00,0.82616407
4556,2013-12-24 10:50:00,1.9106454
4556,2013-12-24 10:50:00,299.29553
4556,2013-12-24 11:00:00,325.14096
4556,2013-12-24 11:10:00,324.8776
4556,2013-12-24 11:20:00,0.92530376
4556,2013-12-24 11:20:00,321.21393
4556,2013-12-24 11:20:00,0.9853416
4556,2013-12-24 11:30:00,1.9706832
4556,2013-12-24 11:30:00,338.96414
4556,2013-12-24 11:40:00,334.0231
4556,2013-12-24 11:40:00,0.92530376
4556,2013-12-24 11:40:00,0.9853416
4556,2013-12-24 11:50:00,1.9106454
4556,2013-12-24 11:50:00,0.9881487
4556,2013-12-24 11:50:00,324.43796
4556,2013-12-24 12:00:00,300.89752
4556,2013-12-24 12:10:00,313.2643
4556,2013-12-24 12:10:00,0.92530376
4556,2013-12-24 12:20:00,0.9853416
4556,2013-12-24 12:20:00,375.04788
4556,2013-12-24 12:30:00,357.0237
4556,2013-12-24 12:40:00,364.69968
4556,2013-12-24 12:40:00,7.0058713
4556,2013-12-24 12:50:00,0.9853416
4556,2013-12-24 12:50:00,383.08813
4556,2013-12-24 12:50:00,0.9853416
4556,2013-12-24 12:50:00,0.92530376
4556,2013-12-24 13:00:00,414.2289
4556,2013-12-24 13:00:00,0.82616407
4556,2013-12-24 13:10:00,415.79062
4556,2013-12-24 13:10:00,2.7759113
4556,2013-12-24 13:20:00,1.9706832
4556,2013-12-24 13:20:00,423.33588
4556,2013-12-24 13:20:00,0.9853416
4556,2013-12-24 13:30:00,0.9853416
4556,2013-12-24 13:30:00,410.6693
4556,2013-12-24 13:40:00,0.002807078
4556,2013-12-24 13:40:00,1.9706832
4556,2013-12-24 13:40:00,389.47845
4556,2013-12-24 13:40:00,0.9853416
4556,2013-12-24 13:40:00,0.9853416
4556,2013-12-24 13:50:00,373.60037
4556,2013-12-24 14:00:00,355.72125
4556,2013-12-24 14:00:00,2.895987
4556,2013-12-24 14:10:00,313.6889
4556,2013-12-24 14:20:00,0.9853416
4556,2013-12-24 14:20:00,329.17874
4556,2013-12-24 14:30:00,1.9106454
4556,2013-12-24 14:30:00,325.95685
4556,2013-12-24 14:30:00,7.6425815
4556,2013-12-24 14:40:00,0.9853416
4556,2013-12-24 14:40:00,2.8359492
4556,2013-12-24 14:40:00,331.412
4556,2013-12-24 14:50:00,378.86414
4556,2013-12-24 14:50:00,0.92530376
4556,2013-12-24 15:00:00,328.2908
4556,2013-12-24 15:00:00,0.92530376
4556,2013-12-24 15:10:00,306.24634
4556,2013-12-24 15:20:00,323.0353
4556,2013-12-24 15:30:00,1.9706832
4556,2013-12-24 15:30:00,307.11023
4556,2013-12-24 15:30:00,0.9853416
4556,2013-12-24 15:30:00,0.92530376
4556,2013-12-24 15:40:00,337.74033
4556,2013-12-24 15:40:00,0.92530376
4556,2013-12-24 15:50:00,318.9726
4556,2013-12-24 15:50:00,1.8506075
4556,2013-12-24 16:00:00,306.22217
4556,2013-12-24 16:00:00,0.92530376
4556,2013-12-24 16:00:00,0.9853416
4556,2013-12-24 16:10:00,1.8506075
4556,2013-12-24 16:10:00,372.001
4556,2013-12-24 16:20:00,0.92530376
4556,2013-12-24 16:20:00,311.92197
4556,2013-12-24 16:20:00,0.92530376
4556,2013-12-24 16:30:00,368.5274
4556,2013-12-24 16:40:00,328.7838
4556,2013-12-24 16:50:00,0.82616407
4556,2013-12-24 16:50:00,303.6489
4556,2013-12-24 17:00:00,329.7157
4556,2013-12-24 17:10:00,0.92530376
4556,2013-12-24 17:10:00,360.5583
4556,2013-12-24 17:20:00,326.6161
4556,2013-12-24 17:30:00,374.8386
4556,2013-12-24 17:30:00,0.9853416
4556,2013-12-24 17:40:00,352.93457
4556,2013-12-24 17:50:00,310.18173
4556,2013-12-24 18:00:00,287.47595
4556,2013-12-24 18:10:00,308.69525
4556,2013-12-24 18:20:00,306.7538
4556,2013-12-24 18:30:00,292.93683
4556,2013-12-24 18:30:00,1.7514678
4556,2013-12-24 18:40:00,340.76965
4556,2013-12-24 18:50:00,316.247
4556,2013-12-24 19:00:00,322.78583
4556,2013-12-24 19:10:00,295.22186
4556,2013-12-24 19:20:00,319.50266
4556,2013-12-24 19:30:00,288.90198
4556,2013-12-24 19:30:00,0.9853416
4556,2013-12-24 19:40:00,306.24112
4556,2013-12-24 19:40:00,0.92530376
4556,2013-12-24 19:40:00,0.82616407
4556,2013-12-24 19:50:00,0.9853416
4556,2013-12-24 19:50:00,317.006
4556,2013-12-24 20:00:00,314.73398
4556,2013-12-24 20:10:00,339.37512
4556,2013-12-24 20:20:00,301.92337
4556,2013-12-24 20:30:00,296.175
4556,2013-12-24 20:30:00,0.9853416
4556,2013-12-24 20:40:00,0.92530376
4556,2013-12-24 20:40:00,309.4177
4556,2013-12-24 20:50:00,302.31247
4556,2013-12-24 21:00:00,281.99805
4556,2013-12-24 21:00:00,1.9106454
4556,2013-12-24 21:10:00,0.016842468
4556,2013-12-24 21:10:00,284.86154
4556,2013-12-24 21:20:00,0.005614156
4556,2013-12-24 21:20:00,281.81107
4556,2013-12-24 21:30:00,252.20769
4556,2013-12-24 21:40:00,309.1218
4556,2013-12-24 21:50:00,295.96088
4556,2013-12-24 21:50:00,0.92530376
4556,2013-12-24 22:00:00,262.1814
4556,2013-12-24 22:10:00,249.68465
4556,2013-12-24 22:20:00,0.92530376
4556,2013-12-24 22:20:00,294.10614
4556,2013-12-24 22:20:00,0.9853416
4556,2013-12-24 22:30:00,277.51254
4556,2013-12-24 22:30:00,1.8506075
4556,2013-12-24 22:40:00,273.17746
4556,2013-12-24 22:50:00,248.86823
4556,2013-12-24 22:50:00,1.9106454
4556,2013-12-24 23:00:00,256.31943
4556,2013-12-24 23:00:00,0.9853416
4556,2013-12-24 23:00:00,1.8506075
4556,2013-12-24 23:00:00,4.6265187
4556,2013-12-24 23:00:00,0.002807078
4556,2013-12-24 23:10:00,253.10854
4556,2013-12-24 23:20:00,208.28062
4556,2013-12-24 23:20:00,0.9853416
4556,2013-12-24 23:30:00,214.47261
4556,2013-12-24 23:30:00,0.92530376
4556,2013-12-24 23:40:00,236.54222
4556,2013-12-24 23:40:00,1.9106454
4556,2013-12-24 23:50:00,192.67464
4556,2013-12-25 00:00:00,222.81868
4556,2013-12-25 00:00:00,0.82616407
4556,2013-12-25 00:10:00,235.1772
4556,2013-12-25 00:20:00,219.78015
4556,2013-12-25 00:20:00,0.82616407
4556,2013-12-25 00:20:00,0.9853416
4556,2013-12-25 00:30:00,218.55241
4556,2013-12-25 00:30:00,0.92530376
4556,2013-12-25 00:40:00,250.10529
4556,2013-12-25 00:40:00,1.8506075
4556,2013-12-25 00:50:00,261.21
4556,2013-12-25 01:00:00,244.95784
4556,2013-12-25 01:10:00,236.64827
4556,2013-12-25 01:20:00,219.93019
4556,2013-12-25 01:30:00,0.002807078
4556,2013-12-25 01:30:00,218.24783
4556,2013-12-25 01:40:00,196.52657
4556,2013-12-25 01:50:00,167.65733
4556,2013-12-25 02:00:00,191.40283
4556,2013-12-25 02:10:00,186.0478
4556,2013-12-25 02:20:00,140.14536
4556,2013-12-25 02:30:00,163.62563
4556,2013-12-25 02:30:00,0.9853416
4556,2013-12-25 02:40:00,161.41046
4556,2013-12-25 02:50:00,133.07098
4556,2013-12-25 03:00:00,155.46957
4556,2013-12-25 03:00:00,0.9853416
4556,2013-12-25 03:10:00,155.60631
4556,2013-12-25 03:20:00,133.27019
4556,2013-12-25 03:20:00,0.9853416
4556,2013-12-25 03:30:00,116.84929
4556,2013-12-25 03:30:00,0.9853416
4556,2013-12-25 03:40:00,130.56967
4556,2013-12-25 03:50:00,118.624504
4556,2013-12-25 04:00:00,139.3023
4556,2013-12-25 04:10:00,145.9693
4556,2013-12-25 04:10:00,0.9853416
4556,2013-12-25 04:20:00,135.24272
4556,2013-12-25 04:20:00,0.9853416
4556,2013-12-25 04:30:00,126.799
4556,2013-12-25 04:40:00,130.29318
4556,2013-12-25 04:50:00,113.35437
4556,2013-12-25 05:00:00,116.584404
4556,2013-12-25 05:00:00,0.92530376
4556,2013-12-25 05:10:00,122.68598
4556,2013-12-25 05:20:00,127.558266
4556,2013-12-25 05:30:00,120.42101
4556,2013-12-25 05:40:00,125.51784
4556,2013-12-25 05:50:00,111.47349
4556,2013-12-25 06:00:00,127.63643
4556,2013-12-25 06:10:00,114.97213
4556,2013-12-25 06:20:00,116.301094
4556,2013-12-25 06:30:00,123.24725
4556,2013-12-25 06:40:00,119.089516
4556,2013-12-25 06:50:00,127.40189
4556,2013-12-25 07:00:00,128.43324
4556,2013-12-25 07:10:00,150.29747
4556,2013-12-25 07:20:00,204.48697
4556,2013-12-25 07:30:00,191.23936
4556,2013-12-25 07:30:00,0.9853416
4556,2013-12-25 07:30:00,0.92530376
4556,2013-12-25 07:40:00,0.92530376
4556,2013-12-25 07:40:00,149.89253
4556,2013-12-25 07:50:00,1.8506075
4556,2013-12-25 07:50:00,132.70667
4556,2013-12-25 08:00:00,0.92530376
4556,2013-12-25 08:00:00,119.562355
4556,2013-12-25 08:10:00,0.016842468
4556,2013-12-25 08:10:00,144.69371
4556,2013-12-25 08:20:00,0.005614156
4556,2013-12-25 08:20:00,171.90048
4556,2013-12-25 08:30:00,161.68974
4556,2013-12-25 08:40:00,139.80067
4556,2013-12-25 08:40:00,0.82616407
4556,2013-12-25 08:50:00,0.9853416
4556,2013-12-25 08:50:00,140.42989
4556,2013-12-25 09:00:00,147.86163
4556,2013-12-25 09:10:00,0.002807078
4556,2013-12-25 09:10:00,173.69945
4556,2013-12-25 09:10:00,0.82616407
4556,2013-12-25 09:20:00,191.24934
4556,2013-12-25 09:30:00,174.28394
4556,2013-12-25 09:30:00,1.9706832
4556,2013-12-25 09:40:00,203.87909
4556,2013-12-25 09:40:00,6.65724
4556,2013-12-25 09:50:00,197.09335
4556,2013-12-25 09:50:00,3.6621132
4556,2013-12-25 10:00:00,200.73897
4556,2013-12-25 10:00:00,1.9106454
4556,2013-12-25 10:10:00,219.68385
4556,2013-12-25 10:10:00,0.9853416
4556,2013-12-25 10:20:00,215.66057
4556,2013-12-25 10:20:00,0.92530376
4556,2013-12-25 10:30:00,206.56667
4556,2013-12-25 10:30:00,0.92530376
4556,2013-12-25 10:40:00,244.80807
4556,2013-12-25 10:40:00,0.92530376
4556,2013-12-25 10:50:00,222.93895
4556,2013-12-25 10:50:00,5.731936
4556,2013-12-25 11:00:00,212.76605
4556,2013-12-25 11:00:00,2.7759113
4556,2013-12-25 11:10:00,267.2792
4556,2013-12-25 11:10:00,3.701215
4556,2013-12-25 11:20:00,238.30046
4556,2013-12-25 11:20:00,0.92530376
4556,2013-12-25 11:30:00,260.65826
4556,2013-12-25 11:40:00,301.89755
4556,2013-12-25 11:50:00,259.2332
4556,2013-12-25 12:00:00,260.7462
4556,2013-12-25 12:10:00,264.21988
4556,2013-12-25 12:20:00,2.8359492
4556,2013-12-25 12:20:00,240.94705
4556,2013-12-25 12:30:00,223.01917
4556,2013-12-25 12:40:00,0.92530376
4556,2013-12-25 12:40:00,0.9853416
4556,2013-12-25 12:40:00,222.76962
4556,2013-12-25 12:50:00,0.92530376
4556,2013-12-25 12:50:00,283.6078
4556,2013-12-25 13:00:00,267.93042
4556,2013-12-25 13:10:00,2.895987
4556,2013-12-25 13:10:00,259.1493
4556,2013-12-25 13:20:00,2.8359492
4556,2013-12-25 13:20:00,271.50504
4556,2013-12-25 13:30:00,231.24547
4556,2013-12-25 13:40:00,251.11063
4556,2013-12-25 13:50:00,257.61063
4556,2013-12-25 14:00:00,236.07304
4556,2013-12-25 14:10:00,2.8359492
4556,2013-12-25 14:10:00,357.76352
4556,2013-12-25 14:20:00,0.9853416
4556,2013-12-25 14:20:00,372.52368
4556,2013-12-25 14:30:00,376.11823
4556,2013-12-25 14:40:00,374.3159
4556,2013-12-25 14:40:00,1.9106454
4556,2013-12-25 14:50:00,0.03929909
4556,2013-12-25 14:50:00,282.5951
4556,2013-12-25 15:00:00,288.33725
4556,2013-12-25 15:10:00,313.4453
4556,2013-12-25 15:20:00,309.468
4556,2013-12-25 15:30:00,0.011228312
4556,2013-12-25 15:30:00,325.42126
4556,2013-12-25 15:40:00,379.93832
4556,2013-12-25 15:50:00,348.33224
4556,2013-12-25 16:00:00,292.05603
4556,2013-12-25 16:10:00,367.69348
4556,2013-12-25 16:20:00,349.87036
4556,2013-12-25 16:20:00,0.92530376
4556,2013-12-25 16:20:00,1.7514678
4556,2013-12-25 16:30:00,263.58926
4556,2013-12-25 16:40:00,261.33652
4556,2013-12-25 16:50:00,269.51663
4556,2013-12-25 16:50:00,0.92530376
4556,2013-12-25 17:00:00,277.84396
4556,2013-12-25 17:00:00,0.92530376
4556,2013-12-25 17:10:00,0.008421234
4556,2013-12-25 17:10:00,265.75073
4556,2013-12-25 17:20:00,0.002807078
4556,2013-12-25 17:20:00,269.50974
4556,2013-12-25 17:30:00,0.92530376
4556,2013-12-25 17:30:00,241.79799
4556,2013-12-25 17:40:00,0.002807078
4556,2013-12-25 17:40:00,252.81088
4556,2013-12-25 17:40:00,0.92530376
4556,2013-12-25 17:50:00,0.002807078
4556,2013-12-25 17:50:00,265.1353
4556,2013-12-25 18:00:00,248.7563
4556,2013-12-25 18:10:00,274.74445
4556,2013-12-25 18:10:00,0.9853416
4556,2013-12-25 18:20:00,0.92530376
4556,2013-12-25 18:20:00,284.94534
4556,2013-12-25 18:20:00,0.9881487
4556,2013-12-25 18:30:00,292.1833
4556,2013-12-25 18:30:00,0.005614156
4556,2013-12-25 18:40:00,235.83705
4556,2013-12-25 18:50:00,325.0561
4556,2013-12-25 18:50:00,0.92811084
4556,2013-12-25 19:00:00,1.9106454
4556,2013-12-25 19:00:00,299.21143
4556,2013-12-25 19:10:00,238.39287
4556,2013-12-25 19:20:00,251.84235
4556,2013-12-25 19:30:00,293.09415
4556,2013-12-25 19:40:00,250.24255
4556,2013-12-25 19:50:00,244.9663
4556,2013-12-25 19:50:00,0.9853416
4556,2013-12-25 20:00:00,3.8212907
4556,2013-12-25 20:00:00,254.31502
4556,2013-12-25 20:00:00,0.002807078
4556,2013-12-25 20:00:00,3.8212907
4556,2013-12-25 20:10:00,0.9853416
4556,2013-12-25 20:10:00,280.2316
4556,2013-12-25 20:10:00,0.9853416
4556,2013-12-25 20:10:00,1.9106454
4556,2013-12-25 20:20:00,0.92530376
4556,2013-12-25 20:20:00,293.54517
4556,2013-12-25 20:30:00,0.002807078
4556,2013-12-25 20:30:00,267.63696
4556,2013-12-25 20:30:00,3.8212907
4556,2013-12-25 20:40:00,0.02807078
4556,2013-12-25 20:40:00,232.01709
4556,2013-12-25 20:40:00,5.6718984
4556,2013-12-25 20:50:00,217.08806
4556,2013-12-25 20:50:00,2.7759113
4556,2013-12-25 21:00:00,305.75555
4556,2013-12-25 21:10:00,255.36697
4556,2013-12-25 21:20:00,381.6011
4556,2013-12-25 21:20:00,0.9853416
4556,2013-12-25 21:30:00,266.67917
4556,2013-12-25 21:40:00,287.9739
4556,2013-12-25 21:40:00,0.9853416
4556,2013-12-25 21:50:00,403.01736
4556,2013-12-25 22:00:00,249.42798
4556,2013-12-25 22:10:00,563.51215
4556,2013-12-25 22:20:00,0.92530376
4556,2013-12-25 22:20:00,583.43036
4556,2013-12-25 22:30:00,538.8651
4556,2013-12-25 22:30:00,0.9853416
4556,2013-12-25 22:40:00,449.8402
4556,2013-12-25 22:40:00,0.9853416
4556,2013-12-25 22:50:00,218.49045
4556,2013-12-25 23:00:00,244.08246
4556,2013-12-25 23:00:00,0.92530376
4556,2013-12-25 23:00:00,0.9853416
4556,2013-12-25 23:10:00,277.88068
4556,2013-12-25 23:20:00,244.83852
4556,2013-12-25 23:30:00,264.02518
4556,2013-12-25 23:30:00,1.9106454
4556,2013-12-25 23:30:00,0.9853416
4556,2013-12-25 23:30:00,0.92530376
4556,2013-12-25 23:40:00,217.70207
4556,2013-12-25 23:40:00,1.9106454
4556,2013-12-25 23:40:00,1.9106454
4556,2013-12-25 23:50:00,247.44475
4556,2013-12-25 23:50:00,0.9853416
4556,2013-12-26 00:00:00,214.02592
4556,2013-12-26 00:10:00,217.31152
4556,2013-12-26 00:10:00,0.9853416
4556,2013-12-26 00:20:00,228.50305
4556,2013-12-26 00:30:00,246.565
4556,2013-12-26 00:30:00,1.9706832
4556,2013-12-26 00:40:00,202.93892
4556,2013-12-26 00:40:00,1.9106454
4556,2013-12-26 00:50:00,190.91872
4556,2013-12-26 00:50:00,0.92530376
4556,2013-12-26 00:50:00,0.92530376
4556,2013-12-26 01:00:00,180.18436
4556,2013-12-26 01:10:00,174.59663
4556,2013-12-26 01:10:00,0.9853416
4556,2013-12-26 01:20:00,177.93515
4556,2013-12-26 01:20:00,7.4624677
4556,2013-12-26 01:30:00,0.9853416
4556,2013-12-26 01:30:00,193.47113
4556,2013-12-26 01:30:00,0.9853416
4556,2013-12-26 01:30:00,1.9706832
4556,2013-12-26 01:40:00,198.53981
4556,2013-12-26 01:50:00,0.92530376
4556,2013-12-26 01:50:00,157.77205
4556,2013-12-26 02:00:00,0.9853416
4556,2013-12-26 02:00:00,179.35423
4556,2013-12-26 02:10:00,4.587417
4556,2013-12-26 02:10:00,189.10947
4556,2013-12-26 02:20:00,11.463872
4556,2013-12-26 02:20:00,170.96141
4556,2013-12-26 02:30:00,7.6425815
4556,2013-12-26 02:30:00,170.26727
4556,2013-12-26 02:40:00,3.8212907
4556,2013-12-26 02:40:00,165.86089
4556,2013-12-26 02:50:00,0.9853416
4556,2013-12-26 02:50:00,5.731936
4556,2013-12-26 02:50:00,152.55354
4556,2013-12-26 03:00:00,9.39405
4556,2013-12-26 03:00:00,191.37376
4556,2013-12-26 03:00:00,0.92530376
4556,2013-12-26 03:10:00,7.6425815
4556,2013-12-26 03:10:00,159.87946
4556,2013-12-26 03:20:00,4.7465944
4556,2013-12-26 03:20:00,167.44536
4556,2013-12-26 03:20:00,0.92530376
4556,2013-12-26 03:30:00,172.94124
4556,2013-12-26 03:30:00,0.92530376
4556,2013-12-26 03:40:00,153.73564
4556,2013-12-26 03:40:00,0.92530376
4556,2013-12-26 03:50:00,125.48784
4556,2013-12-26 03:50:00,0.92530376
4556,2013-12-26 04:00:00,162.78908
4556,2013-12-26 04:10:00,123.96962
4556,2013-12-26 04:20:00,110.53787
4556,2013-12-26 04:30:00,119.83711
4556,2013-12-26 04:40:00,124.71762
4556,2013-12-26 04:50:00,126.202385
4556,2013-12-26 05:00:00,116.897736
4556,2013-12-26 05:00:00,0.92530376
4556,2013-12-26 05:10:00,118.98416
4556,2013-12-26 05:20:00,124.362015
4556,2013-12-26 05:30:00,105.42168
4556,2013-12-26 05:40:00,116.339554
4556,2013-12-26 05:50:00,97.44542
4556,2013-12-26 06:00:00,99.13123
4556,2013-12-26 06:10:00,115.41706
4556,2013-12-26 06:20:00,108.42895
4556,2013-12-26 06:30:00,95.896324
4556,2013-12-26 06:40:00,132.34207
4556,2013-12-26 06:40:00,0.92530376
4556,2013-12-26 06:50:00,118.13578
4556,2013-12-26 07:00:00,127.80347
4556,2013-12-26 07:10:00,140.10565
4556,2013-12-26 07:20:00,144.06393
4556,2013-12-26 07:20:00,0.9853416
4556,2013-12-26 07:30:00,158.49297
4556,2013-12-26 07:40:00,151.21808
4556,2013-12-26 07:40:00,0.92530376
4556,2013-12-26 07:50:00,0.92530376
4556,2013-12-26 07:50:00,120.75119
4556,2013-12-26 07:50:00,0.92530376
4556,2013-12-26 08:00:00,145.6021
4556,2013-12-26 08:00:00,0.9853416
4556,2013-12-26 08:00:00,0.92530376
4556,2013-12-26 08:10:00,163.08372
4556,2013-12-26 08:10:00,0.92530376
4556,2013-12-26 08:20:00,0.01403539
4556,2013-12-26 08:20:00,130.69533
4556,2013-12-26 08:30:00,0.002807078
4556,2013-12-26 08:30:00,134.93503
4556,2013-12-26 08:40:00,159.02509
4556,2013-12-26 08:40:00,4.8066325
4556,2013-12-26 08:50:00,131.3498
4556,2013-12-26 08:50:00,2.8359492
4556,2013-12-26 09:00:00,149.65045
4556,2013-12-26 09:00:00,0.9853416
4556,2013-12-26 09:00:00,0.92530376
4556,2013-12-26 09:00:00,4.8066325
4556,2013-12-26 09:10:00,154.30785
4556,2013-12-26 09:10:00,4.7465944
4556,2013-12-26 09:20:00,148.21004
4556,2013-12-26 09:20:00,0.92530376
4556,2013-12-26 09:20:00,3.6621132
4556,2013-12-26 09:30:00,172.96782
4556,2013-12-26 09:30:00,0.9853416
4556,2013-12-26 09:40:00,0.92530376
4556,2013-12-26 09:40:00,226.61182
4556,2013-12-26 09:50:00,161.71907
4556,2013-12-26 10:00:00,187.54808
4556,2013-12-26 10:10:00,199.98442
4556,2013-12-26 10:10:00,0.92530376
4556,2013-12-26 10:20:00,215.35654
4556,2013-12-26 10:20:00,0.9853416
4556,2013-12-26 10:30:00,233.5759
4556,2013-12-26 10:30:00,0.92530376
4556,2013-12-26 10:40:00,211.72437
4556,2013-12-26 10:50:00,211.84818
4556,2013-12-26 11:00:00,206.5191
4556,2013-12-26 11:00:00,0.92530376
4556,2013-12-26 11:10:00,228.8813
4556,2013-12-26 11:20:00,193.48692
4556,2013-12-26 11:30:00,208.16904
4556,2013-12-26 11:30:00,0.92530376
4556,2013-12-26 11:40:00,204.09262
4556,2013-12-26 11:50:00,224.77493
4556,2013-12-26 11:50:00,0.92530376
4556,2013-12-26 12:00:00,208.5169
4556,2013-12-26 12:00:00,0.92530376
4556,2013-12-26 12:10:00,230.62317
4556,2013-12-26 12:10:00,0.92530376
4556,2013-12-26 12:20:00,229.49442
4556,2013-12-26 12:30:00,232.09727
4556,2013-12-26 12:30:00,0.92530376
4556,2013-12-26 12:40:00,222.08876
4556,2013-12-26 12:50:00,201.98627
4556,2013-12-26 13:00:00,235.38676
4556,2013-12-26 13:10:00,231.01562
4556,2013-12-26 13:10:00,0.9853416
4556,2013-12-26 13:20:00,230.09723
4556,2013-12-26 13:20:00,1.9106454
4556,2013-12-26 13:30:00,220.79105
4556,2013-12-26 13:40:00,261.3426
4556,2013-12-26 13:50:00,222.57512
4556,2013-12-26 14:00:00,228.36372
4556,2013-12-26 14:10:00,253.1126
4556,2013-12-26 14:20:00,223.8989
4556,2013-12-26 14:20:00,1.9706832
4556,2013-12-26 14:30:00,284.64563
4556,2013-12-26 14:30:00,0.9853416
4556,2013-12-26 14:40:00,249.80624
4556,2013-12-26 14:40:00,0.9853416
4556,2013-12-26 14:50:00,275.39377
4556,2013-12-26 15:00:00,260.0979
4556,2013-12-26 15:00:00,2.7759113
4556,2013-12-26 15:10:00,242.27191
4556,2013-12-26 15:10:00,0.9853416
4556,2013-12-26 15:20:00,226.7081
4556,2013-12-26 15:20:00,1.8506075
4556,2013-12-26 15:30:00,203.7206
4556,2013-12-26 15:30:00,0.92530376
4556,2013-12-26 15:30:00,0.92530376
4556,2013-12-26 15:40:00,253.79453
4556,2013-12-26 15:50:00,222.18253
4556,2013-12-26 15:50:00,1.7514678
4556,2013-12-26 16:00:00,243.37512
4556,2013-12-26 16:10:00,0.9853416
4556,2013-12-26 16:10:00,239.40535
4556,2013-12-26 16:20:00,287.93875
4556,2013-12-26 16:20:00,0.9853416
4556,2013-12-26 16:30:00,0.9853416
4556,2013-12-26 16:30:00,259.25757
4556,2013-12-26 16:30:00,0.92530376
4556,2013-12-26 16:40:00,283.01556
4556,2013-12-26 16:40:00,0.92530376
4556,2013-12-26 16:50:00,296.93216
4556,2013-12-26 17:00:00,0.92530376
4556,2013-12-26 17:00:00,279.91553
4556,2013-12-26 17:00:00,0.9853416
4556,2013-12-26 17:00:00,0.92530376
4556,2013-12-26 17:10:00,303.29764
4556,2013-12-26 17:10:00,0.92530376
4556,2013-12-26 17:20:00,2.895987
4556,2013-12-26 17:20:00,319.00122
4556,2013-12-26 17:30:00,280.76672
4556,2013-12-26 17:30:00,0.92530376
4556,2013-12-26 17:40:00,328.1306
4556,2013-12-26 17:50:00,262.62674
4556,2013-12-26 17:50:00,2.7759113
4556,2013-12-26 18:00:00,275.5682
4556,2013-12-26 18:00:00,0.92530376
4556,2013-12-26 18:10:00,239.6346
4556,2013-12-26 18:10:00,0.92530376
4556,2013-12-26 18:20:00,297.84076
4556,2013-12-26 18:30:00,317.02676
4556,2013-12-26 18:40:00,0.9853416
4556,2013-12-26 18:40:00,263.93787
4556,2013-12-26 18:50:00,309.76816
4556,2013-12-26 19:00:00,0.01403539
4556,2013-12-26 19:00:00,279.75507
4556,2013-12-26 19:00:00,0.9853416
4556,2013-12-26 19:00:00,0.92530376
4556,2013-12-26 19:00:00,0.92530376
4556,2013-12-26 19:10:00,0.92530376
4556,2013-12-26 19:10:00,271.3422
4556,2013-12-26 19:10:00,0.002807078
4556,2013-12-26 19:10:00,0.002807078
4556,2013-12-26 19:10:00,0.9853416
4556,2013-12-26 19:20:00,277.84995
4556,2013-12-26 19:20:00,0.92530376
4556,2013-12-26 19:30:00,0.92530376
4556,2013-12-26 19:30:00,277.7302
4556,2013-12-26 19:30:00,0.92530376
4556,2013-12-26 19:40:00,0.9853416
4556,2013-12-26 19:40:00,276.70538
4556,2013-12-26 19:40:00,0.92530376
4556,2013-12-26 19:50:00,0.9853416
4556,2013-12-26 19:50:00,1.8534145
4556,2013-12-26 19:50:00,294.85318
4556,2013-12-26 19:50:00,0.92530376
4556,2013-12-26 20:00:00,0.9853416
4556,2013-12-26 20:00:00,0.9881487
4556,2013-12-26 20:00:00,275.3808
4556,2013-12-26 20:00:00,0.92530376
4556,2013-12-26 20:00:00,0.002807078
4556,2013-12-26 20:10:00,303.4066
4556,2013-12-26 20:10:00,4.6265187
4556,2013-12-26 20:20:00,0.92811084
4556,2013-12-26 20:20:00,311.74878
4556,2013-12-26 20:30:00,2.895987
4556,2013-12-26 20:30:00,0.9853416
4556,2013-12-26 20:30:00,320.2406
4556,2013-12-26 20:40:00,306.24408
4556,2013-12-26 20:50:00,290.29053
4556,2013-12-26 21:00:00,0.022456624
4556,2013-12-26 21:00:00,329.20694
4556,2013-12-26 21:00:00,0.9853416
4556,2013-12-26 21:00:00,0.92530376
4556,2013-12-26 21:10:00,315.7292
4556,2013-12-26 21:10:00,1.9106454
4556,2013-12-26 21:10:00,0.92530376
4556,2013-12-26 21:20:00,344.27554
4556,2013-12-26 21:20:00,1.9106454
4556,2013-12-26 21:30:00,355.01224
4556,2013-12-26 21:40:00,331.94678
4556,2013-12-26 21:50:00,319.48093
4556,2013-12-26 21:50:00,1.9706832
4556,2013-12-26 22:00:00,320.67426
4556,2013-12-26 22:10:00,301.88992
4556,2013-12-26 22:10:00,0.9853416
4556,2013-12-26 22:20:00,303.83307
4556,2013-12-26 22:20:00,8.567885
4556,2013-12-26 22:30:00,278.724
4556,2013-12-26 22:30:00,11.463872
4556,2013-12-26 22:40:00,262.04028
4556,2013-12-26 22:40:00,1.9106454
4556,2013-12-26 22:40:00,0.002807078
4556,2013-12-26 22:40:00,0.9853416
4556,2013-12-26 22:40:00,6.7172775
4556,2013-12-26 22:50:00,246.43306
4556,2013-12-26 22:50:00,0.9853416
4556,2013-12-26 22:50:00,2.8359492
4556,2013-12-26 23:00:00,274.32513
4556,2013-12-26 23:00:00,0.92530376
4556,2013-12-26 23:00:00,0.002807078
4556,2013-12-26 23:00:00,4.8066325
4556,2013-12-26 23:10:00,242.38284
4556,2013-12-26 23:10:00,0.92530376
4556,2013-12-26 23:10:00,4.7465944
4556,2013-12-26 23:20:00,264.29007
4556,2013-12-26 23:20:00,0.92530376
4556,2013-12-26 23:20:00,1.9106454
4556,2013-12-26 23:30:00,246.96312
4556,2013-12-26 23:30:00,1.9106454
4556,2013-12-26 23:40:00,236.66345
4556,2013-12-26 23:50:00,238.31308
4556,2013-12-26 23:50:00,6.477126
4556,2013-12-27 00:00:00,205.08975
4556,2013-12-27 00:00:00,5.5518227
4556,2013-12-27 00:10:00,210.53421
4556,2013-12-27 00:10:00,0.92530376
4556,2013-12-27 00:20:00,196.22482
4556,2013-12-27 00:30:00,182.57104
4556,2013-12-27 00:40:00,189.12282
4556,2013-12-27 00:50:00,183.49374
4556,2013-12-27 01:00:00,155.92433
4556,2013-12-27 01:10:00,162.40033
4556,2013-12-27 01:20:00,140.99786
4556,2013-12-27 01:30:00,0.9853416
4556,2013-12-27 01:30:00,143.72498
4556,2013-12-27 01:40:00,146.35161
4556,2013-12-27 01:40:00,0.92530376
4556,2013-12-27 01:50:00,117.09601
4556,2013-12-27 02:00:00,117.18802
4556,2013-12-27 02:10:00,129.3176
4556,2013-12-27 02:20:00,136.45332
4556,2013-12-27 02:20:00,0.92530376
4556,2013-12-27 02:30:00,130.11853
4556,2013-12-27 02:40:00,136.15775
4556,2013-12-27 02:50:00,122.61567
4556,2013-12-27 03:00:00,125.74058
4556,2013-12-27 03:10:00,123.984985
4556,2013-12-27 03:20:00,116.54758
4556,2013-12-27 03:30:00,108.03131
4556,2013-12-27 03:40:00,115.53717
4556,2013-12-27 03:50:00,121.05402
4556,2013-12-27 04:00:00,109.268036
4556,2013-12-27 04:10:00,118.92845
4556,2013-12-27 04:20:00,102.17236
4556,2013-12-27 04:30:00,109.49378
4556,2013-12-27 04:30:00,0.92530376
4556,2013-12-27 04:40:00,108.13474
4556,2013-12-27 04:50:00,108.49312
4556,2013-12-27 04:50:00,0.92530376
4556,2013-12-27 05:00:00,107.70919
4556,2013-12-27 05:00:00,0.92530376
4556,2013-12-27 05:10:00,106.58023
4556,2013-12-27 05:10:00,0.92530376
4556,2013-12-27 05:10:00,0.92530376
4556,2013-12-27 05:20:00,111.6921
4556,2013-12-27 05:30:00,124.53916
4556,2013-12-27 05:40:00,122.645355
4556,2013-12-27 05:50:00,127.49486
4556,2013-12-27 06:00:00,125.365326
4556,2013-12-27 06:10:00,118.6176
4556,2013-12-27 06:20:00,125.63863
4556,2013-12-27 06:30:00,130.1791
4556,2013-12-27 06:40:00,143.05385
4556,2013-12-27 06:50:00,149.61292
4556,2013-12-27 07:00:00,156.57913
4556,2013-12-27 07:10:00,185.07108
4556,2013-12-27 07:10:00,0.9853416
4556,2013-12-27 07:20:00,172.42339
4556,2013-12-27 07:30:00,199.18361
4556,2013-12-27 07:40:00,188.0368
4556,2013-12-27 07:50:00,186.55565
4556,2013-12-27 08:00:00,229.31686
4556,2013-12-27 08:10:00,213.71635
4556,2013-12-27 08:10:00,0.92530376
4556,2013-12-27 08:20:00,0.0252637
4556,2013-12-27 08:20:00,200.42702
4556,2013-12-27 08:30:00,0.002807078
4556,2013-12-27 08:30:00,243.70169
4556,2013-12-27 08:30:00,2.7759113
4556,2013-12-27 08:40:00,220.09021
4556,2013-12-27 08:50:00,1.8506075
4556,2013-12-27 08:50:00,234.48865
4556,2013-12-27 09:00:00,0.92530376
4556,2013-12-27 09:00:00,245.14577
4556,2013-12-27 09:00:00,2.895987
4556,2013-12-27 09:10:00,0.92530376
4556,2013-12-27 09:10:00,271.00748
4556,2013-12-27 09:10:00,0.82616407
4556,2013-12-27 09:10:00,4.587417
4556,2013-12-27 09:20:00,0.92530376
4556,2013-12-27 09:20:00,219.60838
4556,2013-12-27 09:20:00,0.82616407
4556,2013-12-27 09:20:00,6.7172775
4556,2013-12-27 09:30:00,259.07474
4556,2013-12-27 09:30:00,1.8115057
4556,2013-12-27 09:40:00,3.8212907
4556,2013-12-27 09:40:00,0.92530376
4556,2013-12-27 09:40:00,268.43176
4556,2013-12-27 09:40:00,0.9853416
4556,2013-12-27 09:40:00,4.7465944
4556,2013-12-27 09:50:00,0.92530376
4556,2013-12-27 09:50:00,262.75388
4556,2013-12-27 10:00:00,313.9347
4556,2013-12-27 10:10:00,290.76285
4556,2013-12-27 10:20:00,272.6461
4556,2013-12-27 10:20:00,0.92530376
4556,2013-12-27 10:20:00,0.002807078
4556,2013-12-27 10:30:00,285.15454
4556,2013-12-27 10:30:00,0.92530376
4556,2013-12-27 10:40:00,0.92530376
4556,2013-12-27 10:40:00,311.45135
4556,2013-12-27 10:50:00,0.92530376
4556,2013-12-27 10:50:00,0.9853416
4556,2013-12-27 10:50:00,0.92530376
4556,2013-12-27 10:50:00,300.9816
4556,2013-12-27 11:00:00,0.002807078
4556,2013-12-27 11:00:00,332.84808
4556,2013-12-27 11:00:00,0.002807078
4556,2013-12-27 11:10:00,1.9706832
4556,2013-12-27 11:10:00,319.56723
4556,2013-12-27 11:10:00,1.9106454
4556,2013-12-27 11:10:00,0.9853416
4556,2013-12-27 11:20:00,2.956025
4556,2013-12-27 11:20:00,281.7262
4556,2013-12-27 11:20:00,0.92530376
4556,2013-12-27 11:30:00,4.8066325
4556,2013-12-27 11:30:00,322.18774
4556,2013-12-27 11:30:00,1.9706832
4556,2013-12-27 11:40:00,0.9853416
4556,2013-12-27 11:40:00,311.67926
4556,2013-12-27 11:50:00,2.956025
4556,2013-12-27 11:50:00,316.6866
4556,2013-12-27 12:00:00,2.895987
4556,2013-12-27 12:00:00,380.74832
4556,2013-12-27 12:00:00,0.92530376
4556,2013-12-27 12:10:00,2.956025
4556,2013-12-27 12:10:00,368.83862
4556,2013-12-27 12:20:00,3.8813286
4556,2013-12-27 12:20:00,334.5751
4556,2013-12-27 12:20:00,1.9106454
4556,2013-12-27 12:30:00,0.002807078
4556,2013-12-27 12:30:00,349.177
4556,2013-12-27 12:30:00,0.92530376
4556,2013-12-27 12:40:00,333.59518
4556,2013-12-27 12:40:00,1.8506075
4556,2013-12-27 12:50:00,368.9262
4556,2013-12-27 13:00:00,385.63116
4556,2013-12-27 13:10:00,459.6401
4556,2013-12-27 13:20:00,407.30978
4556,2013-12-27 13:20:00,0.82616407
4556,2013-12-27 13:30:00,428.58185
4556,2013-12-27 13:40:00,427.84503
4556,2013-12-27 13:50:00,365.65118
4556,2013-12-27 13:50:00,0.9853416
4556,2013-12-27 14:00:00,361.99603
4556,2013-12-27 14:00:00,0.82616407
4556,2013-12-27 14:10:00,362.6423
4556,2013-12-27 14:20:00,0.9853416
4556,2013-12-27 14:20:00,340.6176
4556,2013-12-27 14:30:00,1.9106454
4556,2013-12-27 14:30:00,332.70264
4556,2013-12-27 14:30:00,0.92530376
4556,2013-12-27 14:40:00,0.92530376
4556,2013-12-27 14:40:00,4.7465944
4556,2013-12-27 14:40:00,337.74277
4556,2013-12-27 14:40:00,0.92530376
4556,2013-12-27 14:50:00,0.9853416
4556,2013-12-27 14:50:00,340.0931
4556,2013-12-27 14:50:00,2.8359492
4556,2013-12-27 14:50:00,0.9853416
4556,2013-12-27 15:00:00,0.9853416
4556,2013-12-27 15:00:00,0.9853416
4556,2013-12-27 15:00:00,0.82616407
4556,2013-12-27 15:00:00,0.92530376
4556,2013-12-27 15:00:00,343.5678
4556,2013-12-27 15:00:00,0.92530376
4556,2013-12-27 15:00:00,0.002807078
4556,2013-12-27 15:10:00,10.418492
4556,2013-12-27 15:10:00,0.9853416
4556,2013-12-27 15:10:00,317.7925
4556,2013-12-27 15:10:00,0.92530376
4556,2013-12-27 15:20:00,0.92530376
4556,2013-12-27 15:20:00,310.00253
4556,2013-12-27 15:20:00,1.8115057
4556,2013-12-27 15:30:00,0.002807078
4556,2013-12-27 15:30:00,1.9106454
4556,2013-12-27 15:30:00,316.76147
4556,2013-12-27 15:40:00,308.3326
4556,2013-12-27 15:40:00,0.9853416
4556,2013-12-27 15:40:00,1.8506075
4556,2013-12-27 15:50:00,327.24124
4556,2013-12-27 16:00:00,0.82616407
4556,2013-12-27 16:00:00,340.33994
4556,2013-12-27 16:10:00,346.1512
4556,2013-12-27 16:20:00,265.44434
4556,2013-12-27 16:30:00,353.0329
4556,2013-12-27 16:40:00,324.38614
4556,2013-12-27 16:50:00,1.7514678
4556,2013-12-27 16:50:00,0.002807078
4556,2013-12-27 16:50:00,282.63168
4556,2013-12-27 17:00:00,319.83484
4556,2013-12-27 17:00:00,0.92530376
4556,2013-12-27 17:10:00,306.55823
4556,2013-12-27 17:20:00,0.002807078
4556,2013-12-27 17:20:00,342.5862
4556,2013-12-27 17:20:00,0.002807078
4556,2013-12-27 17:30:00,357.6736
4556,2013-12-27 17:40:00,0.002807078
4556,2013-12-27 17:40:00,0.92530376
4556,2013-12-27 17:40:00,342.33237
4556,2013-12-27 17:40:00,0.92530376
4556,2013-12-27 17:40:00,0.92530376
4556,2013-12-27 17:40:00,0.82616407
4556,2013-12-27 17:50:00,318.34518
4556,2013-12-27 17:50:00,0.9853416
4556,2013-12-27 18:00:00,400.32727
4556,2013-12-27 18:10:00,0.002807078
4556,2013-12-27 18:10:00,337.35278
4556,2013-12-27 18:10:00,12.33756
4556,2013-12-27 18:20:00,0.002807078
4556,2013-12-27 18:20:00,333.03964
4556,2013-12-27 18:20:00,0.9853416
4556,2013-12-27 18:20:00,7.6453886
4556,2013-12-27 18:30:00,0.92530376
4556,2013-12-27 18:30:00,369.04303
4556,2013-12-27 18:30:00,8.567885
4556,2013-12-27 18:40:00,0.9853416
4556,2013-12-27 18:40:00,0.92530376
4556,2013-12-27 18:40:00,370.25085
4556,2013-12-27 18:40:00,0.9853416
4556,2013-12-27 18:50:00,414.55093
4556,2013-12-27 18:50:00,9.553226
4556,2013-12-27 19:00:00,389.07724
4556,2013-12-27 19:00:00,0.008421234
4556,2013-12-27 19:00:00,9.553226
4556,2013-12-27 19:10:00,0.82616407
4556,2013-12-27 19:10:00,0.9853416
4556,2013-12-27 19:10:00,370.64273
4556,2013-12-27 19:10:00,1.8506075
4556,2013-12-27 19:10:00,0.92530376
4556,2013-12-27 19:10:00,12.391983
4556,2013-12-27 19:20:00,0.002807078
4556,2013-12-27 19:20:00,454.87027
4556,2013-12-27 19:20:00,12.334752
4556,2013-12-27 19:30:00,1.8506075
4556,2013-12-27 19:30:00,427.64935
4556,2013-12-27 19:30:00,0.002807078
4556,2013-12-27 19:30:00,13.374517
4556,2013-12-27 19:40:00,61.07005
4556,2013-12-27 19:40:00,0.92530376
4556,2013-12-27 19:40:00,399.2379
4556,2013-12-27 19:40:00,0.9853416
4556,2013-12-27 19:40:00,1.9106454
4556,2013-12-27 19:40:00,0.9853416
4556,2013-12-27 19:40:00,9.553226
4556,2013-12-27 19:50:00,6.4799333
4556,2013-12-27 19:50:00,0.92530376
4556,2013-12-27 19:50:00,451.44708
4556,2013-12-27 19:50:00,3.8240979
4556,2013-12-27 19:50:00,0.92530376
4556,2013-12-27 19:50:00,0.9853416
4556,2013-12-27 19:50:00,7.6425815
4556,2013-12-27 20:00:00,445.22882
4556,2013-12-27 20:00:00,0.002807078
4556,2013-12-27 20:00:00,0.9853416
4556,2013-12-27 20:00:00,0.92530376
4556,2013-12-27 20:00:00,1.9106454
4556,2013-12-27 20:00:00,5.731936
4556,2013-12-27 20:10:00,1.9734904
4556,2013-12-27 20:10:00,379.94943
4556,2013-12-27 20:10:00,2.8415632
4556,2013-12-27 20:20:00,383.6065
4556,2013-12-27 20:30:00,1.9302949
4556,2013-12-27 20:30:00,389.42932
4556,2013-12-27 20:30:00,1.9106454
4556,2013-12-27 20:30:00,1.8506075
4556,2013-12-27 20:40:00,0.9853416
4556,2013-12-27 20:40:00,0.92530376
4556,2013-12-27 20:40:00,2.895987
4556,2013-12-27 20:40:00,385.70676
4556,2013-12-27 20:40:00,0.002807078
4556,2013-12-27 20:50:00,0.82616407
4556,2013-12-27 20:50:00,379.78818
4556,2013-12-27 20:50:00,0.002807078
4556,2013-12-27 20:50:00,0.9853416
4556,2013-12-27 21:00:00,0.9853416
4556,2013-12-27 21:00:00,407.9455
4556,2013-12-27 21:00:00,0.92530376
4556,2013-12-27 21:00:00,3.76406
4556,2013-12-27 21:10:00,1.8506075
4556,2013-12-27 21:10:00,0.9853416
4556,2013-12-27 21:10:00,0.82616407
4556,2013-12-27 21:10:00,439.24393
4556,2013-12-27 21:10:00,2.956025
4556,2013-12-27 21:10:00,1.8506075
4556,2013-12-27 21:20:00,1.8506075
4556,2013-12-27 21:20:00,0.92530376
4556,2013-12-27 21:20:00,418.29028
4556,2013-12-27 21:20:00,0.9853416
4556,2013-12-27 21:30:00,511.4651
4556,2013-12-27 21:30:00,0.92530376
4556,2013-12-27 21:40:00,0.002807078
4556,2013-12-27 21:40:00,438.35916
4556,2013-12-27 21:40:00,0.92530376
4556,2013-12-27 21:40:00,0.92530376
4556,2013-12-27 21:50:00,440.5288
4556,2013-12-27 21:50:00,0.9853416
4556,2013-12-27 21:50:00,0.92530376
4556,2013-12-27 22:00:00,0.92530376
4556,2013-12-27 22:00:00,494.94992
4556,2013-12-27 22:00:00,0.92530376
4556,2013-12-27 22:10:00,0.005614156
4556,2013-12-27 22:10:00,0.002807078
4556,2013-12-27 22:10:00,491.49066
4556,2013-12-27 22:10:00,2.7759113
4556,2013-12-27 22:10:00,0.92530376
4556,2013-12-27 22:20:00,0.9853416
4556,2013-12-27 22:20:00,482.75476
4556,2013-12-27 22:20:00,0.92530376
4556,2013-12-27 22:30:00,0.002807078
4556,2013-12-27 22:30:00,500.4087
4556,2013-12-27 22:30:00,0.92530376
4556,2013-12-27 22:40:00,0.002807078
4556,2013-12-27 22:40:00,0.9853416
4556,2013-12-27 22:40:00,0.002807078
4556,2013-12-27 22:40:00,427.245
4556,2013-12-27 22:50:00,417.88684
4556,2013-12-27 22:50:00,0.9853416
4556,2013-12-27 23:00:00,0.9853416
4556,2013-12-27 23:00:00,1.8506075
4556,2013-12-27 23:00:00,466.52362
4556,2013-12-27 23:00:00,0.92530376
4556,2013-12-27 23:10:00,411.2376
4556,2013-12-27 23:10:00,0.9853416
4556,2013-12-27 23:10:00,0.9853416
4556,2013-12-27 23:20:00,0.92530376
4556,2013-12-27 23:20:00,376.01004
4556,2013-12-27 23:20:00,0.9881487
4556,2013-12-27 23:30:00,2.895987
4556,2013-12-27 23:30:00,0.9853416
4556,2013-12-27 23:30:00,366.268
4556,2013-12-27 23:30:00,0.92811084
4556,2013-12-27 23:40:00,1.9106454
4556,2013-12-27 23:40:00,300.0943
4556,2013-12-27 23:50:00,1.8506075
4556,2013-12-27 23:50:00,4.587417
4556,2013-12-27 23:50:00,298.92294
4556,2013-12-27 23:50:00,2.895987
4556,2013-12-28 00:00:00,296.92343
4556,2013-12-28 00:00:00,6.498062
4556,2013-12-28 00:00:00,0.002807078
4556,2013-12-28 00:10:00,1.9106454
4556,2013-12-28 00:10:00,3.8212907
4556,2013-12-28 00:10:00,280.90137
4556,2013-12-28 00:10:00,6.7172775
4556,2013-12-28 00:20:00,1.9106454
4556,2013-12-28 00:20:00,0.92530376
4556,2013-12-28 00:20:00,259.44766
4556,2013-12-28 00:20:00,6.338885
4556,2013-12-28 00:30:00,3.8212907
4556,2013-12-28 00:30:00,0.9853416
4556,2013-12-28 00:30:00,7.0058713
4556,2013-12-28 00:30:00,258.37924
4556,2013-12-28 00:30:00,0.9853416
4556,2013-12-28 00:30:00,5.731936
4556,2013-12-28 00:40:00,0.92530376
4556,2013-12-28 00:40:00,0.9853416
4556,2013-12-28 00:40:00,254.71751
4556,2013-12-28 00:40:00,5.2544036
4556,2013-12-28 00:50:00,1.9706832
4556,2013-12-28 00:50:00,232.61105
4556,2013-12-28 00:50:00,3.8212907
4556,2013-12-28 01:00:00,254.32681
4556,2013-12-28 01:00:00,0.9853416
4556,2013-12-28 01:00:00,6.7172775
4556,2013-12-28 01:10:00,220.69661
4556,2013-12-28 01:10:00,0.92530376
4556,2013-12-28 01:20:00,0.9853416
4556,2013-12-28 01:20:00,201.14644
4556,2013-12-28 01:30:00,230.5242
4556,2013-12-28 01:40:00,194.80005
4556,2013-12-28 01:50:00,0.9853416
4556,2013-12-28 01:50:00,174.46526
4556,2013-12-28 02:00:00,0.9853416
4556,2013-12-28 02:00:00,183.20752
4556,2013-12-28 02:10:00,152.4451
4556,2013-12-28 02:20:00,0.9853416
4556,2013-12-28 02:20:00,126.20701
4556,2013-12-28 02:30:00,0.9853416
4556,2013-12-28 02:30:00,156.26616
4556,2013-12-28 02:40:00,157.09532
4556,2013-12-28 02:50:00,146.4595
4556,2013-12-28 03:00:00,0.002807078
4556,2013-12-28 03:00:00,0.9853416
4556,2013-12-28 03:00:00,148.13951
4556,2013-12-28 03:10:00,147.89542
4556,2013-12-28 03:20:00,150.09598
4556,2013-12-28 03:30:00,0.9853416
4556,2013-12-28 03:30:00,163.12123
4556,2013-12-28 03:40:00,126.1219
4556,2013-12-28 03:50:00,146.94016
4556,2013-12-28 04:00:00,0.9853416
4556,2013-12-28 04:00:00,117.080986
4556,2013-12-28 04:10:00,113.74528
4556,2013-12-28 04:20:00,107.81639
4556,2013-12-28 04:30:00,0.9853416
4556,2013-12-28 04:30:00,126.33623
4556,2013-12-28 04:40:00,101.80985
4556,2013-12-28 04:50:00,111.80376
4556,2013-12-28 05:00:00,101.71894
4556,2013-12-28 05:10:00,0.9853416
4556,2013-12-28 05:10:00,110.17388
4556,2013-12-28 05:20:00,104.519714
4556,2013-12-28 05:30:00,112.34819
4556,2013-12-28 05:40:00,0.9853416
4556,2013-12-28 05:40:00,119.766174
4556,2013-12-28 05:50:00,108.81011
4556,2013-12-28 06:00:00,108.96216
4556,2013-12-28 06:10:00,0.9853416
4556,2013-12-28 06:10:00,111.78896
4556,2013-12-28 06:20:00,106.38191
4556,2013-12-28 06:30:00,103.61552
4556,2013-12-28 06:40:00,0.9853416
4556,2013-12-28 06:40:00,111.74425
4556,2013-12-28 06:50:00,123.6196
4556,2013-12-28 07:00:00,0.002807078
4556,2013-12-28 07:00:00,119.463104
4556,2013-12-28 07:10:00,0.9853416
4556,2013-12-28 07:10:00,137.1599
4556,2013-12-28 07:20:00,129.96095
4556,2013-12-28 07:30:00,149.50659
4556,2013-12-28 07:40:00,0.9853416
4556,2013-12-28 07:40:00,153.34364
4556,2013-12-28 07:50:00,1.9106454
4556,2013-12-28 07:50:00,156.95993
4556,2013-12-28 08:00:00,0.005614156
4556,2013-12-28 08:00:00,0.022456624
4556,2013-12-28 08:00:00,178.2306
4556,2013-12-28 08:00:00,0.9853416
4556,2013-12-28 08:10:00,0.002807078
4556,2013-12-28 08:10:00,165.47298
4556,2013-12-28 08:20:00,1.9106454
4556,2013-12-28 08:20:00,154.86223
4556,2013-12-28 08:30:00,163.64186
4556,2013-12-28 08:30:00,0.9853416
4556,2013-12-28 08:30:00,0.92530376
4556,2013-12-28 08:40:00,209.57387
4556,2013-12-28 08:40:00,2.8359492
4556,2013-12-28 08:40:00,0.82616407
4556,2013-12-28 08:50:00,145.99977
4556,2013-12-28 09:00:00,0.82616407
4556,2013-12-28 09:00:00,181.05693
4556,2013-12-28 09:10:00,2.895987
4556,2013-12-28 09:10:00,202.47075
4556,2013-12-28 09:20:00,2.895987
4556,2013-12-28 09:20:00,236.15558
4556,2013-12-28 09:30:00,0.92530376
4556,2013-12-28 09:30:00,0.92530376
4556,2013-12-28 09:30:00,240.26976
4556,2013-12-28 09:30:00,0.9853416
4556,2013-12-28 09:40:00,0.002807078
4556,2013-12-28 09:40:00,0.9853416
4556,2013-12-28 09:40:00,200.75385
4556,2013-12-28 09:40:00,0.92530376
4556,2013-12-28 09:40:00,0.9853416
4556,2013-12-28 09:40:00,1.8506075
4556,2013-12-28 09:50:00,0.92530376
4556,2013-12-28 09:50:00,231.24266
4556,2013-12-28 09:50:00,0.92530376
4556,2013-12-28 10:00:00,244.35454
4556,2013-12-28 10:00:00,0.82616407
4556,2013-12-28 10:10:00,261.1645
4556,2013-12-28 10:10:00,0.002807078
4556,2013-12-28 10:20:00,234.93137
4556,2013-12-28 10:30:00,0.002807078
4556,2013-12-28 10:30:00,253.6472
4556,2013-12-28 10:30:00,0.92530376
4556,2013-12-28 10:40:00,248.64946
4556,2013-12-28 10:40:00,0.9853416
4556,2013-12-28 10:40:00,0.92530376
4556,2013-12-28 10:50:00,201.51717
4556,2013-12-28 10:50:00,0.92530376
4556,2013-12-28 10:50:00,1.9706832
4556,2013-12-28 11:00:00,0.9853416
4556,2013-12-28 11:00:00,0.9853416
4556,2013-12-28 11:00:00,276.47452
4556,2013-12-28 11:10:00,0.002807078
4556,2013-12-28 11:10:00,292.19986
4556,2013-12-28 11:10:00,0.92530376
4556,2013-12-28 11:20:00,0.9853416
4556,2013-12-28 11:20:00,279.23477
4556,2013-12-28 11:20:00,0.9853416
4556,2013-12-28 11:20:00,0.92530376
4556,2013-12-28 11:30:00,0.9853416
4556,2013-12-28 11:30:00,334.74393
4556,2013-12-28 11:30:00,0.92530376
4556,2013-12-28 11:40:00,0.92530376
4556,2013-12-28 11:40:00,300.51428
4556,2013-12-28 11:40:00,0.9853416
4556,2013-12-28 11:50:00,0.92811084
4556,2013-12-28 11:50:00,290.05145
4556,2013-12-28 11:50:00,0.9853416
4556,2013-12-28 12:00:00,323.8492
4556,2013-12-28 12:10:00,348.5245
4556,2013-12-28 12:10:00,0.9881487
4556,2013-12-28 12:20:00,312.85562
4556,2013-12-28 12:30:00,0.005614156
4556,2013-12-28 12:30:00,0.92530376
4556,2013-12-28 12:30:00,343.30603
4556,2013-12-28 12:40:00,387.11063
4556,2013-12-28 12:40:00,1.9106454
4556,2013-12-28 12:50:00,339.90604
4556,2013-12-28 13:00:00,352.42743
4556,2013-12-28 13:00:00,0.9853416
4556,2013-12-28 13:10:00,0.002807078
4556,2013-12-28 13:10:00,371.96054
4556,2013-12-28 13:10:00,0.9853416
4556,2013-12-28 13:10:00,0.92530376
4556,2013-12-28 13:20:00,318.27502
4556,2013-12-28 13:20:00,0.82616407
4556,2013-12-28 13:30:00,0.82616407
4556,2013-12-28 13:30:00,363.58362
4556,2013-12-28 13:30:00,1.8506075
4556,2013-12-28 13:30:00,0.9853416
4556,2013-12-28 13:40:00,315.5718
4556,2013-12-28 13:40:00,0.92530376
4556,2013-12-28 13:50:00,2.8987942
4556,2013-12-28 13:50:00,1.6523281
4556,2013-12-28 13:50:00,318.5191
4556,2013-12-28 14:00:00,0.92530376
4556,2013-12-28 14:00:00,363.21573
4556,2013-12-28 14:00:00,0.9853416
4556,2013-12-28 14:10:00,343.26425
4556,2013-12-28 14:20:00,0.92530376
4556,2013-12-28 14:20:00,302.27115
4556,2013-12-28 14:30:00,339.88345
4556,2013-12-28 14:30:00,0.92530376
4556,2013-12-28 14:40:00,0.002807078
4556,2013-12-28 14:40:00,1.8506075
4556,2013-12-28 14:40:00,343.80405
4556,2013-12-28 14:40:00,3.701215
4556,2013-12-28 14:50:00,0.9853416
4556,2013-12-28 14:50:00,298.56967
4556,2013-12-28 15:00:00,371.5517
4556,2013-12-28 15:10:00,349.7649
4556,2013-12-28 15:10:00,0.002807078
4556,2013-12-28 15:10:00,0.92530376
4556,2013-12-28 15:20:00,0.002807078
4556,2013-12-28 15:20:00,326.62207
4556,2013-12-28 15:30:00,349.09732
4556,2013-12-28 15:30:00,0.002807078
4556,2013-12-28 15:30:00,1.7514678
4556,2013-12-28 15:40:00,0.92530376
4556,2013-12-28 15:40:00,352.4619
4556,2013-12-28 15:50:00,327.9635
4556,2013-12-28 16:00:00,0.92811084
4556,2013-12-28 16:00:00,358.0751
4556,2013-12-28 16:00:00,0.92530376
4556,2013-12-28 16:10:00,1.9706832
4556,2013-12-28 16:10:00,1.9706832
4556,2013-12-28 16:10:00,349.31293
4556,2013-12-28 16:10:00,0.92530376
4556,2013-12-28 16:20:00,321.39578
4556,2013-12-28 16:20:00,0.92530376
4556,2013-12-28 16:30:00,3.8212907
4556,2013-12-28 16:30:00,361.22824
4556,2013-12-28 16:30:00,0.92530376
4556,2013-12-28 16:40:00,0.92811084
4556,2013-12-28 16:40:00,374.9574
4556,2013-12-28 16:50:00,0.92530376
4556,2013-12-28 16:50:00,0.9853416
4556,2013-12-28 16:50:00,333.3837
4556,2013-12-28 17:00:00,1.8506075
4556,2013-12-28 17:00:00,319.37048
4556,2013-12-28 17:10:00,343.44772
4556,2013-12-28 17:20:00,1.9134525
4556,2013-12-28 17:20:00,276.55713
4556,2013-12-28 17:20:00,0.92530376
4556,2013-12-28 17:30:00,1.9706832
4556,2013-12-28 17:30:00,308.01605
4556,2013-12-28 17:40:00,0.92530376
4556,2013-12-28 17:40:00,352.22018
4556,2013-12-28 17:50:00,290.6602
4556,2013-12-28 18:00:00,291.976
4556,2013-12-28 18:00:00,1.9706832
4556,2013-12-28 18:10:00,0.002807078
4556,2013-12-28 18:10:00,345.18442
4556,2013-12-28 18:10:00,0.92530376
4556,2013-12-28 18:10:00,3.7612529
4556,2013-12-28 18:20:00,2.895987
4556,2013-12-28 18:20:00,360.05325
4556,2013-12-28 18:30:00,322.23926
4556,2013-12-28 18:30:00,0.9853416
4556,2013-12-28 18:40:00,0.92811084
4556,2013-12-28 18:40:00,305.58887
4556,2013-12-28 18:50:00,0.002807078
4556,2013-12-28 18:50:00,324.05667
4556,2013-12-28 19:00:00,358.6825
4556,2013-12-28 19:10:00,0.005614156
4556,2013-12-28 19:10:00,357.42883
4556,2013-12-28 19:10:00,0.9853416
4556,2013-12-28 19:20:00,384.18765
4556,2013-12-28 19:30:00,0.002807078
4556,2013-12-28 19:30:00,0.92530376
4556,2013-12-28 19:30:00,367.877
4556,2013-12-28 19:30:00,0.9853416
4556,2013-12-28 19:40:00,319.81738
4556,2013-12-28 19:50:00,385.96823
4556,2013-12-28 20:00:00,420.476
4556,2013-12-28 20:10:00,3.8212907
4556,2013-12-28 20:10:00,447.994
4556,2013-12-28 20:10:00,0.005614156
4556,2013-12-28 20:10:00,2.8359492
4556,2013-12-28 20:20:00,411.83566
4556,2013-12-28 20:30:00,444.20148
4556,2013-12-28 20:30:00,0.9853416
4556,2013-12-28 20:30:00,0.92530376
4556,2013-12-28 20:40:00,398.46255
4556,2013-12-28 20:40:00,0.9853416
4556,2013-12-28 20:50:00,0.9853416
4556,2013-12-28 20:50:00,444.02988
4556,2013-12-28 20:50:00,0.92530376
4556,2013-12-28 21:00:00,1.9106454
4556,2013-12-28 21:00:00,430.51425
4556,2013-12-28 21:00:00,0.92530376
4556,2013-12-28 21:00:00,0.002807078
4556,2013-12-28 21:10:00,5.6718984
4556,2013-12-28 21:10:00,452.6718
4556,2013-12-28 21:10:00,0.002807078
4556,2013-12-28 21:20:00,2.8359492
4556,2013-12-28 21:20:00,462.19293
4556,2013-12-28 21:20:00,0.008421234
4556,2013-12-28 21:20:00,0.002807078
4556,2013-12-28 21:30:00,2.7759113
4556,2013-12-28 21:30:00,449.74985
4556,2013-12-28 21:30:00,0.005614156
4556,2013-12-28 21:30:00,0.9853416
4556,2013-12-28 21:30:00,0.9853416
4556,2013-12-28 21:40:00,2.895987
4556,2013-12-28 21:40:00,469.3088
4556,2013-12-28 21:40:00,1.9106454
4556,2013-12-28 21:50:00,0.92530376
4556,2013-12-28 21:50:00,446.5013
4556,2013-12-28 21:50:00,0.9309179
4556,2013-12-28 22:00:00,445.5887
4556,2013-12-28 22:00:00,0.92530376
4556,2013-12-28 22:00:00,1.9706832
4556,2013-12-28 22:10:00,399.34314
4556,2013-12-28 22:10:00,0.92530376
4556,2013-12-28 22:10:00,0.92530376
4556,2013-12-28 22:20:00,406.00586
4556,2013-12-28 22:20:00,1.9106454
4556,2013-12-28 22:30:00,432.36804
4556,2013-12-28 22:30:00,0.9853416
4556,2013-12-28 22:40:00,428.98297
4556,2013-12-28 22:50:00,421.62305
4556,2013-12-28 23:00:00,0.9881487
4556,2013-12-28 23:00:00,1.9106454
4556,2013-12-28 23:00:00,422.2438
4556,2013-12-28 23:10:00,1.0077982
4556,2013-12-28 23:10:00,356.86343
4556,2013-12-28 23:10:00,0.002807078
4556,2013-12-28 23:20:00,372.65677
4556,2013-12-28 23:30:00,369.69232
4556,2013-12-28 23:40:00,0.002807078
4556,2013-12-28 23:40:00,352.87845
4556,2013-12-28 23:50:00,328.63107
4556,2013-12-29 00:00:00,321.20444
4556,2013-12-29 00:00:00,0.9853416
4556,2013-12-29 00:10:00,300.85413
4556,2013-12-29 00:20:00,0.002807078
4556,2013-12-29 00:20:00,272.61703
4556,2013-12-29 00:20:00,0.92530376
4556,2013-12-29 00:20:00,0.9853416
4556,2013-12-29 00:30:00,308.97562
4556,2013-12-29 00:40:00,317.04404
4556,2013-12-29 00:50:00,226.08331
4556,2013-12-29 01:00:00,238.5714
4556,2013-12-29 01:10:00,268.41824
4556,2013-12-29 01:20:00,204.03932
4556,2013-12-29 01:30:00,158.32085
4556,2013-12-29 01:40:00,195.43771
4556,2013-12-29 01:50:00,186.18564
4556,2013-12-29 02:00:00,161.65057
4556,2013-12-29 02:10:00,195.28264
4556,2013-12-29 02:20:00,182.14864
4556,2013-12-29 02:30:00,135.45444
4556,2013-12-29 02:40:00,171.64372
4556,2013-12-29 02:50:00,128.32155
4556,2013-12-29 03:00:00,132.59097
4556,2013-12-29 03:10:00,141.31767
4556,2013-12-29 03:20:00,100.70444
4556,2013-12-29 03:20:00,0.9853416
4556,2013-12-29 03:30:00,108.80209
4556,2013-12-29 03:40:00,108.83426
4556,2013-12-29 03:50:00,122.711006
4556,2013-12-29 04:00:00,89.928894
4556,2013-12-29 04:10:00,99.77914
4556,2013-12-29 04:20:00,92.64196
4556,2013-12-29 04:30:00,89.940125
4556,2013-12-29 04:40:00,88.52044
4556,2013-12-29 04:50:00,88.32781
4556,2013-12-29 05:00:00,81.17247
4556,2013-12-29 05:10:00,87.64828
4556,2013-12-29 05:20:00,83.7823
4556,2013-12-29 05:30:00,91.750145
4556,2013-12-29 05:40:00,100.88587
4556,2013-12-29 05:50:00,80.24717
4556,2013-12-29 06:00:00,98.19659
4556,2013-12-29 06:10:00,99.666
4556,2013-12-29 06:20:00,104.228676
4556,2013-12-29 06:30:00,89.64964
4556,2013-12-29 06:40:00,102.542496
4556,2013-12-29 06:50:00,95.342476
4556,2013-12-29 07:00:00,99.82802
4556,2013-12-29 07:10:00,117.01685
4556,2013-12-29 07:20:00,100.34141
4556,2013-12-29 07:30:00,88.52758
4556,2013-12-29 07:40:00,140.5944
4556,2013-12-29 07:50:00,129.19339
4556,2013-12-29 08:00:00,0.9853416
4556,2013-12-29 08:00:00,110.420975
4556,2013-12-29 08:10:00,146.30878
4556,2013-12-29 08:20:00,0.01403539
4556,2013-12-29 08:20:00,117.858376
4556,2013-12-29 08:30:00,123.70758
4556,2013-12-29 08:30:00,1.9106454
4556,2013-12-29 08:40:00,155.73761
4556,2013-12-29 08:50:00,131.75758
4556,2013-12-29 09:00:00,150.58759
4556,2013-12-29 09:00:00,0.9853416
4556,2013-12-29 09:10:00,178.443
4556,2013-12-29 09:10:00,1.9106454
4556,2013-12-29 09:20:00,209.07964
4556,2013-12-29 09:30:00,168.56042
4556,2013-12-29 09:30:00,0.9853416
4556,2013-12-29 09:40:00,184.22113
4556,2013-12-29 09:40:00,0.9853416
4556,2013-12-29 09:50:00,0.92530376
4556,2013-12-29 09:50:00,222.63985
4556,2013-12-29 10:00:00,0.9309179
4556,2013-12-29 10:00:00,0.9853416
4556,2013-12-29 10:00:00,0.9853416
4556,2013-12-29 10:00:00,195.96013
4556,2013-12-29 10:10:00,1.9706832
4556,2013-12-29 10:10:00,197.59247
4556,2013-12-29 10:20:00,0.002807078
4556,2013-12-29 10:20:00,222.05437
4556,2013-12-29 10:20:00,0.92530376
4556,2013-12-29 10:20:00,0.92530376
4556,2013-12-29 10:30:00,0.002807078
4556,2013-12-29 10:30:00,196.44704
4556,2013-12-29 10:30:00,0.9853416
4556,2013-12-29 10:40:00,0.9853416
4556,2013-12-29 10:40:00,217.53484
4556,2013-12-29 10:50:00,211.69557
4556,2013-12-29 11:00:00,218.82474
4556,2013-12-29 11:10:00,239.71481
4556,2013-12-29 11:10:00,0.9853416
4556,2013-12-29 11:20:00,3.8212907
4556,2013-12-29 11:20:00,236.02487
4556,2013-12-29 11:20:00,2.8359492
4556,2013-12-29 11:20:00,1.9106454
4556,2013-12-29 11:30:00,7.4624677
4556,2013-12-29 11:30:00,266.52295
4556,2013-12-29 11:30:00,0.92530376
4556,2013-12-29 11:30:00,0.92811084
4556,2013-12-29 11:40:00,278.48904
4556,2013-12-29 11:40:00,0.92530376
4556,2013-12-29 11:50:00,0.9853416
4556,2013-12-29 11:50:00,0.002807078
4556,2013-12-29 11:50:00,263.98224
4556,2013-12-29 11:50:00,0.92530376
4556,2013-12-29 11:50:00,0.92530376
4556,2013-12-29 12:00:00,269.5392
4556,2013-12-29 12:00:00,0.92530376
4556,2013-12-29 12:10:00,1.8506075
4556,2013-12-29 12:10:00,305.70593
4556,2013-12-29 12:20:00,0.92530376
4556,2013-12-29 12:20:00,299.8511
4556,2013-12-29 12:20:00,0.002807078
4556,2013-12-29 12:30:00,2.6432838
4556,2013-12-29 12:30:00,0.92530376
4556,2013-12-29 12:30:00,307.4897
4556,2013-12-29 12:30:00,0.9853416
4556,2013-12-29 12:40:00,3.3046563
4556,2013-12-29 12:40:00,4.8066325
4556,2013-12-29 12:40:00,287.66296
4556,2013-12-29 12:40:00,1.9706832
4556,2013-12-29 12:40:00,0.9853416
4556,2013-12-29 12:50:00,4.4491754
4556,2013-12-29 12:50:00,0.92530376
4556,2013-12-29 12:50:00,365.45267
4556,2013-12-29 12:50:00,0.92530376
4556,2013-12-29 12:50:00,0.92530376
4556,2013-12-29 12:50:00,0.9853416
4556,2013-12-29 12:50:00,0.92530376
4556,2013-12-29 13:00:00,3.9413664
4556,2013-12-29 13:00:00,1.9706832
4556,2013-12-29 13:00:00,326.34216
4556,2013-12-29 13:10:00,1.9734904
4556,2013-12-29 13:10:00,0.9853416
4556,2013-12-29 13:10:00,363.40015
4556,2013-12-29 13:10:00,0.82616407
4556,2013-12-29 13:10:00,0.002807078
4556,2013-12-29 13:10:00,12.028949
4556,2013-12-29 13:20:00,1.9762974
4556,2013-12-29 13:20:00,1.9106454
4556,2013-12-29 13:20:00,359.0259
4556,2013-12-29 13:20:00,0.9853416
4556,2013-12-29 13:20:00,15.730164
4556,2013-12-29 13:30:00,0.9853416
4556,2013-12-29 13:30:00,335.35876
4556,2013-12-29 13:30:00,0.92530376
4556,2013-12-29 13:30:00,9.253037
4556,2013-12-29 13:40:00,2.956025
4556,2013-12-29 13:40:00,326.95697
4556,2013-12-29 13:40:00,0.002807078
4556,2013-12-29 13:40:00,2.7759113
4556,2013-12-29 13:50:00,1.9706832
4556,2013-12-29 13:50:00,0.002807078
4556,2013-12-29 13:50:00,346.19855
4556,2013-12-29 13:50:00,0.92530376
4556,2013-12-29 14:00:00,0.92530376
4556,2013-12-29 14:00:00,351.88986
4556,2013-12-29 14:00:00,0.005614156
4556,2013-12-29 14:10:00,332.28015
4556,2013-12-29 14:10:00,4.6265187
4556,2013-12-29 14:20:00,0.002807078
4556,2013-12-29 14:20:00,0.92530376
4556,2013-12-29 14:20:00,0.002807078
4556,2013-12-29 14:20:00,310.58032
4556,2013-12-29 14:30:00,0.005614156
4556,2013-12-29 14:30:00,4.8066325
4556,2013-12-29 14:30:00,309.73053
4556,2013-12-29 14:30:00,0.92530376
4556,2013-12-29 14:30:00,1.8506075
4556,2013-12-29 14:40:00,0.002807078
4556,2013-12-29 14:40:00,1.8506075
4556,2013-12-29 14:40:00,0.002807078
4556,2013-12-29 14:40:00,1.9106454
4556,2013-12-29 14:40:00,294.85257
4556,2013-12-29 14:40:00,1.8506075
4556,2013-12-29 14:50:00,322.42245
4556,2013-12-29 14:50:00,4.7465944
4556,2013-12-29 15:00:00,0.002807078
4556,2013-12-29 15:00:00,296.79184
4556,2013-12-29 15:00:00,12.149025
4556,2013-12-29 15:10:00,0.82616407
4556,2013-12-29 15:10:00,312.72458
4556,2013-12-29 15:10:00,1.9106454
4556,2013-12-29 15:20:00,2.8359492
4556,2013-12-29 15:20:00,297.39783
4556,2013-12-29 15:20:00,1.9106454
4556,2013-12-29 15:30:00,338.18018
4556,2013-12-29 15:30:00,0.92811084
4556,2013-12-29 15:30:00,1.9106454
4556,2013-12-29 15:40:00,0.005614156
4556,2013-12-29 15:40:00,293.53275
4556,2013-12-29 15:50:00,296.31345
4556,2013-12-29 15:50:00,0.92530376
4556,2013-12-29 16:00:00,314.02243
4556,2013-12-29 16:10:00,0.002807078
4556,2013-12-29 16:10:00,275.7859
4556,2013-12-29 16:10:00,0.9853416
4556,2013-12-29 16:20:00,288.61603
4556,2013-12-29 16:30:00,297.5862
4556,2013-12-29 16:30:00,0.92530376
4556,2013-12-29 16:40:00,1.9106454
4556,2013-12-29 16:40:00,289.3226
4556,2013-12-29 16:50:00,2.895987
4556,2013-12-29 16:50:00,0.9853416
4556,2013-12-29 16:50:00,300.9734
4556,2013-12-29 17:00:00,1.6523281
4556,2013-12-29 17:00:00,0.82616407
4556,2013-12-29 17:00:00,307.79108
4556,2013-12-29 17:10:00,0.82616407
4556,2013-12-29 17:10:00,303.30484
4556,2013-12-29 17:10:00,0.9853416
4556,2013-12-29 17:10:00,0.92811084
4556,2013-12-29 17:10:00,0.92530376
4556,2013-12-29 17:20:00,0.92530376
4556,2013-12-29 17:20:00,1.9706832
4556,2013-12-29 17:20:00,347.4912
4556,2013-12-29 17:20:00,0.9853416
4556,2013-12-29 17:20:00,0.9853416
4556,2013-12-29 17:30:00,1.7514678
4556,2013-12-29 17:30:00,314.64066
4556,2013-12-29 17:30:00,0.92530376
4556,2013-12-29 17:40:00,0.92530376
4556,2013-12-29 17:40:00,290.88873
4556,2013-12-29 17:40:00,0.92530376
4556,2013-12-29 17:40:00,0.9853416
4556,2013-12-29 17:40:00,0.92530376
4556,2013-12-29 17:50:00,326.1829
4556,2013-12-29 18:00:00,0.002807078
4556,2013-12-29 18:00:00,0.92530376
4556,2013-12-29 18:00:00,281.23715
4556,2013-12-29 18:00:00,1.9106454
4556,2013-12-29 18:00:00,1.9134525
4556,2013-12-29 18:00:00,0.92530376
4556,2013-12-29 18:10:00,1.9106454
4556,2013-12-29 18:10:00,0.92530376
4556,2013-12-29 18:10:00,279.52588
4556,2013-12-29 18:10:00,0.92530376
4556,2013-12-29 18:10:00,0.002807078
4556,2013-12-29 18:10:00,0.92530376
4556,2013-12-29 18:20:00,0.9853416
4556,2013-12-29 18:20:00,0.92530376
4556,2013-12-29 18:20:00,304.02054
4556,2013-12-29 18:20:00,0.002807078
4556,2013-12-29 18:20:00,1.8506075
4556,2013-12-29 18:30:00,308.08133
4556,2013-12-29 18:30:00,0.92530376
4556,2013-12-29 18:30:00,0.9853416
4556,2013-12-29 18:30:00,0.9853416
4556,2013-12-29 18:30:00,2.7759113
4556,2013-12-29 18:40:00,333.84674
4556,2013-12-29 18:40:00,1.9134525
4556,2013-12-29 18:40:00,0.002807078
4556,2013-12-29 18:50:00,0.002807078
4556,2013-12-29 18:50:00,328.5907
4556,2013-12-29 18:50:00,0.92811084
4556,2013-12-29 18:50:00,1.9106454
4556,2013-12-29 18:50:00,0.9853416
4556,2013-12-29 19:00:00,2.895987
4556,2013-12-29 19:00:00,304.67368
4556,2013-12-29 19:00:00,0.82616407
4556,2013-12-29 19:10:00,0.92530376
4556,2013-12-29 19:10:00,0.92530376
4556,2013-12-29 19:10:00,286.71622
4556,2013-12-29 19:10:00,1.9106454
4556,2013-12-29 19:10:00,2.8387563
4556,2013-12-29 19:10:00,1.9106454
4556,2013-12-29 19:10:00,0.92530376
4556,2013-12-29 19:20:00,8.567885
4556,2013-12-29 19:20:00,328.55014
4556,2013-12-29 19:20:00,0.9853416
4556,2013-12-29 19:20:00,0.92530376
4556,2013-12-29 19:20:00,0.82616407
4556,2013-12-29 19:20:00,0.82616407
4556,2013-12-29 19:30:00,392.58734
4556,2013-12-29 19:30:00,0.002807078
4556,2013-12-29 19:30:00,8.567885
4556,2013-12-29 19:30:00,0.92530376
4556,2013-12-29 19:30:00,0.92530376
4556,2013-12-29 19:40:00,394.90186
4556,2013-12-29 19:40:00,4.5902243
4556,2013-12-29 19:40:00,11.304695
4556,2013-12-29 19:40:00,1.9106454
4556,2013-12-29 19:40:00,0.92530376
4556,2013-12-29 19:50:00,0.92530376
4556,2013-12-29 19:50:00,398.2821
4556,2013-12-29 19:50:00,4.8066325
4556,2013-12-29 19:50:00,0.9881487
4556,2013-12-29 19:50:00,0.92530376
4556,2013-12-29 20:00:00,372.48337
4556,2013-12-29 20:00:00,1.9106454
4556,2013-12-29 20:00:00,4.7465944
4556,2013-12-29 20:00:00,0.92530376
4556,2013-12-29 20:10:00,1.9706832
4556,2013-12-29 20:10:00,3.701215
4556,2013-12-29 20:10:00,439.35678
4556,2013-12-29 20:10:00,0.92530376
4556,2013-12-29 20:10:00,0.92811084
4556,2013-12-29 20:10:00,0.92530376
4556,2013-12-29 20:10:00,0.9853416
4556,2013-12-29 20:20:00,0.9881487
4556,2013-12-29 20:20:00,13.014291
4556,2013-12-29 20:20:00,414.55325
4556,2013-12-29 20:20:00,0.9853416
4556,2013-12-29 20:30:00,414.0096
4556,2013-12-29 20:30:00,1.9734904
4556,2013-12-29 20:40:00,0.92811084
4556,2013-12-29 20:40:00,0.99095577
4556,2013-12-29 20:40:00,0.9853416
4556,2013-12-29 20:40:00,448.53955
4556,2013-12-29 20:40:00,3.722151
4556,2013-12-29 20:40:00,2.8387563
4556,2013-12-29 20:40:00,0.9881487
4556,2013-12-29 20:50:00,0.005614156
4556,2013-12-29 20:50:00,6.602816
4556,2013-12-29 20:50:00,1.8506075
4556,2013-12-29 20:50:00,379.36792
4556,2013-12-29 20:50:00,1.7514678
4556,2013-12-29 20:50:00,0.9853416
4556,2013-12-29 20:50:00,0.9881487
4556,2013-12-29 20:50:00,3.8212907
4556,2013-12-29 21:00:00,0.01403539
4556,2013-12-29 21:00:00,2.7759113
4556,2013-12-29 21:00:00,406.51764
4556,2013-12-29 21:00:00,1.9106454
4556,2013-12-29 21:00:00,0.9853416
4556,2013-12-29 21:10:00,1.9134525
4556,2013-12-29 21:10:00,3.701215
4556,2013-12-29 21:10:00,422.07892
4556,2013-12-29 21:10:00,1.9734904
4556,2013-12-29 21:10:00,1.8506075
4556,2013-12-29 21:10:00,0.92530376
4556,2013-12-29 21:10:00,1.8562217
4556,2013-12-29 21:20:00,1.7514678
4556,2013-12-29 21:20:00,0.002807078
4556,2013-12-29 21:20:00,0.92530376
4556,2013-12-29 21:20:00,386.06973
4556,2013-12-29 21:20:00,0.92530376
4556,2013-12-29 21:20:00,0.9853416
4556,2013-12-29 21:20:00,3.8212907
4556,2013-12-29 21:30:00,0.002807078
4556,2013-12-29 21:30:00,1.9819115
4556,2013-12-29 21:30:00,367.3848
4556,2013-12-29 21:40:00,0.9853416
4556,2013-12-29 21:40:00,400.6639
4556,2013-12-29 21:40:00,0.005614156
4556,2013-12-29 21:50:00,0.002807078
4556,2013-12-29 21:50:00,0.9853416
4556,2013-12-29 21:50:00,378.52975
4556,2013-12-29 21:50:00,0.9853416
4556,2013-12-29 22:00:00,1.9706832
4556,2013-12-29 22:00:00,374.23358
4556,2013-12-29 22:10:00,2.8415632
4556,2013-12-29 22:10:00,0.008421234
4556,2013-12-29 22:10:00,404.962
4556,2013-12-29 22:10:00,0.92530376
4556,2013-12-29 22:10:00,0.9853416
4556,2013-12-29 22:10:00,0.99095577
4556,2013-12-29 22:20:00,340.62805
4556,2013-12-29 22:30:00,340.80914
4556,2013-12-29 22:30:00,0.92530376
4556,2013-12-29 22:40:00,0.9853416
4556,2013-12-29 22:40:00,0.9853416
4556,2013-12-29 22:40:00,344.22327
4556,2013-12-29 22:40:00,0.9853416
4556,2013-12-29 22:50:00,0.9853416
4556,2013-12-29 22:50:00,314.57764
4556,2013-12-29 23:00:00,2.958832
4556,2013-12-29 23:00:00,301.0993
4556,2013-12-29 23:10:00,306.75867
4556,2013-12-29 23:20:00,1.9706832
4556,2013-12-29 23:20:00,288.29175
4556,2013-12-29 23:30:00,290.40417
4556,2013-12-29 23:40:00,0.002807078
4556,2013-12-29 23:40:00,265.23752
4556,2013-12-29 23:50:00,0.9853416
4556,2013-12-29 23:50:00,218.83977
4556,2013-12-29 23:50:00,3.8212907
4556,2013-12-30 00:00:00,287.99765
4556,2013-12-30 00:10:00,249.17203
4556,2013-12-30 00:20:00,231.78021
4556,2013-12-30 00:30:00,0.002807078
4556,2013-12-30 00:30:00,0.002807078
4556,2013-12-30 00:30:00,219.78633
4556,2013-12-30 00:40:00,187.89227
4556,2013-12-30 00:50:00,180.21996
4556,2013-12-30 01:00:00,171.86449
4556,2013-12-30 01:00:00,0.002807078
4556,2013-12-30 01:10:00,0.002807078
4556,2013-12-30 01:10:00,152.72739
4556,2013-12-30 01:20:00,157.77357
4556,2013-12-30 01:30:00,0.9853416
4556,2013-12-30 01:30:00,150.73982
4556,2013-12-30 01:40:00,140.93427
4556,2013-12-30 01:50:00,0.002807078
4556,2013-12-30 01:50:00,126.45281
4556,2013-12-30 02:00:00,0.002807078
4556,2013-12-30 02:00:00,125.2288
4556,2013-12-30 02:10:00,123.01292
4556,2013-12-30 02:20:00,0.005614156
4556,2013-12-30 02:20:00,107.39665
4556,2013-12-30 02:30:00,0.002807078
4556,2013-12-30 02:30:00,124.38018
4556,2013-12-30 02:40:00,119.946526
4556,2013-12-30 02:50:00,131.04019
4556,2013-12-30 03:00:00,129.26498
4556,2013-12-30 03:10:00,112.02469
4556,2013-12-30 03:20:00,0.002807078
4556,2013-12-30 03:20:00,113.03073
4556,2013-12-30 03:30:00,110.434975
4556,2013-12-30 03:40:00,0.002807078
4556,2013-12-30 03:40:00,96.90841
4556,2013-12-30 03:50:00,0.002807078
4556,2013-12-30 03:50:00,106.02206
4556,2013-12-30 04:00:00,0.002807078
4556,2013-12-30 04:00:00,103.35935
4556,2013-12-30 04:10:00,93.88582
4556,2013-12-30 04:20:00,91.58684
4556,2013-12-30 04:30:00,87.00784
4556,2013-12-30 04:40:00,0.002807078
4556,2013-12-30 04:40:00,96.3978
4556,2013-12-30 04:50:00,110.284256
4556,2013-12-30 05:00:00,96.65179
4556,2013-12-30 05:10:00,95.87743
4556,2013-12-30 05:20:00,0.002807078
4556,2013-12-30 05:20:00,109.4818
4556,2013-12-30 05:30:00,106.30977
4556,2013-12-30 05:30:00,0.92530376
4556,2013-12-30 05:40:00,115.18312
4556,2013-12-30 05:50:00,108.17661
4556,2013-12-30 05:50:00,0.92530376
4556,2013-12-30 06:00:00,122.03709
4556,2013-12-30 06:00:00,0.002807078
4556,2013-12-30 06:00:00,0.9853416
4556,2013-12-30 06:10:00,124.83546
4556,2013-12-30 06:10:00,2.8359492
4556,2013-12-30 06:20:00,123.38265
4556,2013-12-30 06:20:00,5.731936
4556,2013-12-30 06:30:00,148.09502
4556,2013-12-30 06:30:00,1.9106454
4556,2013-12-30 06:40:00,163.49765
4556,2013-12-30 06:40:00,1.9106454
4556,2013-12-30 06:50:00,141.80234
4556,2013-12-30 07:00:00,189.1839
4556,2013-12-30 07:00:00,0.82616407
4556,2013-12-30 07:10:00,192.4782
4556,2013-12-30 07:10:00,0.9853416
4556,2013-12-30 07:20:00,153.82439
4556,2013-12-30 07:30:00,0.002807078
4556,2013-12-30 07:30:00,184.29785
4556,2013-12-30 07:30:00,0.9853416
4556,2013-12-30 07:40:00,0.9853416
4556,2013-12-30 07:40:00,210.05147
4556,2013-12-30 07:50:00,0.002807078
4556,2013-12-30 07:50:00,204.54846
4556,2013-12-30 08:00:00,208.86128
4556,2013-12-30 08:10:00,0.9853416
4556,2013-12-30 08:10:00,0.016842468
4556,2013-12-30 08:10:00,210.28279
4556,2013-12-30 08:10:00,0.92530376
4556,2013-12-30 08:10:00,0.002807078
4556,2013-12-30 08:20:00,200.48566
4556,2013-12-30 08:30:00,229.59447
4556,2013-12-30 08:30:00,0.9853416
4556,2013-12-30 08:30:00,2.7759113
4556,2013-12-30 08:40:00,241.97633
4556,2013-12-30 08:40:00,5.5518227
4556,2013-12-30 08:50:00,228.15819
4556,2013-12-30 08:50:00,4.6265187
4556,2013-12-30 09:00:00,259.70792
4556,2013-12-30 09:00:00,0.92530376
4556,2013-12-30 09:00:00,2.7759113
4556,2013-12-30 09:10:00,245.11159
4556,2013-12-30 09:10:00,0.92530376
4556,2013-12-30 09:20:00,245.39032
4556,2013-12-30 09:20:00,0.9853416
4556,2013-12-30 09:30:00,0.002807078
4556,2013-12-30 09:30:00,272.73096
4556,2013-12-30 09:40:00,260.2138
4556,2013-12-30 09:40:00,0.9853416
4556,2013-12-30 09:50:00,256.837
4556,2013-12-30 09:50:00,1.9706832
4556,2013-12-30 10:00:00,293.53262
4556,2013-12-30 10:00:00,0.9853416
4556,2013-12-30 10:00:00,4.926708
4556,2013-12-30 10:10:00,0.002807078
4556,2013-12-30 10:10:00,266.45474
4556,2013-12-30 10:10:00,0.8345853
4556,2013-12-30 10:10:00,1.9706832
4556,2013-12-30 10:20:00,1.9106454
4556,2013-12-30 10:20:00,238.73566
4556,2013-12-30 10:30:00,1.8115057
4556,2013-12-30 10:30:00,272.87158
4556,2013-12-30 10:40:00,0.9853416
4556,2013-12-30 10:40:00,273.2193
4556,2013-12-30 10:40:00,3.8841357
4556,2013-12-30 10:50:00,298.40668
4556,2013-12-30 11:00:00,0.8317782
4556,2013-12-30 11:00:00,0.92530376
4556,2013-12-30 11:00:00,279.13147
4556,2013-12-30 11:00:00,0.9853416
4556,2013-12-30 11:10:00,0.9853416
4556,2013-12-30 11:10:00,307.59656
4556,2013-12-30 11:10:00,0.002807078
4556,2013-12-30 11:20:00,298.2951
4556,2013-12-30 11:30:00,306.0562
4556,2013-12-30 11:40:00,0.002807078
4556,2013-12-30 11:40:00,1.9106454
4556,2013-12-30 11:40:00,327.17773
4556,2013-12-30 11:40:00,0.92530376
4556,2013-12-30 11:50:00,299.93094
4556,2013-12-30 12:00:00,0.002807078
4556,2013-12-30 12:00:00,1.9734904
4556,2013-12-30 12:00:00,321.2786
4556,2013-12-30 12:10:00,322.8224
4556,2013-12-30 12:10:00,0.9853416
4556,2013-12-30 12:20:00,0.92530376
4556,2013-12-30 12:20:00,369.57816
4556,2013-12-30 12:20:00,1.8115057
4556,2013-12-30 12:30:00,2.8987942
4556,2013-12-30 12:30:00,1.8506075
4556,2013-12-30 12:30:00,347.94202
4556,2013-12-30 12:30:00,1.9106454
4556,2013-12-30 12:40:00,0.002807078
4556,2013-12-30 12:40:00,1.8506075
4556,2013-12-30 12:40:00,336.40692
4556,2013-12-30 12:40:00,0.92530376
4556,2013-12-30 12:50:00,0.002807078
4556,2013-12-30 12:50:00,0.002807078
4556,2013-12-30 12:50:00,326.79276
4556,2013-12-30 13:00:00,0.002807078
4556,2013-12-30 13:00:00,0.9309179
4556,2013-12-30 13:00:00,365.06763
4556,2013-12-30 13:10:00,1.9106454
4556,2013-12-30 13:10:00,328.30164
4556,2013-12-30 13:20:00,1.9706832
4556,2013-12-30 13:20:00,0.002807078
4556,2013-12-30 13:20:00,313.85858
4556,2013-12-30 13:30:00,9.396856
4556,2013-12-30 13:30:00,0.002807078
4556,2013-12-30 13:30:00,0.92530376
4556,2013-12-30 13:30:00,3.701215
4556,2013-12-30 13:30:00,358.28378
4556,2013-12-30 13:40:00,8.627923
4556,2013-12-30 13:40:00,0.92530376
4556,2013-12-30 13:40:00,327.38943
4556,2013-12-30 13:50:00,0.92530376
4556,2013-12-30 13:50:00,2.6767716
4556,2013-12-30 13:50:00,329.51385
4556,2013-12-30 14:00:00,2.7787182
4556,2013-12-30 14:00:00,328.34186
4556,2013-12-30 14:00:00,1.8506075
4556,2013-12-30 14:00:00,0.92530376
4556,2013-12-30 14:10:00,0.002807078
4556,2013-12-30 14:10:00,301.87064
4556,2013-12-30 14:10:00,0.92530376
4556,2013-12-30 14:20:00,0.92530376
4556,2013-12-30 14:20:00,366.87277
4556,2013-12-30 14:20:00,1.9106454
4556,2013-12-30 14:30:00,351.68933
4556,2013-12-30 14:30:00,2.895987
4556,2013-12-30 14:40:00,362.37424
4556,2013-12-30 14:50:00,392.67075
4556,2013-12-30 15:00:00,351.88858
4556,2013-12-30 15:10:00,402.15726
4556,2013-12-30 15:20:00,335.285
4556,2013-12-30 15:30:00,2.6767716
4556,2013-12-30 15:30:00,328.14496
4556,2013-12-30 15:30:00,1.9106454
4556,2013-12-30 15:30:00,5.731936
4556,2013-12-30 15:40:00,0.92530376
4556,2013-12-30 15:40:00,332.1395
4556,2013-12-30 15:50:00,2.964446
4556,2013-12-30 15:50:00,355.4284
4556,2013-12-30 15:50:00,2.895987
4556,2013-12-30 16:00:00,0.022456624
4556,2013-12-30 16:00:00,331.04843
4556,2013-12-30 16:00:00,0.82616407
4556,2013-12-30 16:10:00,0.002807078
4556,2013-12-30 16:10:00,0.92530376
4556,2013-12-30 16:10:00,329.3802
4556,2013-12-30 16:20:00,287.987
4556,2013-12-30 16:20:00,0.92530376
4556,2013-12-30 16:30:00,0.92530376
4556,2013-12-30 16:30:00,0.9853416
4556,2013-12-30 16:30:00,0.002807078
4556,2013-12-30 16:30:00,325.53415
4556,2013-12-30 16:30:00,0.92530376
4556,2013-12-30 16:40:00,6.65724
4556,2013-12-30 16:40:00,342.13776
4556,2013-12-30 16:50:00,3.8212907
4556,2013-12-30 16:50:00,0.92530376
4556,2013-12-30 16:50:00,291.70538
4556,2013-12-30 17:00:00,0.9853416
4556,2013-12-30 17:00:00,287.06613
4556,2013-12-30 17:10:00,1.9106454
4556,2013-12-30 17:10:00,323.23825
4556,2013-12-30 17:20:00,1.9106454
4556,2013-12-30 17:20:00,0.92530376
4556,2013-12-30 17:20:00,0.92530376
4556,2013-12-30 17:20:00,322.58038
4556,2013-12-30 17:20:00,1.9106454
4556,2013-12-30 17:20:00,0.92530376
4556,2013-12-30 17:30:00,0.92530376
4556,2013-12-30 17:30:00,0.92530376
4556,2013-12-30 17:30:00,379.58575
4556,2013-12-30 17:40:00,2.8987942
4556,2013-12-30 17:40:00,0.92530376
4556,2013-12-30 17:40:00,1.9106454
4556,2013-12-30 17:40:00,326.9078
4556,2013-12-30 17:50:00,0.92530376
4556,2013-12-30 17:50:00,301.27533
4556,2013-12-30 17:50:00,0.9853416
4556,2013-12-30 18:00:00,0.92530376
4556,2013-12-30 18:00:00,0.92530376
4556,2013-12-30 18:00:00,0.9853416
4556,2013-12-30 18:00:00,2.7759113
4556,2013-12-30 18:00:00,293.75793
4556,2013-12-30 18:10:00,2.6767716
4556,2013-12-30 18:10:00,310.33694
4556,2013-12-30 18:10:00,0.002807078
4556,2013-12-30 18:10:00,0.002807078
4556,2013-12-30 18:20:00,0.002807078
4556,2013-12-30 18:20:00,1.9106454
4556,2013-12-30 18:20:00,0.92530376
4556,2013-12-30 18:20:00,311.57645
4556,2013-12-30 18:30:00,7.7026196
4556,2013-12-30 18:30:00,366.62888
4556,2013-12-30 18:30:00,0.9853416
4556,2013-12-30 18:40:00,4.7465944
4556,2013-12-30 18:40:00,323.63873
4556,2013-12-30 18:40:00,1.8506075
4556,2013-12-30 18:50:00,0.92530376
4556,2013-12-30 18:50:00,373.11105
4556,2013-12-30 19:00:00,394.64728
4556,2013-12-30 19:00:00,1.9106454
4556,2013-12-30 19:10:00,0.002807078
4556,2013-12-30 19:10:00,3.8212907
4556,2013-12-30 19:10:00,0.002807078
4556,2013-12-30 19:10:00,403.02155
4556,2013-12-30 19:10:00,0.002807078
4556,2013-12-30 19:20:00,0.9853416
4556,2013-12-30 19:20:00,1.9106454
4556,2013-12-30 19:20:00,1.9106454
4556,2013-12-30 19:20:00,1.8506075
4556,2013-12-30 19:20:00,423.5869
4556,2013-12-30 19:20:00,0.002807078
4556,2013-12-30 19:20:00,1.9106454
4556,2013-12-30 19:20:00,1.9706832
4556,2013-12-30 19:30:00,0.92530376
4556,2013-12-30 19:30:00,380.99023
4556,2013-12-30 19:30:00,1.7514678
4556,2013-12-30 19:30:00,5.731936
4556,2013-12-30 19:40:00,1.7514678
4556,2013-12-30 19:40:00,1.8506075
4556,2013-12-30 19:40:00,408.17496
4556,2013-12-30 19:40:00,4.8066325
4556,2013-12-30 19:40:00,0.92530376
4556,2013-12-30 19:50:00,0.002807078
4556,2013-12-30 19:50:00,3.7612529
4556,2013-12-30 19:50:00,454.435
4556,2013-12-30 19:50:00,0.9853416
4556,2013-12-30 19:50:00,0.92530376
4556,2013-12-30 20:00:00,0.9853416
4556,2013-12-30 20:00:00,0.002807078
4556,2013-12-30 20:00:00,0.019649545
4556,2013-12-30 20:00:00,454.78406
4556,2013-12-30 20:00:00,1.7514678
4556,2013-12-30 20:10:00,0.99095577
4556,2013-12-30 20:10:00,0.92530376
4556,2013-12-30 20:10:00,486.67953
4556,2013-12-30 20:10:00,0.92811084
4556,2013-12-30 20:10:00,0.82616407
4556,2013-12-30 20:20:00,0.9853416
4556,2013-12-30 20:20:00,461.54904
4556,2013-12-30 20:20:00,1.9106454
4556,2013-12-30 20:30:00,0.9853416
4556,2013-12-30 20:30:00,0.9853416
4556,2013-12-30 20:30:00,0.92530376
4556,2013-12-30 20:30:00,456.27536
4556,2013-12-30 20:30:00,0.92530376
4556,2013-12-30 20:30:00,0.92530376
4556,2013-12-30 20:40:00,3.701215
4556,2013-12-30 20:40:00,1.9106454
4556,2013-12-30 20:40:00,0.9853416
4556,2013-12-30 20:40:00,0.92530376
4556,2013-12-30 20:40:00,478.54245
4556,2013-12-30 20:50:00,0.92530376
4556,2013-12-30 20:50:00,0.002807078
4556,2013-12-30 20:50:00,0.92811084
4556,2013-12-30 20:50:00,506.66614
4556,2013-12-30 20:50:00,0.9853416
4556,2013-12-30 20:50:00,0.9853416
4556,2013-12-30 21:00:00,457.3269
4556,2013-12-30 21:00:00,0.92811084
4556,2013-12-30 21:10:00,412.1534
4556,2013-12-30 21:10:00,1.9106454
4556,2013-12-30 21:10:00,0.92530376
4556,2013-12-30 21:20:00,485.50348
4556,2013-12-30 21:20:00,2.895987
4556,2013-12-30 21:20:00,1.9706832
4556,2013-12-30 21:30:00,435.27316
4556,2013-12-30 21:40:00,0.92530376
4556,2013-12-30 21:40:00,463.7448
4556,2013-12-30 21:40:00,0.92530376
4556,2013-12-30 21:40:00,3.8212907
4556,2013-12-30 21:40:00,2.8987942
4556,2013-12-30 21:40:00,2.7759113
4556,2013-12-30 21:50:00,0.92530376
4556,2013-12-30 21:50:00,424.52686
4556,2013-12-30 21:50:00,1.9106454
4556,2013-12-30 21:50:00,2.895987
4556,2013-12-30 22:00:00,0.9853416
4556,2013-12-30 22:00:00,0.002807078
4556,2013-12-30 22:00:00,445.71524
4556,2013-12-30 22:00:00,1.9106454
4556,2013-12-30 22:00:00,1.9106454
4556,2013-12-30 22:00:00,0.9881487
4556,2013-12-30 22:10:00,394.614
4556,2013-12-30 22:10:00,0.99095577
4556,2013-12-30 22:20:00,423.3938
4556,2013-12-30 22:20:00,0.9853416
4556,2013-12-30 22:20:00,2.8443704
4556,2013-12-30 22:30:00,1.8506075
4556,2013-12-30 22:30:00,407.7035
4556,2013-12-30 22:30:00,5.55463
4556,2013-12-30 22:40:00,0.002807078
4556,2013-12-30 22:40:00,0.9853416
4556,2013-12-30 22:40:00,374.21375
4556,2013-12-30 22:40:00,5.5127206
4556,2013-12-30 22:50:00,0.002807078
4556,2013-12-30 22:50:00,383.27975
4556,2013-12-30 23:00:00,0.002807078
4556,2013-12-30 23:00:00,0.92530376
4556,2013-12-30 23:00:00,387.71158
4556,2013-12-30 23:00:00,0.92530376
4556,2013-12-30 23:00:00,0.92530376
4556,2013-12-30 23:10:00,0.002807078
4556,2013-12-30 23:10:00,341.30515
4556,2013-12-30 23:10:00,6.5399714
4556,2013-12-30 23:20:00,315.71613
4556,2013-12-30 23:20:00,1.8506075
4556,2013-12-30 23:20:00,0.92530376
4556,2013-12-30 23:30:00,300.70367
4556,2013-12-30 23:30:00,1.9106454
4556,2013-12-30 23:40:00,1.9106454
4556,2013-12-30 23:40:00,299.0873
4556,2013-12-30 23:40:00,0.9853416
4556,2013-12-30 23:50:00,0.002807078
4556,2013-12-30 23:50:00,252.0839
4556,2013-12-30 23:50:00,0.002807078
4556,2013-12-31 00:00:00,280.6512
4556,2013-12-31 00:10:00,286.84097
4556,2013-12-31 00:10:00,1.8506075
4556,2013-12-31 00:20:00,0.92530376
4556,2013-12-31 00:20:00,260.1639
4556,2013-12-31 00:30:00,257.03842
4556,2013-12-31 00:40:00,0.002807078
4556,2013-12-31 00:40:00,0.005614156
4556,2013-12-31 00:40:00,194.21022
4556,2013-12-31 00:40:00,0.92530376
4556,2013-12-31 00:40:00,0.9853416
4556,2013-12-31 00:50:00,211.28246
4556,2013-12-31 01:00:00,246.22227
4556,2013-12-31 01:10:00,205.58974
4556,2013-12-31 01:20:00,0.005614156
4556,2013-12-31 01:20:00,179.17848
4556,2013-12-31 01:30:00,171.91557
4556,2013-12-31 01:40:00,139.07771
4556,2013-12-31 01:50:00,127.94451
4556,2013-12-31 02:00:00,148.7061
4556,2013-12-31 02:10:00,132.7876
4556,2013-12-31 02:20:00,133.42094
4556,2013-12-31 02:30:00,119.85974
4556,2013-12-31 02:40:00,119.41589
4556,2013-12-31 02:50:00,118.80465
4556,2013-12-31 03:00:00,118.05662
4556,2013-12-31 03:10:00,108.26885
4556,2013-12-31 03:20:00,97.31729
4556,2013-12-31 03:30:00,93.57978
4556,2013-12-31 03:40:00,101.09687
4556,2013-12-31 03:50:00,91.72079
4556,2013-12-31 04:00:00,98.479935
4556,2013-12-31 04:10:00,96.5751
4556,2013-12-31 04:20:00,111.46487
4556,2013-12-31 04:30:00,104.12677
4556,2013-12-31 04:40:00,107.67875
4556,2013-12-31 04:50:00,93.586716
4556,2013-12-31 05:00:00,93.72079
4556,2013-12-31 05:10:00,99.20716
4556,2013-12-31 05:20:00,99.98003
4556,2013-12-31 05:30:00,103.93262
4556,2013-12-31 05:40:00,98.30563
4556,2013-12-31 05:50:00,109.4607
4556,2013-12-31 06:00:00,117.054436
4556,2013-12-31 06:10:00,109.296104
4556,2013-12-31 06:10:00,0.9853416
4556,2013-12-31 06:20:00,122.72918
4556,2013-12-31 06:30:00,121.73541
4556,2013-12-31 06:30:00,0.9853416
4556,2013-12-31 06:40:00,143.11823
4556,2013-12-31 06:40:00,0.92530376
4556,2013-12-31 06:50:00,142.63957
4556,2013-12-31 07:00:00,146.84422
4556,2013-12-31 07:10:00,153.83224
4556,2013-12-31 07:20:00,177.48718
4556,2013-12-31 07:20:00,0.9853416
4556,2013-12-31 07:30:00,188.17763
4556,2013-12-31 07:30:00,0.92530376
4556,2013-12-31 07:40:00,188.05923
4556,2013-12-31 07:50:00,205.0132
4556,2013-12-31 07:50:00,0.9853416
4556,2013-12-31 08:00:00,193.24498
4556,2013-12-31 08:00:00,0.92530376
4556,2013-12-31 08:10:00,204.71883
4556,2013-12-31 08:10:00,0.9853416
4556,2013-12-31 08:20:00,0.01403539
4556,2013-12-31 08:20:00,186.51971
4556,2013-12-31 08:20:00,0.92530376
4556,2013-12-31 08:30:00,198.45792
4556,2013-12-31 08:30:00,0.9853416
4556,2013-12-31 08:30:00,0.002807078
4556,2013-12-31 08:40:00,186.04704
4556,2013-12-31 08:40:00,0.9853416
4556,2013-12-31 08:50:00,216.02112
4556,2013-12-31 09:00:00,2.956025
4556,2013-12-31 09:00:00,201.67192
4556,2013-12-31 09:00:00,6.65724
4556,2013-12-31 09:10:00,200.34384
4556,2013-12-31 09:10:00,4.7465944
4556,2013-12-31 09:10:00,1.9106454
4556,2013-12-31 09:20:00,0.002807078
4556,2013-12-31 09:20:00,203.40523
4556,2013-12-31 09:30:00,0.9881487
4556,2013-12-31 09:30:00,205.35439
4556,2013-12-31 09:30:00,4.7465944
4556,2013-12-31 09:40:00,1.9706832
4556,2013-12-31 09:40:00,1.9706832
4556,2013-12-31 09:40:00,201.67357
4556,2013-12-31 09:40:00,2.895987
4556,2013-12-31 09:50:00,223.33356
4556,2013-12-31 09:50:00,2.8359492
4556,2013-12-31 10:00:00,2.577632
4556,2013-12-31 10:00:00,292.87192
4556,2013-12-31 10:10:00,0.92530376
4556,2013-12-31 10:10:00,285.45267
4556,2013-12-31 10:20:00,1.9106454
4556,2013-12-31 10:20:00,243.15187
4556,2013-12-31 10:20:00,3.8212907
4556,2013-12-31 10:30:00,305.5263
4556,2013-12-31 10:30:00,3.8212907
4556,2013-12-31 10:40:00,259.23914
4556,2013-12-31 10:50:00,0.005614156
4556,2013-12-31 10:50:00,265.9439
4556,2013-12-31 11:00:00,0.82616407
4556,2013-12-31 11:00:00,0.002807078
4556,2013-12-31 11:00:00,287.61188
4556,2013-12-31 11:10:00,0.9853416
4556,2013-12-31 11:10:00,296.92795
4556,2013-12-31 11:10:00,1.7514678
4556,2013-12-31 11:20:00,0.92530376
4556,2013-12-31 11:20:00,256.73724
4556,2013-12-31 11:20:00,0.9853416
4556,2013-12-31 11:30:00,0.002807078
4556,2013-12-31 11:30:00,248.3266
4556,2013-12-31 11:40:00,0.005614156
4556,2013-12-31 11:40:00,276.58212
4556,2013-12-31 11:50:00,1.8506075
4556,2013-12-31 11:50:00,1.8506075
4556,2013-12-31 11:50:00,1.9134525
4556,2013-12-31 11:50:00,289.96335
4556,2013-12-31 12:00:00,0.92530376
4556,2013-12-31 12:00:00,277.84555
4556,2013-12-31 12:10:00,0.92530376
4556,2013-12-31 12:10:00,6.65724
4556,2013-12-31 12:10:00,299.3834
4556,2013-12-31 12:20:00,0.005614156
4556,2013-12-31 12:20:00,314.40805
4556,2013-12-31 12:30:00,0.92811084
4556,2013-12-31 12:30:00,264.15964
4556,2013-12-31 12:40:00,301.31577
4556,2013-12-31 12:50:00,1.9706832
4556,2013-12-31 12:50:00,312.186
4556,2013-12-31 13:00:00,1.8506075
4556,2013-12-31 13:00:00,0.002807078
4556,2013-12-31 13:00:00,310.28226
4556,2013-12-31 13:00:00,0.92530376
4556,2013-12-31 13:10:00,0.9853416
4556,2013-12-31 13:10:00,5.6718984
4556,2013-12-31 13:10:00,324.94125
4556,2013-12-31 13:10:00,0.92530376
4556,2013-12-31 13:20:00,301.47015
4556,2013-12-31 13:30:00,0.92530376
4556,2013-12-31 13:30:00,0.92530376
4556,2013-12-31 13:30:00,344.54428
4556,2013-12-31 13:30:00,0.9853416
4556,2013-12-31 13:40:00,0.92530376
4556,2013-12-31 13:40:00,323.59717
4556,2013-12-31 13:50:00,373.77634
4556,2013-12-31 13:50:00,0.92530376
4556,2013-12-31 13:50:00,0.92530376
4556,2013-12-31 14:00:00,0.92530376
4556,2013-12-31 14:00:00,1.8506075
4556,2013-12-31 14:00:00,343.23483
4556,2013-12-31 14:00:00,0.92530376
4556,2013-12-31 14:00:00,0.002807078
4556,2013-12-31 14:00:00,0.002807078
4556,2013-12-31 14:10:00,340.72925
4556,2013-12-31 14:10:00,0.92530376
4556,2013-12-31 14:20:00,320.69482
4556,2013-12-31 14:30:00,0.92530376
4556,2013-12-31 14:30:00,285.32382
4556,2013-12-31 14:30:00,0.92530376
4556,2013-12-31 14:40:00,304.8099
4556,2013-12-31 14:40:00,0.92530376
4556,2013-12-31 14:50:00,298.9067
4556,2013-12-31 14:50:00,0.002807078
4556,2013-12-31 14:50:00,0.9881487
4556,2013-12-31 14:50:00,0.002807078
4556,2013-12-31 15:00:00,0.92530376
4556,2013-12-31 15:00:00,272.9236
4556,2013-12-31 15:00:00,0.92530376
4556,2013-12-31 15:10:00,324.4058
4556,2013-12-31 15:10:00,0.92530376
4556,2013-12-31 15:20:00,293.6642
4556,2013-12-31 15:30:00,1.9106454
4556,2013-12-31 15:30:00,258.01868
4556,2013-12-31 15:30:00,0.92530376
4556,2013-12-31 15:30:00,0.92530376
4556,2013-12-31 15:40:00,0.92530376
4556,2013-12-31 15:40:00,259.5255
4556,2013-12-31 15:40:00,0.9853416
4556,2013-12-31 15:50:00,1.9706832
4556,2013-12-31 15:50:00,232.61766
4556,2013-12-31 15:50:00,0.92530376
4556,2013-12-31 16:00:00,0.92530376
4556,2013-12-31 16:00:00,224.52173
4556,2013-12-31 16:00:00,0.92530376
4556,2013-12-31 16:10:00,0.9853416
4556,2013-12-31 16:10:00,259.3179
4556,2013-12-31 16:10:00,0.9853416
4556,2013-12-31 16:10:00,1.9106454
4556,2013-12-31 16:20:00,260.61127
4556,2013-12-31 16:30:00,239.3718
4556,2013-12-31 16:40:00,1.9106454
4556,2013-12-31 16:40:00,283.8056
4556,2013-12-31 16:40:00,0.9853416
4556,2013-12-31 16:50:00,283.05447
4556,2013-12-31 16:50:00,0.92530376
4556,2013-12-31 16:50:00,0.9853416
4556,2013-12-31 17:00:00,275.55344
4556,2013-12-31 17:00:00,0.002807078
4556,2013-12-31 17:10:00,0.92530376
4556,2013-12-31 17:10:00,275.71487
4556,2013-12-31 17:20:00,0.002807078
4556,2013-12-31 17:20:00,287.45636
4556,2013-12-31 17:30:00,327.34637
4556,2013-12-31 17:40:00,318.7311
4556,2013-12-31 17:50:00,317.0441
4556,2013-12-31 17:50:00,0.002807078
4556,2013-12-31 18:00:00,288.90573
4556,2013-12-31 18:00:00,0.9853416
4556,2013-12-31 18:10:00,0.005614156
4556,2013-12-31 18:10:00,319.3721
4556,2013-12-31 18:10:00,1.9106454
4556,2013-12-31 18:20:00,1.9106454
4556,2013-12-31 18:20:00,352.08298
4556,2013-12-31 18:30:00,0.9853416
4556,2013-12-31 18:30:00,344.7211
4556,2013-12-31 18:30:00,0.92530376
4556,2013-12-31 18:30:00,1.9106454
4556,2013-12-31 18:40:00,0.92811084
4556,2013-12-31 18:40:00,326.31287
4556,2013-12-31 18:40:00,4.8094397
4556,2013-12-31 18:50:00,0.92530376
4556,2013-12-31 18:50:00,0.002807078
4556,2013-12-31 18:50:00,296.78247
4556,2013-12-31 19:00:00,0.92530376
4556,2013-12-31 19:00:00,288.96988
4556,2013-12-31 19:00:00,0.92530376
4556,2013-12-31 19:10:00,341.40128
4556,2013-12-31 19:20:00,413.2874
4556,2013-12-31 19:30:00,1.9106454
4556,2013-12-31 19:30:00,392.76056
4556,2013-12-31 19:30:00,1.8506075
4556,2013-12-31 19:40:00,412.8776
4556,2013-12-31 19:40:00,1.8506075
4556,2013-12-31 19:50:00,400.44012
4556,2013-12-31 19:50:00,0.82616407
4556,2013-12-31 19:50:00,0.92530376
4556,2013-12-31 20:00:00,395.96432
4556,2013-12-31 20:00:00,0.002807078
4556,2013-12-31 20:00:00,0.002807078
4556,2013-12-31 20:10:00,1.8506075
4556,2013-12-31 20:10:00,429.7257
4556,2013-12-31 20:10:00,0.92530376
4556,2013-12-31 20:20:00,0.92530376
4556,2013-12-31 20:20:00,3.9413664
4556,2013-12-31 20:20:00,433.56418
4556,2013-12-31 20:20:00,0.002807078
4556,2013-12-31 20:30:00,3.701215
4556,2013-12-31 20:30:00,487.77478
4556,2013-12-31 20:30:00,1.9106454
4556,2013-12-31 20:30:00,0.9853416
4556,2013-12-31 20:40:00,5.6718984
4556,2013-12-31 20:40:00,435.97147
4556,2013-12-31 20:40:00,0.92530376
4556,2013-12-31 20:50:00,444.12836
4556,2013-12-31 20:50:00,0.92530376
4556,2013-12-31 20:50:00,0.92530376
4556,2013-12-31 20:50:00,1.9106454
4556,2013-12-31 21:00:00,0.92530376
4556,2013-12-31 21:00:00,462.05966
4556,2013-12-31 21:00:00,0.82616407
4556,2013-12-31 21:00:00,0.002807078
4556,2013-12-31 21:10:00,1.9106454
4556,2013-12-31 21:10:00,0.002807078
4556,2013-12-31 21:10:00,0.002807078
4556,2013-12-31 21:10:00,437.9483
4556,2013-12-31 21:10:00,0.92530376
4556,2013-12-31 21:10:00,2.8359492
4556,2013-12-31 21:20:00,0.005614156
4556,2013-12-31 21:20:00,480.14474
4556,2013-12-31 21:30:00,0.9853416
4556,2013-12-31 21:30:00,1.9106454
4556,2013-12-31 21:30:00,0.002807078
4556,2013-12-31 21:30:00,441.2891
4556,2013-12-31 21:30:00,0.92530376
4556,2013-12-31 21:30:00,2.8359492
4556,2013-12-31 21:30:00,2.8387563
4556,2013-12-31 21:40:00,3.5029356
4556,2013-12-31 21:40:00,0.005614156
4556,2013-12-31 21:40:00,430.09738
4556,2013-12-31 21:40:00,0.002807078
4556,2013-12-31 21:50:00,0.92530376
4556,2013-12-31 21:50:00,0.002807078
4556,2013-12-31 21:50:00,1.9106454
4556,2013-12-31 21:50:00,411.13583
4556,2013-12-31 21:50:00,0.005614156
4556,2013-12-31 21:50:00,0.92811084
4556,2013-12-31 22:00:00,1.9106454
4556,2013-12-31 22:00:00,420.3739
4556,2013-12-31 22:00:00,0.005614156
4556,2013-12-31 22:00:00,1.9106454
4556,2013-12-31 22:00:00,1.8506075
4556,2013-12-31 22:10:00,1.9134525
4556,2013-12-31 22:10:00,361.53775
4556,2013-12-31 22:10:00,1.9134525
4556,2013-12-31 22:20:00,0.92530376
4556,2013-12-31 22:20:00,364.42313
4556,2013-12-31 22:20:00,0.92530376
4556,2013-12-31 22:20:00,0.008421234
4556,2013-12-31 22:20:00,0.92530376
4556,2013-12-31 22:30:00,0.002807078
4556,2013-12-31 22:30:00,1.9106454
4556,2013-12-31 22:30:00,387.83035
4556,2013-12-31 22:30:00,0.99095577
4556,2013-12-31 22:30:00,0.92530376
4556,2013-12-31 22:30:00,1.9162595
4556,2013-12-31 22:40:00,0.92530376
4556,2013-12-31 22:40:00,399.39545
4556,2013-12-31 22:40:00,0.92811084
4556,2013-12-31 22:40:00,0.92530376
4556,2013-12-31 22:50:00,387.20807
4556,2013-12-31 22:50:00,0.92530376
4556,2013-12-31 22:50:00,1.9106454
4556,2013-12-31 23:00:00,0.92530376
4556,2013-12-31 23:00:00,469.5848
4556,2013-12-31 23:00:00,1.8506075
4556,2013-12-31 23:00:00,0.9853416
4556,2013-12-31 23:10:00,1.8506075
4556,2013-12-31 23:10:00,0.92530376
4556,2013-12-31 23:10:00,0.9853416
4556,2013-12-31 23:10:00,423.67142
4556,2013-12-31 23:10:00,2.8359492
4556,2013-12-31 23:10:00,0.92530376
4556,2013-12-31 23:20:00,0.005614156
4556,2013-12-31 23:20:00,406.56302
4556,2013-12-31 23:20:00,0.002807078
4556,2013-12-31 23:30:00,0.022456624
4556,2013-12-31 23:30:00,0.005614156
4556,2013-12-31 23:30:00,378.65036
4556,2013-12-31 23:30:00,0.002807078
4556,2013-12-31 23:40:00,351.85257
4556,2013-12-31 23:40:00,0.92811084
4556,2013-12-31 23:50:00,0.92530376
4556,2013-12-31 23:50:00,0.002807078
4556,2013-12-31 23:50:00,412.28088
4556,2013-12-31 23:50:00,1.9706832
4556,2013-12-31 23:50:00,1.9106454
4556,2014-01-01 00:00:00,0.002807078
4556,2014-01-01 00:00:00,356.89963
4556,2014-01-01 00:00:00,0.92811084
4556,2014-01-01 00:00:00,3.6621132
4556,2014-01-01 00:10:00,356.86475
4556,2014-01-01 00:10:00,1.9106454
4556,2014-01-01 00:20:00,358.45374
4556,2014-01-01 00:20:00,0.002807078
4556,2014-01-01 00:30:00,1.8115057
4556,2014-01-01 00:30:00,0.002807078
4556,2014-01-01 00:30:00,360.0456
4556,2014-01-01 00:40:00,0.9853416
4556,2014-01-01 00:40:00,332.95
4556,2014-01-01 00:50:00,0.002807078
4556,2014-01-01 00:50:00,350.03302
4556,2014-01-01 01:00:00,373.90802
4556,2014-01-01 01:10:00,0.9853416
4556,2014-01-01 01:10:00,299.83368
4556,2014-01-01 01:20:00,0.92811084
4556,2014-01-01 01:20:00,295.894
4556,2014-01-01 01:30:00,3.8240979
4556,2014-01-01 01:30:00,256.32108
4556,2014-01-01 01:40:00,0.92811084
4556,2014-01-01 01:40:00,0.9881487
4556,2014-01-01 01:40:00,315.98676
4556,2014-01-01 01:50:00,0.92811084
4556,2014-01-01 01:50:00,341.61328
4556,2014-01-01 02:00:00,0.9853416
4556,2014-01-01 02:00:00,0.9853416
4556,2014-01-01 02:00:00,276.719
4556,2014-01-01 02:10:00,0.92530376
4556,2014-01-01 02:10:00,286.98886
4556,2014-01-01 02:20:00,317.21405
4556,2014-01-01 02:20:00,0.9853416
4556,2014-01-01 02:30:00,300.3128
4556,2014-01-01 02:40:00,280.23672
4556,2014-01-01 02:50:00,281.86227
4556,2014-01-01 02:50:00,0.002807078
4556,2014-01-01 03:00:00,231.40578
4556,2014-01-01 03:10:00,219.41553
4556,2014-01-01 03:20:00,0.002807078
4556,2014-01-01 03:20:00,184.31085
4556,2014-01-01 03:30:00,0.9881487
4556,2014-01-01 03:30:00,195.11617
4556,2014-01-01 03:30:00,0.92530376
4556,2014-01-01 03:40:00,180.9131
4556,2014-01-01 03:50:00,178.26617
4556,2014-01-01 04:00:00,174.29265
4556,2014-01-01 04:10:00,179.96532
4556,2014-01-01 04:20:00,152.39345
4556,2014-01-01 04:30:00,158.2943
4556,2014-01-01 04:30:00,0.92530376
4556,2014-01-01 04:40:00,154.61855
4556,2014-01-01 04:50:00,160.34035
4556,2014-01-01 04:50:00,0.92530376
4556,2014-01-01 05:00:00,129.3378
4556,2014-01-01 05:00:00,0.92530376
4556,2014-01-01 05:10:00,132.45818
4556,2014-01-01 05:20:00,0.92811084
4556,2014-01-01 05:20:00,115.002975
4556,2014-01-01 05:30:00,107.83508
4556,2014-01-01 05:30:00,0.92530376
4556,2014-01-01 05:40:00,107.709625
4556,2014-01-01 05:50:00,106.345695
4556,2014-01-01 06:00:00,101.054955
4556,2014-01-01 06:10:00,96.95874
4556,2014-01-01 06:20:00,97.466354
4556,2014-01-01 06:30:00,120.75152
4556,2014-01-01 06:40:00,99.15987
4556,2014-01-01 06:50:00,103.96759
4556,2014-01-01 07:00:00,93.50029
4556,2014-01-01 07:10:00,83.61395
4556,2014-01-01 07:20:00,104.35965
4556,2014-01-01 07:30:00,107.462105
4556,2014-01-01 07:40:00,91.36501
4556,2014-01-01 07:50:00,107.35758
4556,2014-01-01 08:00:00,102.648575
4556,2014-01-01 08:10:00,102.993675
4556,2014-01-01 08:10:00,0.92530376
4556,2014-01-01 08:20:00,118.75825
4556,2014-01-01 08:20:00,0.9853416
4556,2014-01-01 08:30:00,117.81831
4556,2014-01-01 08:30:00,0.92530376
4556,2014-01-01 08:30:00,0.9853416
4556,2014-01-01 08:40:00,123.00413
4556,2014-01-01 08:40:00,0.92530376
4556,2014-01-01 08:50:00,122.560486
4556,2014-01-01 08:50:00,0.9853416
4556,2014-01-01 09:00:00,115.72848
4556,2014-01-01 09:10:00,150.71066
4556,2014-01-01 09:10:00,0.92530376
4556,2014-01-01 09:20:00,137.30379
4556,2014-01-01 09:30:00,150.82213
4556,2014-01-01 09:30:00,0.92530376
4556,2014-01-01 09:40:00,132.18109
4556,2014-01-01 09:40:00,0.92530376
4556,2014-01-01 09:50:00,157.08432
4556,2014-01-01 10:00:00,169.77602
4556,2014-01-01 10:10:00,142.00455
4556,2014-01-01 10:10:00,0.92530376
4556,2014-01-01 10:20:00,195.16183
4556,2014-01-01 10:30:00,166.42247
4556,2014-01-01 10:30:00,0.92530376
4556,2014-01-01 10:40:00,163.51265
4556,2014-01-01 10:40:00,0.002807078
4556,2014-01-01 10:50:00,1.9706832
4556,2014-01-01 10:50:00,189.82137
4556,2014-01-01 10:50:00,0.92530376
4556,2014-01-01 11:00:00,220.26042
4556,2014-01-01 11:00:00,0.9853416
4556,2014-01-01 11:10:00,204.49588
4556,2014-01-01 11:10:00,0.9853416
4556,2014-01-01 11:10:00,0.92530376
4556,2014-01-01 11:20:00,216.24217
4556,2014-01-01 11:20:00,0.92530376
4556,2014-01-01 11:30:00,203.14462
4556,2014-01-01 11:30:00,0.92530376
4556,2014-01-01 11:30:00,0.92530376
4556,2014-01-01 11:40:00,197.53189
4556,2014-01-01 11:40:00,0.9853416
4556,2014-01-01 11:50:00,222.91907
4556,2014-01-01 12:00:00,212.4899
4556,2014-01-01 12:00:00,2.895987
4556,2014-01-01 12:10:00,216.70215
4556,2014-01-01 12:10:00,0.9853416
4556,2014-01-01 12:20:00,244.17879
4556,2014-01-01 12:20:00,0.9853416
4556,2014-01-01 12:20:00,0.92530376
4556,2014-01-01 12:30:00,0.92530376
4556,2014-01-01 12:30:00,219.77037
4556,2014-01-01 12:30:00,4.6265187
4556,2014-01-01 12:30:00,3.6621132
4556,2014-01-01 12:40:00,0.92530376
4556,2014-01-01 12:40:00,248.9748
4556,2014-01-01 12:40:00,4.8066325
4556,2014-01-01 12:50:00,256.59454
4556,2014-01-01 12:50:00,0.92530376
4556,2014-01-01 12:50:00,8.507848
4556,2014-01-01 13:00:00,301.82166
4556,2014-01-01 13:00:00,1.9106454
4556,2014-01-01 13:00:00,2.895987
4556,2014-01-01 13:10:00,241.32812
4556,2014-01-01 13:10:00,1.9106454
4556,2014-01-01 13:10:00,3.826905
4556,2014-01-01 13:20:00,287.0742
4556,2014-01-01 13:20:00,0.92530376
4556,2014-01-01 13:20:00,2.7759113
4556,2014-01-01 13:30:00,1.7514678
4556,2014-01-01 13:30:00,262.53732
4556,2014-01-01 13:40:00,281.6208
4556,2014-01-01 13:40:00,0.9881487
4556,2014-01-01 13:40:00,0.9853416
4556,2014-01-01 13:50:00,283.40234
4556,2014-01-01 13:50:00,0.92530376
4556,2014-01-01 13:50:00,0.9853416
4556,2014-01-01 14:00:00,0.9853416
4556,2014-01-01 14:00:00,297.2519
4556,2014-01-01 14:00:00,0.82616407
4556,2014-01-01 14:00:00,0.002807078
4556,2014-01-01 14:00:00,5.791974
4556,2014-01-01 14:10:00,265.48096
4556,2014-01-01 14:10:00,1.9106454
4556,2014-01-01 14:20:00,0.9853416
4556,2014-01-01 14:20:00,290.88394
4556,2014-01-01 14:20:00,0.92530376
4556,2014-01-01 14:30:00,243.42369
4556,2014-01-01 14:30:00,4.7465944
4556,2014-01-01 14:40:00,0.92811084
4556,2014-01-01 14:40:00,228.31383
4556,2014-01-01 14:40:00,2.8359492
4556,2014-01-01 14:40:00,0.9853416
4556,2014-01-01 14:50:00,0.9853416
4556,2014-01-01 14:50:00,202.85294
4556,2014-01-01 14:50:00,0.002807078
4556,2014-01-01 15:00:00,1.9106454
4556,2014-01-01 15:00:00,278.52573
4556,2014-01-01 15:00:00,0.002807078
4556,2014-01-01 15:10:00,1.9106454
4556,2014-01-01 15:10:00,257.7834
4556,2014-01-01 15:10:00,1.9106454
4556,2014-01-01 15:10:00,0.92811084
4556,2014-01-01 15:20:00,0.92530376
4556,2014-01-01 15:20:00,341.58615
4556,2014-01-01 15:20:00,0.92530376
4556,2014-01-01 15:20:00,0.92530376
4556,2014-01-01 15:20:00,0.92530376
4556,2014-01-01 15:30:00,234.13625
4556,2014-01-01 15:30:00,0.9853416
4556,2014-01-01 15:40:00,232.49858
4556,2014-01-01 15:40:00,0.92530376
4556,2014-01-01 15:50:00,282.31635
4556,2014-01-01 15:50:00,0.92530376
4556,2014-01-01 16:00:00,262.7187
4556,2014-01-01 16:00:00,0.92530376
4556,2014-01-01 16:10:00,243.6293
4556,2014-01-01 16:20:00,267.2545
4556,2014-01-01 16:30:00,294.61047
4556,2014-01-01 16:30:00,4.8066325
4556,2014-01-01 16:30:00,1.9106454
4556,2014-01-01 16:30:00,0.9853416
4556,2014-01-01 16:40:00,303.4356
4556,2014-01-01 16:40:00,1.9106454
4556,2014-01-01 16:40:00,2.8359492
4556,2014-01-01 16:40:00,0.92530376
4556,2014-01-01 16:40:00,1.9106454
4556,2014-01-01 16:50:00,285.7245
4556,2014-01-01 16:50:00,0.92530376
4556,2014-01-01 16:50:00,0.82897115
4556,2014-01-01 17:00:00,0.005614156
4556,2014-01-01 17:00:00,287.39383
4556,2014-01-01 17:00:00,1.9106454
4556,2014-01-01 17:00:00,0.92530376
4556,2014-01-01 17:00:00,0.92530376
4556,2014-01-01 17:10:00,335.24966
4556,2014-01-01 17:10:00,2.7759113
4556,2014-01-01 17:10:00,0.92530376
4556,2014-01-01 17:10:00,1.9106454
4556,2014-01-01 17:10:00,1.9106454
4556,2014-01-01 17:20:00,0.82616407
4556,2014-01-01 17:20:00,290.42923
4556,2014-01-01 17:20:00,1.8506075
4556,2014-01-01 17:20:00,1.9106454
4556,2014-01-01 17:20:00,0.92530376
4556,2014-01-01 17:30:00,0.92530376
4556,2014-01-01 17:30:00,313.48822
4556,2014-01-01 17:30:00,1.8506075
4556,2014-01-01 17:30:00,0.92530376
4556,2014-01-01 17:30:00,1.9106454
4556,2014-01-01 17:40:00,0.9853416
4556,2014-01-01 17:40:00,272.24612
4556,2014-01-01 17:40:00,0.92530376
4556,2014-01-01 17:50:00,0.9853416
4556,2014-01-01 17:50:00,0.9853416
4556,2014-01-01 17:50:00,274.60248
4556,2014-01-01 17:50:00,3.8212907
4556,2014-01-01 18:00:00,0.9853416
4556,2014-01-01 18:00:00,1.8562217
4556,2014-01-01 18:00:00,310.95377
4556,2014-01-01 18:00:00,0.92530376
4556,2014-01-01 18:00:00,4.8066325
4556,2014-01-01 18:00:00,1.8506075
4556,2014-01-01 18:00:00,2.8359492
4556,2014-01-01 18:10:00,2.6767716
4556,2014-01-01 18:10:00,326.8755
4556,2014-01-01 18:10:00,0.92530376
4556,2014-01-01 18:10:00,9.493189
4556,2014-01-01 18:10:00,0.9853416
4556,2014-01-01 18:10:00,0.82616407
4556,2014-01-01 18:20:00,1.9106454
4556,2014-01-01 18:20:00,341.9718
4556,2014-01-01 18:20:00,7.6425815
4556,2014-01-01 18:20:00,0.92530376
4556,2014-01-01 18:30:00,377.92755
4556,2014-01-01 18:30:00,1.9706832
4556,2014-01-01 18:30:00,8.627923
4556,2014-01-01 18:30:00,0.9853416
4556,2014-01-01 18:30:00,0.92530376
4556,2014-01-01 18:40:00,0.9853416
4556,2014-01-01 18:40:00,2.8359492
4556,2014-01-01 18:40:00,361.9298
4556,2014-01-01 18:40:00,0.9853416
4556,2014-01-01 18:40:00,11.463872
4556,2014-01-01 18:40:00,0.82616407
4556,2014-01-01 18:40:00,0.92530376
4556,2014-01-01 18:50:00,0.92530376
4556,2014-01-01 18:50:00,3.5029356
4556,2014-01-01 18:50:00,0.002807078
4556,2014-01-01 18:50:00,333.56342
4556,2014-01-01 18:50:00,1.9106454
4556,2014-01-01 18:50:00,1.7514678
4556,2014-01-01 18:50:00,0.9853416
4556,2014-01-01 19:00:00,4.593031
4556,2014-01-01 19:00:00,334.83432
4556,2014-01-01 19:00:00,0.82616407
4556,2014-01-01 19:00:00,0.92530376
4556,2014-01-01 19:10:00,2.8359492
4556,2014-01-01 19:10:00,348.29977
4556,2014-01-01 19:10:00,1.9106454
4556,2014-01-01 19:10:00,0.92530376
4556,2014-01-01 19:20:00,6.3989224
4556,2014-01-01 19:20:00,387.77356
4556,2014-01-01 19:30:00,2.895987
4556,2014-01-01 19:30:00,395.71783
4556,2014-01-01 19:30:00,0.92530376
4556,2014-01-01 19:30:00,1.8506075
4556,2014-01-01 19:40:00,0.9309179
4556,2014-01-01 19:40:00,399.10388
4556,2014-01-01 19:50:00,0.002807078
4556,2014-01-01 19:50:00,430.93585
4556,2014-01-01 19:50:00,1.7514678
4556,2014-01-01 19:50:00,1.7514678
4556,2014-01-01 20:00:00,3.8240979
4556,2014-01-01 20:00:00,431.8731
4556,2014-01-01 20:00:00,0.9853416
4556,2014-01-01 20:00:00,0.9853416
4556,2014-01-01 20:10:00,0.92811084
4556,2014-01-01 20:10:00,0.9853416
4556,2014-01-01 20:10:00,442.48727
4556,2014-01-01 20:10:00,4.4882774
4556,2014-01-01 20:10:00,0.002807078
4556,2014-01-01 20:10:00,0.002807078
4556,2014-01-01 20:20:00,2.901601
4556,2014-01-01 20:20:00,423.6288
4556,2014-01-01 20:20:00,0.002807078
4556,2014-01-01 20:20:00,4.686557
4556,2014-01-01 20:20:00,1.8506075
4556,2014-01-01 20:20:00,0.9853416
4556,2014-01-01 20:20:00,0.92530376
4556,2014-01-01 20:30:00,0.9881487
4556,2014-01-01 20:30:00,391.42447
4556,2014-01-01 20:30:00,4.8066325
4556,2014-01-01 20:40:00,4.7465944
4556,2014-01-01 20:40:00,408.81448
4556,2014-01-01 20:40:00,3.76406
4556,2014-01-01 20:40:00,0.002807078
4556,2014-01-01 20:50:00,1.8534145
4556,2014-01-01 20:50:00,381.08694
4556,2014-01-01 20:50:00,1.8534145
4556,2014-01-01 21:00:00,1.9706832
4556,2014-01-01 21:00:00,477.14346
4556,2014-01-01 21:00:00,5.575566
4556,2014-01-01 21:10:00,1.9106454
4556,2014-01-01 21:10:00,0.92530376
4556,2014-01-01 21:10:00,396.8804
4556,2014-01-01 21:10:00,5.6118603
4556,2014-01-01 21:20:00,0.92530376
4556,2014-01-01 21:20:00,324.7301
4556,2014-01-01 21:20:00,2.895987
4556,2014-01-01 21:20:00,2.8359492
4556,2014-01-01 21:30:00,2.7368095
4556,2014-01-01 21:30:00,351.82486
4556,2014-01-01 21:30:00,0.9853416
4556,2014-01-01 21:30:00,1.9106454
4556,2014-01-01 21:30:00,0.002807078
4556,2014-01-01 21:40:00,0.9309179
4556,2014-01-01 21:40:00,395.401
4556,2014-01-01 21:40:00,1.8506075
4556,2014-01-01 21:40:00,1.9106454
4556,2014-01-01 21:50:00,0.92811084
4556,2014-01-01 21:50:00,351.29587
4556,2014-01-01 21:50:00,0.92530376
4556,2014-01-01 22:00:00,0.92530376
4556,2014-01-01 22:00:00,0.002807078
4556,2014-01-01 22:00:00,390.54837
4556,2014-01-01 22:00:00,5.5127206
4556,2014-01-01 22:10:00,385.23376
4556,2014-01-01 22:10:00,0.002807078
4556,2014-01-01 22:20:00,329.51398
4556,2014-01-01 22:20:00,3.701215
4556,2014-01-01 22:30:00,288.05914
4556,2014-01-01 22:40:00,274.72437
4556,2014-01-01 22:50:00,300.1345
